0.000 0.643 1.042 1.707 2.005 1.678 2.201 3.188 3.408 4.393 4.819 5.217 6.201 6.608 6.705 6.892 7.676 8.189 8.581 9.293 9.945 10.193 11.016 11.260 11.586 12.342 12.930 12.848 13.693 14.415 14.715 15.351 16.513 17.311 18.341 19.547 21.037 22.497 23.219 24.535 24.777 25.896 26.304 26.694 26.944 27.101 27.330 27.223 27.522 27.189 27.178 27.021 27.531 27.014 26.544 27.028 27.173 26.776 26.573 26.776 26.560 25.734 26.422 26.803 26.396 25.566 26.530 26.629 25.600 26.174 26.575 26.508 26.188 26.417 26.643 26.234 26.380 26.737 26.613 26.312 26.765 26.307 26.183 26.025 26.005 25.088 25.404 24.987 24.677 24.585 24.306 24.137 24.659 23.524 23.102 23.479 22.630 22.178 22.338 21.825 19.895 20.422 20.864 20.177 20.282 21.791 21.638 20.171 19.551 20.972 20.100 19.999 19.106 19.977 18.009 17.895 18.705 18.586 16.674 17.154 18.704 17.929 16.674 18.595 19.920 19.564 19.037 20.877 21.008 20.546 21.557 22.127 21.770 22.077 23.025 23.251 23.415 23.645 23.312 23.063 23.199 22.990 23.097 22.105 21.775 21.806 21.462 20.491 20.782 20.421 18.523 18.695 19.477 18.463 16.692 18.458 18.802 17.775 16.963 19.127 19.611 18.219 17.247 19.362 20.116 19.198 19.140 20.739 20.044 20.398 20.762 21.689 20.677 21.802 22.095 23.067 22.727 22.576 22.536 22.915 22.471 21.527 21.664 21.731 20.696 20.217 20.525 19.890 18.693 18.688 19.546 18.051 17.963 19.128 19.239 17.699 18.572 20.106 20.098 19.487 21.028 21.844 21.599 21.825 22.818 23.173 23.331 23.562 23.811 23.519 23.939 24.404 24.591 24.462 24.790 24.903 24.283 24.365 24.665 24.771 24.027 24.011 23.535 24.095 24.129 23.167 22.879 23.044 23.035 22.184 22.314 22.787 21.692 21.347 22.163 22.306 21.285 21.491 22.314 21.804 21.272 22.263 21.990 22.049 22.558 23.543 23.326 23.377 23.337 23.552 23.686 23.423 23.828 23.882 22.981 23.319 23.243 22.589 21.136 21.791 21.136 19.153 19.625 20.113 20.850 21.424 21.432 21.818 22.037 19.750 21.577 21.772 20.631 20.441 21.611 21.446 19.613 19.781 21.574 21.893 20.957 20.538 22.595 22.462 21.425 21.974 22.888 23.010 22.953 23.093 24.268 23.518 23.711 23.893 24.166 24.357 24.600 24.997 24.837 24.925 25.292 25.368 25.289 25.199 25.721 25.474 25.315 25.855 25.703 25.577 25.820 25.895 25.894 25.731 26.111 25.953 25.921 26.113 26.280 26.407
0.593 0.000 0.682 1.243 1.663 2.361 2.581 3.031 3.920 4.487 6.022 6.222 7.395 7.921 8.335 8.748 9.259 9.703 9.986 10.436 11.080 11.139 12.111 12.479 12.755 13.102 13.458 13.623 13.839 14.160 14.784 15.447 16.129 17.203 17.907 19.102 20.717 22.108 23.096 24.471 24.724 25.756 26.152 26.612 26.783 27.031 27.086 27.038 27.304 26.782 26.798 26.748 27.301 26.811 26.470 27.039 26.731 26.514 26.462 26.498 26.262 25.688 26.442 26.477 25.821 25.649 26.368 26.338 25.461 25.821 26.541 26.178 25.659 26.139 26.389 25.807 25.981 26.501 26.235 25.996 26.137 26.072 25.704 25.671 25.434 24.761 24.641 24.865 24.582 24.126 23.446 23.549 23.780 22.916 22.654 22.582 22.295 21.651 21.951 21.706 19.919 20.668 20.552 20.218 20.437 21.628 21.287 20.763 20.517 21.038 20.310 19.745 19.452 20.321 18.330 17.808 19.333 19.018 16.850 17.789 19.087 18.121 17.019 18.659 19.941 19.265 18.765 20.483 20.583 20.291 21.135 21.604 21.555 21.949 22.221 22.614 23.231 22.938 22.837 22.332 22.521 22.312 22.513 21.466 21.460 21.394 21.239 20.116 20.445 20.250 18.737 18.823 19.295 18.609 17.303 18.710 18.889 17.687 17.594 19.223 19.723 18.297 17.372 20.012 20.361 18.988 19.682 21.109 20.197 19.979 20.900 21.580 21.142 21.312 21.340 22.405 22.945 22.410 22.291 22.319 22.321 21.577 21.424 21.440 20.655 20.230 20.279 19.844 18.889 19.382 19.604 18.208 18.093 19.227 19.354 17.881 19.097 19.994 20.012 19.716 20.844 21.420 21.344 21.524 22.284 22.477 22.779 23.105 23.262 22.979 23.525 23.823 23.865 23.740 24.137 24.234 24.125 23.730 24.099 24.129 23.779 23.607 23.269 23.383 23.364 23.063 22.438 22.347 22.723 22.081 21.902 22.340 21.548 21.334 21.760 22.098 21.025 21.449 22.040 21.861 21.097 21.934 21.820 21.845 22.592 23.074 23.014 23.081 23.100 22.910 23.373 23.156 23.394 23.264 22.651 22.623 22.316 21.930 21.140 21.091 20.847 19.683 19.903 19.988 20.971 20.858 21.515 21.619 21.630 20.270 21.892 21.521 20.861 20.289 21.564 20.888 19.643 20.038 21.709 21.602 20.777 20.988 22.166 21.953 21.293 22.087 22.599 22.686 22.524 22.941 23.268 23.399 23.362 23.409 23.887 23.971 23.682 24.390 24.378 24.518 24.414 24.673 24.727 24.641 24.896 24.986 24.933 25.046 25.248 25.123 25.394 25.706 25.571 25.780 25.817 26.107 26.034 26.105 26.435 26.523
1.197 0.629 0.000 0.802 1.754 2.406 2.496 2.446 3.802 4.800 5.239 5.883 6.850 7.832 8.202 10.210 9.896 9.954 10.528 11.603 11.499 11.457 12.127 12.637 12.568 12.838 13.285 13.470 14.012 14.382 14.722 15.275 16.220 17.048 17.775 19.347 20.836 22.195 23.312 24.426 24.764 25.933 26.160 26.674 26.813 27.062 27.189 27.043 27.308 26.942 26.818 26.855 27.173 26.955 26.485 26.897 26.732 26.609 26.332 26.483 26.634 25.697 26.444 26.594 26.262 25.738 26.609 26.649 25.740 25.792 26.447 26.329 25.335 25.883 26.160 25.531 25.858 26.228 26.122 25.934 26.015 25.758 25.583 25.344 25.245 24.335 24.680 24.467 24.068 23.431 23.279 23.418 23.839 22.795 22.960 23.241 22.532 21.910 22.900 22.497 19.904 20.982 21.495 19.752 21.038 21.660 21.880 20.532 20.593 20.965 20.742 19.459 19.785 20.569 18.826 17.961 19.414 19.747 17.370 17.973 19.266 18.759 17.479 18.689 20.370 19.575 18.877 20.653 20.834 20.453 21.273 22.183 21.955 21.956 22.899 23.044 23.514 23.559 23.322 22.725 22.656 22.875 22.761 21.770 21.518 21.562 20.974 20.096 20.683 19.820 18.513 18.940 19.034 18.096 16.999 18.432 18.414 17.695 17.587 18.855 19.366 18.343 17.246 19.529 19.950 18.574 19.398 20.398 19.993 19.725 20.681 20.761 20.624 20.602 21.037 21.200 21.669 20.863 21.240 21.305 21.261 20.890 20.456 20.882 20.493 19.515 19.820 19.372 17.885 18.350 18.988 17.630 17.025 18.643 18.643 17.460 18.367 19.616 19.787 19.382 20.371 21.114 21.206 21.019 22.162 22.532 22.564 22.764 23.163 23.167 23.412 23.688 23.804 23.697 24.380 24.042 23.895 23.754 24.068 24.109 23.527 23.765 23.316 24.011 23.238 22.691 22.542 22.494 22.132 21.656 22.081 22.016 20.990 20.794 21.607 21.238 20.515 20.815 21.632 20.953 20.733 21.344 21.424 21.075 21.888 22.604 22.640 22.458 21.872 22.142 22.410 22.171 22.464 22.608 22.041 21.720 22.144 21.911 20.827 20.377 20.519 19.167 19.641 19.925 20.593 20.614 21.158 21.222 20.734 19.928 20.923 20.751 19.830 19.464 20.763 20.515 18.797 18.653 20.531 21.161 20.259 20.202 21.795 21.578 21.082 21.804 22.196 22.452 22.293 22.604 23.184 23.137 23.171 23.387 23.792 24.075 23.633 24.323 24.158 24.588 24.491 24.445 24.637 24.676 24.777 24.761 24.624 24.844 25.127 24.813 25.317 25.667 25.296 25.449 25.572 25.803 25.641 25.804 26.222 26.381
1.728 1.391 0.587 0.000 0.675 1.505 1.578 1.555 2.424 3.346 3.417 4.571 4.768 5.097 5.128 5.871 6.201 6.586 6.810 7.725 7.658 8.084 8.741 9.417 9.360 9.577 10.375 10.284 10.615 10.917 11.270 11.909 12.913 13.984 15.310 16.777 18.682 20.683 22.008 23.704 24.250 25.509 25.733 26.392 26.438 26.807 26.838 26.700 26.992 26.709 26.682 26.570 27.022 26.747 26.120 26.636 26.502 26.245 25.787 26.341 26.158 25.385 25.934 26.245 25.809 25.226 26.207 26.483 25.607 25.681 26.468 26.276 25.661 26.102 26.329 25.903 26.220 26.595 26.317 26.170 26.272 25.884 25.971 25.550 25.434 24.901 25.015 24.632 24.363 23.752 23.730 23.107 23.618 22.776 22.931 22.391 22.112 22.113 21.847 21.533 20.108 20.502 20.332 19.501 19.913 20.827 20.906 19.893 19.566 20.211 20.147 18.474 19.128 19.566 18.513 17.930 18.689 18.780 17.284 17.461 18.285 17.806 17.205 17.986 19.258 18.555 18.143 19.913 19.854 19.348 20.612 20.948 20.455 21.117 21.794 21.795 22.138 22.226 21.955 21.603 21.796 21.516 21.938 20.954 20.296 20.662 20.311 19.014 19.685 19.007 17.764 18.015 18.622 18.168 16.772 17.910 18.577 17.641 17.037 18.493 19.356 18.211 17.454 19.130 20.030 18.081 19.190 20.318 18.924 18.633 20.062 20.999 20.000 20.865 21.584 21.830 22.344 21.610 21.776 20.990 21.435 21.702 21.224 20.728 20.626 20.002 20.027 19.622 18.439 18.419 18.907 17.739 17.034 18.174 18.485 17.028 17.562 19.220 19.133 18.735 19.671 20.403 20.252 20.254 21.587 21.809 21.681 22.110 22.695 22.420 22.859 23.376 23.514 23.364 24.063 23.954 23.342 23.318 23.896 24.033 23.062 23.358 22.840 23.050 23.089 22.199 22.052 22.169 21.887 21.029 21.435 21.742 20.439 20.318 21.410 21.071 20.223 20.741 21.417 21.008 20.684 21.380 21.323 21.559 21.606 22.225 21.785 22.058 22.260 21.789 22.663 22.136 22.007 22.097 22.470 21.844 21.889 21.317 20.148 21.074 20.348 18.488 19.136 18.747 20.628 20.992 20.178 20.831 21.243 19.574 20.488 20.445 19.989 19.308 19.847 20.231 18.777 18.498 19.952 20.666 20.178 19.673 21.120 21.334 20.428 20.913 22.046 22.080 21.609 22.354 22.881 22.802 22.734 23.420 23.529 23.199 23.488 24.089 23.969 23.813 24.170 24.361 23.959 24.158 24.540 24.602 24.116 24.765 24.854 24.631 24.868 25.229 25.094 25.021 25.262 25.385 25.303 25.284 25.774 25.802
2.642 2.151 1.104 0.545 0.000 0.735 1.388 1.692 1.899 2.846 3.347 4.177 4.677 4.436 5.049 5.321 6.142 6.739 7.256 7.886 8.321 7.719 8.861 9.521 9.764 9.783 10.411 10.591 10.893 11.124 11.591 12.116 12.960 13.996 15.140 16.629 18.398 20.222 21.809 23.497 24.074 25.461 25.776 26.056 26.528 26.787 26.963 26.742 27.078 26.679 26.720 26.782 27.362 27.160 26.387 26.851 26.960 26.477 25.933 26.309 26.456 25.157 25.671 26.399 25.909 25.267 26.030 26.376 25.617 25.501 26.253 26.112 25.523 25.910 26.288 25.870 26.114 26.431 26.360 26.134 26.372 25.966 25.670 25.533 25.635 24.812 24.779 24.833 24.586 23.852 23.814 24.149 23.914 22.824 23.141 23.030 22.667 22.216 22.409 22.385 20.173 20.365 20.693 19.770 21.064 21.330 22.017 20.263 20.221 21.278 20.945 18.028 19.530 20.482 18.932 17.969 19.060 19.059 17.102 16.945 18.891 18.353 17.012 18.434 19.639 19.269 18.473 20.141 20.392 20.120 20.857 21.397 21.458 21.867 22.274 22.314 22.949 22.656 22.913 21.925 22.156 22.449 22.229 21.447 21.075 21.096 20.308 19.694 20.042 19.475 17.967 18.415 18.837 17.861 16.778 18.320 18.404 17.166 16.944 18.804 19.189 18.016 17.521 19.177 19.802 18.463 19.441 20.441 19.669 19.391 21.023 21.143 20.481 20.665 21.254 21.469 21.798 21.164 21.312 20.991 20.957 21.000 20.296 20.566 19.746 19.354 19.397 19.022 17.743 18.073 18.896 17.529 16.845 18.002 18.262 16.850 17.521 18.919 19.205 18.803 19.507 20.642 20.549 20.272 21.496 21.997 21.850 22.366 22.751 22.911 23.279 23.535 23.589 23.799 24.299 23.860 23.632 23.805 23.835 23.823 23.291 23.289 23.013 23.261 22.948 22.698 22.201 22.274 21.913 21.684 21.707 21.867 20.844 20.792 21.312 21.180 20.209 20.899 21.525 20.988 20.148 21.177 21.291 21.173 21.803 22.410 22.547 22.457 22.125 22.477 22.466 22.531 22.979 22.772 22.487 21.913 21.892 21.390 20.909 20.366 20.601 19.806 19.185 19.330 20.226 20.388 19.955 20.687 20.438 19.129 19.903 20.736 19.227 19.032 19.988 20.348 18.354 18.141 19.563 20.844 19.735 19.323 20.902 21.188 20.592 20.753 21.964 22.095 21.992 22.150 23.130 22.734 22.923 23.195 23.456 23.517 23.437 23.980 23.916 24.290 24.034 24.236 24.026 24.512 24.554 24.544 24.386 24.752 24.908 24.650 25.177 25.219 24.924 25.160 25.178 25.356 25.277 25.544 25.833 26.103
3.418 2.819 1.613 1.259 0.592 0.000 0.946 1.379 1.963 2.197 2.866 4.197 4.272 4.499 4.969 5.277 5.554 6.190 6.514 7.654 8.073 7.890 8.348 8.957 9.246 9.717 9.893 9.742 10.336 10.647 11.102 11.550 12.287 13.165 14.284 15.765 17.468 19.316 21.010 23.016 23.733 24.737 25.474 25.751 26.204 26.344 26.618 26.432 26.672 26.302 26.395 26.658 26.900 26.761 26.367 26.899 26.629 26.406 26.216 26.413 26.373 25.535 25.992 26.206 25.871 25.502 26.271 26.145 25.534 25.601 26.240 26.046 25.365 26.091 26.164 25.919 26.271 26.509 26.373 26.263 26.498 26.120 25.915 25.806 25.658 24.886 24.927 24.984 24.823 23.766 23.727 23.986 23.615 22.888 22.872 22.689 22.542 21.732 22.009 21.834 20.527 20.928 20.076 20.497 20.096 20.497 20.890 20.259 19.632 20.143 20.128 18.492 18.962 19.876 18.631 17.665 19.123 19.113 16.824 17.270 19.088 18.315 16.980 18.320 20.024 19.561 18.535 20.127 20.690 20.140 20.781 21.414 21.236 21.563 22.062 22.274 22.532 22.465 22.740 21.328 22.182 21.837 22.160 20.886 20.745 21.154 20.289 19.570 20.090 19.347 18.280 18.326 18.985 17.806 16.936 18.164 18.410 17.127 17.077 19.190 19.484 17.616 17.110 19.679 19.703 17.577 19.057 20.826 19.302 19.288 20.439 20.768 20.928 20.461 20.560 21.413 21.956 21.502 21.107 21.629 21.785 20.278 20.552 20.961 19.765 18.728 19.784 19.439 18.094 17.930 18.927 17.526 16.646 18.110 18.312 17.083 17.916 18.737 19.211 18.833 19.387 20.448 20.550 20.317 21.356 22.036 21.614 22.169 22.714 22.575 22.891 23.352 23.486 23.358 23.981 23.628 23.330 23.489 23.901 23.479 22.921 23.476 22.816 23.454 23.029 22.663 21.689 21.867 22.050 21.494 21.356 21.935 20.760 20.499 21.237 21.097 19.996 20.780 21.583 20.730 20.018 21.321 21.439 20.849 21.951 22.633 22.637 22.279 21.828 22.245 22.040 22.341 22.567 22.584 22.048 22.109 21.898 21.170 20.591 20.587 20.301 19.650 19.391 19.603 20.329 20.435 20.964 21.210 20.784 19.469 20.666 20.627 19.477 19.015 20.487 20.378 18.573 18.795 20.656 20.611 20.054 19.975 21.561 20.909 20.453 21.607 22.099 22.138 22.122 22.712 23.189 22.816 22.961 23.230 23.555 23.603 23.360 23.989 23.901 23.820 24.138 24.289 24.086 24.168 24.624 24.379 24.130 24.670 24.675 24.392 24.721 25.071 24.945 24.861 25.095 25.361 25.095 25.296 25.600 25.969
3.945 2.714 1.853 2.116 1.514 0.577 0.000 1.009 1.934 2.244 2.238 2.901 4.078 3.657 4.026 4.620 5.105 5.384 5.721 6.847 7.281 6.993 7.697 8.379 8.527 8.933 9.597 9.413 9.696 10.015 10.597 11.118 11.928 12.918 14.247 15.948 17.827 19.772 21.293 23.306 24.131 25.260 25.880 26.159 26.635 26.844 26.982 26.651 27.028 26.757 26.862 26.697 27.208 26.882 26.333 26.698 26.763 26.183 25.786 26.466 26.148 25.197 25.766 26.446 26.086 25.469 26.307 26.603 25.743 25.915 26.648 26.572 25.926 26.626 26.661 26.389 26.732 26.816 26.763 26.616 26.793 26.472 26.159 26.135 25.829 25.250 25.131 25.140 24.506 24.067 23.915 23.899 23.718 22.995 23.135 22.924 22.227 21.997 22.232 21.526 20.501 20.657 20.482 20.187 20.723 21.212 21.738 19.988 19.548 20.462 20.339 18.558 18.799 19.988 18.095 17.140 19.001 18.733 16.548 16.909 18.762 17.970 17.261 18.004 19.692 19.355 19.133 20.135 20.307 19.857 20.780 21.483 20.817 21.440 22.603 22.684 21.878 22.941 22.371 21.654 22.099 22.132 22.575 21.381 20.685 20.972 20.750 19.206 19.843 19.328 18.592 18.302 18.665 18.253 16.801 18.087 18.477 17.478 17.056 18.998 19.460 18.246 17.240 19.344 19.405 17.848 18.954 20.047 19.275 19.403 20.067 20.353 20.519 20.670 20.963 21.741 22.080 22.047 21.823 22.126 21.579 21.024 21.333 21.266 20.192 19.323 20.668 19.915 17.972 18.526 19.390 17.918 16.852 18.485 18.546 16.951 17.753 19.543 19.204 18.726 19.729 20.264 20.489 20.607 21.736 21.997 21.786 22.233 23.009 22.750 23.035 23.422 23.666 23.534 24.013 24.286 23.390 23.737 24.087 24.228 23.107 23.810 23.042 23.599 23.265 22.482 21.992 22.349 22.340 21.435 21.833 22.333 21.122 20.171 21.703 22.006 20.834 20.944 21.962 21.797 21.619 21.785 22.137 22.196 22.157 22.799 22.797 23.043 22.811 22.417 22.918 22.680 22.690 22.397 22.644 22.067 22.037 21.332 20.745 20.801 20.575 19.404 19.212 19.363 20.948 20.903 20.484 21.611 21.497 19.143 20.934 21.379 20.534 19.381 21.029 21.006 19.548 19.060 20.951 20.973 20.371 20.213 21.447 21.594 20.796 21.204 22.281 22.248 21.995 22.599 23.154 22.908 23.081 23.303 23.666 23.527 23.770 24.381 24.147 23.795 24.457 24.591 24.360 24.334 24.845 24.833 24.313 24.942 24.986 24.871 24.992 25.236 25.465 25.193 25.269 25.720 25.670 25.589 25.859 26.269
3.766 3.746 2.320 2.232 2.309 1.467 0.596 0.000 1.059 2.025 1.922 2.351 2.946 3.539 3.828 3.894 4.262 4.779 5.046 5.963 6.155 6.593 7.047 7.863 7.711 8.373 8.878 8.927 9.284 9.504 9.878 10.456 11.190 12.067 13.282 14.811 16.782 18.871 20.571 22.630 23.575 24.869 25.442 25.979 26.346 26.618 26.822 26.617 26.956 26.705 26.595 26.646 27.131 26.645 26.116 26.576 26.581 25.896 25.746 26.321 25.861 24.918 25.710 26.232 25.626 24.944 25.899 26.034 25.387 25.629 26.256 25.992 25.613 26.088 26.314 26.004 26.373 26.511 26.591 26.420 26.586 26.172 25.868 25.799 25.656 24.890 24.575 24.732 24.125 23.590 23.182 23.431 23.330 22.454 22.306 22.278 21.934 21.605 21.863 21.470 19.965 20.670 19.983 20.093 20.893 21.349 21.813 20.666 19.796 20.955 20.273 17.634 19.592 20.169 18.153 16.798 19.315 19.062 16.600 17.372 18.496 18.004 16.988 18.203 19.390 19.117 18.708 19.894 19.870 19.791 20.626 21.125 20.628 21.127 22.315 22.410 21.870 22.922 22.408 21.200 22.133 22.248 22.318 21.301 20.655 20.763 20.287 19.101 19.655 19.212 18.231 18.278 18.774 17.850 16.500 17.995 18.624 17.592 17.148 18.912 19.710 18.068 17.469 20.075 20.191 17.799 19.064 20.998 18.810 18.951 20.875 21.475 20.307 20.835 21.024 21.774 22.572 21.688 21.262 21.709 21.446 20.690 20.690 21.118 20.433 19.180 19.954 20.023 17.776 18.358 19.291 18.048 16.755 18.495 18.651 16.944 17.692 19.241 19.122 18.643 19.699 20.355 20.072 20.326 21.479 21.956 21.884 22.274 22.696 22.597 22.728 23.350 23.651 23.666 24.264 24.305 23.405 23.831 24.192 24.149 23.322 23.617 23.089 23.357 23.372 22.314 21.936 22.297 22.010 21.346 21.690 21.838 20.878 20.751 21.663 21.464 20.621 20.835 21.527 21.167 20.875 21.274 21.425 21.473 21.615 22.289 21.983 22.278 22.060 21.910 22.203 22.125 22.213 21.968 21.827 21.402 21.251 20.777 20.519 20.578 20.170 19.510 19.084 19.020 19.997 20.120 20.334 20.499 20.511 19.146 20.149 20.461 19.628 19.039 20.038 20.348 18.700 18.519 20.276 21.113 20.347 19.684 21.297 21.639 20.728 21.031 22.088 22.308 21.827 22.360 23.082 22.521 22.562 23.279 23.552 23.215 23.552 24.279 24.173 23.925 24.306 24.460 24.392 24.323 24.752 24.747 24.519 24.908 24.976 24.981 25.083 25.125 25.158 25.135 25.215 25.449 25.425 25.450 25.742 26.023
5.187 4.798 3.103 2.558 2.181 2.173 1.472 0.630 0.000 1.047 1.452 2.015 2.147 2.373 3.000 3.252 3.350 3.576 4.149 4.463 4.739 5.322 5.958 6.575 6.575 6.692 7.434 7.649 8.024 8.402 8.974 9.525 10.338 11.336 12.375 13.898 15.869 17.828 19.590 21.811 22.985 24.344 25.092 25.531 26.171 26.375 26.659 26.658 26.914 26.575 26.809 26.825 27.089 26.848 26.311 26.784 26.748 25.956 25.746 26.374 26.096 24.953 25.609 25.998 25.386 24.649 25.986 25.943 25.214 25.303 26.088 25.846 25.496 26.019 26.236 25.988 26.126 26.444 26.481 26.177 26.410 26.097 25.691 25.532 25.360 24.688 24.222 24.584 23.992 23.453 22.877 23.140 22.835 22.392 22.029 22.096 21.953 21.546 21.397 21.118 19.724 20.351 19.916 20.080 20.805 20.677 21.212 20.609 19.443 20.227 20.412 17.742 18.716 19.417 17.917 17.071 18.324 18.499 16.834 16.804 18.280 17.917 16.919 18.025 19.181 19.248 18.650 20.033 20.089 19.583 20.642 21.243 20.810 21.374 22.055 22.349 21.748 22.784 22.288 21.271 22.062 22.385 22.226 21.280 20.879 21.005 20.191 19.131 19.803 19.472 18.276 18.145 18.908 18.020 16.533 18.112 18.716 17.543 16.635 18.726 19.136 17.877 17.100 18.610 19.181 17.833 18.669 19.716 19.468 19.479 19.761 20.200 19.693 20.420 20.869 21.217 21.580 21.416 21.378 21.418 21.112 20.317 20.666 20.729 19.260 18.864 19.598 19.335 17.547 17.729 19.101 17.235 16.341 18.032 18.572 16.857 17.247 19.146 19.313 18.835 19.424 20.400 20.219 20.138 21.313 21.786 21.606 22.002 22.421 22.269 22.529 23.116 23.430 23.466 24.029 24.029 23.007 23.582 23.988 23.652 22.991 23.512 22.822 23.340 22.965 22.298 21.816 21.844 21.756 21.303 21.322 21.700 20.902 20.708 21.284 21.248 20.579 20.763 21.352 20.793 20.394 21.195 21.024 20.788 21.579 22.191 22.227 22.057 21.806 21.950 21.855 21.954 22.328 22.206 21.807 21.802 21.534 20.545 20.335 19.998 20.107 19.039 18.717 18.683 19.667 19.906 19.715 20.853 20.292 18.583 19.496 20.525 19.242 18.175 19.833 20.314 18.551 17.832 19.378 20.753 19.927 19.190 21.077 21.234 20.383 20.826 21.863 21.845 21.962 22.078 22.671 22.491 22.327 22.929 23.151 22.980 23.031 23.824 23.526 23.361 23.903 23.860 23.787 23.923 24.349 24.097 23.928 24.486 24.199 24.306 24.798 24.631 24.711 24.518 24.794 25.118 25.031 24.909 25.241 25.427
6.139 5.021 4.061 3.571 2.836 2.317 2.391 1.775 0.594 0.000 0.931 1.584 1.991 1.869 2.364 3.070 2.900 3.143 3.617 4.258 4.331 4.677 5.488 6.199 6.492 6.736 7.052 7.716 7.866 8.245 8.816 9.560 10.351 11.329 12.564 14.019 16.025 18.128 19.847 22.030 23.206 24.396 25.179 25.703 26.151 26.421 26.670 26.595 26.787 26.516 26.500 26.466 26.917 26.574 26.095 26.281 26.094 25.859 25.659 25.972 25.846 25.143 25.437 26.013 25.548 24.992 25.789 25.752 25.476 25.374 26.142 25.887 25.606 26.170 26.342 26.025 26.155 26.529 26.458 26.210 26.462 26.100 25.764 25.647 25.439 24.661 24.669 24.614 23.905 23.405 23.235 23.337 22.918 22.224 22.183 21.888 21.822 21.394 21.375 21.169 20.146 20.331 19.748 20.475 20.725 21.010 21.067 20.007 19.446 20.370 19.998 18.084 18.507 19.662 18.072 16.681 18.927 18.763 16.144 16.777 18.890 17.664 16.594 17.921 19.494 19.197 18.646 20.198 20.245 20.032 20.590 21.379 21.014 21.344 22.347 22.486 22.117 22.968 22.527 21.225 22.292 22.528 22.570 21.445 20.792 21.366 20.403 19.458 19.972 19.209 18.758 18.375 18.798 17.840 16.743 17.900 18.564 17.174 16.928 18.940 19.163 17.801 17.222 19.388 19.116 17.253 18.935 20.336 19.023 18.895 20.323 20.776 20.355 20.589 20.378 21.465 21.514 21.799 21.417 21.600 21.196 20.338 20.436 20.728 19.569 18.996 19.648 19.104 17.675 18.153 18.855 17.625 16.432 18.223 18.311 17.081 17.565 19.156 19.046 19.054 19.572 20.200 20.218 20.166 21.507 21.985 22.098 22.259 22.738 22.579 22.886 23.403 23.635 23.597 24.142 24.019 23.276 23.807 24.066 24.033 23.261 23.726 23.132 23.415 23.296 22.673 21.935 22.080 22.336 21.527 21.579 22.165 20.902 20.498 21.183 21.611 20.637 20.694 21.534 21.365 20.877 21.347 21.370 20.881 21.716 22.365 22.264 22.205 21.947 22.342 21.927 22.664 22.779 22.616 22.002 22.222 21.907 20.871 20.285 20.223 19.780 19.351 18.958 19.413 20.237 20.319 20.728 20.944 20.434 18.958 20.408 20.429 19.432 18.829 20.554 20.132 18.723 17.820 20.485 20.697 20.284 20.125 21.407 21.192 20.755 21.455 22.191 21.863 21.798 22.600 22.999 22.723 22.799 23.230 23.344 23.233 23.178 24.006 23.699 23.689 23.923 24.285 23.889 24.026 24.485 24.473 23.896 24.586 24.602 24.327 24.614 24.707 24.993 24.620 24.834 25.233 25.248 25.102 25.427 25.733
6.754 5.488 5.186 4.470 4.334 2.836 2.589 2.590 1.668 0.597 0.000 0.902 1.790 1.897 1.840 2.081 3.236 3.285 3.036 3.582 4.286 4.547 4.617 5.863 6.558 6.385 6.886 7.215 7.926 8.193 8.793 9.456 10.071 10.973 12.229 13.981 15.915 18.093 19.887 22.215 23.244 24.570 25.245 25.764 26.297 26.504 26.783 26.492 26.739 26.343 26.547 26.415 26.937 26.521 25.766 26.378 26.499 25.626 25.424 26.081 25.948 25.080 25.722 26.269 25.816 25.393 25.967 26.130 25.840 25.717 26.166 26.073 25.730 26.203 26.270 26.062 26.257 26.304 26.408 26.032 26.276 25.921 25.556 25.435 25.307 24.715 24.534 24.486 23.933 23.358 23.211 23.454 23.030 22.085 22.243 22.236 21.826 21.282 21.562 21.348 19.966 19.984 19.903 19.901 20.298 21.044 21.146 20.131 19.234 20.232 19.785 17.695 18.471 19.518 18.062 16.824 17.927 18.255 15.833 16.281 17.949 17.407 16.191 17.482 19.023 19.168 18.611 19.681 20.174 19.775 20.534 21.386 21.195 21.549 22.497 22.418 22.372 22.773 22.201 21.438 22.579 22.241 22.284 21.740 20.931 21.217 20.508 19.408 19.820 19.347 18.264 18.321 18.704 18.026 16.353 17.678 18.601 16.313 16.653 18.678 19.597 17.328 16.471 18.293 19.374 16.792 18.332 19.563 18.964 18.697 19.946 20.411 19.899 20.557 20.425 21.143 21.250 21.546 20.993 21.469 20.620 20.042 20.552 20.183 19.711 18.483 19.920 19.643 15.995 17.772 19.318 17.255 15.890 18.241 18.653 16.760 17.464 19.197 18.996 18.323 19.419 20.616 20.235 20.475 21.610 21.924 22.260 22.299 22.728 22.553 22.978 23.308 23.568 23.676 23.802 24.036 23.537 23.713 24.068 23.845 23.510 23.289 22.839 23.421 23.230 22.574 22.103 22.262 22.105 21.177 21.691 22.503 20.861 20.623 21.537 21.622 20.834 20.329 21.657 20.987 20.780 20.938 21.437 20.910 21.022 22.022 22.256 21.802 21.733 22.033 21.773 22.171 22.525 22.292 21.509 21.926 21.421 20.199 19.857 19.755 19.313 18.814 18.252 18.594 19.530 19.672 19.804 20.187 20.126 18.347 19.309 19.809 18.788 17.915 19.517 19.815 18.030 17.820 19.338 20.474 19.907 19.383 21.065 21.408 20.255 21.065 22.376 22.166 21.869 22.561 23.155 22.730 22.747 23.025 23.362 23.293 23.100 23.851 23.754 23.543 23.801 24.244 23.891 24.046 24.303 24.469 24.094 24.347 24.605 24.686 24.719 24.686 25.138 24.850 24.771 25.403 25.402 25.549 25.404 25.927
7.163 5.658 5.182 4.529 3.860 3.435 2.593 2.220 1.964 1.603 0.581 0.000 0.782 1.142 1.310 1.308 1.542 1.888 1.805 1.996 2.300 2.449 2.526 3.155 3.456 3.585 3.740 4.406 4.697 5.289 6.029 6.670 7.494 8.671 9.955 11.902 14.151 16.234 18.358 20.956 22.243 23.924 24.570 25.201 25.774 26.093 26.179 26.130 26.544 26.161 26.484 26.430 26.899 26.486 25.840 26.365 26.390 25.689 25.549 26.238 25.854 24.868 26.047 26.309 25.685 25.150 26.139 26.041 25.405 25.662 26.212 25.918 25.557 26.115 26.204 25.896 26.007 26.162 26.161 26.025 26.104 25.512 25.268 24.907 24.862 24.506 24.054 23.880 23.584 23.098 22.644 22.826 22.571 21.915 21.635 21.596 21.479 20.638 20.913 20.768 19.616 20.065 19.471 19.990 20.475 20.753 21.247 20.442 19.431 20.313 19.804 17.095 18.607 19.726 17.454 15.964 18.458 18.398 15.102 16.656 18.345 17.865 16.613 18.069 19.248 19.781 19.005 19.990 20.914 20.712 21.165 21.696 21.818 22.076 22.844 22.987 22.515 23.061 22.825 21.855 22.629 23.077 22.786 22.410 21.482 21.599 20.800 20.028 20.077 19.765 18.586 18.414 18.866 18.182 16.621 18.049 18.438 17.023 17.231 18.693 18.740 17.444 16.405 18.898 19.004 16.684 18.019 19.664 18.687 18.253 19.806 20.329 19.749 20.165 20.169 20.857 21.324 21.220 20.660 21.286 20.523 20.042 20.030 20.049 19.286 18.608 19.190 18.817 16.945 17.964 18.749 17.850 16.133 17.848 18.631 17.126 17.818 19.359 19.559 18.792 20.005 20.779 20.653 20.369 21.817 22.330 22.395 22.205 22.834 22.787 23.112 23.384 23.381 23.872 24.351 24.117 23.581 24.015 24.262 24.063 23.677 23.709 23.374 23.624 23.269 22.998 22.783 22.566 22.538 22.009 22.079 22.306 21.517 21.164 21.736 21.769 20.923 20.822 21.696 21.134 20.581 21.132 21.203 20.739 21.457 22.219 22.280 22.066 21.967 22.034 21.821 21.959 22.227 22.149 21.394 21.346 21.063 19.929 19.658 19.287 19.259 18.638 18.385 18.552 19.153 19.339 19.186 20.529 19.643 18.582 19.307 19.844 18.969 18.209 19.715 19.948 18.382 17.422 19.348 20.711 19.686 19.106 21.198 21.566 20.578 20.950 22.163 22.101 21.599 22.259 22.931 22.576 22.399 23.152 23.076 23.466 23.267 23.532 23.577 23.495 23.661 23.733 23.816 23.897 24.053 24.059 23.920 24.355 24.461 24.321 24.645 24.535 24.763 24.563 24.819 25.192 25.136 25.129 25.342 25.568
7.922 6.255 5.709 5.084 4.389 3.916 3.504 2.560 2.105 2.022 1.110 0.558 0.000 0.805 1.208 1.248 1.248 1.317 1.864 1.789 1.892 2.105 2.500 2.662 2.990 3.423 3.966 4.249 4.521 5.017 5.929 6.607 7.443 8.626 9.866 11.667 13.683 15.998 18.118 20.704 22.099 23.807 24.534 24.965 25.593 25.756 26.271 26.392 26.366 26.316 26.472 26.490 26.678 26.421 26.189 26.469 26.385 25.511 25.381 25.839 25.553 24.663 25.879 25.960 25.395 24.749 25.804 25.612 25.331 25.289 26.014 25.671 25.461 25.832 26.052 25.647 26.002 26.183 26.180 25.965 26.043 25.638 25.363 25.020 24.853 24.557 23.873 23.751 23.471 22.953 22.599 22.620 22.399 21.610 21.656 21.373 20.912 20.621 20.928 20.366 19.297 19.597 19.637 20.249 20.557 20.965 20.912 20.096 18.885 19.917 19.447 17.708 18.285 18.630 17.928 16.717 18.036 17.701 16.072 16.552 17.889 17.507 15.971 17.939 19.139 18.947 18.140 20.005 20.410 19.713 20.960 21.705 21.448 21.569 22.522 22.659 22.443 22.812 22.417 21.685 22.438 22.733 22.568 21.859 21.257 21.814 20.433 19.844 20.241 19.838 17.992 18.235 19.533 17.934 15.827 17.962 19.097 16.530 17.192 18.881 19.315 17.123 16.519 18.915 19.103 16.741 18.019 19.757 18.374 18.190 19.643 20.358 19.635 20.131 19.871 21.158 21.206 21.280 21.018 21.237 20.896 20.161 20.433 20.639 18.977 18.377 19.577 18.895 16.253 17.271 19.028 17.270 15.473 17.726 18.450 16.395 17.246 19.123 19.153 18.443 19.563 20.718 20.296 20.129 21.819 22.297 22.248 22.522 22.794 22.703 22.868 23.359 23.553 23.712 24.206 23.993 23.498 23.966 24.302 23.964 23.581 23.855 23.592 23.741 23.526 23.146 22.548 22.588 22.647 21.922 22.060 22.775 21.355 21.461 21.945 22.019 21.018 21.105 21.884 21.117 20.664 21.440 21.428 20.825 21.510 22.287 22.289 22.262 21.965 22.169 21.768 22.367 22.281 22.276 21.359 21.679 21.507 20.414 19.546 19.551 19.649 18.306 18.300 18.475 19.467 19.748 19.650 21.078 20.008 18.951 19.416 20.223 19.033 18.396 19.779 20.134 18.272 17.717 19.602 21.034 19.619 19.539 21.259 21.606 20.456 21.346 22.431 21.923 21.873 22.602 22.999 22.593 22.474 22.902 23.217 22.961 23.031 23.639 23.502 23.016 23.548 23.749 23.570 23.535 23.968 23.848 23.655 24.165 23.838 23.747 24.128 24.312 24.377 24.134 24.459 24.728 24.513 24.557 24.915 25.129
8.437 6.971 6.366 5.836 5.158 4.564 3.646 3.362 2.402 1.895 1.353 1.209 0.547 0.000 0.771 1.043 0.973 1.011 1.099 1.556 1.406 1.587 1.758 2.101 2.164 2.403 3.050 3.186 3.622 4.151 4.897 5.873 6.729 7.989 9.409 11.564 13.793 16.229 18.225 20.906 22.236 23.944 24.813 25.313 25.886 26.234 26.423 26.257 26.694 26.284 26.491 26.261 27.059 26.474 25.784 26.299 26.521 25.859 25.362 26.207 26.018 25.304 25.981 26.368 25.692 25.027 25.789 25.797 25.383 25.243 26.006 25.664 25.401 25.819 25.939 25.548 25.738 26.173 26.123 25.776 26.063 25.590 25.266 25.098 24.765 24.314 23.819 23.807 23.450 22.853 22.645 22.744 22.386 21.367 21.936 21.588 21.043 20.626 21.192 20.543 19.304 19.660 19.985 20.144 20.426 21.179 21.054 19.956 19.463 20.610 19.885 17.868 19.035 19.764 17.947 16.012 18.877 18.815 15.429 16.669 18.445 17.439 15.992 17.579 18.933 18.875 18.464 19.592 20.084 20.249 20.703 21.452 21.403 21.872 22.514 22.436 22.399 22.833 22.635 21.842 22.518 22.928 22.740 21.976 21.385 21.612 20.767 20.204 20.033 19.701 18.344 18.462 18.734 18.606 16.362 17.608 18.309 17.114 17.146 18.639 19.069 17.884 16.544 19.108 19.123 16.649 18.400 19.828 18.379 18.367 19.983 20.437 19.430 19.940 19.515 21.029 21.202 21.285 20.983 21.320 20.860 19.695 20.230 20.269 19.372 18.738 19.369 18.595 16.622 18.042 18.412 17.520 15.565 18.492 18.511 16.228 17.368 19.830 19.633 18.674 20.623 20.638 20.457 20.876 21.792 22.223 22.123 22.399 22.800 22.596 22.976 23.260 23.376 23.587 23.918 23.941 23.559 23.736 24.152 24.096 23.756 23.438 23.146 23.519 23.530 23.143 22.260 22.513 22.594 22.033 21.712 22.529 21.754 20.991 21.523 21.337 21.144 20.517 21.545 21.452 20.716 21.293 21.193 20.722 21.392 22.238 22.216 22.207 22.127 21.990 21.985 22.150 22.177 22.080 21.547 21.628 21.410 20.569 19.560 19.361 19.148 18.240 18.408 18.713 19.258 19.556 19.266 20.496 20.070 18.653 19.529 19.898 19.141 18.513 20.148 20.281 18.555 17.515 20.102 20.873 20.230 19.690 21.373 21.549 21.273 21.349 22.060 21.929 21.896 22.310 22.883 22.459 22.244 22.905 23.298 23.168 22.961 23.388 23.371 23.137 23.246 23.647 23.441 23.339 23.895 24.120 23.470 23.955 24.079 23.964 24.019 24.252 24.628 24.095 24.453 24.936 24.717 24.586 24.912 25.226
8.435 7.577 6.723 6.265 5.400 5.210 4.342 3.663 2.984 2.425 1.481 1.509 1.130 0.556 0.000 0.704 1.004 0.866 0.858 0.988 1.393 1.331 1.310 1.572 1.797 1.889 2.239 2.711 3.169 3.595 4.316 5.224 6.189 7.472 8.814 11.022 13.437 15.760 17.861 20.671 21.907 23.837 24.598 25.098 25.773 26.049 26.170 25.961 26.533 26.076 26.322 26.304 26.815 26.421 25.869 26.376 26.570 25.985 25.787 26.201 26.204 25.483 26.484 26.343 26.064 25.411 26.280 26.066 25.590 25.911 26.137 26.008 25.697 26.225 26.062 25.965 26.125 26.232 26.247 26.122 26.165 25.612 25.373 25.256 24.821 24.520 24.011 23.991 23.658 23.335 22.686 22.695 22.924 21.743 21.995 22.001 21.781 20.917 21.290 21.348 19.664 20.131 20.046 20.067 20.669 21.275 21.325 20.104 19.581 20.469 20.154 17.925 19.227 19.528 18.015 16.691 18.563 18.279 15.637 16.504 18.113 17.735 15.874 18.200 18.875 19.017 18.439 19.780 20.534 20.101 20.951 21.421 21.582 21.850 22.660 22.589 22.598 22.872 22.930 22.308 22.544 23.044 22.732 22.400 21.389 21.903 21.171 19.947 19.839 20.431 18.402 18.693 19.512 18.616 15.639 18.314 19.050 17.253 16.828 19.141 19.487 17.447 17.022 19.237 19.153 16.971 18.359 19.795 18.949 18.847 19.850 20.381 19.532 20.028 20.004 21.006 21.277 21.469 20.787 21.450 20.394 19.749 20.245 20.061 19.482 18.230 19.318 19.484 15.920 17.340 19.102 17.156 15.635 18.076 19.203 15.920 17.674 19.603 19.744 18.609 19.724 20.922 20.466 20.573 21.970 22.363 22.336 22.558 22.760 22.808 23.165 23.200 23.307 23.619 23.964 24.105 23.554 23.807 24.215 24.153 23.716 23.302 23.034 23.824 23.392 23.079 22.743 22.683 22.673 22.475 22.462 22.876 21.883 21.871 22.030 21.662 21.486 20.918 22.010 20.985 20.902 21.197 21.432 20.850 21.307 22.231 22.227 21.982 21.993 21.890 21.766 21.906 22.188 21.973 21.275 21.502 21.377 20.231 19.428 19.290 19.153 18.129 17.927 18.287 19.098 19.271 19.230 20.453 19.920 18.427 18.770 19.895 18.658 17.937 19.236 19.811 18.035 17.590 19.070 20.481 19.795 19.365 20.969 21.627 20.709 20.899 22.249 22.308 21.874 22.330 22.912 22.682 22.345 22.945 23.395 23.123 23.271 23.515 23.561 23.388 23.441 23.804 23.669 23.609 23.995 24.103 23.777 23.979 24.060 24.361 24.227 24.273 24.750 24.372 24.659 25.104 24.967 25.047 25.096 25.374
8.213 7.537 7.161 6.147 5.548 5.140 4.418 3.887 2.903 2.542 1.702 1.394 1.226 0.967 0.536 0.000 0.626 0.774 0.759 0.766 0.948 1.214 1.124 1.275 1.501 1.705 1.854 2.246 2.875 3.265 3.822 4.767 5.690 7.131 8.279 10.514 12.781 15.066 17.404 19.909 21.674 23.530 24.193 24.962 25.520 25.939 26.352 26.248 26.477 26.364 26.665 26.469 26.862 26.495 25.844 26.435 26.564 25.668 25.649 26.419 26.218 25.132 26.218 26.665 25.775 25.205 26.386 26.136 25.391 25.658 26.207 25.718 25.689 26.107 26.013 25.833 25.942 26.117 26.082 25.874 25.892 25.394 25.188 24.604 24.667 24.500 23.752 23.461 23.596 23.122 22.451 22.738 22.371 21.676 21.512 21.266 21.286 20.534 20.579 20.698 19.237 19.683 19.436 19.963 20.738 20.752 21.392 20.169 19.388 20.141 19.890 17.808 18.468 19.374 17.382 16.163 18.056 18.124 15.203 16.380 18.422 16.885 15.743 17.584 18.982 18.757 18.612 19.647 20.914 20.275 20.657 21.461 21.675 21.883 22.818 23.109 22.925 23.326 22.988 22.597 22.693 23.417 23.026 22.281 21.232 21.855 20.805 19.376 19.820 20.132 18.447 18.479 18.870 18.214 16.433 17.759 18.170 17.151 16.901 18.096 18.321 17.045 16.463 18.439 18.744 17.067 17.940 19.322 18.653 18.582 19.409 20.154 19.730 19.912 19.860 20.988 20.945 21.287 20.816 21.171 20.513 19.787 20.124 20.014 18.291 18.043 18.954 18.254 16.345 17.169 18.367 17.471 15.473 17.310 18.380 16.701 17.314 19.294 19.171 18.556 19.584 20.644 20.562 20.491 21.953 22.399 22.404 22.411 23.020 23.093 23.321 23.325 23.317 23.802 24.211 24.001 23.834 24.060 24.167 24.061 23.761 23.772 23.597 23.789 23.494 23.183 22.828 22.727 22.729 22.127 21.939 22.318 21.770 20.989 21.645 21.829 20.686 20.719 21.584 21.029 20.033 21.167 21.199 20.689 21.365 22.147 22.070 22.078 21.686 22.052 21.768 21.935 21.975 21.980 21.085 21.166 20.942 19.894 19.311 19.022 18.745 18.044 17.872 17.884 19.014 19.169 19.215 20.782 19.542 17.967 19.138 20.059 18.431 17.920 19.754 19.895 17.950 17.043 19.060 20.897 19.609 18.833 21.243 21.422 20.163 20.933 22.246 22.055 21.609 22.590 22.991 22.727 22.970 23.360 23.171 23.470 23.515 23.526 23.581 23.685 23.707 23.744 23.696 23.938 24.155 23.992 23.918 24.472 24.219 24.173 24.575 24.589 24.645 24.471 24.963 25.237 25.037 25.097 25.293 25.524
8.751 7.698 7.094 6.827 6.090 5.488 4.628 4.379 3.447 2.579 2.098 1.775 1.161 1.037 0.789 0.519 0.000 0.603 0.700 0.719 0.776 0.963 1.129 1.162 1.337 1.516 1.775 1.981 2.624 3.317 3.711 4.521 5.607 6.954 8.255 10.545 12.724 15.264 17.693 20.196 21.870 23.337 24.291 24.971 25.489 25.878 26.179 26.443 26.405 26.274 26.437 26.451 26.765 26.241 25.871 26.111 26.238 25.359 25.221 25.965 25.661 24.682 25.690 26.283 25.306 24.663 25.816 25.621 24.886 25.224 25.748 25.200 25.258 25.665 25.576 25.355 25.604 25.923 25.831 25.685 25.769 25.125 24.958 24.445 24.178 24.091 23.237 22.910 22.964 22.594 21.845 21.982 21.636 21.165 21.101 20.841 20.370 19.797 20.157 19.853 18.558 18.913 19.099 19.304 20.397 20.224 20.834 19.132 18.808 19.691 19.253 17.328 18.446 18.979 17.091 15.613 18.157 17.664 15.518 15.903 17.816 17.078 15.540 17.229 18.662 18.058 17.797 19.252 20.041 19.104 20.155 20.885 21.116 20.998 22.135 22.020 22.325 22.813 22.432 21.614 22.381 22.699 22.362 21.636 21.022 21.363 20.003 19.089 19.543 19.354 17.620 18.138 18.466 18.066 15.866 17.411 18.118 16.131 16.885 18.214 18.617 16.717 16.324 18.633 18.732 16.251 18.155 19.506 18.298 17.728 19.319 19.643 19.021 19.412 19.227 20.402 20.511 20.773 20.451 20.674 20.351 19.502 19.881 19.942 18.283 17.783 18.890 18.451 16.173 16.967 18.375 17.022 15.182 17.406 18.316 16.432 16.775 19.019 19.070 18.027 19.366 20.366 20.280 20.720 21.752 21.894 22.197 22.312 22.449 22.568 22.793 23.042 23.078 23.106 23.738 23.507 23.364 23.428 23.778 23.538 23.398 23.348 23.112 23.185 23.141 22.931 22.191 22.089 22.583 21.762 21.399 22.112 20.980 20.942 21.183 21.780 20.613 20.354 21.093 20.578 19.850 20.724 20.734 20.439 20.830 21.729 21.684 21.706 21.367 21.606 21.420 21.587 21.505 21.437 20.822 20.700 20.386 19.530 18.566 18.532 18.512 17.440 17.438 17.443 18.833 19.141 19.151 20.461 19.434 17.795 19.115 19.815 18.252 18.220 19.398 19.564 17.885 17.338 19.341 20.312 19.677 19.507 20.724 21.062 20.691 21.428 22.128 21.756 22.147 22.557 22.672 22.638 22.776 23.153 23.009 23.011 23.196 23.524 23.224 23.153 23.383 23.665 23.278 23.312 23.964 24.023 23.394 24.128 24.193 23.768 24.116 24.445 24.616 24.137 24.639 24.875 24.654 24.523 25.097 25.125
8.486 7.506 6.957 6.661 6.074 5.547 4.740 4.231 3.708 2.761 1.876 1.964 1.360 0.869 0.795 0.707 0.513 0.000 0.566 0.685 0.688 0.749 0.879 1.107 1.142 1.268 1.563 1.743 2.302 3.052 3.610 4.260 5.354 6.719 7.986 10.384 12.895 15.491 17.658 20.462 22.097 23.851 24.565 25.276 25.768 26.263 26.385 26.201 26.720 26.527 26.558 26.356 27.025 26.627 26.056 26.614 26.626 26.102 25.597 26.374 26.168 25.279 26.155 26.438 25.674 25.055 26.121 25.806 25.200 25.568 25.917 25.515 25.386 25.823 25.855 25.669 25.865 26.187 26.052 25.831 25.844 25.308 25.008 24.769 24.405 24.016 23.483 23.360 23.249 22.786 22.223 22.333 22.069 21.263 21.560 21.276 20.638 20.154 20.543 20.364 18.681 19.118 19.068 19.534 19.868 20.224 20.041 19.103 19.139 19.885 19.430 17.600 18.451 19.290 17.245 15.750 18.509 17.918 15.092 16.204 17.580 17.324 15.446 17.316 18.488 18.485 18.080 18.970 20.173 19.306 19.952 20.796 21.622 21.484 21.720 21.845 22.299 22.466 22.580 22.040 21.991 22.633 21.906 22.032 21.306 20.615 20.727 19.435 19.501 19.693 17.209 17.968 18.613 18.079 15.152 17.776 18.227 16.372 16.869 18.120 18.605 17.092 16.442 18.275 18.628 16.533 18.100 19.188 18.037 18.281 19.304 19.522 19.121 19.357 19.345 20.400 20.555 20.675 20.274 20.945 20.344 19.377 19.683 19.785 18.432 17.950 18.688 18.447 16.666 17.324 18.519 17.074 15.139 18.087 18.801 15.820 16.782 19.636 18.660 17.216 20.351 21.015 20.194 21.024 21.618 21.993 22.506 21.901 22.432 22.392 22.858 23.010 23.072 23.077 23.514 23.710 23.241 23.190 23.549 23.735 23.387 22.913 22.656 23.234 23.338 22.628 22.016 22.094 22.215 21.904 21.575 21.941 21.786 21.121 21.167 21.401 21.210 20.073 21.203 20.479 20.329 20.791 21.035 20.499 20.854 21.745 21.601 21.708 21.464 21.745 21.241 21.659 21.578 21.490 20.650 20.738 20.404 19.641 18.774 18.584 18.466 17.627 17.647 17.616 18.802 19.208 19.053 20.344 19.412 17.790 18.758 19.372 18.377 17.793 18.991 19.547 17.999 17.270 18.854 20.009 19.860 19.147 20.552 21.260 20.252 20.557 21.805 21.893 21.455 21.707 22.587 22.352 21.750 22.888 23.047 22.783 23.157 23.162 23.065 23.336 23.070 23.316 23.190 23.217 23.630 23.812 23.191 23.795 24.140 23.772 23.837 24.222 24.702 24.101 24.474 24.921 24.770 24.569 25.158 25.184
8.111 7.231 6.795 6.253 5.680 5.423 4.842 4.128 3.369 2.927 1.877 1.721 1.545 1.096 0.793 0.724 0.684 0.509 0.000 0.551 0.696 0.693 0.719 0.861 1.033 1.126 1.242 1.608 2.096 2.732 3.505 4.270 5.177 6.607 7.895 10.330 12.901 15.324 17.528 20.220 21.790 23.517 24.225 24.853 25.490 26.034 26.028 26.167 26.525 26.319 26.473 26.402 26.843 26.554 26.238 26.620 26.498 26.005 25.871 26.272 26.004 25.141 26.301 26.415 25.698 25.153 26.141 25.791 25.299 25.705 25.930 25.640 25.505 25.967 25.754 25.755 25.930 26.112 25.968 25.787 25.688 25.148 25.038 24.400 24.360 24.046 23.269 23.113 23.170 22.853 22.054 22.191 22.107 21.200 21.341 20.943 20.906 20.030 20.285 20.291 18.638 19.111 18.970 19.559 20.161 20.119 20.826 19.317 19.081 19.999 19.578 17.826 18.669 19.435 17.759 16.477 18.365 18.360 15.437 16.569 18.348 17.336 15.094 17.552 19.089 17.811 17.382 20.026 20.724 18.953 20.869 21.403 21.524 21.772 22.221 22.205 22.443 22.520 22.680 22.410 22.479 22.877 22.239 22.364 20.958 21.131 20.259 19.391 19.728 19.950 17.467 17.596 19.273 18.028 15.281 17.571 18.306 16.035 16.413 18.443 18.246 16.647 16.826 18.241 18.559 16.685 17.798 19.056 18.255 18.266 19.034 19.394 18.850 19.249 19.389 20.165 20.529 20.539 20.196 20.826 20.226 19.452 19.655 19.671 18.291 17.520 18.662 17.956 15.810 16.486 17.882 16.684 14.760 17.111 18.230 16.182 16.664 18.754 18.899 18.094 19.013 20.682 20.207 20.413 21.517 21.994 21.983 22.100 22.412 22.840 22.765 22.799 22.838 23.470 23.603 23.542 23.466 23.637 23.546 23.606 23.454 22.902 22.913 23.356 23.242 22.853 22.327 22.198 22.319 21.888 21.716 21.928 21.269 20.985 21.239 21.227 20.575 20.378 21.120 20.386 19.706 20.751 20.692 20.407 20.909 21.584 21.497 21.163 21.131 21.348 20.729 21.108 21.167 21.049 20.271 20.369 20.121 19.227 18.510 18.357 18.421 17.487 17.401 17.577 18.432 18.665 18.975 19.963 19.182 17.891 18.616 19.474 17.909 17.500 18.692 19.031 17.241 16.760 18.379 19.846 19.238 18.542 20.334 20.660 19.893 19.904 21.551 21.477 20.795 22.022 22.211 22.226 22.068 22.695 22.909 22.963 22.813 22.914 23.183 23.112 22.921 23.271 23.184 23.161 23.430 23.579 23.218 23.666 23.839 23.686 23.895 24.103 24.385 24.136 24.452 24.769 24.652 24.650 24.973 25.104
7.967 7.385 6.602 6.027 5.557 5.549 4.840 4.231 3.387 2.708 2.289 2.000 1.477 1.283 0.948 0.776 0.750 0.639 0.508 0.000 0.566 0.677 0.671 0.781 0.859 1.118 1.242 1.481 2.074 2.639 3.301 4.228 5.167 6.745 8.062 10.446 12.734 15.206 17.421 20.041 21.618 23.289 24.154 25.140 25.659 26.144 26.387 26.537 26.423 26.303 26.391 26.253 26.715 26.260 25.885 26.388 26.363 25.482 25.396 26.322 25.898 24.671 25.996 26.459 25.430 24.858 25.983 25.619 25.138 25.396 25.782 25.362 25.386 25.711 25.693 25.588 25.752 25.937 25.801 25.669 25.598 24.967 24.796 24.178 24.036 23.977 22.959 22.758 22.835 22.498 21.720 21.896 21.708 20.889 20.887 20.664 20.383 19.732 19.984 19.625 18.099 18.621 18.383 18.760 19.635 19.684 20.510 18.997 18.413 19.440 19.144 17.314 17.979 18.842 17.334 15.578 17.704 17.915 15.257 15.750 17.644 16.958 15.593 17.232 18.590 18.166 17.826 19.279 20.099 18.864 19.977 20.871 21.289 21.272 21.817 21.897 22.294 22.423 22.403 21.660 22.378 22.419 22.270 21.363 20.616 21.062 19.538 18.846 18.669 19.395 17.553 18.099 18.182 17.646 15.914 17.647 17.649 16.122 16.669 17.698 18.090 16.232 15.957 17.919 18.110 16.353 17.516 18.866 17.780 17.756 18.695 19.035 18.363 18.996 18.661 20.005 19.983 20.308 19.848 20.408 20.008 19.095 19.452 19.645 17.945 17.403 18.660 18.110 16.117 16.555 18.095 16.718 14.843 17.106 17.802 16.095 16.499 18.721 18.907 17.721 19.124 20.037 20.009 20.100 21.527 21.743 21.666 21.969 22.391 22.542 22.658 22.790 22.776 23.162 23.328 23.131 23.303 23.386 23.149 23.243 23.097 22.943 23.031 23.053 22.812 22.800 22.014 21.807 22.231 21.523 21.175 21.724 20.805 20.496 20.866 21.140 19.958 20.101 20.771 20.377 19.739 20.432 20.400 20.192 20.474 21.428 21.518 21.273 20.855 21.254 20.567 20.956 21.067 20.863 20.084 20.126 19.806 18.859 17.993 17.969 17.966 17.018 17.016 17.001 18.118 18.394 18.788 19.855 18.956 17.397 18.944 19.393 17.824 17.188 19.209 19.307 17.281 16.762 18.457 20.279 19.312 18.611 20.387 20.654 19.666 20.282 21.891 21.272 20.877 22.027 22.406 22.313 22.305 22.985 22.910 22.796 22.866 23.097 23.269 23.340 23.037 23.288 23.225 23.189 23.591 23.555 23.215 23.881 23.863 23.514 23.936 24.242 24.209 24.045 24.513 24.631 24.373 24.504 24.990 24.952
8.380 7.426 6.616 6.454 5.730 5.460 4.997 4.405 3.863 2.783 2.087 2.240 1.646 1.238 1.142 0.890 0.755 0.707 0.670 0.516 0.000 0.606 0.688 0.712 0.797 0.988 1.253 1.489 1.890 2.565 3.397 4.182 5.165 6.694 8.179 10.395 12.746 15.319 17.560 20.112 21.716 23.558 24.502 25.064 25.845 26.206 26.551 26.340 26.646 26.385 26.561 26.389 27.131 26.423 26.218 26.527 26.779 25.634 25.598 26.510 26.231 24.885 25.984 26.633 25.603 24.995 26.186 25.770 25.051 25.409 26.047 25.332 25.257 26.029 26.088 25.587 26.030 26.186 26.208 25.965 25.925 25.340 24.969 24.575 24.611 23.737 23.718 23.324 22.878 22.355 22.467 22.424 21.547 21.027 21.254 20.812 20.051 19.829 20.297 19.546 18.151 18.146 18.297 18.571 19.680 20.397 20.357 18.710 18.549 19.531 19.207 17.343 18.228 19.023 17.553 16.057 18.387 18.131 15.431 15.908 17.782 17.663 15.365 17.251 18.403 18.278 17.955 19.035 20.313 19.239 20.025 20.746 21.746 21.663 22.242 22.129 22.702 22.686 23.016 22.400 22.819 23.021 22.365 22.467 21.672 21.178 20.414 19.509 19.441 19.540 17.805 18.190 18.420 18.372 15.825 17.726 17.856 16.201 16.823 17.973 18.593 16.547 15.931 18.364 18.765 16.591 17.826 18.858 18.119 17.432 18.774 19.197 18.301 18.836 19.102 20.351 20.351 20.790 20.246 20.863 20.268 19.197 19.417 19.747 18.548 17.812 18.563 18.047 16.556 17.038 18.143 16.788 15.442 17.850 18.239 16.557 17.184 19.379 18.984 17.708 20.355 20.584 20.073 20.926 21.523 22.347 22.270 22.269 22.479 23.053 23.532 23.009 23.501 23.484 23.507 23.828 23.671 23.672 23.751 23.584 23.731 23.024 23.315 23.310 22.936 22.952 22.103 22.120 21.970 21.686 21.484 21.934 21.277 20.530 21.203 21.237 20.438 20.475 21.028 20.174 19.991 20.449 20.601 20.238 20.913 21.921 21.538 21.645 21.174 21.590 21.201 21.209 21.281 21.231 20.382 20.298 20.279 19.093 18.411 18.418 18.233 17.299 17.429 17.384 18.658 18.791 18.959 20.074 19.328 17.825 18.961 19.602 17.992 17.588 19.141 19.217 17.743 18.025 19.029 19.816 20.106 19.457 20.594 20.897 20.237 21.388 21.868 21.938 21.714 22.584 22.600 23.027 22.860 22.878 22.908 23.303 23.359 23.453 23.284 23.760 23.267 23.800 23.594 23.127 24.015 24.003 23.572 24.004 24.142 23.974 24.021 24.539 24.767 24.240 24.623 25.200 24.815 24.942 25.253 25.454
8.381 7.698 6.734 6.851 5.776 5.341 5.097 4.253 3.886 3.092 2.108 2.108 1.947 1.344 1.126 1.147 0.955 0.756 0.705 0.706 0.522 0.000 0.582 0.779 0.743 0.860 1.119 1.480 1.960 2.458 3.396 4.201 5.205 6.571 8.161 10.564 13.173 15.684 17.809 20.337 21.684 23.687 24.450 25.219 25.856 26.348 26.344 26.190 26.815 26.562 26.683 26.486 27.123 26.791 26.209 26.728 26.752 25.926 25.723 26.213 26.125 25.411 26.313 26.377 25.807 25.461 26.256 25.912 25.397 25.855 26.160 25.648 25.585 26.267 26.092 25.851 26.172 26.292 26.286 25.929 26.036 25.424 25.091 24.799 24.604 23.959 23.628 23.454 23.382 22.933 22.479 22.233 22.325 21.098 21.664 21.205 20.748 20.095 20.352 20.115 18.320 18.582 18.777 19.245 19.631 20.335 20.348 19.244 18.657 19.844 19.511 17.517 18.268 19.143 17.536 15.979 18.041 18.282 15.585 16.100 17.849 17.861 15.813 17.820 18.963 18.106 17.241 19.593 20.161 18.474 20.400 20.804 20.987 21.262 22.023 21.950 22.299 21.999 22.786 22.002 22.313 22.281 22.421 21.452 20.726 21.576 20.229 18.397 19.400 20.069 17.819 17.528 18.926 18.036 15.367 17.682 17.815 16.311 16.863 17.883 17.993 16.438 16.115 18.068 18.399 16.895 17.675 18.902 17.844 17.954 18.897 19.203 18.325 19.063 18.833 20.171 19.912 20.384 19.888 20.572 19.661 18.883 19.168 19.103 18.180 17.526 18.544 17.877 16.094 16.478 17.748 16.598 14.920 17.260 18.222 15.943 16.479 19.120 18.509 17.691 19.234 20.879 19.191 20.301 21.487 21.850 21.874 21.906 22.978 22.900 22.824 23.066 23.225 23.576 23.513 23.881 23.634 23.439 23.701 23.748 23.737 22.698 22.808 23.289 23.328 23.174 22.082 22.140 22.361 22.260 21.178 21.754 21.460 21.522 21.202 20.775 20.530 20.044 20.959 20.075 19.581 20.438 20.629 20.221 20.464 21.592 21.480 21.236 21.042 21.247 20.705 20.974 21.278 20.961 20.140 20.319 20.289 19.250 18.267 18.256 18.229 17.087 17.185 17.276 18.726 18.726 18.883 20.125 19.131 17.701 18.733 19.384 17.911 17.226 18.932 19.219 17.164 16.964 18.272 19.681 19.143 18.757 19.987 20.796 19.889 20.034 21.601 21.746 21.397 21.631 22.613 22.301 21.935 22.645 23.145 22.966 23.051 23.583 23.596 23.313 23.350 23.942 23.631 23.342 24.132 23.996 23.473 23.882 24.073 24.271 24.054 24.350 24.917 24.275 24.557 25.242 25.130 25.007 25.227 25.455
8.822 7.966 7.165 6.491 6.103 5.608 4.851 4.277 3.663 3.165 2.368 2.004 1.775 1.541 1.180 1.026 1.086 0.855 0.730 0.688 0.653 0.513 0.000 0.572 0.671 0.771 0.967 1.234 1.742 2.344 3.045 4.008 4.932 6.344 7.791 10.384 12.979 15.436 17.655 20.176 21.532 23.477 24.105 25.038 25.723 26.253 26.268 26.249 26.561 26.191 26.336 26.282 26.828 26.274 25.830 26.559 26.512 25.502 25.620 26.257 25.930 24.995 26.186 26.313 25.561 25.225 26.013 25.691 25.177 25.563 26.146 25.577 25.448 26.196 26.020 25.707 25.990 26.267 26.109 25.802 25.666 25.218 24.886 24.372 24.367 23.783 23.130 22.921 22.761 22.519 21.843 22.034 21.821 21.047 21.110 20.859 20.704 19.730 19.823 19.702 17.887 18.281 18.278 18.346 19.410 19.409 20.161 18.449 18.014 19.280 19.255 17.384 17.810 18.540 17.553 16.005 17.546 17.919 15.210 15.776 17.755 16.976 15.297 17.418 18.675 17.554 17.589 19.712 20.050 18.303 20.601 21.594 21.540 21.454 21.836 21.976 22.429 22.722 22.948 22.468 22.267 22.823 22.380 22.040 21.228 20.643 20.134 18.913 19.329 19.307 18.112 17.554 18.229 17.352 15.528 17.431 17.111 15.753 16.206 17.359 17.660 16.125 15.747 17.821 17.898 16.594 17.377 18.278 17.448 17.502 18.446 18.780 17.752 18.657 18.376 19.749 19.880 19.844 19.712 20.446 19.724 18.897 19.360 19.326 18.083 17.279 18.309 17.949 16.162 16.534 17.940 16.059 14.657 17.186 17.521 16.004 16.125 18.297 18.783 17.790 18.733 19.813 20.229 20.200 20.978 21.399 21.413 21.672 22.232 22.406 22.747 22.610 22.776 23.520 23.445 23.301 23.283 23.771 23.449 23.404 23.526 22.987 22.930 23.253 23.165 22.784 21.861 22.119 22.151 21.682 21.370 21.731 20.826 20.311 21.096 21.166 19.973 20.157 20.914 20.026 19.541 20.490 20.171 20.042 20.583 21.414 21.359 20.951 20.695 21.080 20.349 20.734 20.903 20.798 19.864 20.030 19.722 18.685 17.904 17.976 17.784 16.489 16.833 16.745 18.096 18.236 18.529 19.463 18.923 17.307 18.567 19.044 17.526 17.141 18.675 18.901 17.025 16.483 18.178 19.604 19.000 18.066 20.198 20.325 19.090 19.609 21.576 20.883 20.232 21.846 21.959 21.757 21.769 22.598 22.604 22.820 22.504 22.836 23.205 23.219 22.811 23.146 23.321 22.881 23.202 23.397 23.113 23.470 23.627 23.549 23.741 23.927 24.094 23.997 24.264 24.490 24.470 24.444 24.892 24.972
8.789 8.076 7.240 6.684 6.080 6.194 5.140 4.507 3.931 3.488 2.737 2.572 1.968 1.667 1.509 1.288 1.156 1.117 0.897 0.734 0.728 0.667 0.508 0.000 0.581 0.683 0.919 1.277 1.704 2.281 3.032 3.753 4.839 6.214 7.442 9.877 12.491 15.207 17.539 20.318 21.756 23.679 24.545 25.302 25.881 26.280 26.434 26.452 26.466 26.214 26.329 26.208 26.769 26.098 25.870 26.260 26.439 25.445 25.634 26.296 25.891 24.998 25.933 26.199 25.400 24.988 25.940 25.480 25.205 25.525 25.999 25.486 25.375 26.033 26.000 25.694 25.958 26.136 25.980 25.838 25.649 25.027 24.669 24.270 24.167 23.769 23.148 22.692 22.639 22.311 21.902 21.904 21.568 20.810 20.758 20.631 20.256 19.530 19.531 19.277 17.737 17.836 17.916 17.690 19.038 19.430 19.601 18.102 17.826 19.154 18.616 16.869 17.641 18.379 17.157 15.740 17.494 17.355 14.950 15.806 17.341 16.698 14.955 17.102 18.516 17.783 17.234 18.878 19.704 18.405 19.935 20.372 20.957 20.908 21.200 20.607 21.552 21.931 21.708 21.327 22.052 21.931 21.773 21.238 20.885 20.407 19.707 18.570 18.799 18.939 17.087 17.773 17.698 17.212 15.254 16.984 17.945 15.905 16.210 17.760 18.240 16.215 15.844 17.788 17.870 16.187 17.220 18.371 17.151 16.980 18.592 18.771 17.532 18.393 18.342 19.666 19.469 19.960 19.577 20.190 19.438 18.687 19.038 19.062 17.817 17.220 18.231 18.223 16.090 16.772 18.348 16.651 15.110 17.281 17.996 16.143 16.217 18.649 18.780 17.576 18.834 19.709 19.549 20.445 21.094 21.335 21.777 21.506 22.286 22.081 22.955 22.761 22.930 23.138 23.142 23.202 23.073 23.220 23.112 23.153 22.947 22.847 22.603 22.687 22.711 22.426 21.586 21.619 21.760 21.197 20.904 21.526 20.654 20.441 20.832 20.921 20.056 19.949 20.588 20.023 19.516 20.019 20.016 19.874 20.157 21.302 21.145 21.085 20.703 21.068 20.516 20.848 20.952 20.877 19.773 20.037 19.631 18.472 17.647 17.735 17.651 16.353 16.793 16.527 18.106 18.319 18.478 19.470 18.977 17.179 18.667 19.142 17.732 17.193 18.906 19.035 17.132 16.652 18.384 19.784 19.052 18.648 20.142 20.518 19.823 20.248 21.500 21.370 21.118 21.782 22.134 22.524 22.611 22.500 22.464 22.974 22.762 23.072 22.954 23.357 22.763 23.192 23.186 23.123 23.342 23.424 22.962 23.562 23.732 23.401 23.713 24.269 24.326 23.991 24.338 24.685 24.395 24.540 25.032 25.008
8.955 8.214 7.488 7.253 6.362 6.123 5.807 4.860 4.132 3.573 2.919 2.722 2.350 1.793 1.561 1.511 1.308 1.109 1.101 0.845 0.758 0.748 0.685 0.510 0.000 0.599 0.843 1.103 1.664 2.159 2.894 3.730 4.741 6.144 7.403 10.041 12.786 15.388 17.817 20.447 21.830 23.880 24.591 25.265 25.978 26.391 26.503 26.240 26.630 26.387 26.422 26.443 27.085 26.546 25.997 26.609 26.597 25.670 25.621 26.263 25.999 25.219 26.114 26.373 25.480 25.179 26.112 25.670 25.210 25.714 26.172 25.626 25.529 26.185 26.169 25.766 26.046 26.277 26.154 25.880 25.802 25.239 24.852 24.641 24.518 23.924 23.665 23.143 22.939 22.666 22.478 22.280 22.020 21.184 21.278 20.964 20.432 19.699 19.744 19.540 17.750 17.914 17.837 17.987 18.554 19.269 19.229 17.777 17.995 18.957 18.838 16.667 17.856 18.796 16.817 15.750 17.903 17.708 14.994 16.198 17.653 16.731 15.198 17.093 18.271 17.878 17.628 18.991 19.859 18.332 19.950 20.574 21.041 20.668 21.593 21.361 21.948 22.191 22.250 21.482 21.956 22.143 22.274 21.121 20.326 20.784 20.408 18.207 19.332 19.573 17.624 17.532 18.044 17.875 15.710 17.282 17.581 16.208 16.370 17.587 17.950 16.445 16.183 17.942 18.034 16.399 17.491 18.230 17.127 16.938 18.466 18.550 17.570 18.433 18.299 19.855 19.611 19.932 20.007 20.460 19.428 18.610 19.278 19.142 18.027 17.508 18.354 17.908 16.438 17.083 17.927 16.435 15.352 17.573 18.080 16.784 16.644 18.862 19.183 17.935 19.828 20.639 19.275 20.644 21.696 21.916 21.745 22.385 22.552 22.750 22.995 22.919 23.336 23.626 23.236 23.611 23.420 23.464 23.138 23.506 23.602 22.739 22.464 22.705 23.080 22.765 21.616 21.786 22.204 21.568 21.135 21.642 20.986 20.021 20.742 20.837 20.058 19.928 20.674 19.827 19.397 20.369 20.404 19.834 20.421 21.732 21.143 21.237 20.721 21.111 20.736 20.981 21.103 20.964 19.911 20.189 19.946 18.802 17.921 17.940 17.758 16.670 16.960 16.881 18.259 18.438 18.554 19.594 19.000 17.476 18.798 19.236 17.843 17.505 18.905 18.953 17.325 16.731 18.405 19.227 19.010 18.552 19.854 20.514 20.187 20.115 21.435 21.618 21.184 21.897 22.440 22.489 22.172 22.865 22.925 22.999 23.084 23.608 23.631 23.392 23.359 24.020 23.601 23.329 23.756 23.916 23.283 23.672 24.031 23.682 23.696 24.099 24.467 23.876 24.177 24.731 24.573 24.560 24.930 25.075
9.350 8.542 7.990 7.545 6.818 6.303 5.956 5.338 4.439 3.753 3.029 2.890 2.546 2.149 1.741 1.653 1.528 1.239 1.136 1.096 0.899 0.869 0.798 0.777 0.516 0.000 0.641 0.928 1.355 2.043 2.572 3.435 4.540 5.983 7.407 10.087 13.084 15.558 17.830 20.356 21.754 23.675 24.439 25.090 25.940 26.383 26.326 26.422 26.581 26.518 26.562 26.305 26.936 26.542 25.801 26.446 26.504 25.628 25.727 26.080 26.008 25.386 26.136 26.296 25.488 25.297 26.007 25.763 25.231 25.668 26.191 25.598 25.397 26.149 25.963 25.654 25.917 26.109 25.929 25.619 25.709 25.070 24.746 24.454 24.406 23.806 23.475 23.159 22.979 22.683 22.408 22.202 22.155 21.083 21.308 20.972 20.588 19.713 19.901 19.783 17.724 17.930 17.840 18.083 18.953 19.169 19.705 18.212 18.085 19.277 19.237 16.670 17.886 18.938 17.179 15.813 17.919 17.931 15.430 16.085 17.932 17.323 15.789 17.140 18.909 17.977 17.756 19.887 19.679 18.190 20.370 21.459 19.826 20.447 22.292 22.156 22.139 22.415 22.861 21.286 22.347 22.378 22.392 21.323 19.882 21.558 20.626 18.179 19.099 19.833 17.351 17.442 18.404 17.173 16.030 17.326 17.363 15.867 15.901 17.420 17.695 16.055 15.908 17.790 17.942 16.454 17.342 18.203 17.100 16.818 18.388 18.473 17.626 18.363 18.322 19.380 19.486 19.532 19.614 20.137 19.443 18.463 19.139 19.086 17.857 17.117 18.381 17.896 16.146 16.721 17.995 16.377 15.039 17.506 17.737 15.976 16.206 18.472 18.964 17.734 18.907 20.309 20.072 20.389 21.176 21.931 22.195 21.839 22.719 23.155 23.108 23.097 23.531 23.753 23.790 23.767 23.587 23.919 23.623 23.524 23.559 22.742 23.052 23.292 23.378 23.038 21.916 22.031 22.071 21.889 21.432 21.888 20.766 20.524 20.964 20.887 19.951 20.130 20.941 19.878 19.450 20.436 20.302 19.943 20.388 21.415 20.905 20.852 20.476 20.757 20.455 20.529 20.720 20.573 19.700 19.779 19.510 18.557 17.719 17.773 17.719 16.498 16.785 16.685 18.001 18.121 18.327 19.436 19.021 17.286 18.530 19.323 17.745 17.213 18.909 18.904 17.142 16.794 18.393 19.496 18.979 18.275 20.051 20.495 19.546 19.635 21.321 21.329 20.619 21.620 22.343 22.110 21.849 22.357 23.022 22.974 22.972 23.213 23.676 23.402 23.051 23.731 23.826 23.282 23.480 23.942 23.503 23.366 23.737 23.824 23.698 23.860 24.386 24.112 23.905 24.459 24.514 24.426 24.761 24.974
9.645 8.763 8.227 7.703 7.132 6.652 5.874 5.242 4.816 4.049 3.230 3.132 2.729 2.475 2.058 1.894 1.788 1.496 1.361 1.265 1.263 1.132 0.896 0.926 0.898 0.545 0.000 0.757 1.186 1.790 2.516 3.019 4.262 5.889 7.168 9.714 12.774 15.276 17.814 20.458 21.882 23.962 24.715 25.573 26.147 26.465 26.690 26.413 26.630 26.251 26.452 26.393 27.053 26.366 25.665 26.594 26.680 25.423 25.787 26.322 26.224 25.202 25.989 26.472 25.647 25.281 26.137 25.883 25.318 25.643 26.412 25.834 25.600 26.325 26.276 25.808 26.098 26.430 26.204 25.823 26.038 25.378 24.892 24.731 24.617 23.635 23.727 23.428 23.321 22.670 22.398 22.508 22.203 21.109 21.265 21.139 20.438 19.705 20.147 19.610 18.013 18.029 18.296 17.645 19.390 19.883 19.746 18.055 17.966 19.420 18.931 16.806 17.761 18.517 17.320 15.581 17.449 17.820 15.332 15.833 17.563 17.218 15.271 17.110 18.756 18.299 17.652 19.522 20.012 19.199 20.482 20.840 21.073 21.359 22.183 21.975 22.138 22.817 22.688 22.085 22.360 22.603 22.286 21.960 21.602 20.849 20.494 19.294 19.701 19.082 17.503 17.872 18.098 17.558 15.407 17.216 17.706 15.951 16.179 17.730 17.851 15.875 15.940 17.626 17.889 15.847 17.342 18.491 17.171 16.755 18.696 18.845 18.089 18.399 18.342 19.830 19.729 20.180 19.645 20.422 19.605 18.578 18.908 19.095 17.744 17.137 18.220 17.990 16.021 16.676 18.231 16.980 15.382 17.681 18.445 16.190 16.399 18.858 18.657 17.350 19.037 19.692 20.403 19.896 21.049 21.881 22.017 21.680 22.598 22.472 23.067 22.978 23.205 23.674 23.810 23.486 23.292 23.782 23.517 23.301 23.273 22.952 22.924 23.113 22.897 23.093 21.835 22.018 22.134 21.870 21.357 22.044 20.997 20.473 21.053 20.992 20.180 20.103 20.762 20.087 19.627 20.216 20.146 19.917 20.287 21.212 21.337 20.806 20.820 20.976 20.659 20.697 20.762 20.679 19.764 19.939 19.813 18.715 17.854 18.129 17.656 16.520 16.943 16.623 18.519 18.206 18.334 19.718 18.960 16.984 18.665 19.160 17.714 16.993 18.984 19.010 17.353 16.776 18.491 19.745 19.478 18.123 20.424 20.577 19.137 19.765 21.481 21.356 20.562 21.517 22.375 22.525 21.843 22.239 22.734 22.861 22.822 23.198 23.341 23.631 23.140 23.712 23.707 23.253 23.787 23.871 23.817 23.730 23.913 24.065 24.101 24.386 24.673 24.286 24.615 25.025 24.960 25.071 25.130 25.428
10.753 10.020 9.643 8.943 8.205 8.263 7.311 6.440 6.049 5.602 4.441 4.095 3.910 3.690 3.007 2.850 2.676 2.264 1.977 1.842 1.686 1.585 1.358 1.226 1.154 1.076 0.567 0.000 0.971 1.617 2.379 2.976 3.967 5.454 6.878 9.303 12.334 15.053 17.502 20.369 22.116 24.049 24.761 25.400 26.236 26.548 26.804 26.541 26.780 26.454 26.390 26.368 27.089 26.539 26.049 26.619 26.587 25.714 25.839 26.327 26.037 25.222 26.104 26.553 25.521 25.321 26.195 25.745 25.453 25.842 26.498 25.749 25.688 26.361 26.295 25.881 26.290 26.470 26.179 26.040 26.091 25.518 25.121 24.932 24.695 24.121 23.888 23.635 23.558 23.156 22.742 22.782 22.325 21.494 21.610 21.372 20.715 20.140 20.202 19.564 18.256 18.409 18.256 18.335 18.711 19.734 19.452 18.085 18.514 19.334 18.391 16.635 18.141 18.614 16.876 15.701 17.795 17.280 15.164 16.258 17.948 16.859 15.500 17.770 18.488 18.037 17.676 19.085 19.507 18.816 20.094 20.264 21.262 20.810 21.991 21.297 21.994 22.419 22.662 21.807 22.725 22.496 22.336 22.063 21.474 20.987 20.410 18.980 19.163 19.268 17.402 17.784 18.645 17.878 15.930 18.048 17.983 16.312 16.815 18.289 18.230 16.251 15.891 17.945 17.860 15.860 17.277 18.638 17.237 16.568 18.847 18.836 17.802 18.516 18.417 19.971 19.690 20.275 20.119 20.621 19.643 18.760 19.509 19.481 18.015 17.442 18.662 18.241 16.304 17.176 18.266 17.243 15.787 17.783 18.408 16.798 17.253 19.107 18.954 18.230 19.386 20.219 20.010 21.029 21.653 22.341 22.494 22.657 22.962 23.032 23.597 23.294 23.741 23.907 23.829 23.605 23.650 24.035 23.465 23.757 23.854 22.919 22.951 23.116 23.259 22.822 21.968 22.199 22.288 21.645 21.620 22.122 21.192 20.752 21.416 21.419 20.599 20.585 21.276 20.579 20.122 20.723 20.701 20.394 20.785 21.715 21.541 21.420 21.175 21.300 21.113 20.930 21.354 21.297 20.454 20.481 20.301 19.316 18.282 18.331 17.900 17.046 17.440 17.277 18.765 18.793 18.886 20.163 19.524 17.720 19.299 19.819 18.199 17.686 19.707 19.588 17.652 17.388 19.196 20.408 19.634 19.147 20.893 21.008 20.070 20.829 22.038 21.541 22.078 22.758 23.020 22.822 23.379 23.192 23.347 23.353 24.124 23.975 23.894 24.055 23.817 24.003 23.865 23.836 24.151 24.165 23.727 23.993 24.349 23.879 24.086 24.499 24.887 24.265 24.409 25.002 24.795 24.946 25.011 25.209
11.690 10.915 10.704 10.128 9.486 9.026 8.718 7.978 7.083 6.558 5.736 5.346 4.567 4.362 4.288 3.836 3.238 3.254 3.074 2.480 2.226 2.190 1.913 1.650 1.508 1.394 1.297 0.607 0.000 1.070 1.872 2.460 3.471 4.865 6.687 9.462 12.642 15.390 17.595 20.320 21.967 23.789 24.589 25.373 26.064 26.501 26.587 26.347 26.908 26.518 26.693 26.418 27.113 26.535 25.949 26.557 26.631 25.629 25.664 26.230 26.039 25.280 25.859 26.516 25.612 25.273 26.164 25.929 25.444 25.752 26.426 25.903 25.611 26.378 26.298 26.004 26.362 26.477 26.414 26.089 26.332 25.699 25.298 25.212 25.034 24.451 24.314 24.100 24.088 23.348 23.203 23.188 22.770 22.033 22.078 21.973 21.186 20.635 21.136 20.313 19.023 18.718 19.039 18.905 19.949 20.316 20.557 18.928 18.763 19.995 19.669 17.190 18.489 19.396 17.436 16.140 18.402 18.100 15.999 16.838 18.397 17.532 16.075 18.058 19.204 18.728 18.497 19.999 20.571 19.324 21.220 21.291 21.321 21.428 22.565 22.726 22.270 22.462 23.036 21.970 22.627 22.607 23.354 21.745 20.501 21.943 21.211 19.435 19.980 20.285 18.412 18.376 19.013 18.072 16.320 17.801 18.222 16.473 16.821 18.482 18.855 17.058 16.323 18.548 18.634 16.829 17.729 18.974 18.038 17.497 19.129 19.297 18.431 18.951 19.016 20.057 20.024 20.716 20.151 20.948 19.980 19.046 19.822 19.998 18.409 17.963 19.294 18.600 16.623 17.485 18.680 17.213 15.785 17.904 18.381 16.788 16.832 19.165 19.744 18.398 19.556 21.049 20.038 20.640 21.968 22.207 22.292 22.477 23.334 22.967 23.698 23.337 23.650 24.486 24.296 24.035 24.467 24.734 24.267 23.924 24.687 23.487 23.610 23.366 23.645 23.540 22.194 22.507 22.792 22.451 22.084 22.858 21.354 21.001 22.007 21.981 20.563 21.131 21.805 20.775 20.242 21.244 20.888 20.415 20.947 21.981 21.656 21.589 21.221 21.244 21.354 21.088 21.552 21.412 20.668 20.814 20.645 19.703 18.794 18.867 18.410 17.579 17.875 17.626 18.985 18.883 18.988 20.365 19.748 18.043 19.368 20.195 18.592 17.896 19.900 19.859 17.936 17.407 19.278 20.374 19.545 18.800 20.759 20.810 19.873 20.335 21.836 21.687 21.458 21.832 22.645 22.898 22.153 23.004 23.484 23.423 23.662 23.938 24.369 23.882 23.895 24.350 24.246 23.839 24.457 24.327 23.881 24.088 24.355 24.295 24.088 24.392 24.835 24.185 24.166 25.047 24.872 24.758 25.016 25.254
12.738 11.829 11.760 10.876 10.353 9.870 9.183 8.741 8.040 7.353 6.441 6.533 5.733 4.941 4.819 5.122 4.557 3.733 3.918 3.688 2.907 2.687 2.544 2.299 1.951 1.788 1.715 1.412 0.660 0.000 1.306 2.168 3.108 4.351 5.752 8.587 11.528 14.245 17.113 19.766 21.610 23.413 24.297 25.132 25.880 26.258 26.519 26.393 26.884 26.508 26.595 26.439 27.198 26.527 25.876 26.596 26.681 25.610 25.843 26.341 26.105 25.440 26.070 26.630 25.752 25.564 26.380 26.086 25.587 25.963 26.604 26.077 25.665 26.633 26.483 26.140 26.376 26.706 26.481 26.141 26.443 25.934 25.484 25.420 25.245 24.744 24.351 24.326 24.170 23.517 23.249 23.433 22.885 22.193 22.329 22.340 21.457 20.892 21.564 20.564 19.436 19.225 19.366 19.182 20.094 20.629 20.994 19.133 19.000 20.264 19.990 17.637 18.886 19.552 17.997 16.461 18.410 18.494 16.114 16.799 18.625 18.017 16.245 18.092 19.766 19.229 18.285 20.214 20.564 19.448 20.921 21.457 21.024 21.494 22.594 22.920 22.639 22.682 23.278 22.124 22.794 22.703 22.825 22.333 21.400 21.571 20.584 19.727 19.743 19.477 17.726 18.098 18.758 17.852 16.154 17.870 17.951 16.267 16.589 18.451 18.676 16.782 16.384 18.574 18.598 16.952 18.070 19.240 18.077 17.838 19.518 19.384 18.503 19.063 19.037 20.103 20.476 20.547 20.002 20.996 20.373 19.025 19.668 20.136 18.645 17.742 19.140 18.626 16.580 17.152 18.584 17.186 15.670 17.656 18.525 16.694 16.896 19.020 19.148 17.984 19.421 20.122 20.652 19.836 21.272 22.408 23.199 21.949 22.657 23.343 23.185 22.779 23.264 23.931 23.913 23.731 23.529 24.364 23.995 23.543 23.789 23.188 23.374 23.368 23.427 23.200 22.338 22.587 22.518 21.853 22.302 22.611 21.236 21.234 21.873 21.525 20.519 21.245 21.476 20.538 20.271 21.194 20.716 20.448 21.095 21.721 21.642 21.332 21.234 21.283 21.336 21.136 21.476 21.606 20.771 20.850 20.850 19.822 19.091 19.027 18.543 17.672 18.123 17.855 19.204 18.830 18.891 20.441 19.549 18.115 19.224 19.857 18.578 17.872 19.538 19.605 17.761 17.276 19.055 20.167 19.560 18.754 20.711 20.832 19.746 20.020 21.513 21.092 20.583 21.563 22.141 22.046 21.501 22.393 22.623 22.642 23.044 23.232 23.469 23.222 23.301 23.854 23.757 23.277 24.019 24.092 23.514 23.651 24.067 24.229 24.054 24.009 24.488 24.126 23.894 24.638 24.632 24.602 24.804 25.153
15.043 14.271 14.185 13.394 12.810 12.609 12.033 11.339 10.658 10.086 9.188 8.916 8.928 8.038 7.073 7.744 8.153 7.191 6.115 6.451 5.619 4.530 3.990 3.994 3.664 2.695 2.643 2.386 2.082 0.758 0.000 1.197 2.298 3.693 5.097 7.057 10.742 13.539 16.644 19.888 22.231 24.001 24.711 25.624 26.132 26.364 26.648 26.511 26.720 26.593 26.569 26.558 27.255 26.652 26.416 26.763 26.837 25.950 25.938 26.555 26.246 25.841 26.505 26.722 26.218 26.050 26.596 26.327 26.069 26.364 26.917 26.366 26.198 26.672 26.725 26.456 26.529 26.966 26.661 26.417 26.625 26.059 25.838 25.771 25.573 25.190 24.946 24.661 24.735 24.250 23.897 23.823 23.645 23.010 22.923 22.941 22.441 21.954 21.928 21.596 20.344 20.681 20.384 20.523 21.205 21.287 21.549 20.330 20.203 20.959 20.953 19.140 19.677 20.411 18.893 17.506 18.885 19.150 16.706 17.084 18.943 18.199 16.769 18.508 19.795 19.188 18.502 20.286 20.536 19.934 20.872 21.382 22.745 21.928 22.341 22.711 23.273 23.600 23.752 22.907 23.165 24.048 22.577 22.947 22.326 21.489 20.797 19.907 19.827 19.881 18.208 18.294 19.375 18.363 16.887 18.638 18.339 16.972 17.200 18.759 18.700 17.206 16.949 18.800 18.686 17.471 18.597 19.420 18.684 18.701 20.051 19.917 19.159 19.421 19.581 20.277 20.564 20.807 20.477 21.186 20.245 19.283 19.890 20.120 18.725 18.351 19.293 18.794 17.123 18.052 18.965 17.744 16.645 18.524 19.027 17.438 17.977 19.781 19.935 18.547 20.249 20.973 20.990 20.640 22.010 22.329 23.278 22.797 23.070 23.712 23.762 23.224 23.622 24.045 23.836 23.644 24.105 24.356 23.846 24.085 23.855 22.964 23.041 23.445 23.464 23.074 22.281 22.633 22.680 21.827 22.084 22.699 21.609 21.256 22.141 21.981 21.133 21.090 21.891 21.048 20.427 21.062 20.955 20.552 21.089 21.888 21.722 21.855 21.400 21.526 21.769 21.594 21.820 22.000 21.518 21.324 21.040 20.574 19.763 19.670 19.212 18.785 19.141 18.960 19.796 19.715 19.970 21.068 20.181 19.181 20.366 20.437 19.388 18.963 20.427 20.299 18.680 18.320 20.238 20.964 20.206 19.940 21.744 21.579 20.477 21.423 22.461 22.182 21.609 22.817 23.027 23.011 23.279 23.519 23.150 23.655 24.031 24.143 24.300 24.341 24.013 24.214 24.532 24.174 24.416 24.490 24.094 24.286 24.495 24.212 24.512 24.550 24.717 24.431 24.300 24.740 24.485 24.551 25.020 25.277
18.509 17.263 17.520 16.473 15.910 15.447 15.049 14.504 13.544 13.375 12.784 11.698 11.606 11.384 10.178 9.285 9.260 9.744 8.665 7.348 7.325 6.862 5.407 5.048 4.718 4.552 3.510 3.197 2.697 2.186 0.861 0.000 1.229 3.202 4.978 7.624 10.951 14.389 17.203 20.520 22.277 23.921 24.385 25.139 25.889 26.196 26.410 26.307 26.793 26.531 26.379 26.625 27.358 26.576 26.082 26.845 26.836 25.959 26.162 26.709 26.427 26.078 26.594 27.030 26.517 26.298 26.923 26.657 26.503 26.855 27.264 26.843 26.647 27.336 27.253 27.104 27.453 27.641 27.594 27.508 27.690 27.326 27.064 26.986 26.891 26.453 26.433 26.131 25.939 25.603 25.368 25.522 25.051 24.632 24.606 24.681 23.880 23.585 23.830 23.230 22.572 22.484 22.218 22.164 22.341 22.724 22.766 21.655 21.340 22.067 21.625 20.316 20.675 21.302 19.410 18.663 20.090 19.417 17.480 18.342 19.950 18.819 17.882 19.882 20.511 19.651 19.818 21.594 20.816 20.757 22.365 22.285 22.844 23.189 23.752 23.371 23.980 24.286 24.826 23.524 24.382 24.535 24.198 23.737 23.315 22.653 22.849 21.615 20.986 21.528 20.054 19.683 20.724 20.045 18.305 20.167 20.390 18.870 18.829 20.562 20.722 19.354 18.482 20.416 20.282 19.321 20.019 20.990 20.321 20.249 21.457 21.642 20.963 21.352 21.377 22.188 22.159 22.507 22.081 22.950 21.952 21.144 21.670 21.743 20.610 20.260 21.169 20.662 19.329 19.910 20.831 19.526 18.432 20.305 20.711 18.859 19.603 21.390 21.272 20.516 21.780 22.374 22.567 22.582 23.337 23.834 24.105 24.288 24.288 24.534 24.562 24.683 24.888 25.534 24.999 25.081 25.605 26.076 25.038 25.195 25.656 24.467 24.112 24.821 24.857 24.418 23.830 24.337 24.238 23.474 23.988 24.284 23.238 23.129 23.794 23.752 22.843 22.851 23.553 22.813 22.435 23.073 22.663 22.328 22.922 23.607 23.333 23.443 23.138 23.299 23.401 23.226 23.532 23.768 23.128 23.227 23.073 22.423 21.800 21.568 21.154 20.672 20.940 20.931 21.683 21.478 21.471 22.404 21.793 20.820 21.765 22.159 21.041 20.535 22.176 22.034 20.565 20.007 21.701 22.670 21.829 21.222 23.069 23.086 22.076 22.546 23.548 23.340 23.180 23.472 24.029 24.036 23.901 24.329 24.713 24.643 24.835 24.800 25.518 24.903 24.866 25.110 25.634 25.072 25.314 25.335 25.244 25.281 25.446 25.176 25.339 25.473 25.763 25.253 25.324 25.920 25.736 25.607 25.889 26.236
21.123 20.079 20.294 19.272 18.897 18.489 18.224 17.856 16.991 16.471 16.502 15.786 14.762 14.536 14.536 13.424 12.460 12.646 12.523 10.986 9.544 9.966 9.293 7.593 6.848 7.180 6.673 4.657 4.136 3.589 2.772 1.151 0.000 1.260 3.114 5.339 7.925 12.237 15.163 18.716 21.427 22.852 23.618 24.271 25.131 25.503 25.847 25.919 26.269 26.417 26.354 26.610 27.206 26.686 26.285 26.883 27.082 26.420 26.574 27.022 26.903 26.579 27.032 27.449 27.003 26.780 27.459 27.382 27.075 27.334 27.818 27.493 27.242 27.873 27.988 27.717 27.936 28.270 28.185 28.024 28.336 28.055 27.714 27.763 27.688 27.174 27.206 27.185 26.762 26.423 26.384 26.511 26.169 25.904 25.843 25.927 25.280 24.973 25.327 24.804 24.360 24.144 23.980 23.701 24.029 24.211 24.327 23.407 23.058 23.592 23.262 22.225 22.423 22.904 21.503 21.037 22.058 21.605 20.235 20.982 21.845 21.090 20.589 21.847 22.310 21.307 21.918 22.960 22.868 22.486 23.743 23.667 24.215 24.374 24.617 24.787 25.054 25.104 25.111 24.091 25.189 25.047 24.872 24.299 24.183 23.931 23.552 22.626 22.893 22.957 21.577 21.611 22.386 21.978 20.549 21.972 22.500 21.229 21.184 22.482 22.669 21.478 20.942 22.304 22.266 21.474 22.108 22.709 22.266 22.398 23.309 23.340 23.267 23.319 23.376 23.933 24.111 24.057 23.417 24.338 23.751 23.104 23.317 23.623 22.634 22.213 22.995 22.667 21.569 21.896 22.949 21.922 20.675 22.301 22.687 21.027 21.203 22.797 22.827 21.821 22.875 23.507 23.526 23.236 24.057 24.814 25.070 24.728 24.854 25.918 25.425 25.082 25.479 26.091 25.775 25.754 26.087 26.352 25.906 25.911 26.112 25.741 25.594 26.081 25.781 25.431 24.905 25.336 25.011 24.690 25.366 25.259 24.474 24.633 25.118 24.808 24.391 24.578 24.836 24.179 24.072 24.706 24.217 24.030 24.512 24.967 24.823 24.649 24.696 24.731 24.669 24.771 24.972 25.292 24.632 24.963 24.767 24.190 23.839 23.535 23.145 22.921 22.842 22.981 23.410 23.177 23.242 23.991 23.453 22.803 23.243 23.541 22.922 22.466 23.309 23.441 22.557 21.962 22.992 23.880 23.413 22.674 23.982 24.207 23.497 23.612 24.565 24.472 23.756 24.369 24.983 24.564 24.186 24.832 25.050 25.354 24.905 25.207 25.789 25.443 25.170 25.578 26.338 25.282 25.675 25.783 25.850 25.773 25.853 25.880 25.922 25.929 26.224 25.956 26.017 26.247 26.288 26.319 26.339 26.603
25.281 24.578 24.702 23.854 23.712 23.370 22.919 22.526 22.136 21.482 21.271 20.856 20.328 19.546 19.137 18.884 17.859 16.554 16.845 15.956 14.179 12.914 13.242 11.893 9.986 9.148 9.395 7.842 5.637 5.042 4.518 3.010 1.430 0.000 1.545 3.616 6.032 9.009 11.982 15.688 18.905 22.459 24.131 25.336 26.193 26.675 26.919 27.153 27.286 27.406 27.491 27.746 28.196 27.755 27.604 28.141 28.162 27.919 28.152 28.318 28.272 28.198 28.463 28.647 28.380 28.366 28.714 28.725 28.460 28.701 28.938 28.803 28.686 28.946 29.023 28.945 29.008 29.216 29.145 29.082 29.306 29.101 28.935 29.011 28.971 28.729 28.619 28.726 28.614 28.329 28.228 28.400 28.277 27.835 27.986 28.100 27.677 27.330 27.479 27.394 26.915 26.822 26.580 26.371 26.482 26.539 26.886 26.088 25.563 25.962 25.747 24.964 24.933 25.134 24.060 23.749 24.253 24.164 22.822 23.125 23.871 23.543 22.657 23.389 24.389 23.189 23.197 24.343 24.327 23.739 24.395 24.858 25.153 24.973 25.088 25.611 25.854 25.368 25.708 24.587 25.313 25.599 24.814 24.767 24.562 24.279 23.968 23.162 23.390 23.578 22.546 22.720 23.348 22.931 22.456 23.347 23.676 22.879 23.064 23.998 24.173 23.386 23.445 24.416 24.403 23.997 24.659 25.139 24.894 25.052 25.763 25.804 25.779 25.722 25.949 26.130 26.092 26.049 25.725 26.061 25.540 25.077 25.076 25.055 24.593 23.983 24.425 24.026 23.356 23.333 23.868 23.063 22.469 23.193 23.280 22.282 22.374 23.399 23.289 22.639 23.360 23.944 23.726 23.669 24.423 24.760 24.892 25.071 25.180 25.489 25.072 25.240 25.399 25.876 25.728 26.030 25.692 26.062 26.063 26.125 25.557 25.680 25.544 25.959 25.896 25.540 25.312 25.476 25.373 24.991 25.402 25.417 24.859 25.015 25.417 25.264 24.833 25.113 25.582 24.999 24.969 25.560 25.435 25.388 25.709 26.125 26.123 26.125 26.262 26.296 26.573 26.645 26.693 27.134 26.903 26.886 26.877 26.586 26.341 25.723 25.351 25.223 25.225 25.272 25.538 25.302 25.426 25.770 25.235 24.860 25.118 25.073 24.406 24.315 24.752 24.550 23.712 23.724 24.508 24.783 24.235 24.036 24.893 24.711 24.086 24.568 24.976 24.872 24.452 24.972 25.009 24.893 24.847 25.285 25.210 25.099 25.111 25.598 25.719 25.273 25.580 25.790 26.155 25.373 26.097 26.026 25.705 26.025 26.285 25.911 26.012 26.296 26.587 26.188 26.277 26.628 26.610 26.573 26.754 27.119
28.530 28.092 28.240 27.804 27.768 27.573 27.375 27.143 27.096 26.852 26.529 26.348 26.189 25.947 25.386 25.057 24.965 24.084 23.424 23.356 22.177 20.411 19.791 18.988 16.904 13.877 13.486 12.687 9.892 7.396 7.092 5.690 3.150 1.861 0.000 1.688 4.213 5.895 8.526 12.022 16.153 19.794 22.527 24.784 25.892 26.607 26.988 27.315 27.732 27.998 28.066 28.432 28.771 28.507 28.505 28.814 28.855 28.826 28.976 29.054 29.104 29.069 29.202 29.379 29.222 29.251 29.423 29.497 29.360 29.465 29.598 29.526 29.500 29.653 29.697 29.624 29.685 29.784 29.801 29.714 29.883 29.809 29.704 29.696 29.766 29.647 29.638 29.584 29.563 29.417 29.414 29.475 29.413 29.255 29.235 29.326 29.190 28.960 29.043 29.065 28.800 28.885 28.660 28.616 28.711 28.540 28.747 28.426 28.096 28.156 28.136 27.827 27.723 27.655 27.245 27.058 27.124 26.842 26.325 26.216 26.233 26.084 25.570 25.454 25.846 25.150 25.119 25.522 25.466 24.961 25.454 25.704 25.489 25.658 25.867 25.961 26.126 25.686 26.397 25.512 25.633 26.366 25.803 25.975 25.565 25.766 25.813 24.849 25.300 25.736 25.342 25.095 25.414 25.638 25.411 25.543 26.106 26.081 25.987 26.280 26.740 26.757 26.776 27.035 27.389 27.203 27.606 27.709 27.791 27.945 28.197 28.183 28.274 28.239 28.351 28.339 28.194 28.124 27.921 28.043 27.818 27.860 27.670 27.489 27.405 27.338 27.287 26.937 26.884 26.936 26.876 26.178 26.261 26.671 26.331 25.712 26.179 26.460 26.189 26.084 26.507 26.522 26.133 26.549 26.899 26.911 26.797 27.336 27.284 26.947 26.933 27.432 27.613 27.268 27.337 27.659 27.409 27.035 27.473 27.578 27.135 26.926 26.653 27.039 27.136 26.905 26.769 27.079 27.006 26.781 27.141 27.245 26.956 27.118 27.369 27.446 27.212 27.344 27.620 27.522 27.519 27.675 27.838 27.859 27.862 28.084 28.200 28.238 28.354 28.569 28.483 28.695 28.702 28.949 28.747 28.762 28.781 28.649 28.585 28.221 28.140 28.143 28.158 28.034 28.173 28.060 28.259 28.289 28.039 27.807 27.968 27.805 27.660 27.640 27.745 27.470 27.136 27.238 27.604 27.569 27.213 27.249 27.641 27.397 27.306 27.502 27.654 27.485 27.322 27.629 27.758 27.285 27.378 27.693 27.375 27.281 27.562 27.684 27.507 27.441 27.604 27.587 27.898 27.393 27.592 27.508 27.496 27.511 27.729 27.497 27.310 27.604 27.751 27.427 27.442 27.683 27.705 27.590 27.619 27.884
29.012 28.694 28.772 28.382 28.394 28.307 28.191 27.924 27.966 27.726 27.493 27.218 27.065 26.945 26.447 26.048 25.898 25.445 24.897 24.775 23.839 22.911 22.448 21.411 19.737 17.940 16.372 14.516 12.527 10.319 8.820 7.307 4.757 3.281 1.835 0.000 1.532 3.477 5.359 7.577 10.777 13.639 16.571 19.676 22.467 24.063 24.859 25.250 26.136 26.489 26.802 27.205 27.899 27.730 27.915 28.051 28.440 28.299 28.414 28.620 28.744 28.774 28.754 29.077 28.979 29.018 29.148 29.252 29.240 29.284 29.403 29.374 29.390 29.504 29.550 29.553 29.601 29.692 29.688 29.676 29.852 29.756 29.711 29.741 29.736 29.597 29.635 29.627 29.553 29.463 29.446 29.482 29.422 29.286 29.299 29.337 29.243 29.092 29.178 29.156 28.942 28.976 28.839 28.762 28.843 28.801 28.946 28.686 28.375 28.540 28.430 28.255 28.120 28.154 27.645 27.659 27.669 27.331 26.932 27.094 27.057 26.586 26.467 26.596 26.585 25.954 26.185 26.376 26.124 25.786 26.299 26.380 26.011 26.197 26.697 26.630 26.256 26.219 26.601 25.566 26.348 26.742 26.470 26.458 26.169 26.631 26.605 25.940 26.208 26.760 26.399 26.225 26.637 26.809 26.646 26.849 27.323 27.243 27.184 27.496 27.784 27.759 27.764 28.024 28.145 27.997 28.269 28.391 28.338 28.481 28.637 28.664 28.789 28.668 28.734 28.927 28.816 28.761 28.629 28.737 28.584 28.477 28.431 28.383 28.265 28.150 28.155 28.029 27.898 27.861 27.941 27.411 27.338 27.657 27.402 26.862 27.113 27.427 26.994 26.821 27.048 27.109 26.718 26.876 27.292 27.108 26.894 27.514 27.657 27.114 27.010 27.614 27.799 27.395 27.479 27.916 27.649 27.383 27.639 27.979 27.554 27.388 27.265 27.727 27.773 27.488 27.542 27.784 27.616 27.539 27.879 28.008 27.780 28.081 28.146 28.227 28.120 28.192 28.373 28.346 28.401 28.526 28.609 28.581 28.685 28.758 28.875 28.873 28.922 28.972 28.935 29.112 29.106 29.290 29.153 29.058 29.135 29.063 28.989 28.759 28.605 28.735 28.633 28.636 28.694 28.564 28.736 28.828 28.593 28.462 28.532 28.479 28.404 28.335 28.335 28.197 27.951 27.951 28.115 28.086 27.851 27.787 27.992 27.833 27.512 27.638 27.782 27.604 27.296 27.553 27.711 27.191 27.135 27.509 27.326 27.117 27.218 27.647 27.448 27.194 27.458 27.566 27.738 27.281 27.768 27.554 27.493 27.599 27.880 27.779 27.472 27.840 28.101 27.810 27.896 28.162 28.344 28.161 28.098 28.488
28.830 28.611 28.605 28.318 28.297 28.219 28.063 27.900 27.813 27.569 27.507 27.258 26.937 26.735 26.730 26.223 25.707 25.554 25.438 24.786 24.070 24.130 23.625 22.660 21.692 21.343 19.854 17.203 16.021 13.702 11.624 9.301 6.655 4.670 3.116 1.658 0.000 1.524 3.656 4.717 6.613 9.848 12.634 16.100 18.517 21.260 23.027 23.933 25.146 25.613 26.149 26.732 27.491 27.400 27.554 27.786 28.165 27.986 28.218 28.442 28.607 28.577 28.647 28.926 28.808 28.872 29.032 29.195 29.068 29.180 29.324 29.348 29.282 29.461 29.519 29.506 29.572 29.678 29.683 29.710 29.823 29.774 29.713 29.728 29.708 29.561 29.586 29.598 29.545 29.401 29.393 29.413 29.346 29.208 29.240 29.316 29.155 29.013 29.103 29.018 28.817 28.826 28.710 28.628 28.741 28.696 28.867 28.493 28.334 28.474 28.384 28.177 28.150 28.267 27.770 27.814 27.942 27.769 27.324 27.551 27.618 27.246 27.017 27.351 27.412 26.870 26.915 27.336 27.225 26.843 27.233 27.285 27.080 27.020 27.353 27.376 27.182 26.928 27.046 26.525 26.911 27.234 26.913 26.918 26.935 27.223 27.256 26.857 27.083 27.339 27.057 27.061 27.325 27.433 27.188 27.557 27.786 27.709 27.735 27.965 28.079 28.087 28.017 28.294 28.308 28.073 28.461 28.483 28.502 28.516 28.657 28.715 28.862 28.810 28.931 29.086 29.007 29.032 28.877 28.923 28.784 28.757 28.694 28.585 28.571 28.385 28.383 28.281 28.091 28.075 28.151 27.797 27.552 27.829 27.756 27.120 27.307 27.621 27.370 27.061 27.206 27.289 27.102 26.869 27.306 27.402 27.119 27.329 27.517 27.240 26.995 27.383 27.585 27.427 27.348 27.923 27.687 27.423 27.781 28.108 27.813 27.749 27.695 28.043 28.042 27.785 27.924 28.094 27.978 27.846 28.199 28.287 28.067 28.302 28.332 28.471 28.394 28.381 28.533 28.531 28.586 28.696 28.778 28.813 28.843 28.955 29.058 28.945 29.107 29.083 29.047 29.224 29.152 29.338 29.211 29.208 29.223 29.123 29.079 28.893 28.762 28.727 28.630 28.617 28.763 28.660 28.763 28.786 28.619 28.431 28.503 28.432 28.397 28.246 28.277 28.183 28.016 27.864 27.970 28.008 27.813 27.649 27.858 27.733 27.407 27.436 27.578 27.444 27.161 27.247 27.428 27.098 26.875 27.080 27.043 26.897 26.939 27.279 27.170 26.873 27.088 27.290 27.428 26.897 27.364 27.307 27.239 27.388 27.673 27.478 27.265 27.606 28.006 27.748 27.829 28.059 28.212 28.078 28.209 28.344
28.633 28.302 28.436 28.045 28.080 27.815 27.735 27.706 27.556 27.199 27.244 26.936 26.754 26.461 26.311 25.780 25.446 25.292 24.948 24.324 23.929 24.050 23.295 22.119 21.539 21.127 19.982 18.352 17.125 14.962 12.606 10.822 8.108 6.156 4.288 2.963 1.738 0.000 1.419 3.137 4.367 6.071 8.572 10.169 13.074 15.189 17.434 19.122 20.686 21.348 22.072 23.166 24.221 23.953 24.561 24.779 25.640 25.287 25.683 26.082 26.410 26.364 26.445 27.165 27.168 27.054 27.467 27.745 27.698 27.837 28.179 28.235 28.240 28.582 28.645 28.662 28.868 29.054 29.144 29.263 29.465 29.431 29.353 29.395 29.305 29.083 29.089 29.118 28.988 28.759 28.724 28.837 28.642 28.574 28.556 28.612 28.323 28.171 28.408 28.157 28.122 27.934 28.078 27.819 28.192 28.136 28.372 27.686 27.738 28.018 27.869 27.391 27.662 27.851 27.226 27.144 27.470 27.392 26.721 27.037 27.269 26.940 26.481 26.948 27.046 26.440 26.432 26.952 26.811 26.391 26.727 26.802 26.567 26.617 26.883 26.818 26.399 26.560 26.393 25.901 26.404 26.873 26.737 26.625 26.492 26.815 26.801 26.511 26.638 26.901 26.597 26.654 26.999 26.940 26.712 27.237 27.388 27.162 27.370 27.631 27.754 27.580 27.545 27.913 27.892 27.467 28.020 28.105 27.938 27.893 28.204 28.235 28.447 28.355 28.462 28.695 28.666 28.655 28.412 28.655 28.470 28.398 28.287 28.248 28.156 27.865 28.014 27.893 27.485 27.478 27.772 27.343 26.842 27.315 27.349 26.561 26.689 27.145 26.905 26.515 26.629 26.858 26.628 26.457 26.879 26.955 26.618 27.065 27.266 26.966 26.843 27.244 27.457 27.199 27.396 27.742 27.486 27.279 27.608 27.820 27.598 27.399 27.225 27.685 27.721 27.486 27.672 27.716 27.540 27.558 27.799 27.967 27.686 27.966 27.999 28.121 28.045 28.021 28.221 28.168 28.229 28.391 28.465 28.420 28.533 28.672 28.779 28.690 28.783 28.776 28.813 28.904 28.872 29.002 28.904 28.808 28.828 28.686 28.603 28.437 28.373 28.196 28.089 28.136 28.360 28.234 28.422 28.530 28.181 27.934 28.138 28.064 27.995 27.741 27.890 27.869 27.566 27.242 27.478 27.555 27.322 27.062 27.373 27.276 26.967 26.916 27.241 27.049 26.657 26.857 27.243 26.690 26.563 26.933 26.937 26.811 27.018 27.203 27.410 26.962 27.342 27.389 27.525 27.183 27.502 27.445 27.505 27.641 27.773 27.656 27.530 27.849 28.094 27.902 28.023 28.221 28.316 28.068 28.373 28.427
28.057 27.871 27.952 27.690 27.591 27.536 27.526 27.294 27.192 27.020 26.873 26.679 26.651 26.277 26.181 25.902 25.592 25.247 25.178 24.626 23.889 23.873 23.694 22.613 22.146 21.934 21.057 19.546 18.832 17.551 15.475 13.326 11.184 8.150 5.906 3.989 2.951 1.430 0.000 1.323 3.103 4.380 6.644 9.212 11.655 14.548 17.485 19.685 21.689 22.549 23.423 24.443 25.344 25.413 25.808 26.060 26.606 26.382 26.883 26.944 27.384 27.385 27.595 27.716 27.735 28.009 28.152 28.412 28.334 28.537 28.605 28.628 28.730 28.894 28.992 28.991 29.166 29.171 29.223 29.296 29.376 29.335 29.231 29.250 29.224 29.076 29.025 29.036 28.927 28.824 28.710 28.825 28.670 28.549 28.495 28.544 28.436 28.208 28.284 28.091 28.046 27.848 27.744 27.740 27.855 27.873 28.149 27.604 27.523 27.676 27.615 27.422 27.427 27.635 27.278 27.053 27.221 27.366 26.858 26.810 27.192 26.989 26.706 26.852 27.268 26.661 26.670 27.055 27.096 26.589 26.816 27.119 26.918 26.805 27.000 27.291 27.140 27.089 26.904 26.339 26.771 26.835 26.645 26.403 26.466 26.597 26.422 26.321 26.564 26.513 26.221 26.450 26.619 26.395 26.312 26.908 26.921 26.728 26.895 27.163 27.234 27.040 27.114 27.399 27.353 27.069 27.541 27.616 27.428 27.493 27.752 27.783 27.862 27.867 27.998 28.226 28.250 28.212 28.026 28.118 27.897 27.685 27.595 27.486 27.609 27.190 27.150 27.204 26.694 26.800 26.905 26.473 26.166 26.397 26.504 25.888 25.968 26.224 26.194 25.777 25.846 26.165 25.933 25.732 26.128 26.229 26.044 26.262 26.587 26.188 25.988 26.538 26.961 26.561 26.638 27.183 26.886 26.832 27.196 27.364 27.113 27.146 27.040 27.384 27.311 26.979 27.171 27.125 27.114 26.915 27.248 27.300 27.024 27.321 27.324 27.362 27.230 27.207 27.458 27.348 27.419 27.528 27.629 27.653 27.864 28.049 28.141 28.118 28.281 28.209 28.314 28.354 28.469 28.643 28.519 28.355 28.444 28.292 28.130 27.767 27.596 27.553 27.379 27.484 27.560 27.373 27.671 27.621 27.327 27.171 27.160 27.074 27.089 26.878 26.867 26.809 26.527 26.483 26.539 26.615 26.265 26.156 26.294 26.347 25.916 26.097 26.199 26.161 25.808 25.816 26.206 25.818 25.822 25.976 26.015 25.778 26.152 26.557 26.490 26.031 26.525 26.745 26.690 26.217 26.996 26.717 26.530 26.949 27.139 26.727 26.732 27.000 27.344 27.044 27.152 27.426 27.722 27.524 27.455 27.758
27.445 26.916 27.068 26.797 26.867 26.504 26.374 26.267 26.172 25.745 25.878 25.613 25.357 25.119 25.236 24.805 24.383 24.266 24.231 23.706 23.218 23.281 23.007 22.187 21.896 21.763 21.362 19.898 19.266 18.185 16.088 14.454 12.542 10.069 6.908 5.181 3.530 2.441 1.437 0.000 1.258 2.730 3.358 4.905 6.638 8.447 10.196 12.043 14.749 16.144 18.081 19.436 20.591 21.151 22.172 22.371 23.617 23.692 24.184 24.213 24.909 25.014 25.225 25.776 25.711 25.869 26.171 26.602 26.582 26.904 27.072 27.163 27.370 27.601 27.825 27.783 28.170 28.238 28.347 28.473 28.708 28.649 28.557 28.524 28.554 28.172 28.238 28.191 27.854 27.607 27.675 27.696 27.256 27.359 27.281 27.278 26.745 26.762 27.083 26.309 26.512 26.112 26.405 25.989 26.534 26.812 27.161 26.056 26.247 26.754 26.484 25.650 26.300 26.671 25.896 25.677 26.357 26.418 25.585 25.847 26.464 26.205 25.633 26.254 26.634 26.028 26.056 26.614 26.615 26.136 26.485 26.772 26.599 26.474 26.824 26.787 26.656 26.682 26.414 25.926 26.498 26.765 26.470 26.286 26.218 26.435 26.117 25.992 26.297 26.224 25.796 26.089 26.266 26.087 25.758 26.486 26.348 26.101 26.276 26.696 26.634 26.402 26.272 26.751 26.658 26.157 26.794 26.815 26.559 26.352 26.953 26.913 27.110 27.063 27.343 27.778 27.704 27.809 27.496 27.730 27.442 27.366 27.110 27.143 27.192 26.652 26.772 26.747 26.367 26.220 26.511 26.190 25.584 26.059 26.259 25.416 25.384 25.885 25.916 25.175 25.316 25.835 25.690 25.147 25.680 26.132 25.590 25.761 26.404 26.123 26.113 26.316 26.776 26.477 26.892 27.153 26.869 26.892 27.221 27.414 27.134 27.189 27.096 27.201 27.317 27.063 27.143 27.087 26.919 26.855 26.990 27.051 26.758 27.039 27.099 27.193 26.955 26.927 27.274 27.059 27.086 27.267 27.365 27.354 27.460 27.775 27.867 27.718 27.876 27.822 27.791 27.909 28.078 28.111 27.881 27.841 27.923 27.581 27.446 27.113 27.038 26.908 26.564 26.729 27.101 26.751 27.020 27.165 26.732 26.330 26.523 26.605 26.447 26.092 26.291 26.226 26.056 25.667 25.818 26.082 25.751 25.339 25.633 25.782 25.226 25.264 25.599 25.477 24.997 25.255 25.735 25.442 25.553 25.453 25.787 25.654 26.071 26.302 26.292 26.229 26.652 26.669 26.749 26.511 27.126 26.911 26.839 27.207 27.207 27.104 27.046 27.246 27.543 27.256 27.549 27.721 27.861 27.657 27.831 28.167
27.066 26.812 26.851 26.495 26.381 26.235 26.026 25.871 25.675 25.382 25.250 25.079 24.949 24.822 24.884 24.602 24.196 24.404 24.441 23.724 23.465 23.962 23.421 22.793 22.703 22.667 22.289 21.345 21.014 20.138 18.579 17.012 15.419 13.085 10.070 6.658 4.851 3.109 2.383 1.019 0.001 0.965 2.296 3.069 4.574 6.039 8.416 10.484 12.352 14.301 16.300 18.050 19.218 19.405 20.276 21.481 22.442 22.496 22.992 23.915 24.417 24.270 24.314 25.391 25.313 25.205 26.091 26.245 26.014 26.508 26.910 26.911 26.906 27.552 27.764 27.516 27.943 28.311 28.299 28.481 28.629 28.694 28.435 28.545 28.438 28.069 28.128 28.225 27.953 27.550 27.770 27.916 27.371 27.294 27.439 27.451 26.882 26.794 27.209 26.503 26.344 26.221 26.377 25.769 26.304 26.346 26.782 25.753 25.905 26.388 26.235 25.541 26.099 26.467 25.758 25.500 26.170 26.264 25.471 25.751 26.216 25.975 25.527 25.906 26.313 25.928 25.671 26.280 26.506 25.945 26.285 26.551 26.523 26.298 26.691 26.798 26.693 26.522 26.345 26.047 26.130 26.484 25.992 25.930 25.924 26.025 25.584 25.551 25.872 25.888 25.365 25.718 25.888 25.616 25.276 26.013 26.051 25.619 26.087 26.303 26.287 25.958 25.902 26.395 26.454 25.752 26.439 26.642 26.291 26.106 26.629 26.695 26.519 26.665 26.934 27.355 27.489 27.357 27.237 27.504 27.280 26.984 26.872 26.884 26.703 26.308 26.428 26.329 25.566 25.693 26.042 25.603 24.975 25.351 25.538 24.725 24.556 25.182 24.995 24.482 24.581 25.398 24.880 24.492 25.115 25.281 24.960 25.225 25.849 25.554 25.020 25.703 26.264 25.778 26.385 26.754 26.516 26.269 26.712 26.937 26.560 26.662 26.557 26.964 26.862 26.561 26.643 26.652 26.436 26.252 26.597 26.599 26.095 26.348 26.646 26.592 26.323 26.456 26.714 26.385 26.472 26.966 26.871 26.831 27.159 27.424 27.466 27.355 27.337 27.414 27.489 27.695 27.701 27.817 27.635 27.531 27.652 27.271 27.073 26.892 26.743 26.325 26.309 26.096 26.585 26.221 26.308 26.469 26.177 25.673 25.964 26.070 25.740 25.402 25.575 25.488 25.298 24.922 24.920 25.300 24.839 24.399 24.791 24.854 24.288 24.495 24.836 24.747 24.073 24.501 25.055 24.479 24.487 24.981 25.161 24.432 25.280 25.729 25.804 25.096 25.987 26.140 26.000 25.500 26.273 26.266 25.741 26.067 26.478 26.118 25.830 26.263 26.805 26.353 26.191 26.971 27.074 26.736 27.069 27.140
27.243 26.796 26.827 26.569 26.466 26.214 25.979 25.869 25.539 25.205 25.328 25.093 25.036 24.510 24.708 24.399 24.062 23.993 24.103 23.871 23.235 23.435 23.427 22.688 22.373 22.326 21.983 20.902 20.348 19.637 17.869 16.526 15.514 13.307 10.775 8.031 5.715 4.218 2.889 1.793 1.093 0.000 1.216 2.685 3.763 5.642 7.861 9.139 11.414 13.589 15.305 16.789 18.072 18.923 19.274 20.367 21.625 21.652 22.161 22.824 23.769 23.968 23.903 24.778 24.895 25.097 25.540 25.997 26.015 26.308 26.532 26.857 26.881 27.325 27.565 27.557 27.889 28.074 28.206 28.292 28.623 28.494 28.416 28.356 28.320 28.024 28.017 27.943 27.666 27.474 27.524 27.556 27.114 27.162 27.109 26.990 26.533 26.601 26.749 26.067 26.246 25.662 26.022 25.499 25.694 26.260 26.421 25.433 25.709 26.187 25.721 24.905 25.670 26.102 25.345 25.061 25.829 25.916 25.157 25.342 25.916 25.694 25.080 25.725 26.155 25.576 25.539 26.145 26.301 25.652 26.061 26.483 26.366 26.025 26.426 26.764 26.483 26.482 26.208 25.601 26.026 26.212 25.835 25.733 25.605 25.728 25.391 25.389 25.678 25.646 25.138 25.466 25.672 25.417 25.265 25.811 25.710 25.396 25.642 26.009 25.999 25.745 25.491 26.062 26.084 25.504 26.034 26.174 26.108 25.614 26.298 26.374 26.389 26.688 26.900 27.312 27.239 27.264 27.154 27.299 26.971 26.976 26.761 26.686 26.645 26.097 26.243 26.117 25.588 25.550 25.840 25.389 24.818 25.325 25.461 24.714 24.479 25.070 25.030 24.400 24.430 24.985 24.797 24.136 24.827 25.193 24.839 24.743 25.389 25.330 25.260 25.730 26.087 26.015 26.231 26.593 26.059 26.266 26.764 26.713 26.287 26.642 26.390 26.788 26.682 26.288 26.558 26.564 26.337 26.175 26.437 26.496 26.067 26.433 26.496 26.545 26.370 26.373 26.617 26.509 26.622 26.901 26.908 26.917 27.141 27.404 27.375 27.391 27.513 27.528 27.504 27.694 27.725 27.886 27.578 27.601 27.571 27.328 27.048 26.765 26.615 26.403 26.139 26.186 26.667 26.189 26.501 26.633 26.285 25.791 26.025 26.020 25.939 25.396 25.680 25.631 25.333 24.854 25.003 25.394 24.851 24.534 24.744 24.880 24.070 24.379 24.803 24.393 23.855 24.460 24.820 24.263 24.459 24.713 24.879 24.579 25.449 25.545 25.308 25.184 26.020 26.093 25.719 25.727 26.285 26.243 25.860 26.316 26.613 26.254 26.113 26.491 26.998 26.607 26.812 27.296 27.406 27.290 27.418 27.635
27.082 26.727 26.653 26.354 26.224 25.935 25.753 25.728 25.472 25.243 25.362 25.054 25.170 24.929 25.077 24.934 24.756 25.071 25.075 24.624 24.506 24.915 24.435 23.802 23.616 23.909 22.998 22.247 21.925 21.270 19.512 18.533 17.578 15.671 13.108 10.667 8.026 5.692 4.142 2.742 2.159 1.486 0.000 1.348 2.774 3.751 5.406 6.853 8.115 9.935 11.971 13.674 14.471 15.081 16.034 16.970 17.916 18.342 19.142 19.836 20.414 20.940 21.225 22.340 22.307 22.716 23.250 23.505 23.710 24.025 24.507 24.725 24.988 25.548 25.919 25.974 26.420 26.890 27.108 27.224 27.772 27.654 27.513 27.458 27.545 26.846 27.083 26.884 26.609 26.254 26.359 26.438 25.695 25.935 25.774 25.534 25.055 25.112 25.380 24.671 24.748 24.454 24.758 24.454 25.106 25.509 25.793 24.751 25.051 25.678 25.418 24.726 25.512 26.045 25.251 25.168 25.953 26.059 25.295 25.745 26.352 26.135 25.895 26.243 26.663 26.342 26.427 26.719 26.912 26.524 26.726 27.126 27.080 26.875 27.131 27.392 26.999 27.101 26.996 26.472 26.639 26.935 26.527 26.660 26.551 26.573 26.298 26.156 26.485 26.540 26.015 26.314 26.250 26.070 25.737 26.415 26.238 25.735 26.134 26.307 26.119 25.629 25.333 25.915 25.834 25.153 25.589 25.780 25.397 25.139 25.665 25.725 25.647 25.476 26.193 26.664 26.877 26.665 26.593 26.949 26.736 26.737 26.290 26.499 26.414 25.903 26.260 26.257 25.544 25.682 26.119 25.873 25.234 25.817 26.130 25.495 25.320 25.996 26.059 25.508 25.727 26.194 25.912 25.688 26.153 26.429 25.907 26.348 26.668 26.548 26.352 26.700 27.135 26.889 27.181 27.392 27.133 27.102 27.501 27.488 27.284 27.326 27.155 27.506 27.308 27.189 27.228 27.181 27.028 26.960 27.002 27.010 26.812 26.888 26.920 27.030 26.864 26.667 26.900 26.822 26.893 26.959 26.895 26.924 27.015 27.233 27.295 27.267 27.308 27.193 27.136 27.263 27.357 27.460 27.137 26.859 26.791 26.439 26.177 26.030 26.069 25.738 25.571 25.484 26.110 25.867 26.095 26.512 26.205 25.609 25.887 26.271 26.236 25.620 26.062 26.136 26.035 25.539 25.695 26.094 25.929 25.554 25.990 26.024 25.707 25.643 26.131 25.966 25.505 25.732 26.397 25.979 25.789 26.230 26.264 26.022 26.250 26.826 26.648 26.183 26.773 26.928 26.589 26.533 26.967 26.921 26.479 26.863 27.278 27.058 26.679 27.209 27.537 27.235 27.170 27.667 27.643 27.771 27.836 27.921
26.211 25.473 25.451 25.056 24.859 24.609 24.271 23.934 23.609 23.152 23.191 22.976 22.973 22.715 22.802 22.598 22.332 22.526 22.683 22.685 22.391 22.484 22.511 21.906 22.042 21.971 21.509 20.801 20.733 20.304 19.073 18.001 17.766 16.574 14.872 12.438 10.239 7.713 5.730 4.064 2.846 2.219 1.293 0.000 1.090 2.620 3.931 4.893 6.032 8.098 9.481 10.815 11.712 13.143 13.627 14.442 15.866 16.213 16.551 17.782 19.030 18.875 19.384 20.588 20.566 20.888 21.904 22.318 22.265 23.035 23.492 23.820 23.999 24.726 25.116 25.067 25.608 26.182 26.463 26.641 27.142 27.119 26.891 26.913 26.789 26.085 26.265 26.279 25.839 25.533 25.528 25.505 24.852 25.006 25.083 24.685 24.077 24.164 24.544 23.584 23.635 23.290 23.772 23.261 23.875 24.489 24.747 23.644 23.662 24.293 24.255 23.128 23.984 24.555 23.948 23.077 24.271 24.691 23.504 23.560 24.572 24.539 23.514 24.297 25.088 24.581 24.296 25.113 25.520 24.827 25.156 25.796 25.885 25.573 25.846 26.382 26.250 26.186 25.973 25.471 25.678 25.674 25.331 25.100 24.973 24.932 24.288 24.288 24.667 24.417 23.640 24.153 24.304 23.604 23.219 24.189 24.131 23.209 23.686 24.421 24.268 23.477 23.293 24.310 24.081 22.945 24.011 24.455 23.647 23.459 24.247 24.526 24.180 24.538 24.901 25.685 25.682 25.561 25.449 25.599 25.314 25.126 24.953 24.887 24.676 23.786 24.447 24.260 23.066 23.324 23.883 23.323 22.521 23.521 23.791 22.704 22.783 23.572 23.611 23.033 23.435 24.117 23.932 23.677 24.398 24.806 24.701 24.855 25.346 25.364 25.215 25.825 26.043 25.901 26.161 26.340 26.049 26.099 26.386 26.392 26.032 26.056 25.927 26.066 25.906 25.692 25.647 25.497 25.473 25.082 25.359 25.376 24.765 24.934 25.093 25.213 24.826 24.760 25.135 24.837 24.934 25.336 25.311 25.313 25.539 25.774 25.965 25.917 26.068 25.958 25.988 26.236 26.057 26.507 25.972 25.931 25.885 25.480 25.063 24.745 24.616 24.299 23.865 24.099 24.760 24.299 24.739 24.897 24.476 23.604 24.180 24.431 24.187 23.422 24.158 24.198 23.654 23.148 23.579 24.115 23.692 23.447 23.972 24.118 23.468 23.974 24.395 24.265 23.875 24.141 24.798 24.578 24.514 24.802 25.145 25.009 25.385 25.601 25.819 25.170 25.883 26.101 25.837 25.593 26.126 26.323 25.781 26.226 26.608 26.402 26.161 26.489 26.992 26.728 26.706 27.146 27.235 27.341 27.282 27.526
26.345 25.931 25.816 25.327 25.291 24.889 24.607 24.556 24.216 23.999 23.878 23.628 23.585 23.239 23.574 23.301 23.015 23.512 23.564 23.005 22.844 23.456 23.301 22.592 22.674 22.932 22.380 21.504 21.652 21.351 19.740 19.126 18.771 17.645 15.803 14.061 12.125 9.737 7.292 5.287 4.034 2.929 2.196 1.250 0.000 1.588 2.986 3.898 4.883 6.123 7.539 9.335 9.771 11.203 12.352 13.404 14.476 15.065 16.288 17.189 18.015 18.624 19.181 20.449 20.739 21.072 21.668 22.238 22.445 22.964 23.475 23.724 23.985 24.476 25.101 25.100 25.449 26.164 26.516 26.536 27.294 27.084 26.987 26.866 26.996 26.205 26.538 26.177 25.710 25.445 25.726 25.658 24.672 24.916 24.866 24.447 23.974 24.186 24.326 23.570 23.525 23.185 23.582 23.383 23.774 24.560 24.512 23.703 23.741 24.488 24.172 23.481 24.131 24.835 23.971 23.723 24.517 24.864 23.939 24.184 25.000 24.909 24.409 24.827 25.529 25.184 25.138 25.585 26.012 25.434 25.721 26.238 26.384 26.164 26.322 26.881 26.451 26.590 26.585 25.973 26.068 26.297 25.889 25.705 25.438 25.498 24.922 24.902 25.351 25.217 24.520 24.867 24.880 24.460 24.144 24.903 24.824 24.133 24.419 24.846 24.665 24.112 23.702 24.564 24.335 23.746 24.244 24.482 24.005 23.857 24.440 24.535 24.325 24.346 25.009 25.685 25.868 25.664 25.601 25.922 25.657 25.563 25.083 25.362 25.028 24.242 24.908 24.719 23.891 24.071 24.512 24.128 23.350 24.139 24.463 23.819 23.414 24.278 24.396 23.814 24.084 24.838 24.474 24.258 24.899 25.349 24.839 25.240 25.817 25.784 25.624 26.129 26.608 26.409 26.723 26.836 26.459 26.603 26.976 26.872 26.524 26.625 26.469 26.688 26.481 26.310 26.158 26.183 25.956 25.641 25.809 25.783 25.382 25.461 25.622 25.692 25.365 25.283 25.640 25.372 25.350 25.700 25.760 25.654 25.779 26.177 26.229 26.237 26.260 26.396 26.137 26.403 26.670 26.828 26.182 26.053 25.925 25.386 25.080 24.917 24.896 24.536 24.256 24.184 24.832 24.510 24.679 25.097 24.779 24.123 24.441 24.774 24.691 24.021 24.641 24.592 24.346 23.696 24.076 24.657 24.312 23.842 24.526 24.707 24.095 24.245 24.999 24.807 24.190 24.743 25.514 24.974 25.039 25.541 25.839 25.519 25.652 26.217 26.241 25.636 26.176 26.646 26.206 26.182 26.540 26.636 26.183 26.482 27.176 26.934 26.588 27.100 27.460 27.204 27.130 27.643 27.654 27.844 27.857 27.950
26.239 25.839 25.661 25.229 25.144 24.599 24.558 24.356 23.922 23.724 23.926 23.683 23.652 23.567 24.079 23.773 23.574 23.932 24.341 24.109 23.866 24.395 24.371 23.954 24.153 24.388 24.172 23.589 23.665 23.640 22.733 22.222 22.061 21.460 20.169 18.734 16.897 14.580 12.147 9.225 6.903 4.799 3.221 2.430 1.570 0.000 1.581 2.843 3.532 4.653 5.954 8.221 9.086 9.856 11.421 12.443 13.546 14.415 16.156 17.423 18.285 18.391 19.902 20.822 21.277 21.592 22.566 23.033 23.101 23.841 24.226 24.517 24.613 25.295 25.533 25.550 25.989 26.577 26.787 26.747 27.486 27.303 27.204 27.094 27.165 26.503 26.782 26.575 26.142 26.034 26.142 25.946 25.311 25.412 25.381 24.945 24.673 24.693 24.763 23.914 23.847 23.548 23.826 23.313 24.173 24.792 24.683 23.825 23.899 24.735 24.241 23.406 24.256 25.018 24.090 23.661 24.810 25.003 24.068 24.476 25.315 25.228 24.642 25.230 25.946 25.589 25.540 26.109 26.451 26.070 26.238 26.831 26.853 26.777 26.874 27.418 27.085 27.102 27.148 26.734 26.774 26.902 26.624 26.334 26.242 26.250 25.794 25.842 26.073 25.920 25.300 25.701 25.499 25.275 24.950 25.553 25.297 24.836 24.991 25.270 25.081 24.831 24.126 24.899 24.793 23.805 24.574 24.819 24.540 23.821 24.600 24.822 24.404 24.947 25.244 26.216 26.112 26.185 26.104 26.357 25.999 26.000 25.806 25.729 25.715 25.077 25.491 25.265 24.705 24.907 25.177 24.987 24.050 24.995 25.222 24.654 24.314 25.263 25.326 24.681 25.083 25.578 25.473 25.212 25.845 26.269 25.715 26.161 26.419 26.550 26.256 26.869 27.176 27.074 27.326 27.274 27.082 27.295 27.476 27.350 27.213 27.240 27.193 27.204 27.078 26.995 26.880 26.724 26.718 26.491 26.482 26.529 26.211 26.106 26.193 26.395 26.138 25.837 26.177 26.055 26.027 26.146 26.295 26.154 26.254 26.559 26.746 26.498 26.583 26.774 26.261 26.647 26.892 26.986 26.361 26.276 26.047 25.622 25.321 25.344 25.145 24.917 24.600 24.479 25.247 24.906 25.144 25.597 25.252 24.500 25.034 25.272 25.287 24.688 25.300 25.193 24.961 24.292 24.720 25.375 25.056 24.469 25.161 25.305 24.777 24.932 25.595 25.427 24.938 25.314 26.044 25.558 25.513 25.974 26.064 25.859 25.783 26.396 26.517 26.002 26.364 26.906 26.418 26.385 26.699 27.030 26.506 26.664 27.189 27.132 26.804 27.234 27.560 27.221 27.231 27.646 27.680 27.878 27.872 28.098
25.120 24.658 24.471 23.902 23.859 23.203 23.052 22.929 22.765 22.449 22.469 22.551 22.547 22.731 23.361 23.189 22.883 23.653 24.138 23.766 23.536 24.489 24.602 23.755 24.342 24.871 24.544 23.910 24.779 25.032 24.426 24.245 24.490 24.124 23.280 22.424 20.865 18.428 16.391 13.308 10.396 6.909 5.143 3.354 2.592 1.521 0.000 1.279 2.603 3.626 4.413 5.683 7.518 8.333 8.722 9.729 11.420 12.097 12.918 14.702 15.801 15.820 16.720 18.241 18.651 18.655 19.615 20.689 20.496 21.197 22.078 22.574 22.622 23.156 23.716 23.758 24.336 24.906 25.518 25.357 26.429 26.187 25.978 26.080 26.052 25.276 25.597 25.468 24.779 24.596 24.880 24.751 23.865 23.973 24.183 23.724 22.929 23.108 23.609 22.603 22.375 22.474 22.623 22.300 23.259 23.928 24.056 22.934 22.877 23.870 23.616 22.340 23.269 24.216 23.304 22.742 23.989 24.340 23.256 23.549 24.617 24.514 23.929 24.510 25.394 25.055 24.936 25.626 26.050 25.629 25.812 26.444 26.613 26.453 26.492 27.100 26.891 26.889 26.992 26.529 26.553 26.633 26.195 25.964 25.829 25.749 25.172 25.256 25.448 25.141 24.459 24.836 24.724 24.122 23.742 24.487 24.312 23.374 23.665 24.217 23.967 23.145 22.579 23.705 23.304 22.101 23.158 23.504 22.809 22.324 23.423 23.491 23.033 23.274 23.584 24.745 24.772 24.687 24.525 24.813 24.546 24.159 24.054 24.261 24.022 22.972 23.848 23.722 22.617 23.033 23.610 23.453 22.457 23.439 23.887 23.476 23.161 24.022 24.352 23.788 24.041 24.775 24.791 24.509 25.160 25.689 25.380 25.660 25.997 26.234 26.058 26.552 26.937 26.903 27.172 27.046 26.868 27.139 27.206 27.028 26.837 26.894 26.715 26.737 26.551 26.488 26.224 26.072 25.907 25.634 25.715 25.661 25.116 25.005 25.121 25.138 24.746 24.519 24.910 24.460 24.393 24.681 24.657 24.524 24.744 25.036 25.163 24.958 24.921 25.279 24.785 25.228 25.615 25.704 24.891 24.833 24.686 23.976 23.508 23.499 23.227 22.731 22.501 22.336 23.254 22.942 23.041 23.664 23.398 22.340 22.839 23.521 23.378 22.513 23.382 23.543 23.317 22.611 23.104 23.831 23.756 23.121 23.964 24.255 23.778 23.995 24.727 24.756 24.366 24.657 25.671 25.284 25.217 25.748 26.044 25.897 25.654 26.368 26.666 26.176 26.494 27.147 26.768 26.568 27.031 27.240 26.835 26.891 27.481 27.417 27.012 27.456 27.661 27.471 27.387 27.744 27.735 27.890 27.936 28.063
25.446 24.739 24.728 24.171 24.298 23.750 23.394 23.299 23.161 22.698 22.632 22.894 22.923 22.821 23.507 23.404 23.309 23.872 24.318 23.960 23.863 24.757 24.824 24.050 24.539 25.191 24.815 24.186 24.961 25.081 24.295 24.027 24.071 23.634 22.619 21.660 20.326 18.861 16.138 14.106 11.037 8.568 6.256 4.491 3.461 2.510 1.185 0.000 1.273 2.713 3.416 4.797 5.350 6.615 7.650 8.481 9.618 11.200 12.605 13.475 14.152 15.217 16.385 17.240 17.770 18.680 19.407 20.120 20.325 20.915 21.518 22.188 22.243 22.628 23.055 23.377 23.672 24.275 24.863 24.829 25.742 25.626 25.415 25.534 25.256 24.373 24.871 24.673 23.791 23.555 24.033 23.857 22.848 22.850 23.220 22.736 21.842 22.253 22.577 21.481 21.154 21.264 21.579 21.449 22.002 22.920 23.242 22.327 21.841 23.040 23.144 21.774 22.469 23.602 22.909 22.068 23.365 23.877 22.784 22.794 23.943 24.033 23.200 23.739 24.717 24.527 24.243 24.991 25.400 25.093 25.275 25.971 26.016 25.986 26.110 26.548 26.200 26.492 26.460 26.039 26.098 26.052 25.845 25.604 25.425 25.229 24.831 24.816 24.849 24.595 23.884 24.083 24.035 23.362 22.927 23.657 23.496 22.525 22.953 23.484 23.257 22.384 22.183 23.029 22.624 21.706 22.634 22.804 22.082 21.946 22.775 22.767 22.396 22.459 22.999 23.975 24.310 24.307 24.194 24.713 24.205 23.690 23.782 23.943 23.305 22.450 23.361 23.224 22.051 22.365 23.096 22.739 21.818 22.889 23.451 22.758 22.692 23.560 23.873 23.476 23.801 24.428 24.386 24.149 24.804 25.161 25.102 25.211 25.845 25.835 25.612 26.098 26.451 26.464 26.743 26.767 26.502 26.719 26.883 26.744 26.522 26.514 26.377 26.480 26.429 26.171 25.900 25.830 25.683 25.151 25.234 25.236 24.632 24.561 24.720 24.940 24.135 24.223 24.645 24.281 23.873 24.474 24.725 24.353 24.590 25.101 25.091 24.993 24.881 24.872 24.840 25.023 25.138 25.242 24.700 24.451 24.123 23.501 23.186 23.085 22.866 22.485 22.322 22.254 22.971 22.869 23.141 23.530 23.220 22.420 23.088 23.434 22.974 22.463 23.425 23.491 22.922 22.565 23.123 23.843 23.653 23.123 24.010 24.187 23.827 23.826 24.653 24.752 24.085 24.515 25.406 25.046 25.005 25.476 25.768 25.602 25.686 26.162 26.315 25.637 26.221 26.862 26.423 26.114 26.842 26.978 26.475 26.600 27.325 27.104 26.748 27.261 27.564 27.286 27.135 27.637 27.581 27.572 27.819 27.920
24.786 24.063 23.678 23.311 22.983 22.737 22.394 22.125 22.045 21.633 21.426 21.390 21.556 21.605 22.129 21.940 21.864 22.658 23.042 22.731 22.835 23.736 23.927 23.326 24.018 24.477 24.190 23.983 24.553 24.705 24.186 24.102 24.148 23.676 22.750 21.857 20.627 19.170 17.342 15.233 12.369 10.414 7.884 5.718 4.443 3.178 2.372 1.124 0.000 1.458 2.424 3.809 4.297 4.483 6.219 7.405 7.867 9.295 11.040 11.799 11.781 12.696 14.376 15.220 16.006 16.726 17.972 18.595 18.517 19.729 20.083 20.483 20.740 21.456 21.738 21.683 22.480 22.897 23.334 23.650 24.333 24.229 24.398 24.460 24.086 23.553 23.960 23.584 22.647 22.522 23.105 22.834 21.764 21.862 22.057 21.436 20.670 20.893 21.311 20.308 19.756 20.087 20.366 19.934 20.890 21.754 21.935 20.855 20.576 21.898 21.623 20.411 21.334 22.326 21.624 20.796 22.171 22.565 21.599 21.811 23.015 22.956 22.296 23.052 23.981 23.720 23.693 24.372 24.959 24.502 24.878 25.501 25.784 25.684 25.669 26.272 26.208 26.250 26.346 25.898 25.881 26.074 25.655 25.416 25.168 24.922 24.244 24.225 24.474 24.019 23.360 23.629 23.484 22.765 22.304 23.162 22.853 21.914 22.120 22.746 22.474 21.484 21.139 22.012 21.774 20.519 21.337 21.771 21.046 20.636 21.638 21.818 20.902 21.644 22.144 23.487 23.639 23.805 23.782 24.066 23.574 23.007 23.271 23.341 22.891 21.782 22.927 22.577 21.417 21.750 22.670 22.242 21.397 22.462 22.949 22.278 22.133 23.035 23.409 22.849 23.285 23.944 23.912 23.696 24.413 24.904 24.815 24.967 25.438 25.616 25.319 25.880 26.147 26.199 26.513 26.490 26.298 26.463 26.675 26.563 26.265 26.321 26.167 26.148 26.163 25.817 25.464 25.449 25.336 24.877 24.875 24.951 24.310 24.242 24.457 24.470 23.816 23.748 24.312 23.688 23.470 23.885 24.053 23.791 24.117 24.721 24.664 24.586 24.402 24.546 24.135 24.438 24.752 24.716 23.921 24.013 23.563 22.483 22.201 22.366 22.110 21.417 21.502 21.366 22.279 22.246 22.350 23.095 22.655 21.478 22.343 22.966 22.457 21.776 22.697 22.809 22.250 21.772 22.448 23.140 22.784 22.496 23.218 23.517 22.957 23.418 23.937 24.001 23.516 23.833 24.799 24.337 24.375 24.785 25.224 24.837 24.978 25.387 25.782 25.046 25.597 26.093 25.866 25.540 26.076 26.307 25.800 25.976 26.365 26.337 25.971 26.365 26.686 26.417 26.421 26.989 26.816 26.802 27.051 27.295
24.501 24.026 23.608 23.234 23.010 22.425 22.159 21.991 21.913 21.317 21.017 21.311 21.460 21.466 22.219 21.977 21.773 22.652 23.210 22.601 23.047 24.037 24.137 23.521 24.346 25.042 24.672 24.495 25.378 25.662 25.274 25.339 25.743 25.273 24.711 23.984 23.240 22.044 20.428 19.042 16.673 14.521 11.515 9.047 6.457 4.878 3.521 2.566 1.160 0.000 1.383 2.960 3.836 4.481 4.779 6.150 7.697 8.765 9.863 11.217 11.845 12.740 13.641 14.622 15.378 16.162 17.264 18.068 18.580 18.910 19.865 20.444 20.359 20.754 21.633 21.631 21.791 22.570 23.158 23.274 24.205 24.042 23.920 24.119 23.822 23.022 23.508 23.345 22.826 22.140 22.750 22.575 21.747 21.509 21.942 21.361 20.667 20.898 21.026 20.670 19.986 20.363 20.516 20.345 20.872 21.905 22.453 21.105 20.444 22.079 21.796 20.409 21.118 22.464 21.481 20.786 21.978 22.595 21.312 21.522 22.660 22.680 22.002 22.498 23.658 23.328 23.346 23.845 24.512 24.131 24.310 25.055 25.310 25.157 25.396 25.960 25.769 26.153 26.215 25.562 25.752 25.763 25.442 25.159 24.837 24.658 24.101 24.095 23.975 23.772 23.083 23.115 22.996 22.398 21.732 22.521 22.337 21.369 21.519 22.132 22.028 20.901 20.622 21.689 21.401 20.268 20.888 21.593 20.557 20.070 21.356 21.436 20.378 20.979 21.235 22.712 22.991 23.004 22.863 23.546 22.942 22.028 22.527 22.738 22.144 21.130 22.351 22.137 20.723 21.397 22.147 21.840 21.044 22.132 22.717 22.238 22.213 22.929 23.374 22.851 23.355 24.074 24.032 23.886 24.617 25.059 24.953 25.141 25.584 25.785 25.656 26.186 26.525 26.503 26.796 26.735 26.332 26.736 26.882 26.652 26.225 26.232 26.037 26.231 26.097 25.656 25.360 25.295 25.198 24.602 24.696 24.806 24.011 23.913 24.105 24.079 23.553 23.309 23.904 23.313 22.981 23.554 23.629 23.240 23.683 24.107 24.309 24.001 23.773 24.010 23.647 23.922 24.074 24.104 23.310 23.256 22.884 21.958 21.474 21.627 21.378 20.628 20.986 20.658 21.708 21.780 21.805 22.736 22.259 21.117 22.086 22.757 22.211 21.569 22.654 22.877 22.252 21.993 22.674 23.436 23.195 22.594 23.571 23.840 23.359 23.566 24.426 24.444 23.877 24.287 25.271 24.824 24.645 25.363 25.787 25.453 25.504 26.182 26.449 25.886 26.353 26.876 26.738 26.438 26.941 27.167 26.730 26.729 27.253 27.257 26.885 27.212 27.497 27.341 27.155 27.581 27.588 27.703 27.790 28.035
25.189 24.710 24.588 24.226 24.130 23.689 23.372 23.285 23.455 22.968 22.796 23.208 23.508 23.189 24.073 24.036 23.849 24.644 25.197 24.585 24.673 25.845 25.899 24.997 25.897 26.465 26.171 25.960 26.741 26.991 26.698 26.764 27.158 26.863 26.329 25.906 25.159 24.252 23.319 22.418 20.422 18.306 15.757 12.345 10.842 7.121 5.393 4.228 2.682 1.506 0.000 1.710 3.366 4.349 4.357 3.867 7.070 8.829 7.861 9.484 11.634 11.955 11.482 12.969 14.390 14.983 15.587 16.781 17.714 18.091 18.344 19.328 19.766 19.540 20.029 20.325 20.772 20.987 21.665 21.842 23.026 23.082 23.328 24.065 23.507 22.789 23.884 23.882 22.896 22.789 23.662 23.190 22.231 22.326 23.294 22.368 21.680 22.216 22.752 21.704 21.289 22.218 22.398 22.029 22.869 23.547 23.630 23.067 22.632 23.823 23.847 22.640 23.474 24.331 23.776 23.169 24.250 24.737 23.799 24.123 24.826 24.856 24.467 24.814 25.538 25.231 25.253 25.857 26.114 25.893 26.148 26.711 26.499 26.619 26.778 27.229 26.910 27.281 27.290 26.809 26.948 26.860 26.671 26.359 26.284 26.185 25.818 25.868 25.865 25.673 25.304 25.233 25.164 24.719 24.432 24.945 24.817 24.271 24.398 24.700 24.709 23.928 23.719 24.154 24.276 22.765 23.902 24.109 23.460 22.501 23.892 23.977 23.554 23.804 24.232 25.295 25.360 25.336 25.300 25.323 25.273 24.769 24.994 24.893 24.475 23.731 24.783 24.518 23.515 23.846 24.497 24.352 23.425 24.417 24.760 24.357 24.519 24.799 25.064 24.760 25.022 25.459 25.560 25.252 25.813 26.257 25.964 26.140 26.506 26.678 26.508 26.824 27.221 27.217 27.415 27.427 27.285 27.447 27.521 27.434 27.260 27.212 27.024 27.089 27.041 26.929 26.532 26.425 26.438 26.244 26.205 26.186 25.773 25.631 25.727 25.903 25.421 25.217 25.580 25.268 25.142 25.366 25.455 25.216 25.401 25.496 25.608 25.402 25.377 25.312 25.259 25.363 25.465 25.437 25.126 25.212 24.821 24.329 24.121 24.046 23.944 23.232 23.025 22.556 23.466 23.476 22.847 23.913 23.974 22.650 23.308 23.985 23.924 22.903 23.804 24.325 24.111 23.474 23.996 24.607 24.515 23.861 24.730 24.951 24.652 24.680 25.254 25.383 24.739 25.152 25.861 25.629 25.490 25.979 26.298 26.040 26.123 26.680 26.799 26.441 26.860 27.222 27.099 26.904 27.317 27.491 27.253 27.426 27.612 27.615 27.378 27.656 27.761 27.766 27.682 27.853 27.902 27.920 28.001 28.048
23.596 22.844 22.367 21.891 21.617 21.254 20.666 20.597 20.857 19.983 19.677 20.374 20.714 20.428 21.155 21.281 21.210 21.937 22.541 22.271 22.349 23.411 23.544 23.176 23.763 24.527 24.172 24.259 25.077 25.387 25.283 25.155 25.738 25.317 24.643 23.939 23.095 22.062 20.759 19.525 17.576 16.291 14.069 11.558 9.762 7.816 5.694 4.750 3.451 2.819 1.023 0.000 0.978 1.840 2.071 1.876 2.175 3.429 3.967 4.121 4.889 5.686 6.369 6.162 6.912 8.065 8.693 8.997 9.204 10.255 10.910 11.193 11.602 12.120 12.697 12.975 13.518 13.984 14.751 15.341 16.418 16.322 16.939 17.609 17.014 16.575 17.124 17.408 16.398 15.955 17.007 16.823 15.604 15.916 16.604 15.928 15.451 16.025 16.321 15.874 15.603 16.587 16.680 16.942 17.913 18.649 19.379 18.474 17.455 19.056 18.924 17.651 18.234 19.540 19.061 18.067 19.179 19.966 19.329 18.858 20.224 20.361 19.560 20.170 21.212 21.067 20.985 21.579 22.277 21.957 22.178 22.882 23.362 23.181 23.439 23.830 23.948 24.288 24.302 23.572 23.837 23.688 23.459 23.023 22.435 22.405 21.790 21.581 21.607 21.437 20.536 20.522 20.667 19.732 18.808 19.780 19.536 18.311 18.487 19.277 18.993 17.548 17.542 18.709 17.886 16.841 17.850 18.299 17.037 17.116 18.301 18.190 17.380 17.690 18.027 19.198 19.835 19.777 19.357 20.554 19.584 18.434 18.959 19.375 18.474 17.244 18.788 18.755 16.886 17.516 18.833 18.516 17.532 18.929 20.010 19.064 19.093 20.016 20.691 20.219 20.775 21.548 21.496 21.251 22.087 22.698 22.597 22.913 23.644 23.731 23.464 24.003 24.257 24.370 24.673 24.726 24.294 24.565 24.827 24.586 24.150 24.156 23.782 24.043 23.898 23.356 22.759 22.896 22.784 21.844 22.078 22.116 21.106 20.863 21.182 21.116 20.079 20.028 20.661 20.040 19.427 20.204 20.329 19.840 20.387 21.213 20.922 21.031 20.537 20.699 20.566 20.452 21.040 20.605 19.724 20.071 19.432 18.616 17.987 18.368 17.759 16.877 17.343 17.112 17.784 18.018 17.857 18.770 18.595 17.414 18.306 19.237 18.320 17.944 19.340 19.440 18.720 18.453 19.430 20.114 20.176 19.752 20.603 21.055 20.694 20.909 21.775 22.037 21.384 21.835 22.989 22.725 22.479 23.147 23.803 23.444 23.413 24.131 24.416 23.561 24.267 25.073 24.701 24.203 25.080 25.314 24.734 24.901 25.580 25.535 25.078 25.555 25.989 25.707 25.714 26.366 26.207 26.251 26.543 26.777
22.726 21.862 21.557 20.969 20.788 20.928 19.721 19.550 19.925 19.166 18.115 19.126 19.708 19.370 19.925 20.265 20.276 20.860 21.435 21.543 21.574 22.604 22.880 22.848 23.332 24.064 23.855 23.971 24.828 25.082 25.132 25.022 25.404 24.985 24.412 23.602 22.712 21.552 20.461 19.102 17.293 16.049 13.996 12.474 10.118 8.480 6.663 5.144 3.946 3.263 1.826 0.689 0.000 0.829 1.370 1.360 1.398 2.078 2.799 2.938 3.437 3.668 4.477 4.712 4.973 5.147 6.101 6.935 6.621 6.943 7.881 8.533 7.834 8.829 9.592 9.528 10.049 10.599 11.382 11.898 13.242 13.515 14.108 15.018 14.713 14.205 14.767 15.383 14.555 13.364 14.798 15.056 13.912 13.701 14.831 14.831 13.621 14.168 14.848 14.972 14.254 15.897 15.756 16.338 17.802 18.234 18.951 18.336 16.563 18.542 18.582 17.321 17.112 19.061 18.378 17.025 18.212 19.158 18.332 17.758 19.403 19.641 18.562 19.168 20.671 20.548 20.343 20.905 22.011 21.546 21.637 22.551 22.985 22.954 22.885 23.648 23.969 23.749 24.210 23.510 23.370 23.569 23.073 22.489 22.033 21.813 20.975 21.081 21.033 20.453 19.814 19.975 19.710 18.770 18.046 18.971 18.405 17.234 17.627 18.297 17.778 16.289 16.389 17.548 16.818 15.497 16.782 17.300 15.801 16.389 17.224 17.356 16.552 16.677 16.784 18.615 18.779 18.827 18.272 19.222 18.502 17.208 17.882 18.062 17.127 16.045 17.590 17.684 16.025 16.405 17.720 17.542 16.824 17.796 18.876 18.399 18.262 19.128 19.829 19.606 19.806 20.706 20.897 20.638 21.624 22.245 22.395 22.360 23.047 23.548 23.370 23.901 24.235 24.281 24.706 24.430 24.055 24.371 24.541 24.058 23.856 23.726 23.646 23.380 23.289 22.793 22.351 22.231 22.050 21.114 21.093 21.127 20.288 19.996 19.983 20.166 19.139 18.953 19.447 18.980 18.404 18.999 19.351 18.600 19.215 20.080 20.082 19.857 19.566 19.973 19.198 19.423 19.990 19.582 18.516 18.950 18.334 17.443 16.777 17.236 16.585 15.818 16.073 16.211 16.709 16.880 16.974 17.968 17.425 16.508 17.411 18.102 17.357 17.427 18.259 18.438 17.653 17.913 18.630 19.078 19.157 19.115 19.875 20.129 19.750 20.482 21.145 21.277 20.927 21.591 22.550 22.286 22.435 23.085 23.560 23.242 23.272 23.960 24.407 23.912 24.088 25.088 24.746 24.413 25.051 25.235 24.891 24.926 25.481 25.465 25.197 25.639 25.761 25.760 25.637 26.313 26.062 26.357 26.450 26.745
22.492 21.736 21.480 20.988 21.127 20.563 19.490 19.165 19.595 18.686 18.094 18.857 19.381 18.996 19.687 20.233 20.123 20.948 21.786 21.514 21.800 22.943 23.339 22.982 23.691 24.460 24.280 24.347 25.027 25.360 25.354 25.424 25.750 25.236 24.761 23.929 23.047 21.998 21.093 19.735 17.562 16.562 14.490 13.466 11.095 9.152 7.433 6.339 4.411 3.733 2.324 1.335 0.651 0.000 0.760 0.995 1.230 1.614 2.085 2.438 3.025 3.041 3.460 3.868 4.292 4.569 5.106 5.698 6.064 6.217 6.815 7.212 7.498 7.644 8.439 8.892 9.020 9.731 10.437 10.867 12.240 12.541 13.175 14.218 13.961 13.287 14.110 14.719 13.879 13.368 14.339 14.725 13.850 13.543 14.168 14.212 13.782 13.729 14.132 14.597 13.796 15.126 15.125 15.942 17.092 17.594 18.859 17.774 16.246 18.164 18.384 16.902 16.867 18.949 18.419 16.933 18.067 19.212 18.319 17.634 19.181 19.515 18.344 18.984 20.224 20.116 19.738 20.858 21.581 20.941 21.277 22.351 22.417 22.286 22.728 23.356 23.390 23.654 23.861 22.901 23.176 23.114 22.676 22.059 21.701 21.612 20.680 20.644 20.857 20.156 19.165 19.508 19.523 18.170 17.646 18.649 18.104 16.850 17.110 18.083 17.508 15.861 16.075 17.163 16.499 15.429 16.432 16.858 15.596 15.533 16.877 16.781 15.671 15.984 16.524 17.930 18.413 18.061 17.805 18.619 18.195 17.003 17.303 17.782 16.827 15.843 17.058 17.107 15.875 16.234 17.292 17.136 16.536 17.527 18.618 17.993 18.146 18.899 19.614 19.284 19.778 20.607 20.629 20.705 21.535 22.217 22.141 22.461 23.088 23.405 23.360 23.977 24.130 24.195 24.443 24.317 23.994 24.216 24.427 24.040 23.650 23.687 23.199 23.388 23.028 22.465 22.157 22.010 21.728 20.857 21.047 20.784 19.938 19.658 19.958 19.771 18.797 18.782 19.283 18.634 17.994 18.746 18.689 18.202 18.868 19.683 19.203 19.197 18.688 19.036 18.796 18.727 19.154 18.839 18.194 18.375 17.719 16.889 16.423 16.733 16.235 15.416 15.747 15.662 16.030 16.463 16.499 17.202 16.932 16.268 17.107 17.497 16.920 16.819 17.863 18.032 17.346 17.413 18.499 19.040 18.950 18.703 19.804 20.170 19.776 20.419 21.102 21.381 21.011 21.619 22.686 22.319 22.355 23.217 23.762 23.442 23.783 24.439 24.645 24.080 24.699 25.221 25.040 24.834 25.465 25.556 25.274 25.507 25.722 25.794 25.590 25.933 26.087 26.076 26.068 26.320 26.328 26.434 26.747 26.746
22.312 21.956 21.586 20.979 21.043 20.856 19.488 19.467 19.673 18.856 18.425 19.322 19.594 19.162 19.798 20.322 20.358 21.017 21.812 21.523 21.794 23.033 23.309 22.765 23.726 24.422 24.434 24.554 25.130 25.506 25.405 25.486 25.882 25.536 25.084 24.312 23.477 22.660 21.446 20.307 18.380 17.209 15.282 13.693 11.845 9.660 7.616 6.779 5.107 4.002 2.523 1.575 1.163 0.567 0.000 0.661 0.954 1.249 1.710 1.886 2.373 2.583 3.068 3.206 3.710 3.982 4.566 4.943 5.147 5.754 6.227 6.341 6.848 7.477 7.729 8.000 8.797 9.160 9.938 10.615 11.755 12.303 13.128 14.190 13.944 13.443 14.114 14.754 13.857 13.385 14.350 14.618 13.311 13.834 14.600 14.185 13.704 14.287 14.665 14.535 14.123 15.671 15.513 16.168 17.126 17.686 18.224 17.759 16.334 17.885 18.112 16.886 17.177 18.493 18.272 16.800 18.090 18.796 17.923 17.750 19.024 19.257 18.209 18.960 20.141 19.801 19.649 20.631 21.213 20.739 21.219 22.127 22.131 22.170 22.813 23.252 23.226 23.882 23.889 22.862 23.305 23.155 23.026 22.100 21.650 21.782 20.921 20.572 20.829 20.393 19.246 19.356 19.498 18.430 17.606 18.551 18.070 16.944 17.182 17.950 17.538 16.064 16.046 17.134 16.496 15.109 16.598 16.973 15.837 15.608 16.920 17.001 16.271 16.261 16.716 18.098 18.416 18.059 17.772 18.516 18.074 16.886 17.268 17.708 16.823 15.895 17.095 17.201 15.814 16.242 17.352 17.396 16.729 17.660 18.666 17.992 18.214 19.042 19.616 19.281 19.884 20.725 20.780 20.658 21.654 22.266 22.091 22.469 23.340 23.308 23.096 23.768 24.212 24.114 24.584 24.562 24.005 24.196 24.611 24.366 23.603 23.918 23.309 23.511 23.399 22.599 22.235 22.320 22.003 21.023 21.358 21.232 20.083 19.991 20.274 20.067 18.940 18.943 19.533 18.673 18.209 18.844 18.915 18.351 18.929 19.808 19.377 19.520 19.026 19.461 19.152 19.057 19.517 19.090 18.306 18.571 17.968 17.139 16.595 16.810 16.273 15.786 15.952 15.852 16.528 16.633 16.674 17.515 17.304 16.265 17.245 17.812 17.210 17.031 18.293 18.352 17.681 17.571 18.624 19.275 19.058 18.814 20.075 20.336 19.852 20.578 21.381 21.575 20.935 21.761 22.710 22.340 22.392 22.877 23.578 23.123 23.540 24.141 24.322 23.665 24.424 25.144 24.671 24.338 25.186 25.345 24.877 25.086 25.651 25.588 25.382 25.665 25.983 25.842 25.855 26.338 26.274 26.261 26.508 26.672
22.552 21.778 21.385 20.828 20.706 20.817 19.512 19.343 19.695 18.840 18.029 18.983 19.299 18.978 19.538 19.850 20.068 20.819 21.374 21.353 21.600 22.836 22.966 22.700 23.566 24.329 24.202 24.387 25.087 25.408 25.335 25.336 25.761 25.390 24.868 24.003 23.184 22.390 21.435 20.255 18.235 17.341 15.495 13.730 12.074 9.895 7.801 6.686 5.441 4.478 2.827 2.006 1.499 0.959 0.550 0.000 0.682 0.948 1.380 1.446 1.886 2.174 2.614 2.811 3.095 3.559 4.060 4.614 4.553 5.035 5.765 6.089 5.858 6.622 7.154 7.157 7.329 8.018 8.660 9.055 10.337 10.819 11.523 12.602 12.759 12.249 12.892 13.482 12.705 12.428 13.381 13.647 12.512 12.662 13.747 12.978 12.550 13.381 13.562 13.186 13.344 14.613 14.735 15.465 16.087 17.063 17.353 16.625 15.934 17.385 16.982 16.115 16.421 17.870 16.882 16.103 17.349 18.238 17.086 16.923 18.495 18.602 17.688 18.460 19.645 19.501 19.292 20.082 20.854 20.554 20.774 21.640 21.996 21.933 22.290 22.794 22.990 23.446 23.426 22.501 22.864 22.837 22.521 21.941 21.172 21.264 20.359 20.020 20.252 19.804 18.727 19.154 18.965 17.936 17.208 17.979 17.553 16.426 16.660 17.263 16.949 15.460 15.469 16.527 15.791 14.724 15.923 16.277 15.116 15.367 16.478 16.325 15.474 15.638 16.075 17.300 17.781 17.619 17.298 18.125 17.316 16.215 16.768 17.080 16.066 15.275 16.569 16.567 15.041 15.760 16.886 16.649 16.113 17.167 18.135 17.392 17.534 18.659 19.101 18.628 19.351 20.283 20.227 20.173 21.237 21.685 21.781 21.953 22.849 23.033 22.953 23.470 23.996 23.989 24.346 24.150 23.538 23.867 24.212 23.894 23.284 23.447 22.910 22.915 22.995 22.039 21.594 21.792 21.491 20.348 20.548 20.655 19.511 19.095 19.500 19.548 18.151 18.164 18.931 18.165 17.337 18.244 18.409 17.649 18.304 19.366 19.059 19.181 18.603 18.655 18.339 18.185 18.702 18.157 17.715 17.812 16.931 16.282 15.814 16.159 15.519 14.922 15.190 15.226 15.626 15.924 16.193 16.895 16.362 15.603 16.873 17.189 16.312 16.361 17.541 17.679 16.755 16.853 17.798 18.624 18.548 18.104 19.314 19.761 19.129 19.745 20.879 20.841 20.147 21.147 22.232 21.711 21.609 22.586 23.232 22.709 22.779 23.822 23.916 23.264 23.998 24.821 24.379 24.060 24.972 25.038 24.592 24.781 25.358 25.134 25.036 25.430 25.674 25.483 25.540 25.995 25.813 25.930 26.337 26.416
22.368 21.560 21.458 20.864 20.490 20.710 19.385 18.979 19.502 18.709 18.073 18.699 19.249 18.941 19.616 19.921 20.135 20.871 21.558 21.561 21.648 22.927 23.422 23.127 23.741 24.561 24.432 24.548 25.194 25.552 25.293 25.476 25.724 25.435 24.675 24.062 23.152 22.258 21.536 20.568 18.713 17.774 16.081 14.855 12.579 11.077 8.953 7.646 6.151 5.231 3.421 2.135 1.700 1.422 1.043 0.573 0.000 0.752 1.206 1.353 1.686 1.893 2.663 2.711 2.861 3.297 3.979 4.247 4.378 4.726 5.454 5.785 5.636 6.141 6.901 7.289 7.303 7.901 8.721 9.077 10.251 10.714 11.382 12.554 12.633 11.852 12.752 13.578 12.995 12.146 13.286 13.492 12.373 12.449 13.343 12.998 12.312 13.001 13.484 13.625 13.175 14.508 14.715 15.387 16.757 17.388 18.146 17.488 16.020 17.486 17.699 16.214 16.447 18.158 17.370 16.281 17.481 18.431 17.207 17.069 18.707 18.843 17.645 18.690 20.004 19.821 19.607 20.594 21.329 20.829 21.165 22.122 22.307 22.185 22.488 23.214 23.260 23.514 23.702 22.777 23.044 23.045 22.703 22.086 21.574 21.470 20.482 20.462 20.608 20.012 18.966 19.452 19.210 17.966 17.330 18.384 17.615 16.470 16.806 17.509 16.854 15.328 15.522 16.464 15.625 14.713 15.748 16.241 15.061 15.251 16.300 16.267 15.576 15.561 15.873 17.109 17.554 17.453 17.087 17.911 17.268 16.114 16.565 16.965 16.080 15.141 16.472 16.618 15.209 15.725 16.888 16.826 16.258 17.176 18.169 17.724 17.829 18.745 19.297 19.170 19.747 20.453 20.484 20.509 21.543 21.995 22.272 22.376 22.967 23.347 23.286 23.806 23.879 24.036 24.422 24.158 23.840 24.077 24.071 23.843 23.490 23.405 23.151 23.126 23.059 22.373 21.964 21.810 21.718 20.743 20.728 20.610 19.818 19.520 19.509 19.535 18.543 18.316 18.748 18.219 17.594 18.115 18.243 17.580 18.233 19.040 18.858 18.785 18.368 18.579 18.223 18.301 18.608 18.236 17.525 17.817 17.275 16.481 15.952 16.143 15.479 14.858 15.007 15.241 15.642 15.821 16.106 16.914 16.276 15.639 16.674 17.108 16.432 16.377 17.555 17.591 16.925 17.111 18.107 18.686 18.475 18.563 19.621 19.948 19.474 20.163 21.018 21.231 20.921 21.617 22.639 22.204 22.221 23.126 23.517 23.280 23.520 24.046 24.287 23.889 24.352 24.770 24.841 24.435 25.099 25.135 24.966 25.085 25.216 25.299 25.380 25.514 25.484 25.615 25.669 25.960 25.830 26.090 26.323 26.490
22.123 21.781 21.914 20.820 20.963 20.759 19.645 19.200 19.493 18.919 18.336 19.013 19.446 19.149 19.643 20.139 20.204 20.991 21.699 21.492 21.837 23.037 23.346 23.189 23.985 24.597 24.641 24.961 25.371 25.746 25.532 25.711 26.015 25.588 25.164 24.275 23.560 22.742 21.943 21.071 19.213 18.133 16.474 15.191 13.100 11.275 9.258 8.191 6.337 5.384 3.767 2.856 1.938 1.684 1.363 1.029 0.595 0.000 0.810 1.055 1.471 1.574 2.013 2.357 2.539 2.827 3.325 3.744 3.719 4.208 4.451 4.839 5.373 5.691 5.855 6.317 6.905 7.268 7.940 8.531 9.663 10.397 11.340 12.360 12.388 11.807 12.714 13.477 12.485 11.961 13.317 13.715 12.245 12.372 13.395 13.129 12.633 13.107 13.656 13.627 13.045 14.831 14.548 14.954 15.916 17.006 17.738 16.649 15.928 17.504 17.328 16.424 16.645 18.072 17.697 16.451 17.622 18.447 17.473 17.392 18.653 18.833 18.013 18.669 19.803 19.653 19.485 20.385 20.918 20.395 20.959 21.802 21.790 21.914 22.462 23.062 22.917 23.583 23.499 22.360 23.002 22.876 22.771 21.856 21.433 21.508 20.406 20.167 20.572 20.158 19.137 19.256 19.375 18.313 17.728 18.377 17.871 16.756 17.038 17.691 17.182 15.708 15.434 16.566 15.941 14.764 15.869 16.390 15.446 15.032 16.417 16.392 15.601 15.679 16.095 17.364 17.577 17.504 17.154 18.016 17.439 16.538 16.792 17.235 16.432 15.725 16.667 16.756 15.519 16.181 17.045 17.081 16.529 17.511 18.450 17.948 18.076 18.872 19.399 19.177 19.614 20.429 20.319 20.489 21.257 22.034 21.587 22.025 22.918 23.141 22.767 23.461 24.053 23.834 24.160 24.292 23.587 23.881 24.319 24.075 23.301 23.675 23.014 23.280 22.959 22.174 21.936 22.110 21.590 20.678 21.131 20.690 19.761 19.588 19.977 19.640 18.653 18.545 19.099 18.244 17.655 18.428 18.368 17.735 18.402 19.239 18.767 18.878 18.387 18.780 18.246 18.336 18.609 18.304 17.670 17.863 17.356 16.666 16.082 16.216 15.703 15.233 15.418 15.580 16.030 16.171 16.302 17.039 16.635 15.982 16.823 17.212 16.787 16.775 17.780 17.831 17.330 17.369 18.312 18.885 18.659 18.554 19.685 19.856 19.607 20.189 20.887 21.084 20.745 21.357 22.399 21.889 22.084 22.799 23.420 22.832 23.330 24.048 24.117 23.418 24.319 24.876 24.489 24.319 24.923 25.020 24.769 24.978 25.110 25.322 25.274 25.264 25.678 25.476 25.561 26.047 26.050 26.067 26.132 26.571
22.361 22.097 21.804 20.656 20.727 20.729 19.725 19.300 19.390 19.003 18.504 18.990 19.405 19.143 19.822 20.165 20.368 21.083 21.837 21.710 21.909 23.197 23.494 23.256 23.928 24.789 24.630 24.714 25.390 25.649 25.653 25.674 25.938 25.811 25.264 24.607 23.871 22.973 22.285 21.268 19.404 18.469 16.828 15.166 13.508 11.797 9.944 9.374 7.570 6.374 4.970 4.120 3.230 2.165 2.080 1.733 1.125 0.562 0.000 0.800 1.123 1.388 1.737 1.624 2.102 2.733 2.921 3.316 4.003 4.289 4.680 4.723 5.304 5.844 5.910 6.255 6.800 7.231 7.828 8.584 9.383 9.896 10.757 11.986 11.644 11.447 12.211 12.819 12.021 11.873 12.830 12.882 11.628 12.223 13.206 12.401 12.196 13.093 13.226 13.194 13.109 14.613 14.302 15.057 16.001 16.472 17.073 16.288 15.548 16.919 16.772 15.605 16.227 17.477 16.952 15.988 17.140 17.986 16.881 17.010 18.315 18.347 17.501 18.371 19.363 19.168 19.159 20.023 20.461 20.274 20.766 21.527 21.577 21.664 22.167 22.672 22.698 23.482 23.092 22.335 22.964 22.526 22.412 21.781 21.277 21.324 20.450 20.003 20.362 20.004 18.754 19.077 19.071 18.007 17.127 17.957 17.639 16.529 16.591 17.305 16.984 15.586 15.442 16.379 15.728 14.548 15.582 16.242 15.074 14.848 16.031 15.960 15.606 15.363 15.878 16.819 17.525 17.272 16.833 17.802 16.987 16.052 16.597 16.885 15.944 15.282 16.442 16.538 15.231 15.923 16.961 16.853 16.302 17.274 18.288 17.627 17.760 18.730 19.269 18.879 19.608 20.504 20.383 20.371 21.348 21.864 21.859 22.177 22.958 23.016 22.908 23.390 23.743 23.825 24.117 24.150 23.539 23.811 24.122 23.960 23.292 23.457 22.751 22.981 23.035 22.132 21.678 21.845 21.551 20.625 20.876 20.808 19.711 19.386 19.721 19.684 18.450 18.303 18.974 18.133 17.527 18.184 18.231 17.642 18.202 19.031 18.564 18.783 18.365 18.361 18.210 17.969 18.377 17.913 17.336 17.503 16.871 16.338 15.622 15.906 15.414 14.748 15.003 15.083 15.585 15.848 15.810 16.819 16.429 15.373 16.566 17.158 16.569 16.380 17.719 17.815 17.190 17.059 18.156 18.818 18.598 18.384 19.628 19.923 19.617 20.084 21.012 21.218 20.727 21.455 22.433 22.043 22.086 22.783 23.316 22.912 23.155 23.829 24.061 23.536 23.988 24.675 24.546 24.154 24.839 25.032 24.846 24.870 25.194 25.196 25.220 25.340 25.708 25.591 25.672 25.984 25.889 26.042 26.292 26.494
22.746 21.681 21.728 20.876 20.629 20.750 19.584 19.269 19.383 18.682 17.735 18.675 19.143 18.639 19.298 19.556 19.868 20.510 21.227 21.444 21.589 22.805 23.136 23.026 23.685 24.383 24.406 24.547 25.174 25.468 25.405 25.335 25.495 25.388 24.914 24.428 23.678 22.859 22.205 21.157 19.627 18.536 16.535 15.424 13.503 11.735 10.040 9.331 8.000 6.757 5.482 4.347 3.673 2.933 2.389 2.049 1.502 1.115 0.607 0.000 0.628 1.016 1.342 1.175 1.235 1.829 1.988 2.264 2.578 2.875 3.151 3.353 3.292 3.867 4.478 4.625 4.778 5.529 6.175 6.366 7.632 8.388 9.041 10.429 10.752 10.037 11.224 11.899 11.228 10.712 12.034 11.914 10.828 11.227 12.163 11.693 11.317 12.221 12.166 12.500 12.510 13.684 13.635 14.099 15.121 15.881 16.045 15.441 14.850 16.418 15.956 15.060 15.508 16.960 16.111 15.273 16.665 17.345 16.343 16.262 17.919 17.865 16.962 17.986 19.165 18.983 18.870 19.649 20.426 20.080 20.339 21.225 21.590 21.421 21.733 22.406 22.440 23.108 22.942 22.333 22.467 22.398 22.179 21.481 20.895 20.843 19.923 19.757 19.952 19.447 18.479 18.894 18.588 17.643 16.836 17.674 17.178 16.094 16.337 16.974 16.359 14.976 14.839 15.865 14.882 13.846 15.015 15.440 14.348 14.296 15.479 15.381 14.607 14.755 15.142 16.286 16.749 16.519 16.374 17.090 16.531 15.496 15.895 16.397 15.539 14.775 15.953 16.072 14.693 15.480 16.403 16.358 15.953 16.969 17.785 17.231 17.328 18.295 18.811 18.661 19.171 19.947 20.065 20.071 20.910 21.408 21.709 21.633 22.364 22.720 22.583 23.107 23.398 23.336 24.002 23.719 23.225 23.476 23.828 23.526 22.958 22.996 22.525 22.518 22.711 21.796 21.258 21.359 21.125 20.174 20.200 20.244 19.232 18.869 19.120 19.070 17.873 17.703 18.390 17.675 16.929 17.546 17.531 16.900 17.555 18.435 17.876 18.317 17.581 17.616 17.403 17.266 17.546 17.234 16.817 17.014 16.113 15.502 15.039 15.276 14.607 14.299 14.512 14.642 14.950 15.106 15.516 16.210 15.642 15.147 16.330 16.506 15.818 15.817 17.061 17.132 16.411 16.470 17.431 18.203 18.120 17.944 19.093 19.436 19.147 19.537 20.544 20.623 20.227 20.935 21.967 21.562 21.710 22.485 22.852 22.482 22.588 23.483 23.498 23.011 23.655 24.116 23.903 23.555 24.292 24.116 23.956 24.159 24.362 24.336 24.503 24.692 24.634 24.643 24.926 25.161 24.974 25.152 25.403 25.620
22.357 21.599 21.592 20.942 20.664 20.414 19.264 19.003 19.365 18.532 17.973 18.907 19.230 18.859 19.780 20.190 20.124 20.927 21.882 21.705 21.782 23.176 23.569 23.489 24.191 24.900 24.867 24.990 25.523 25.858 25.696 26.015 26.130 26.018 25.364 24.850 24.274 23.515 22.809 22.094 20.337 19.188 17.468 16.398 14.253 12.733 10.973 9.837 8.579 7.671 5.930 4.832 4.057 3.678 2.956 2.226 1.742 1.363 0.998 0.545 0.000 0.611 0.908 0.938 0.973 1.109 1.517 1.662 1.741 1.875 2.223 2.558 2.478 2.821 3.296 3.647 3.702 4.309 5.089 5.525 6.994 7.816 8.355 9.901 10.266 9.591 10.741 11.541 10.701 10.363 11.557 11.772 10.685 10.747 11.765 11.556 10.822 11.847 12.140 12.031 12.221 13.524 13.499 14.059 14.899 15.856 16.725 15.743 15.206 16.217 16.457 15.424 15.484 17.038 16.582 15.743 16.707 17.656 16.623 16.516 18.196 18.020 17.157 18.203 19.377 19.192 19.051 20.098 20.695 20.294 20.689 21.546 21.776 21.647 22.113 22.725 22.710 23.421 23.234 22.321 22.772 22.536 22.369 21.681 21.279 21.216 20.087 19.982 20.302 19.734 18.481 18.969 18.829 17.653 16.940 17.895 17.306 16.139 16.315 17.247 16.445 14.989 14.878 15.799 14.912 13.979 14.860 15.312 14.420 14.323 15.228 15.294 14.497 14.449 14.948 16.000 16.500 16.343 16.005 16.978 16.418 15.380 15.706 16.275 15.302 14.623 15.797 16.080 14.774 15.281 16.458 16.405 15.725 16.940 17.897 17.434 17.451 18.472 19.125 18.871 19.405 20.192 20.168 20.245 21.160 21.815 21.978 21.997 22.674 23.122 22.948 23.496 23.537 23.744 23.969 23.820 23.503 23.762 23.912 23.640 23.149 23.223 22.751 22.885 22.825 22.085 21.588 21.563 21.261 20.398 20.497 20.355 19.395 19.018 19.216 19.072 18.210 17.780 18.308 17.626 17.099 17.472 17.327 16.853 17.475 18.219 17.748 17.678 17.319 17.384 17.052 16.871 17.320 16.893 16.463 16.642 16.111 15.428 14.972 15.206 14.757 14.252 14.477 14.731 14.831 15.082 15.308 16.066 15.632 14.999 16.048 16.486 15.900 15.776 16.905 17.255 16.603 16.597 17.500 18.226 18.282 18.034 19.108 19.643 19.402 19.662 20.707 21.118 20.668 21.362 22.386 22.048 21.949 23.175 23.482 23.214 23.320 23.857 24.120 23.740 24.123 24.423 24.521 24.236 24.531 24.711 24.620 24.718 24.705 24.844 25.028 25.024 25.019 25.086 25.176 25.406 25.280 25.556 25.848 25.952
22.328 22.266 22.285 21.186 21.149 20.680 19.708 19.765 19.513 19.036 18.684 19.350 19.842 19.445 19.909 20.161 20.322 21.199 21.912 21.789 22.074 23.532 23.652 23.481 24.271 24.872 24.950 24.978 25.453 25.860 25.661 25.909 26.039 25.952 25.448 24.915 24.518 23.867 23.247 22.306 20.688 19.447 17.848 16.349 14.423 12.606 10.873 9.924 8.384 7.974 6.213 4.970 4.121 3.506 3.277 2.764 1.875 1.491 1.240 0.876 0.513 0.000 0.607 0.725 0.792 0.874 1.179 1.430 1.509 1.648 1.787 2.033 2.074 2.405 2.667 2.930 3.300 3.798 4.253 5.135 6.335 7.101 8.253 9.644 9.760 9.567 10.693 11.434 10.504 10.029 11.554 11.415 10.561 10.667 11.598 11.177 10.876 11.900 11.959 12.316 12.181 13.713 13.182 13.805 14.642 15.508 16.057 15.280 15.052 16.156 16.079 15.299 15.766 16.894 16.323 15.699 16.812 17.381 16.620 16.851 17.908 17.891 17.341 18.114 19.036 18.823 18.780 19.789 20.251 19.824 20.423 21.181 21.451 21.409 21.906 22.337 22.498 23.015 22.995 22.089 22.549 22.336 22.276 21.449 21.080 21.158 20.153 19.626 20.147 19.947 18.632 18.758 18.855 18.024 17.071 17.769 17.324 16.372 16.460 17.066 16.509 15.303 14.778 15.776 15.063 14.127 15.026 15.432 14.741 14.185 15.362 15.395 14.377 14.606 15.223 16.028 16.520 16.034 16.084 16.881 16.308 15.502 15.857 16.279 15.767 14.973 15.901 16.191 15.098 15.702 16.570 16.738 16.245 17.127 18.161 17.572 17.594 18.566 19.113 18.744 19.354 20.311 20.035 20.121 20.956 21.672 21.306 21.746 22.616 22.840 22.535 23.048 23.627 23.483 23.758 23.834 23.236 23.460 23.847 23.587 22.913 23.206 22.612 22.675 22.742 21.877 21.554 21.662 21.326 20.388 20.633 20.307 19.437 19.113 19.423 19.120 18.314 17.968 18.494 17.705 17.167 17.729 17.645 17.114 17.505 18.341 17.618 17.885 17.633 17.459 17.265 17.043 17.031 16.849 16.565 16.494 16.007 15.348 14.976 15.193 14.650 14.141 14.678 14.696 15.242 15.416 15.428 16.448 16.258 15.304 16.302 16.863 16.471 16.363 17.437 17.541 17.066 16.912 17.881 18.425 18.343 18.102 19.318 19.551 19.424 19.818 20.651 20.928 20.554 21.095 22.212 21.693 21.737 22.660 23.156 22.639 22.880 23.599 23.865 23.252 23.952 24.485 24.106 24.007 24.448 24.676 24.394 24.561 24.927 24.820 24.843 25.085 25.273 25.138 25.106 25.566 25.426 25.454 25.777 25.945
21.952 21.536 21.306 20.638 20.795 20.305 19.451 19.233 19.562 18.759 18.269 19.136 19.583 19.232 19.838 20.340 20.554 21.293 22.014 22.057 22.151 23.336 23.751 23.487 24.113 24.841 24.746 24.877 25.412 25.771 25.602 25.662 25.936 25.861 25.485 24.985 24.446 23.809 23.071 22.387 20.384 19.620 17.698 16.168 14.577 12.943 11.005 10.131 8.660 7.646 6.245 5.314 4.425 3.839 3.331 2.957 2.455 1.809 1.334 1.090 0.740 0.517 0.000 0.618 0.673 0.850 0.891 1.090 1.404 1.494 1.645 1.796 1.981 2.137 2.467 2.567 3.003 3.566 4.154 4.768 6.050 6.977 7.775 9.325 9.547 9.224 10.255 11.103 10.182 9.810 11.098 11.123 10.527 10.717 11.794 11.261 11.327 12.042 12.256 12.411 12.199 13.662 13.486 13.952 14.861 15.653 16.269 15.335 14.761 16.289 16.282 14.961 15.500 17.004 16.421 15.483 16.614 17.542 16.615 16.573 18.010 18.026 17.329 18.122 19.243 19.060 18.864 19.891 20.332 20.004 20.457 21.264 21.466 21.481 21.978 22.412 22.401 23.195 22.961 22.174 22.605 22.596 22.522 21.492 21.008 21.246 20.131 19.798 20.279 19.821 18.555 18.909 19.000 17.928 17.093 17.855 17.342 16.354 16.494 17.022 16.523 15.298 14.962 15.810 15.157 13.857 14.925 15.339 14.273 14.063 15.208 15.135 14.483 14.599 14.868 15.951 16.516 16.172 16.026 16.869 16.348 15.327 15.716 16.327 15.385 14.851 16.029 16.231 14.990 15.719 16.654 16.710 16.113 17.237 18.032 17.588 17.665 18.584 19.178 18.859 19.492 20.422 20.177 20.316 21.245 21.891 21.649 21.893 22.875 23.080 22.770 23.297 23.641 23.707 24.200 24.008 23.289 23.681 24.063 23.799 22.874 23.448 22.729 22.840 22.830 21.885 21.515 21.810 21.276 20.302 20.616 20.587 19.353 19.036 19.541 19.318 18.063 17.964 18.718 17.807 17.145 17.702 17.602 16.961 17.540 18.637 17.937 18.153 17.499 17.487 17.067 17.026 17.109 16.841 16.304 16.396 15.795 15.282 14.770 15.091 14.408 14.291 14.529 14.539 14.968 15.122 15.422 16.328 15.790 14.975 16.189 16.744 16.193 16.019 17.280 17.474 16.892 16.748 17.819 18.437 18.320 18.141 19.235 19.659 19.388 19.843 20.792 20.948 20.454 21.360 22.241 21.823 21.892 22.555 23.335 22.835 22.878 23.725 23.887 23.461 23.871 24.582 24.207 23.992 24.644 24.791 24.481 24.671 25.107 24.996 24.993 25.196 25.470 25.308 25.427 25.800 25.660 25.733 26.091 26.224
22.514 21.550 21.514 20.697 20.618 20.556 19.293 19.050 19.410 18.693 17.681 18.768 19.337 18.866 19.347 19.676 19.953 20.472 21.216 21.407 21.362 22.723 23.129 22.973 23.574 24.472 24.443 24.534 25.321 25.622 25.671 25.651 25.823 25.790 25.227 24.933 24.324 23.702 23.285 22.346 20.673 19.690 17.963 16.598 14.718 13.040 11.227 10.163 8.911 7.798 6.442 5.416 4.994 4.167 3.474 3.103 2.580 2.144 1.540 1.199 0.854 0.704 0.508 0.000 0.603 0.685 0.765 0.807 1.026 1.254 1.305 1.548 1.612 1.739 2.125 2.334 2.570 2.946 3.590 4.140 5.394 6.574 7.219 8.867 9.407 8.917 9.789 10.524 10.083 9.466 10.786 11.265 9.931 10.525 11.367 11.061 10.424 11.783 11.765 11.804 12.134 13.458 13.561 14.086 15.364 15.870 16.168 15.341 14.643 16.184 15.971 14.894 15.181 16.743 16.059 15.138 16.321 17.383 16.235 16.190 17.811 17.845 16.805 17.810 19.066 18.729 18.765 19.504 20.301 19.818 20.077 20.986 21.341 21.176 21.517 22.207 22.263 22.683 22.676 22.002 22.290 22.144 21.981 21.167 20.753 20.654 19.674 19.486 19.647 19.249 18.135 18.612 18.372 17.332 16.689 17.380 16.891 15.794 16.056 16.599 15.929 14.590 14.371 15.460 14.439 13.537 14.446 14.980 13.844 13.988 14.884 14.980 14.265 14.131 14.408 15.715 16.063 15.966 15.517 16.417 15.814 15.025 15.200 15.697 14.903 14.385 15.352 15.696 14.612 15.021 16.031 16.037 15.558 16.592 17.441 17.118 17.075 17.971 18.559 18.397 19.011 19.680 19.779 19.849 20.742 21.103 21.390 21.310 22.137 22.454 22.463 22.876 23.162 23.057 23.736 23.367 23.002 23.115 23.435 23.084 22.710 22.586 22.286 22.010 22.254 21.487 21.034 21.083 20.889 19.785 19.846 19.842 18.944 18.449 18.647 18.624 17.528 17.312 17.797 17.189 16.520 16.917 17.007 16.326 16.910 17.812 17.658 17.610 17.059 17.198 16.539 16.636 17.074 16.517 15.978 16.344 15.709 14.898 14.463 14.805 13.942 13.830 14.060 14.357 14.634 14.691 15.008 15.879 15.150 14.758 15.916 16.031 15.621 15.708 16.729 16.764 16.106 16.165 17.222 17.656 17.746 17.781 18.790 19.053 18.830 19.337 20.197 20.387 20.086 20.724 21.890 21.467 21.414 22.518 22.779 22.523 22.434 23.303 23.350 23.201 23.517 23.969 23.669 23.567 24.051 24.063 23.962 23.986 24.441 24.231 24.409 24.678 24.630 24.758 24.614 25.005 25.012 25.181 25.493 25.680
21.697 21.144 21.102 20.868 20.830 20.300 19.418 19.219 19.567 18.935 18.172 19.488 19.785 19.400 20.051 20.696 20.700 21.288 22.033 21.997 22.415 23.272 23.697 23.597 24.244 24.859 24.870 24.885 25.329 25.647 25.640 25.799 25.917 25.785 25.491 24.903 24.597 23.888 23.458 22.777 20.986 20.051 18.161 17.057 15.032 13.257 11.377 10.529 9.108 8.258 6.736 5.711 5.021 4.541 3.801 3.191 2.708 2.432 1.805 1.200 0.977 0.813 0.724 0.545 0.000 0.590 0.759 0.823 0.912 1.009 1.234 1.356 1.378 1.625 2.052 2.233 2.450 3.026 3.543 3.884 5.345 6.234 7.058 8.897 9.076 8.608 9.820 10.823 9.815 9.261 10.838 11.125 9.853 10.299 11.051 10.662 9.859 11.441 11.891 11.101 11.734 13.232 12.678 13.468 14.156 14.976 15.566 14.817 14.377 15.635 15.529 14.670 15.107 16.561 15.864 15.232 16.248 17.135 16.215 16.326 17.793 17.647 17.014 17.781 19.071 18.778 18.561 19.804 20.352 19.993 20.298 21.239 21.532 21.290 21.820 22.307 22.567 23.138 23.033 22.245 22.495 22.488 22.236 21.562 21.219 21.118 19.927 19.792 20.171 19.610 18.341 18.774 18.739 17.543 16.968 17.642 17.117 16.111 16.255 16.921 16.215 14.908 14.613 15.500 14.710 13.608 14.555 15.021 14.167 13.801 14.845 14.994 13.998 14.340 14.701 15.671 16.163 15.967 15.739 16.581 16.235 15.211 15.465 16.084 15.238 14.536 15.679 16.006 14.718 15.410 16.259 16.430 15.828 16.867 17.838 17.311 17.390 18.205 19.000 18.583 19.208 20.057 20.080 19.878 20.889 21.562 21.685 21.615 22.341 22.834 22.612 23.021 23.360 23.475 23.760 23.687 23.239 23.435 23.778 23.479 23.023 23.076 22.533 22.807 22.746 21.922 21.514 21.630 21.188 20.347 20.617 20.405 19.224 19.001 19.319 18.980 17.989 17.803 18.340 17.476 16.834 17.461 17.112 16.500 17.177 18.034 17.264 17.498 16.902 16.876 16.480 16.553 16.491 16.573 16.018 16.068 15.530 14.859 14.540 14.752 14.291 13.799 14.232 14.291 14.684 14.881 14.931 15.849 15.321 14.943 15.864 16.201 15.693 15.699 16.741 16.895 16.435 16.510 17.319 18.125 18.030 17.823 18.842 19.447 19.213 19.344 20.543 20.779 20.300 20.862 22.093 21.723 21.572 22.624 22.991 22.821 22.823 23.386 23.623 23.314 23.694 24.081 23.913 23.743 24.136 24.172 24.169 24.340 24.470 24.499 24.531 24.747 24.855 24.776 24.996 25.150 25.040 25.387 25.545 25.776
22.577 21.988 21.486 20.784 20.795 20.372 19.388 19.264 19.688 18.981 18.430 19.276 19.630 18.985 19.773 20.082 20.228 20.926 21.843 21.675 21.937 23.229 23.451 23.388 24.020 24.579 24.793 24.716 25.262 25.634 25.587 25.824 25.920 25.969 25.470 25.100 24.700 24.161 23.603 22.851 21.161 20.121 18.370 16.897 15.258 13.384 11.657 10.971 9.307 8.829 7.144 5.961 5.265 4.722 3.907 3.500 2.830 2.323 2.002 1.617 1.067 0.898 0.804 0.713 0.502 0.000 0.558 0.667 0.735 0.818 0.933 1.135 1.181 1.331 1.567 1.835 2.237 2.737 3.279 3.711 5.064 6.120 7.211 8.954 8.935 8.553 9.882 10.626 9.788 9.484 10.901 10.774 10.183 10.858 11.513 10.897 11.202 11.997 12.136 11.840 12.537 13.257 13.295 13.747 14.661 15.304 15.882 15.077 14.573 15.868 15.752 14.740 15.355 16.409 15.709 15.160 16.264 16.853 15.948 16.373 17.580 17.451 16.752 17.646 18.769 18.496 18.414 19.401 19.886 19.418 20.040 20.824 21.031 21.061 21.574 22.019 22.149 22.759 22.628 21.872 22.271 22.090 21.971 21.273 20.845 20.860 19.938 19.222 19.758 19.637 18.073 18.504 18.574 17.772 16.738 17.422 17.049 16.111 16.253 16.772 16.291 15.096 14.639 15.623 14.850 13.843 14.638 15.180 14.556 13.897 14.952 15.193 14.399 14.722 15.093 15.790 16.305 16.018 16.002 16.613 15.965 15.346 15.765 15.992 15.437 14.685 15.744 15.945 14.836 15.435 16.369 16.360 15.733 16.641 17.791 17.106 17.080 18.186 18.805 18.216 18.980 19.974 19.670 19.841 20.665 21.358 21.147 21.436 22.284 22.426 22.309 22.743 23.387 23.200 23.514 23.583 22.871 23.160 23.549 23.314 22.648 22.855 22.292 22.444 22.397 21.589 21.134 21.367 21.082 20.037 20.336 20.174 19.043 18.742 19.175 18.852 17.796 17.668 18.225 17.393 16.856 17.482 17.396 16.838 17.295 18.139 17.521 17.782 17.432 17.229 16.943 16.775 16.719 16.602 16.155 16.147 15.528 14.912 14.513 14.910 14.509 13.673 14.325 14.099 14.706 15.118 14.893 16.049 15.953 14.780 15.947 16.481 16.069 15.742 16.847 17.100 16.579 16.346 17.413 18.025 17.989 17.578 18.773 19.222 19.026 19.207 20.248 20.582 20.051 20.765 21.845 21.430 21.369 22.273 22.858 22.407 22.631 23.218 23.528 23.033 23.651 24.200 23.761 23.753 24.274 24.490 24.137 24.458 24.764 24.640 24.715 25.062 25.257 25.027 25.143 25.574 25.348 25.502 25.853 26.050
22.654 21.678 21.638 20.935 21.110 20.637 19.525 19.378 19.889 19.045 18.066 19.135 19.765 19.198 19.593 20.226 20.557 21.023 21.656 21.809 21.943 23.015 23.409 23.282 23.869 24.540 24.561 24.716 25.222 25.545 25.477 25.531 25.721 25.675 25.210 24.743 24.381 23.695 23.394 22.605 20.709 19.985 18.102 16.608 14.992 13.212 11.401 10.685 9.269 8.555 6.966 5.917 5.137 4.863 4.286 3.701 3.145 2.562 2.091 1.675 1.377 1.106 0.981 0.785 0.653 0.504 0.000 0.548 0.658 0.688 0.663 0.789 0.978 1.079 1.336 1.558 1.902 2.266 2.913 3.387 4.519 5.791 6.798 8.344 8.771 8.270 9.213 10.028 9.602 9.105 10.266 10.616 10.002 9.841 11.220 11.043 10.795 11.698 11.799 11.873 11.857 13.067 13.148 13.468 14.472 15.059 15.875 14.793 14.352 15.844 15.564 14.458 15.044 16.662 16.014 15.242 16.406 17.248 16.320 16.442 17.833 17.744 17.092 18.066 19.116 18.805 18.653 19.575 20.241 19.914 20.325 20.920 21.164 21.343 21.573 22.095 22.193 22.762 22.608 22.007 22.387 22.316 22.279 21.406 20.752 20.928 20.058 19.658 19.965 19.647 18.521 18.894 18.736 17.775 17.083 17.585 17.295 16.364 16.426 16.707 16.340 15.135 14.808 15.606 14.832 13.727 14.709 15.075 13.960 13.657 14.916 14.866 13.977 14.203 14.520 15.615 16.291 15.993 15.862 16.763 16.086 15.247 15.605 16.137 15.272 14.756 15.861 16.029 14.778 15.746 16.554 16.555 16.127 17.253 17.947 17.631 17.747 18.623 19.019 18.892 19.448 20.273 20.238 20.266 21.153 21.476 21.723 21.715 22.712 22.829 22.666 23.143 23.545 23.399 23.922 23.754 23.235 23.364 23.676 23.452 22.796 22.953 22.472 22.424 22.606 21.745 21.246 21.525 21.220 20.246 20.201 20.382 19.345 18.865 19.344 19.287 17.959 17.806 18.590 17.768 16.920 17.513 17.594 16.843 17.352 18.398 17.780 18.082 17.383 17.207 16.827 16.753 16.813 16.557 16.022 16.103 15.526 14.841 14.490 14.949 14.118 13.984 14.259 14.174 14.836 14.968 15.151 16.291 15.583 15.000 16.283 16.660 15.958 15.838 17.239 17.333 16.675 16.651 17.621 18.439 18.332 18.343 19.259 19.665 19.409 19.704 20.670 21.030 20.434 21.117 22.297 21.948 21.754 22.743 23.255 22.766 22.868 23.687 23.690 23.327 23.817 24.372 23.995 23.852 24.452 24.422 24.282 24.477 24.823 24.650 24.802 25.087 25.022 25.010 25.208 25.481 25.350 25.373 25.845 25.865
22.408 21.874 21.600 21.046 21.100 20.663 19.507 19.462 19.972 19.165 18.189 19.446 19.868 19.362 19.957 20.486 20.510 21.068 21.836 21.850 21.896 23.146 23.552 23.419 24.083 24.502 24.547 24.769 25.221 25.555 25.531 25.591 25.831 25.829 25.327 24.991 24.548 23.881 23.725 22.954 21.306 20.509 18.831 17.695 15.705 13.943 12.201 11.204 9.748 9.050 7.510 6.187 5.429 5.155 4.574 3.793 3.364 2.903 2.242 1.817 1.466 1.342 1.043 0.860 0.764 0.608 0.500 0.000 0.542 0.663 0.623 0.675 0.750 0.968 1.178 1.350 1.732 2.105 2.853 3.172 4.489 5.692 6.601 8.432 8.796 8.279 9.287 10.470 9.523 9.007 10.342 10.902 9.668 10.104 10.983 10.753 10.538 11.710 11.926 11.743 12.230 13.518 13.345 14.044 14.686 15.235 16.004 15.011 14.533 15.848 15.933 14.561 15.077 16.973 16.171 15.362 16.565 17.670 16.348 16.466 18.060 18.096 17.062 18.170 19.408 19.107 19.014 19.901 20.510 20.053 20.481 21.227 21.409 21.418 21.894 22.264 22.250 22.804 22.872 22.155 22.491 22.420 22.343 21.689 21.139 21.166 20.262 20.025 20.231 19.859 18.675 19.180 19.015 17.915 17.242 17.924 17.394 16.243 16.477 17.091 16.331 15.040 14.710 15.747 14.716 13.566 14.557 15.027 14.023 13.657 14.836 14.738 14.309 14.209 14.562 15.599 16.184 16.066 15.584 16.686 16.210 15.150 15.480 16.231 15.256 14.596 15.810 16.141 14.765 15.493 16.623 16.685 15.979 17.194 18.174 17.772 17.735 18.693 19.306 19.142 19.720 20.384 20.489 20.448 21.341 21.668 21.871 22.028 22.665 22.881 22.867 23.261 23.383 23.426 23.805 23.569 23.453 23.406 23.642 23.340 22.985 22.901 22.529 22.632 22.581 21.959 21.528 21.667 21.373 20.423 20.567 20.482 19.555 19.189 19.452 19.329 18.220 17.987 18.477 17.702 17.070 17.475 17.308 16.778 17.391 18.270 17.630 17.634 17.080 17.019 16.658 16.405 16.718 16.468 15.716 15.968 15.482 14.853 14.570 14.900 14.417 14.092 14.257 14.570 14.819 14.984 15.222 16.033 15.634 15.110 16.123 16.451 16.215 16.085 17.079 17.390 16.840 16.855 17.748 18.403 18.652 18.373 19.351 19.781 19.538 19.818 20.836 21.173 20.721 21.213 22.215 22.046 21.983 22.875 23.186 22.798 22.990 23.527 23.606 23.357 23.790 24.060 23.900 23.862 24.307 24.237 24.153 24.429 24.622 24.478 24.713 24.862 24.850 24.884 25.060 25.192 25.104 25.322 25.669 25.722
22.086 21.827 21.499 21.105 21.169 20.636 19.454 19.179 19.769 18.877 18.436 19.206 19.660 19.191 19.756 20.286 20.511 21.207 21.845 21.877 22.243 23.212 23.522 23.557 24.091 24.596 24.791 24.807 25.209 25.536 25.596 25.677 25.737 25.752 25.266 24.872 24.559 23.864 23.549 22.861 21.268 20.295 18.680 17.624 15.715 13.991 12.261 11.265 9.680 9.096 7.703 6.324 5.592 5.193 4.417 3.920 3.432 2.847 2.336 1.999 1.477 1.336 1.289 1.010 0.741 0.658 0.662 0.499 0.000 0.543 0.580 0.602 0.632 0.784 1.020 1.193 1.452 1.864 2.573 2.843 4.037 5.093 6.095 8.143 8.471 8.225 9.449 10.476 9.606 9.397 10.689 10.778 9.815 10.412 11.261 10.452 9.880 11.605 11.433 11.378 12.208 12.984 12.709 13.653 14.291 14.944 15.619 14.901 14.355 15.679 15.556 14.690 14.916 16.418 15.659 15.019 16.260 16.913 16.014 16.341 17.585 17.505 16.882 17.705 18.808 18.750 18.473 19.509 19.817 19.682 20.031 20.814 21.067 20.962 21.682 21.933 22.101 22.649 22.628 21.768 22.224 22.144 21.961 21.204 20.825 20.906 19.785 19.456 19.913 19.587 18.074 18.635 18.651 17.690 16.845 17.403 17.051 16.036 16.226 16.823 16.179 14.912 14.417 15.481 14.546 13.765 14.423 14.748 14.188 13.811 14.615 14.934 14.121 14.127 14.607 15.739 15.946 15.957 15.735 16.454 15.910 15.203 15.428 15.957 15.304 14.453 15.589 15.917 14.870 15.398 16.136 16.373 15.902 16.821 17.815 17.288 17.342 18.096 18.865 18.292 19.014 20.044 19.946 19.876 20.761 21.457 21.310 21.554 22.406 22.576 22.512 22.930 23.389 23.250 23.613 23.663 22.905 23.143 23.612 23.410 22.652 22.910 22.302 22.464 22.358 21.533 21.203 21.350 20.850 20.086 20.303 19.969 19.027 18.664 19.130 18.710 17.831 17.633 18.156 17.342 16.742 17.342 17.195 16.644 17.158 17.959 17.549 17.564 17.233 17.192 16.975 16.525 16.654 16.265 15.978 15.931 15.234 14.589 14.351 14.696 14.264 13.502 14.337 14.189 14.638 15.009 14.922 15.895 15.666 14.798 15.669 16.339 16.025 15.815 16.695 16.888 16.600 16.433 17.179 18.007 17.952 17.718 18.854 19.187 18.972 19.364 20.260 20.632 20.103 20.852 21.947 21.590 21.484 22.330 22.887 22.550 22.686 23.368 23.533 23.010 23.674 24.217 23.861 23.663 24.234 24.394 24.172 24.454 24.692 24.656 24.627 24.906 25.113 24.975 25.094 25.444 25.338 25.359 25.704 25.872
22.495 21.930 21.540 20.952 21.213 20.628 19.661 19.612 20.143 19.306 18.452 19.433 19.862 19.367 19.945 20.365 20.648 21.282 21.929 21.855 22.119 23.092 23.468 23.392 23.963 24.474 24.529 24.727 25.148 25.353 25.571 25.572 25.625 25.707 25.267 24.954 24.633 23.997 23.758 22.928 21.256 20.248 18.550 17.224 15.533 13.716 12.076 11.371 9.859 9.286 7.752 6.682 5.646 5.245 4.722 4.182 3.669 3.048 2.458 2.146 1.698 1.491 1.418 1.255 0.917 0.794 0.635 0.619 0.497 0.000 0.518 0.613 0.611 0.660 0.882 1.150 1.431 1.857 2.415 2.849 4.025 5.097 6.104 8.147 8.334 8.324 9.051 9.917 9.539 9.332 10.259 10.503 9.996 10.512 11.189 10.696 10.662 11.641 12.141 11.791 12.048 13.425 13.166 13.335 14.330 15.159 15.637 14.845 14.273 15.633 15.295 14.244 14.970 16.576 15.729 15.007 16.424 17.170 16.079 16.445 17.870 17.629 17.053 18.026 19.026 18.719 18.769 19.685 19.979 19.886 20.369 20.964 21.070 21.319 21.689 22.169 22.192 22.953 22.633 21.976 22.438 22.182 22.220 21.347 20.872 21.061 20.243 19.716 20.187 19.872 18.425 19.008 18.979 17.896 16.995 17.749 17.463 16.281 16.429 16.936 16.475 15.216 14.818 15.804 14.997 13.906 14.734 15.258 14.186 13.870 14.826 14.941 14.433 14.441 14.711 15.824 16.388 16.249 15.924 17.010 16.217 15.404 15.893 16.339 15.604 14.767 16.162 16.204 15.050 15.619 16.776 16.735 16.030 17.238 18.207 17.554 17.779 18.733 19.286 18.822 19.542 20.553 20.319 20.386 21.299 21.740 21.807 21.882 22.806 22.804 22.730 23.172 23.495 23.404 23.821 23.803 23.220 23.378 23.758 23.571 22.808 23.058 22.498 22.595 22.583 21.892 21.339 21.643 21.332 20.382 20.513 20.508 19.535 19.073 19.505 19.375 18.151 17.998 18.697 17.753 17.087 17.833 17.598 16.858 17.482 18.402 17.823 18.195 17.398 17.406 16.938 16.740 16.950 16.569 15.816 16.144 15.728 14.976 14.606 15.153 14.506 14.029 14.354 14.222 14.892 15.068 15.061 16.225 15.774 14.758 15.913 16.758 16.215 15.841 17.139 17.427 16.924 16.673 17.782 18.512 18.417 18.063 19.122 19.779 19.509 19.556 20.711 21.176 20.525 21.122 22.337 21.975 21.733 22.683 23.191 22.730 22.799 23.574 23.642 23.255 23.759 24.345 23.977 23.924 24.491 24.535 24.389 24.708 24.974 24.852 24.897 25.201 25.307 25.183 25.454 25.666 25.504 25.481 26.023 26.099
22.684 21.918 21.577 20.953 21.036 20.710 19.572 19.455 19.946 19.020 17.903 19.083 19.390 18.909 19.356 19.899 20.060 20.753 21.343 21.554 21.864 22.804 23.305 23.227 23.661 24.237 24.478 24.320 24.924 25.317 25.328 25.343 25.577 25.456 25.066 24.770 24.380 23.791 23.642 22.868 21.351 20.599 18.733 17.646 15.737 13.974 12.251 11.358 9.944 9.314 7.715 6.646 6.036 5.654 4.782 4.244 3.752 3.389 2.792 2.338 1.873 1.624 1.471 1.281 1.097 0.853 0.690 0.606 0.557 0.495 0.000 0.505 0.582 0.632 0.772 0.944 1.277 1.661 2.352 2.722 3.829 4.988 5.841 7.824 8.292 7.947 8.858 9.788 9.104 8.777 9.955 10.668 9.723 9.707 10.913 10.756 10.226 11.606 11.734 11.574 11.830 13.154 12.763 13.256 14.060 14.656 15.146 14.242 13.857 15.429 15.016 14.128 14.611 16.217 15.393 14.890 16.108 16.811 15.995 16.192 17.555 17.405 16.858 17.758 18.722 18.577 18.434 19.210 19.861 19.670 19.869 20.686 20.900 20.924 21.295 21.809 22.035 22.468 22.423 21.953 21.997 21.956 21.891 21.124 20.527 20.618 19.849 19.426 19.617 19.339 18.393 18.633 18.432 17.715 17.055 17.333 17.144 16.168 16.280 16.517 16.073 14.996 14.583 15.465 14.506 13.598 14.385 14.875 13.768 13.409 14.675 14.635 13.782 13.961 14.237 15.630 16.069 15.857 15.630 16.531 16.018 15.148 15.475 16.009 15.253 14.714 15.763 15.968 14.871 15.641 16.435 16.468 16.137 17.224 17.774 17.454 17.716 18.473 18.797 18.817 19.317 19.970 19.987 20.162 21.021 21.252 21.400 21.598 22.423 22.420 22.585 22.961 23.289 23.121 23.685 23.444 23.055 23.010 23.520 23.281 22.664 22.667 22.192 22.218 22.421 21.600 20.987 21.300 21.005 20.053 20.136 20.241 19.293 18.755 19.138 19.161 17.925 17.781 18.415 17.672 16.864 17.455 17.472 16.649 17.243 18.129 17.681 17.960 17.189 17.168 16.584 16.437 16.651 16.219 15.673 15.986 15.086 14.402 14.260 14.748 13.951 13.688 14.164 14.078 14.528 14.867 15.035 16.173 15.606 15.101 16.171 16.494 16.089 15.997 17.161 17.151 16.650 16.684 17.627 18.314 18.346 18.345 19.042 19.621 19.348 19.732 20.588 20.860 20.385 20.903 22.091 21.749 21.475 22.576 22.969 22.594 22.679 23.570 23.342 23.205 23.687 24.168 23.663 23.679 24.257 24.192 23.935 24.265 24.528 24.392 24.483 24.735 24.745 24.732 24.894 25.142 25.084 25.152 25.470 25.579
22.322 21.871 21.769 21.175 21.295 20.786 19.741 19.504 20.177 19.264 18.306 19.416 19.817 19.196 19.699 20.239 20.286 20.960 21.563 21.819 22.093 23.015 23.440 23.492 23.892 24.224 24.366 24.427 24.871 25.135 25.290 25.361 25.598 25.493 25.214 24.719 24.417 23.860 23.625 22.894 21.435 20.584 18.805 18.001 15.931 14.252 12.501 11.497 9.903 9.443 7.901 6.618 5.944 5.699 4.807 4.172 3.727 3.347 2.732 2.290 1.807 1.672 1.533 1.265 1.123 1.019 0.725 0.632 0.596 0.549 0.495 0.000 0.513 0.601 0.739 0.921 1.221 1.643 2.218 2.553 3.830 4.836 5.883 7.943 8.719 8.042 9.040 10.421 9.200 9.096 10.327 10.629 9.401 10.354 10.879 10.239 10.375 11.663 11.823 11.837 12.330 13.117 12.705 13.677 13.937 14.502 15.164 14.446 13.863 15.081 14.996 14.054 14.369 16.056 15.471 14.696 15.904 16.731 15.977 15.964 17.332 17.425 16.671 17.511 18.702 18.639 18.315 19.316 19.874 19.534 19.846 20.799 20.998 20.915 21.559 22.002 22.049 22.624 22.656 21.941 22.150 21.987 21.941 21.309 20.751 20.796 19.847 19.595 19.764 19.406 18.197 18.676 18.522 17.445 16.896 17.392 17.045 15.828 16.105 16.593 15.893 14.597 14.260 15.274 14.214 13.327 14.099 14.484 13.676 13.384 14.340 14.386 13.982 13.870 14.286 15.318 15.918 15.654 15.269 16.186 15.834 14.938 15.170 15.796 14.940 14.216 15.442 15.832 14.646 15.105 16.204 16.371 15.672 16.826 17.855 17.411 17.288 18.366 18.987 18.714 19.297 20.106 20.187 20.115 21.138 21.495 21.551 21.803 22.528 22.675 22.711 23.142 23.238 23.262 23.626 23.433 23.148 23.087 23.514 23.317 22.817 22.799 22.214 22.533 22.508 21.676 21.160 21.445 21.054 20.152 20.235 20.169 19.198 18.822 19.175 19.006 17.929 17.655 18.276 17.394 16.718 17.280 17.124 16.357 17.033 17.805 17.133 17.311 16.813 16.701 16.270 16.069 16.305 16.056 15.546 15.753 15.132 14.642 14.391 14.548 14.117 13.752 14.030 14.270 14.495 14.964 14.736 15.698 15.418 14.825 15.697 16.227 15.912 15.894 16.572 16.976 16.540 16.398 17.318 18.153 18.375 18.088 19.013 19.661 19.444 19.651 20.671 21.025 20.527 21.163 22.201 21.917 21.779 22.723 23.036 22.724 23.019 23.476 23.506 23.345 23.741 24.083 23.824 23.872 24.135 24.194 24.036 24.428 24.551 24.476 24.505 24.830 24.846 24.692 24.972 25.156 25.055 25.140 25.498 25.621
22.342 22.030 21.801 21.246 21.439 20.818 19.558 19.412 19.958 19.170 18.411 19.168 19.813 19.247 19.722 20.179 20.442 21.076 21.733 21.921 22.243 23.094 23.489 23.592 23.951 24.383 24.491 24.819 25.151 25.407 25.537 25.641 25.689 25.747 25.273 25.000 24.591 24.055 23.641 22.820 21.511 20.521 18.871 17.687 16.047 14.293 12.689 11.910 10.137 9.755 8.182 7.105 6.208 5.871 5.374 4.488 3.890 3.467 2.912 2.419 1.944 1.791 1.659 1.443 1.194 1.045 0.975 0.706 0.638 0.619 0.574 0.495 0.000 0.535 0.646 0.733 1.065 1.570 2.092 2.522 3.789 4.947 5.840 8.104 8.858 8.181 9.660 10.195 9.774 8.930 10.783 10.537 9.701 10.460 11.287 10.398 10.585 11.690 12.019 12.016 12.561 13.311 12.850 13.420 14.289 14.824 15.491 14.710 13.935 15.275 15.089 14.124 14.671 16.051 15.393 14.761 16.181 16.774 15.924 16.252 17.453 17.490 16.852 17.732 18.681 18.630 18.589 19.377 19.639 19.508 20.006 20.632 20.767 20.863 21.490 21.879 21.922 22.555 22.499 21.651 22.044 21.985 21.925 21.033 20.669 20.805 19.782 19.362 19.721 19.636 18.186 18.679 18.617 17.924 17.033 17.503 17.239 16.135 16.315 16.790 16.336 14.990 14.501 15.548 14.516 13.722 14.385 14.817 14.047 13.627 14.518 14.686 14.142 14.243 14.672 15.576 15.998 15.976 15.894 16.525 15.974 15.198 15.701 15.965 15.473 14.574 15.820 16.018 14.979 15.540 16.509 16.591 15.908 16.968 18.031 17.424 17.426 18.313 19.045 18.340 19.136 20.101 19.831 19.929 20.794 21.513 21.322 21.565 22.447 22.386 22.376 22.923 23.410 23.143 23.591 23.641 22.887 23.060 23.516 23.325 22.504 22.734 22.158 22.392 22.386 21.525 21.147 21.386 21.049 20.108 20.254 20.048 19.192 18.824 19.236 18.914 18.050 17.801 18.311 17.598 16.885 17.570 17.314 16.711 17.317 18.150 17.672 17.854 17.370 17.364 17.090 16.557 16.863 16.388 15.969 16.123 15.401 14.828 14.544 14.983 14.377 13.804 14.334 14.345 14.929 15.415 15.380 16.298 16.124 15.145 16.274 16.740 16.368 16.128 17.144 17.259 16.957 16.550 17.542 18.339 18.363 17.950 18.999 19.387 19.185 19.408 20.413 20.752 20.187 20.903 22.115 21.603 21.443 22.410 22.954 22.471 22.789 23.419 23.465 23.087 23.777 24.348 23.795 23.806 24.449 24.519 24.189 24.602 24.965 24.700 24.733 25.275 25.299 25.066 25.291 25.609 25.448 25.514 25.931 26.066
22.062 22.108 21.391 20.941 21.282 20.819 19.616 19.482 20.081 19.185 18.320 19.105 19.486 19.135 19.560 20.062 20.375 20.991 21.760 21.949 22.256 23.074 23.640 23.686 23.951 24.429 24.544 24.611 25.051 25.358 25.434 25.514 25.718 25.726 25.290 24.964 24.634 24.065 24.045 23.193 21.728 21.002 19.027 17.965 16.123 14.355 12.814 11.931 10.459 9.783 8.329 7.344 6.460 5.982 5.409 4.835 4.222 3.748 3.281 2.891 2.440 2.147 2.091 1.870 1.649 1.359 1.201 1.041 0.846 0.778 0.645 0.625 0.506 0.000 0.562 0.675 1.002 1.402 2.007 2.483 3.716 4.818 5.621 7.403 8.001 7.701 8.573 9.357 8.994 8.876 9.544 10.102 9.133 9.665 10.888 10.404 10.285 11.469 12.152 11.438 11.861 12.962 13.033 13.050 13.936 14.707 15.152 14.218 13.890 15.321 14.932 14.155 14.850 16.129 15.313 14.933 16.157 16.840 16.075 16.328 17.489 17.367 16.911 17.941 18.649 18.452 18.469 19.343 19.737 19.628 20.097 20.886 20.901 21.064 21.531 22.151 22.115 22.755 22.539 21.832 22.426 22.096 22.159 21.203 20.762 20.969 20.044 19.485 20.019 19.752 18.496 18.811 18.725 17.874 17.130 17.573 17.456 16.320 16.349 16.647 16.472 15.180 14.676 15.464 14.827 13.942 14.518 14.969 13.948 13.683 14.667 14.647 13.875 14.090 14.404 15.742 16.313 16.207 15.953 16.956 16.252 15.323 15.800 16.377 15.378 14.923 16.133 16.196 14.851 15.665 16.845 16.710 16.123 17.190 18.300 17.664 17.738 18.799 19.231 18.895 19.549 20.565 20.208 20.398 21.307 21.673 21.772 21.962 22.745 22.778 22.695 23.284 23.491 23.377 23.857 23.741 23.334 23.441 23.741 23.574 22.954 23.060 22.383 22.466 22.752 21.848 21.292 21.644 21.350 20.348 20.384 20.428 19.645 19.045 19.546 19.439 18.180 18.078 18.768 17.713 17.008 17.844 17.626 16.756 17.536 18.520 17.874 18.295 17.412 17.463 16.708 16.760 16.978 16.542 15.767 16.123 15.451 14.761 14.441 15.075 14.334 13.884 14.389 14.218 14.865 15.060 14.985 16.311 15.717 15.087 16.146 16.802 16.116 15.968 17.138 17.456 16.787 16.579 17.607 18.498 18.470 18.379 19.244 19.912 19.707 19.918 20.848 21.319 20.726 21.304 22.512 22.067 21.882 22.918 23.324 22.864 23.107 23.821 23.809 23.497 24.001 24.392 23.982 24.025 24.569 24.609 24.316 24.678 24.959 24.737 24.878 25.192 25.227 25.136 25.379 25.617 25.451 25.557 25.982 26.038
22.484 22.067 21.832 21.273 21.296 20.972 19.694 19.712 19.965 19.020 18.152 19.197 19.443 19.133 19.651 20.327 20.427 21.123 21.741 21.940 22.334 23.018 23.517 23.508 23.846 24.182 24.615 24.612 25.052 25.298 25.383 25.518 25.610 25.673 25.242 25.073 24.681 24.174 24.103 23.220 22.234 21.353 19.662 18.776 16.932 15.257 13.655 12.673 11.079 10.502 8.885 7.763 7.109 6.900 5.760 5.152 4.910 4.395 3.488 3.167 2.862 2.625 2.348 2.139 1.886 1.616 1.333 1.232 1.196 0.877 0.727 0.728 0.671 0.519 0.000 0.548 0.842 1.260 1.931 2.335 3.533 4.649 5.681 7.212 8.155 7.729 8.692 9.900 9.176 8.475 10.063 10.997 9.536 9.951 11.057 10.956 10.486 11.834 12.221 11.711 11.884 13.195 12.809 12.908 13.837 14.582 15.490 14.231 13.731 15.444 15.330 14.034 14.825 16.455 15.786 15.097 16.433 17.055 16.368 16.395 17.720 17.708 17.007 17.894 18.806 18.765 18.672 19.466 19.826 19.623 20.102 20.818 20.778 21.091 21.535 21.921 21.925 22.576 22.550 22.034 22.233 22.135 22.113 21.366 20.896 20.889 20.019 19.629 19.878 19.674 18.639 18.878 18.786 17.849 17.379 17.614 17.492 16.405 16.500 16.906 16.454 15.242 14.719 15.691 14.641 13.720 14.543 14.942 13.661 13.488 14.630 14.409 13.768 13.702 14.062 15.414 16.063 15.958 15.609 16.567 16.176 15.136 15.598 16.214 15.424 14.854 16.005 16.220 14.994 15.869 16.791 16.807 16.326 17.446 18.156 17.835 18.054 18.742 19.109 19.033 19.659 20.218 20.201 20.384 21.204 21.418 21.613 21.873 22.554 22.507 22.629 23.141 23.416 23.120 23.738 23.485 23.163 23.069 23.536 23.237 22.713 22.799 22.372 22.399 22.558 21.750 21.360 21.613 21.234 20.340 20.426 20.454 19.581 19.113 19.512 19.456 18.121 18.065 18.569 17.761 16.976 17.511 17.317 16.608 17.308 18.064 17.491 17.692 16.903 16.840 16.302 15.952 16.506 15.824 15.324 15.760 15.069 14.306 14.061 14.700 14.001 13.637 14.043 13.989 14.369 14.580 14.817 15.953 15.434 14.972 16.098 16.502 16.044 16.087 17.186 17.210 16.791 16.722 17.524 18.394 18.474 18.505 19.369 19.691 19.521 19.901 20.715 20.882 20.584 21.177 22.099 21.661 21.813 22.824 22.910 22.460 22.833 23.533 23.235 23.179 23.728 23.978 23.555 23.641 24.336 24.143 23.897 24.397 24.607 24.383 24.599 24.884 24.906 24.810 25.047 25.338 25.338 25.457 25.675 25.887
22.494 22.198 21.755 21.386 21.518 21.063 20.047 19.813 20.233 19.514 18.810 19.497 19.774 19.564 20.089 20.554 20.759 21.497 21.928 22.220 22.582 23.200 23.588 23.634 24.138 24.496 24.522 24.689 25.168 25.294 25.462 25.499 25.883 25.791 25.444 25.084 24.763 24.192 23.932 23.248 22.093 21.235 19.688 18.887 17.083 15.521 13.967 12.966 11.357 10.793 9.414 8.188 7.532 7.297 6.603 5.623 5.491 5.411 4.260 3.896 3.661 3.554 3.014 2.543 2.480 2.129 1.874 1.561 1.678 1.337 0.984 0.873 0.816 0.725 0.518 0.000 0.686 1.003 1.751 2.202 3.236 4.333 5.204 7.345 8.163 7.562 8.936 10.161 9.347 8.468 10.141 10.483 8.973 10.007 10.883 10.478 10.640 11.644 11.982 12.029 12.525 13.571 12.788 13.570 14.174 15.028 15.629 14.521 14.162 15.676 15.312 14.489 14.996 16.461 15.700 15.315 16.375 16.954 16.480 16.542 17.615 17.625 17.111 17.882 18.886 18.686 18.600 19.603 20.017 19.684 20.188 21.033 21.155 21.164 21.775 22.299 22.244 23.043 22.971 22.137 22.481 22.264 22.228 21.375 21.024 21.131 20.134 19.791 20.148 19.814 18.635 18.901 18.914 17.923 17.367 17.719 17.560 16.426 16.493 17.048 16.648 15.415 14.901 15.866 15.072 14.229 14.801 15.212 14.320 13.946 15.031 15.033 14.349 14.236 14.763 15.921 16.406 16.188 15.798 16.726 16.443 15.576 15.868 16.337 15.873 15.036 16.122 16.444 15.372 15.807 16.890 16.995 16.248 17.268 18.330 17.880 17.718 18.784 19.336 18.952 19.575 20.469 20.320 20.293 21.334 21.754 21.730 21.967 22.709 22.764 22.649 23.320 23.543 23.512 23.802 23.788 23.186 23.344 23.871 23.652 22.794 23.149 22.480 22.735 22.702 21.819 21.419 21.664 21.234 20.315 20.498 20.348 19.599 19.183 19.460 19.295 18.357 18.103 18.634 17.868 17.291 17.767 17.545 16.859 17.556 18.167 17.488 17.773 17.169 17.154 16.858 16.499 16.658 16.261 16.013 16.065 15.280 14.852 14.768 15.099 14.759 14.198 14.637 14.658 14.806 15.576 15.208 15.985 16.061 15.429 16.084 16.663 16.425 16.339 17.036 17.444 17.195 16.856 17.771 18.519 18.704 18.362 19.202 19.847 19.631 19.673 20.733 21.163 20.647 21.136 22.403 21.899 21.784 22.904 23.143 22.725 23.069 23.681 23.681 23.316 23.920 24.448 24.031 23.971 24.578 24.563 24.321 24.696 25.002 24.896 24.757 25.216 25.229 25.172 25.372 25.473 25.482 25.627 25.906 26.012
22.810 22.810 22.109 21.700 22.049 21.285 20.328 20.362 20.569 19.993 19.640 20.237 20.163 20.039 20.580 21.157 21.356 21.983 22.629 22.886 23.086 23.626 24.283 24.297 24.574 24.929 24.961 25.109 25.492 25.673 25.861 25.879 26.138 26.182 25.798 25.676 25.381 24.997 24.628 24.049 22.840 22.293 20.742 19.802 18.263 16.761 15.354 14.383 13.168 12.371 11.252 10.055 9.166 8.992 8.508 7.514 7.178 7.016 6.459 5.713 5.142 5.399 5.066 3.971 3.605 3.603 3.157 2.545 2.189 2.193 1.741 1.339 1.271 1.135 0.914 0.539 0.000 0.770 1.415 2.039 3.270 4.081 5.360 7.403 7.782 7.558 9.089 9.622 9.154 9.107 10.145 10.396 9.481 10.295 11.192 10.839 10.708 11.928 12.760 12.290 12.326 13.474 13.545 13.651 15.121 15.703 16.305 15.269 15.181 16.592 16.417 15.691 16.170 17.490 16.881 16.668 17.678 18.237 17.801 17.954 19.038 18.869 18.499 19.348 20.097 19.761 19.881 20.722 20.844 20.959 21.326 21.906 21.959 22.177 22.526 22.979 22.869 23.623 23.408 22.914 23.147 23.050 22.985 22.161 21.856 21.929 21.161 20.854 21.144 20.815 20.025 20.149 20.182 19.135 18.732 19.205 18.892 17.890 18.037 18.509 18.116 16.926 16.571 17.298 16.197 15.423 16.023 16.339 15.434 14.961 15.943 15.752 15.213 15.184 15.697 16.694 17.192 17.236 16.963 17.778 17.520 16.527 16.893 17.780 16.741 16.264 17.449 17.873 16.406 17.335 18.477 18.415 17.764 18.683 19.583 19.205 19.344 20.037 20.515 20.220 20.888 21.575 21.320 21.495 22.276 22.503 22.419 22.882 23.334 23.379 23.292 23.830 24.053 23.980 24.403 24.316 23.892 24.054 24.315 24.217 23.439 23.770 23.286 23.168 23.152 22.619 22.285 22.505 22.168 21.358 21.480 21.270 20.768 20.291 20.635 20.548 19.457 19.502 19.727 18.954 18.320 18.913 18.534 17.623 18.491 19.104 18.468 18.924 17.828 17.910 17.375 17.242 17.271 16.980 16.410 16.759 15.959 15.416 15.226 15.932 15.401 14.879 15.357 15.315 15.679 16.009 15.984 17.103 16.966 16.167 17.158 17.843 17.371 17.244 18.496 18.564 18.256 18.029 19.126 19.675 19.748 19.570 20.475 20.876 20.771 20.974 21.762 22.070 21.506 22.087 23.083 22.638 22.554 23.526 23.773 23.349 23.554 24.188 24.201 23.923 24.430 24.964 24.533 24.638 25.130 25.217 24.835 25.246 25.624 25.300 25.350 25.802 25.856 25.682 25.838 26.052 26.087 26.107 26.445 26.499
22.949 22.852 22.182 21.786 22.129 21.643 20.737 20.836 20.933 20.292 19.873 20.562 20.776 20.642 21.129 21.788 21.641 22.356 22.988 23.172 23.398 24.067 24.353 24.395 24.693 25.072 25.305 25.395 25.787 25.992 26.084 26.117 26.374 26.376 26.121 25.943 25.840 25.536 25.383 24.991 24.124 23.608 22.189 21.509 19.989 18.689 17.343 16.203 14.964 14.202 12.783 11.861 11.095 10.816 10.069 9.310 9.074 8.260 7.681 7.515 6.921 6.400 6.285 5.622 5.095 4.732 4.413 4.005 3.435 2.944 2.551 2.211 1.826 1.534 1.388 1.063 0.603 0.000 0.910 1.536 2.764 3.725 4.763 6.683 7.398 7.243 8.523 9.815 9.179 8.675 10.057 10.994 10.057 10.406 11.618 11.636 11.754 12.568 13.275 13.005 12.784 13.959 13.873 14.130 15.189 16.031 16.845 15.582 15.435 16.847 16.703 16.002 16.380 17.728 17.111 16.876 17.798 18.233 17.874 18.060 18.925 18.784 18.642 19.378 19.881 19.592 19.996 20.578 20.833 20.786 21.240 21.855 21.785 22.081 22.457 23.012 22.909 23.474 23.323 22.903 23.179 22.866 22.867 22.207 21.777 21.881 21.276 20.603 21.037 20.884 19.885 19.975 20.060 19.368 18.802 19.109 19.148 18.200 18.223 18.364 18.034 17.206 16.620 17.279 16.497 15.929 16.291 16.520 15.533 15.320 16.201 15.991 15.060 15.274 15.624 17.088 17.470 17.407 17.120 18.151 17.546 16.736 17.297 17.833 17.124 16.702 17.807 17.814 16.904 17.708 18.415 18.432 17.981 18.993 19.540 19.123 19.529 20.098 20.474 20.246 21.050 21.476 21.296 21.594 22.284 22.503 22.467 22.973 23.366 23.344 23.455 24.042 24.222 24.019 24.441 24.378 24.012 23.933 24.321 24.251 23.707 23.722 23.192 23.076 23.434 22.705 22.226 22.477 22.199 21.448 21.456 21.474 20.872 20.330 20.650 20.637 19.627 19.414 19.904 19.253 18.577 19.044 18.672 17.968 18.673 19.257 18.729 18.967 17.964 18.044 17.222 17.191 17.358 16.812 16.323 16.773 15.789 15.378 15.399 16.094 15.600 15.023 15.465 15.315 15.623 15.938 16.257 17.222 16.802 16.430 17.460 17.870 17.576 17.462 18.448 18.629 18.379 18.163 19.096 19.728 19.808 19.753 20.298 21.036 20.901 21.044 21.748 22.106 21.652 22.191 23.165 22.794 22.806 23.649 23.932 23.539 23.819 24.502 24.415 24.237 24.741 25.101 24.646 24.844 25.293 25.228 25.030 25.488 25.823 25.562 25.662 25.992 26.049 25.932 26.182 26.365 26.306 26.510 26.786 26.771
23.200 22.969 22.776 22.403 22.626 21.950 21.426 21.504 21.358 21.020 20.830 21.216 21.597 21.507 21.943 22.395 22.620 23.082 23.527 23.785 24.011 24.544 24.755 24.927 25.189 25.431 25.571 25.940 26.120 26.302 26.611 26.795 26.806 27.050 26.803 26.765 26.719 26.538 26.426 26.048 25.259 24.942 23.959 23.141 22.098 20.969 19.897 18.779 17.897 17.312 16.114 15.112 14.726 14.263 13.435 12.655 12.728 11.999 10.738 10.744 10.625 9.521 9.212 8.840 8.483 7.676 6.942 6.786 6.225 4.992 4.376 4.389 3.431 2.493 2.181 2.050 1.535 0.873 0.000 1.039 2.139 3.088 3.650 4.881 6.374 6.241 7.307 8.976 8.325 8.265 10.043 11.221 10.528 10.871 12.098 12.876 12.438 13.064 13.817 13.976 13.705 14.986 15.330 15.733 17.156 17.758 18.538 17.319 17.229 18.437 18.495 17.607 18.222 19.249 18.993 18.547 19.468 19.931 19.485 19.612 20.430 20.409 20.208 20.792 21.344 21.266 21.246 21.984 22.299 22.079 22.469 23.046 23.110 23.091 23.652 23.918 23.889 24.500 24.478 24.020 24.030 23.973 23.852 23.390 23.063 22.958 22.409 22.019 22.236 22.184 21.356 21.302 21.383 20.533 20.408 20.540 20.333 19.426 19.714 19.747 19.316 18.374 18.111 18.610 17.693 17.111 17.906 17.782 16.782 16.700 17.599 17.165 16.265 16.033 16.526 17.885 18.041 17.978 17.212 18.379 18.167 17.191 17.636 18.340 17.774 17.389 18.432 18.768 17.905 18.488 19.287 19.541 18.764 19.894 20.546 20.405 20.597 21.262 21.588 21.567 22.038 22.449 22.403 22.687 23.270 23.321 23.545 23.782 24.200 24.138 24.277 24.787 25.008 24.787 25.191 25.012 24.617 24.728 24.956 24.957 24.405 24.466 24.072 23.917 24.052 23.447 23.228 23.366 23.046 22.391 22.445 22.238 21.719 21.340 21.464 21.371 20.432 20.158 20.432 19.734 19.169 19.362 18.837 18.101 18.840 19.216 18.706 18.741 17.779 17.656 17.056 16.531 16.884 16.085 16.220 16.580 15.963 15.492 15.642 16.223 16.030 15.215 15.713 15.141 15.409 15.967 15.583 17.116 17.074 16.672 17.589 18.110 18.086 17.939 19.074 19.249 19.193 18.967 19.517 20.501 20.620 20.645 21.468 21.722 21.730 22.062 22.599 22.751 22.514 23.115 23.921 23.456 23.654 24.520 24.375 24.215 24.742 24.970 24.802 24.945 25.466 25.511 25.128 25.482 25.718 25.608 25.623 25.898 26.089 25.975 26.080 26.310 26.380 26.281 26.501 26.569 26.754 26.972 27.025 26.984
23.260 23.019 22.732 22.402 22.578 22.198 21.703 21.891 21.828 21.385 21.567 22.487 22.268 22.365 22.971 23.620 23.581 24.063 24.532 24.659 24.758 25.193 25.529 25.551 25.878 26.100 26.110 26.209 26.484 26.613 27.043 27.023 27.317 27.311 27.371 27.257 27.291 27.199 27.238 26.948 26.453 26.105 25.342 24.775 24.071 23.377 22.699 21.804 21.414 20.860 20.256 19.350 19.033 18.628 18.115 17.521 17.143 16.840 16.172 15.615 14.757 14.683 14.128 13.084 12.452 11.813 10.693 9.592 9.277 8.790 7.000 6.703 5.796 5.162 3.975 3.312 2.904 2.095 0.823 0.000 0.980 1.509 2.385 3.633 4.710 5.219 6.108 8.226 7.832 8.120 9.582 10.160 10.886 11.381 12.073 12.183 12.799 13.533 14.176 13.809 14.442 15.488 15.871 16.345 17.533 18.571 19.002 18.170 18.125 19.314 19.245 18.681 19.211 19.954 19.896 19.704 20.408 20.861 20.740 20.941 21.535 21.539 21.652 21.956 22.469 22.332 22.391 22.967 23.163 23.213 23.368 23.715 23.850 23.918 24.240 24.432 24.511 25.185 24.892 24.479 24.875 24.542 24.498 24.133 23.913 23.752 23.365 23.253 23.139 22.888 22.472 22.540 22.210 21.531 21.338 21.604 21.054 20.466 20.912 20.676 20.153 19.416 19.431 19.661 18.636 18.083 18.856 18.587 17.553 17.611 18.464 17.891 17.191 16.706 16.808 17.986 18.542 18.130 17.822 18.605 19.002 17.989 18.265 19.046 18.618 18.023 18.957 19.793 18.658 19.166 20.155 20.659 19.839 20.565 21.558 21.588 21.220 21.858 22.604 22.641 22.744 23.273 23.531 23.424 23.848 24.156 24.390 24.451 24.768 24.727 24.771 25.079 25.329 25.377 25.733 25.542 25.349 25.366 25.531 25.486 24.898 24.960 24.613 24.468 24.562 24.187 23.694 23.643 23.576 23.071 22.704 22.440 22.484 22.022 21.675 21.738 21.318 20.713 20.672 20.176 19.977 20.017 19.327 18.698 19.686 19.729 18.932 19.177 18.365 18.198 17.545 17.094 17.152 16.668 16.687 16.855 16.293 16.233 16.304 16.736 16.678 16.064 16.436 16.100 16.287 16.901 16.670 17.781 18.008 17.764 18.454 18.798 19.059 18.928 19.825 19.949 20.213 19.964 20.668 21.086 21.551 21.341 22.098 22.371 22.625 22.556 23.362 23.529 23.426 23.798 24.499 24.298 24.354 24.958 25.120 24.945 25.267 25.648 25.702 25.487 26.080 26.177 26.097 26.120 26.610 26.466 26.302 26.723 27.030 26.729 26.758 27.278 27.198 27.114 27.224 27.350 27.368 27.479 27.759 27.906
23.115 23.148 22.789 22.455 22.939 22.324 22.128 22.297 22.116 21.964 21.902 22.356 22.559 22.652 23.043 23.543 23.632 24.100 24.403 24.683 24.884 25.285 25.363 25.542 25.892 26.073 26.213 26.553 26.763 26.972 27.158 27.324 27.488 27.562 27.563 27.391 27.611 27.530 27.535 27.277 26.666 26.744 26.012 25.370 24.843 24.075 23.320 22.335 21.629 21.331 19.955 19.512 19.230 18.382 17.767 17.291 16.863 16.101 15.489 15.330 14.495 13.920 13.928 13.261 12.406 11.719 11.310 10.268 8.989 8.487 8.143 7.083 6.002 5.753 4.636 3.747 3.559 2.807 1.566 0.764 0.000 0.814 1.677 2.745 3.891 4.141 5.155 6.636 6.059 6.583 8.111 8.959 8.286 9.122 11.019 11.335 11.273 12.147 12.855 13.351 13.383 14.667 15.199 15.769 17.079 17.701 18.500 17.802 17.685 18.781 18.879 18.430 19.012 19.648 19.466 19.552 20.256 20.395 20.273 20.790 21.257 21.254 21.372 21.922 22.171 22.123 22.273 22.850 22.956 22.928 23.298 23.648 23.459 23.754 24.343 24.322 24.204 24.741 24.708 24.412 24.389 24.168 24.232 23.790 23.460 23.463 23.253 22.644 22.818 22.835 22.306 22.121 22.233 21.701 21.128 21.330 21.073 20.625 20.567 20.620 20.239 19.510 19.127 19.331 18.442 17.964 18.310 18.062 17.041 16.938 17.564 17.213 15.851 15.919 16.281 17.787 18.113 18.081 17.506 18.697 18.423 17.536 18.224 18.990 18.026 18.054 19.256 19.450 18.669 19.394 20.238 20.405 19.697 20.764 21.198 21.072 21.479 22.017 22.229 22.139 22.814 23.018 22.943 23.252 23.728 23.764 23.638 24.324 24.489 24.355 24.445 25.039 25.167 25.068 25.501 25.313 25.013 25.099 25.252 25.213 24.741 24.665 24.445 24.311 24.320 23.853 23.662 23.716 23.433 22.948 22.850 22.548 22.308 21.941 21.807 21.889 20.957 20.823 20.880 20.474 19.685 19.967 19.453 18.535 19.274 19.698 19.069 19.006 17.895 17.755 16.794 16.670 16.662 16.307 15.523 16.170 15.422 15.049 15.225 16.064 15.985 15.414 15.776 15.250 15.653 16.115 16.012 17.545 17.365 16.966 18.098 18.545 18.677 18.420 19.896 19.991 19.991 19.700 20.684 21.198 21.230 21.267 22.044 22.376 22.311 22.627 23.209 23.260 22.979 23.801 24.291 23.920 24.235 25.037 24.807 24.493 25.164 25.443 25.133 25.215 25.774 25.843 25.489 25.736 26.064 26.047 26.002 26.304 26.682 26.447 26.560 26.916 26.891 26.943 27.009 27.179 27.247 27.431 27.748 27.681
22.842 22.627 22.333 22.040 22.077 21.599 21.522 21.450 21.156 21.111 20.890 21.315 21.387 21.589 21.782 22.263 22.534 22.933 23.282 23.622 23.817 24.236 24.605 24.728 25.100 25.374 25.474 25.814 26.121 26.376 26.701 26.829 27.092 27.246 27.235 27.163 27.277 27.247 27.317 27.272 26.703 26.754 26.095 25.821 25.108 24.501 23.899 23.266 22.638 22.234 21.416 20.573 20.333 19.850 19.070 18.607 18.497 17.812 16.966 17.063 16.634 15.633 15.172 15.146 14.442 13.031 12.870 12.215 11.002 10.272 10.159 8.840 7.435 7.584 6.393 4.847 4.335 3.795 2.120 1.565 0.838 0.000 1.132 2.129 3.288 3.094 3.753 5.430 5.358 5.478 6.537 8.277 7.981 7.933 9.810 10.070 10.347 10.709 11.796 12.471 11.997 13.441 13.729 14.629 15.918 16.420 17.135 16.445 16.243 17.405 17.569 16.741 17.222 18.407 17.851 17.553 18.568 19.092 18.577 18.734 19.674 19.661 19.532 20.026 20.533 20.499 20.623 21.227 21.470 21.393 21.742 22.179 22.367 22.417 22.959 23.311 23.338 23.961 23.809 23.317 23.687 23.336 23.281 22.942 22.474 22.249 21.873 21.366 21.375 21.344 20.647 20.668 20.487 19.621 19.633 19.659 19.289 18.432 18.944 18.867 18.124 17.283 17.317 17.710 16.272 16.266 17.008 16.599 15.377 15.718 16.469 15.463 14.658 14.270 14.730 15.683 16.359 15.937 15.022 16.485 16.642 15.530 15.814 17.000 16.407 16.162 16.962 17.580 16.928 17.540 18.260 18.614 18.057 19.126 19.756 19.847 20.091 20.508 21.012 21.102 21.562 21.842 21.876 22.162 22.762 22.853 23.223 23.497 23.841 23.801 23.839 24.437 24.535 24.548 24.723 24.635 24.290 24.488 24.664 24.409 24.064 23.836 23.370 23.301 23.456 22.767 22.402 22.427 22.335 21.677 21.582 21.414 20.937 20.460 20.335 20.323 19.583 18.970 19.038 18.596 18.034 17.874 17.314 16.648 17.354 17.592 16.546 16.826 15.767 15.288 14.767 14.397 14.365 13.798 13.890 14.271 13.853 13.609 13.709 14.377 14.273 13.598 14.236 13.994 13.614 14.363 14.881 15.600 15.838 15.958 16.671 17.147 17.201 17.265 18.470 18.452 18.573 18.621 19.074 19.977 20.236 20.266 20.990 21.261 21.443 21.630 22.241 22.429 22.383 22.895 23.616 23.221 23.505 24.345 24.297 23.982 24.568 24.837 24.840 24.669 25.265 25.283 25.171 25.329 25.665 25.567 25.524 25.867 25.965 25.847 26.040 26.219 26.189 26.082 26.486 26.490 26.557 26.677 26.917 26.904
22.141 21.582 20.993 20.580 20.383 19.936 19.979 19.916 19.534 19.654 19.573 20.151 20.248 20.604 20.904 21.405 21.565 22.202 22.509 22.650 23.126 23.668 23.810 24.001 24.431 24.817 24.796 25.092 25.707 25.740 26.203 26.217 26.550 26.692 26.680 26.691 26.717 26.738 26.870 26.848 26.155 26.356 25.627 25.340 24.687 24.065 23.276 22.734 22.104 21.415 20.690 19.750 19.588 18.847 18.006 17.778 17.468 16.534 16.019 15.848 15.082 14.734 14.149 13.779 13.263 12.252 12.137 11.289 10.654 10.249 9.828 8.852 8.104 8.247 7.315 6.139 5.941 5.233 3.393 3.183 2.203 0.794 0.000 1.097 1.418 1.645 2.113 2.618 2.813 3.374 3.603 4.112 4.691 5.019 5.694 5.505 6.469 7.051 7.187 7.377 8.260 9.134 9.494 10.116 11.173 12.121 12.744 11.942 12.072 13.173 13.309 12.867 13.618 14.622 14.073 14.461 15.390 15.869 15.707 16.374 17.196 17.226 17.237 18.065 18.532 18.538 18.955 19.504 19.665 19.965 20.305 20.708 20.755 21.121 21.568 21.721 21.799 22.519 22.404 21.982 22.476 22.148 22.296 21.599 21.180 21.169 20.661 20.201 20.236 20.078 19.349 19.312 19.117 18.418 17.816 18.076 17.607 16.736 16.782 16.888 16.264 15.398 14.805 14.974 13.851 13.394 13.732 13.371 12.351 12.146 12.655 12.148 11.344 10.903 11.818 12.954 13.685 13.750 13.533 15.075 14.692 13.586 14.694 15.400 14.764 14.436 15.760 16.059 15.247 16.035 17.111 17.172 16.405 17.508 18.487 18.279 18.417 19.106 19.629 19.538 20.191 20.665 20.740 20.786 21.685 21.733 21.880 22.352 22.576 22.568 22.647 23.360 23.425 23.390 23.743 23.814 23.327 23.330 23.700 23.630 22.792 22.839 22.384 22.408 22.548 21.792 21.349 21.441 21.327 20.532 20.331 20.107 19.823 19.213 19.261 19.307 18.309 17.964 18.144 17.594 16.887 17.183 16.406 15.616 16.428 16.872 16.001 16.296 15.200 14.999 14.125 13.568 13.482 12.878 12.549 12.721 11.859 11.570 11.675 12.597 12.300 12.141 12.692 12.726 12.886 13.534 13.701 14.776 14.871 14.597 15.598 16.054 16.051 15.795 17.091 17.249 17.194 17.000 17.874 18.501 18.750 18.554 19.307 20.000 19.830 20.006 20.980 21.162 20.553 21.592 22.311 21.882 21.938 23.096 22.976 22.489 23.324 23.744 23.538 23.342 24.246 24.254 23.898 24.033 24.696 24.429 24.277 24.891 25.064 24.843 24.809 25.317 25.336 25.131 25.536 25.638 25.543 25.733 26.080 26.278
21.943 20.720 20.154 19.935 19.563 19.020 19.140 19.113 18.759 18.662 18.599 19.105 19.225 19.436 19.802 20.157 20.555 21.212 21.465 21.734 22.365 22.833 22.980 23.281 23.906 24.205 24.318 24.574 25.193 25.373 25.583 25.790 26.025 26.292 26.132 26.325 26.271 26.319 26.462 26.338 25.801 25.933 25.255 24.972 24.376 23.739 23.051 22.338 21.771 21.197 20.338 19.394 19.353 18.372 17.352 17.135 16.942 15.806 15.128 15.227 14.556 13.620 13.392 13.297 12.648 11.629 11.764 10.653 9.633 9.792 9.559 8.365 7.412 7.792 7.274 6.120 6.527 5.767 4.362 3.867 2.814 1.546 0.757 0.000 0.784 1.135 1.611 1.818 1.653 2.563 2.937 3.116 3.381 4.147 4.724 4.474 4.813 5.640 6.134 6.311 6.871 7.709 8.095 8.484 9.411 10.302 11.079 10.734 10.701 11.682 11.967 11.581 12.454 13.385 13.015 13.176 14.282 14.711 14.441 15.091 16.059 16.003 16.029 16.938 17.432 17.320 17.746 18.500 18.664 18.775 19.185 19.679 19.692 20.136 20.537 20.685 20.801 21.535 21.447 21.319 21.584 21.173 21.421 20.650 20.292 20.196 19.644 19.170 19.247 19.143 18.210 18.340 18.062 17.299 16.729 16.948 16.490 15.605 15.604 15.929 15.266 14.286 13.698 13.908 12.914 12.058 12.546 12.235 11.099 10.848 11.418 11.087 10.146 10.284 10.946 12.089 12.989 13.186 12.741 14.253 13.801 12.830 13.676 14.540 13.741 13.439 14.916 15.105 14.319 15.010 16.170 16.114 15.529 16.675 17.556 17.293 17.280 18.231 18.743 18.464 19.176 19.767 19.737 19.682 20.626 20.978 20.959 21.399 21.844 21.740 21.867 22.295 22.485 22.422 22.835 22.838 22.591 22.334 22.670 22.695 21.995 21.765 21.310 21.386 21.445 20.764 20.199 20.310 20.105 19.478 19.344 19.076 18.587 18.312 18.056 18.016 17.125 16.851 17.024 16.297 15.648 16.056 15.353 14.474 15.259 15.771 14.903 15.109 14.202 14.006 13.129 12.703 12.886 12.376 11.765 12.077 11.595 10.948 10.936 11.598 11.385 11.093 11.731 11.776 12.092 12.781 12.815 13.951 13.901 13.298 14.487 15.109 14.947 14.720 16.069 16.393 16.188 16.088 16.946 17.618 17.800 17.615 18.505 19.022 19.045 18.975 19.936 20.286 19.853 20.621 21.393 21.154 21.139 22.199 22.203 21.811 22.335 22.876 22.805 22.651 23.285 23.344 23.174 23.303 23.908 23.633 23.627 24.067 24.252 24.081 24.238 24.582 24.561 24.438 24.952 25.042 25.033 25.139 25.471 25.631
21.214 20.332 19.909 19.534 19.427 18.764 18.339 18.000 17.737 17.658 17.269 17.720 17.924 18.078 18.206 18.727 19.184 19.762 20.114 20.426 21.116 21.660 22.091 22.399 23.015 23.400 23.530 23.908 24.634 24.771 25.016 25.232 25.574 25.811 25.722 25.989 25.930 26.004 26.087 26.101 25.546 25.583 25.049 24.518 24.040 23.286 22.446 21.896 21.394 20.694 19.809 18.888 18.926 17.874 16.859 16.653 16.633 15.546 14.533 14.954 14.738 13.330 12.871 13.461 12.584 11.079 11.477 11.006 9.599 9.350 9.695 8.400 7.077 8.076 7.883 6.160 6.571 6.578 5.067 4.319 3.405 1.778 1.237 0.638 0.000 0.680 1.048 1.328 1.333 1.501 2.065 2.316 2.353 2.557 3.185 3.499 3.365 3.658 4.228 4.671 4.798 5.887 6.254 6.699 7.650 8.457 9.094 8.720 8.780 9.625 9.757 9.420 10.133 11.074 10.814 10.948 11.935 12.325 12.275 12.877 13.698 13.661 13.845 14.732 15.044 15.345 15.840 16.371 16.529 16.839 17.396 17.744 17.977 18.567 19.049 19.060 19.495 20.260 20.312 20.155 20.350 19.892 20.037 19.469 18.798 18.584 18.086 17.353 17.362 17.285 16.303 16.287 16.011 15.362 14.845 14.834 14.528 13.513 13.618 13.599 13.218 11.976 11.468 11.822 10.762 10.162 10.482 10.261 9.323 9.083 9.537 9.434 8.397 8.530 9.509 10.860 11.367 11.803 11.043 12.498 12.148 11.197 12.043 12.723 11.891 11.717 12.850 13.361 12.465 13.210 14.308 14.378 13.691 14.891 15.693 15.608 15.588 16.414 16.980 16.886 17.453 18.028 17.998 18.204 19.185 19.461 19.522 20.082 20.543 20.457 20.773 21.295 21.663 21.489 22.037 21.874 21.407 21.388 21.905 21.578 21.070 20.634 20.031 20.148 20.258 19.529 18.927 19.008 18.922 17.944 17.784 17.645 17.147 16.640 16.481 16.549 15.605 15.169 15.511 14.712 14.070 14.350 14.142 13.190 13.755 14.288 13.892 13.816 13.051 13.147 11.948 12.016 12.077 11.284 10.945 11.219 10.504 9.716 9.616 10.322 9.769 9.527 10.285 10.256 10.617 11.157 11.423 12.564 12.295 11.905 12.933 13.454 13.164 13.113 14.333 14.673 14.329 14.278 14.960 15.702 16.085 15.874 16.829 17.242 17.130 17.470 18.152 18.442 18.252 18.960 20.080 19.538 19.870 21.024 20.980 20.616 21.440 21.689 21.746 21.808 22.321 22.521 22.186 22.509 22.865 22.754 22.758 23.307 23.470 23.369 23.558 23.848 23.969 23.876 24.324 24.436 24.443 24.754 25.108 25.043
21.169 20.456 19.968 19.608 19.027 18.539 18.121 17.766 17.318 16.882 16.999 17.371 17.290 17.627 17.960 18.440 18.820 19.589 20.056 20.203 20.926 21.624 21.972 22.253 22.974 23.354 23.446 23.803 24.578 24.668 24.931 25.170 25.712 25.879 25.955 25.923 26.016 26.007 26.288 26.287 25.737 25.613 25.130 24.889 24.241 23.548 22.696 22.216 21.595 20.930 20.323 19.123 18.875 18.288 16.992 16.987 16.961 15.572 14.640 15.424 14.678 13.194 12.779 13.455 12.764 10.985 11.783 10.644 9.541 9.393 9.681 8.353 7.193 8.139 7.698 6.322 6.813 6.964 5.244 4.936 4.041 2.414 1.814 1.272 0.570 0.000 0.713 0.898 1.173 1.140 1.197 1.717 1.811 1.972 2.285 2.762 2.939 2.823 3.320 3.824 3.957 5.119 5.337 6.098 6.916 7.720 8.584 8.053 7.799 8.799 9.293 8.822 9.245 10.394 10.105 10.239 10.954 11.772 11.482 12.170 12.946 13.244 13.240 14.007 14.648 14.961 15.128 15.727 16.230 16.463 16.862 17.412 17.571 18.104 18.408 18.600 18.912 19.700 19.758 19.176 19.608 19.566 19.663 18.811 18.345 18.246 17.511 17.110 17.007 16.802 15.901 15.794 15.456 14.965 14.215 14.050 13.724 12.975 12.666 12.649 12.130 11.147 10.414 10.511 9.698 9.170 9.354 9.237 7.951 8.067 8.360 7.992 7.416 7.325 8.092 9.354 10.000 10.296 10.223 11.315 10.977 10.189 11.190 11.734 10.758 10.940 12.053 12.727 11.882 12.732 13.650 13.596 13.533 14.466 15.207 15.066 15.523 16.185 16.436 16.697 17.424 17.885 17.975 18.245 19.000 19.412 19.547 19.990 20.429 20.461 20.632 21.099 21.485 21.223 21.739 21.694 20.913 20.988 21.298 21.053 20.265 20.279 19.548 19.878 19.833 19.004 18.366 18.736 18.502 17.449 17.437 17.547 16.584 15.928 16.252 16.195 15.002 14.631 15.185 14.299 13.468 13.689 13.162 12.462 12.979 13.589 12.888 13.103 12.506 12.264 11.419 11.421 11.305 10.741 10.177 10.238 9.593 8.903 8.551 9.073 8.696 8.814 9.525 9.899 10.205 10.633 11.336 12.318 11.875 11.683 12.674 13.311 13.098 13.045 14.379 14.898 14.355 14.381 15.313 16.115 16.217 16.124 17.173 17.656 17.459 17.702 18.755 18.963 18.499 19.384 20.314 19.926 20.022 20.930 21.275 20.790 21.507 21.910 21.924 21.753 22.455 22.546 22.343 22.388 22.949 22.688 22.607 23.155 23.406 23.127 23.215 23.694 23.774 23.543 24.106 24.224 24.040 24.164 24.589 24.824
20.866 20.023 19.455 18.686 18.693 17.968 17.539 16.904 16.212 16.198 16.174 16.321 16.369 16.846 17.026 17.361 17.986 18.690 19.026 19.306 20.154 20.837 21.137 21.447 22.159 22.692 22.689 23.153 23.912 24.053 24.306 24.583 24.986 25.277 25.204 25.611 25.683 25.853 25.809 26.003 25.400 25.663 25.006 24.639 24.007 23.347 22.418 21.528 21.175 20.225 19.485 18.221 18.283 17.161 16.160 15.707 15.668 14.541 13.744 13.627 13.041 12.135 11.775 12.069 11.188 9.758 10.393 9.600 8.191 8.380 8.745 7.529 6.608 7.443 6.998 6.103 6.325 6.494 5.327 4.977 4.416 2.723 2.099 1.553 0.910 0.536 0.000 0.554 0.577 0.713 0.718 0.765 0.945 1.062 1.169 1.180 1.398 1.664 1.745 2.029 2.466 3.483 3.736 4.085 5.097 5.951 6.332 6.059 6.047 6.976 7.025 6.899 7.623 8.295 8.087 8.426 9.232 9.585 9.622 10.253 11.062 11.040 11.298 12.227 12.661 12.697 13.343 13.978 14.249 14.577 15.246 15.657 15.835 16.489 16.754 16.974 17.199 17.993 17.993 17.919 18.164 17.823 18.280 17.391 16.813 16.779 16.090 15.469 15.555 15.355 14.213 14.073 13.966 13.206 12.396 12.575 12.034 11.118 11.043 11.264 10.745 9.724 8.958 9.358 8.514 7.771 7.907 7.901 6.877 6.587 6.955 7.053 6.183 6.632 7.476 8.594 9.203 9.525 9.687 10.657 10.133 9.226 10.318 10.636 9.698 9.818 10.990 11.073 10.373 11.295 12.128 12.216 11.906 12.937 13.696 13.671 13.805 14.533 15.136 15.013 15.884 16.554 16.430 16.635 17.709 17.895 18.100 18.602 18.929 18.906 19.225 19.847 19.965 19.759 20.138 20.168 19.741 19.592 19.940 19.703 19.087 18.792 18.437 18.281 18.602 17.804 17.242 17.331 17.294 16.173 15.976 15.860 15.377 14.734 14.746 14.814 13.598 13.214 13.700 13.109 12.198 12.593 12.338 11.813 12.138 12.591 12.337 12.481 11.867 11.738 10.947 10.812 10.828 10.148 9.513 9.715 9.101 8.263 7.847 8.703 7.957 8.292 8.866 9.426 9.779 10.048 10.582 11.531 11.079 10.746 11.645 12.160 11.824 11.928 12.939 13.186 12.816 12.874 13.911 14.440 14.689 14.463 15.582 16.081 15.962 16.089 17.099 17.421 16.851 17.711 18.763 18.392 18.223 19.747 19.649 19.072 19.737 20.375 20.239 20.128 20.923 21.237 20.696 20.890 21.521 21.157 21.078 21.827 21.961 21.716 21.965 22.510 22.440 22.195 22.828 22.917 22.908 23.168 23.563 23.934
20.813 19.415 19.297 18.439 18.306 17.399 17.105 16.592 16.106 15.623 15.405 15.722 15.862 16.114 16.324 16.688 17.370 18.127 18.440 18.749 19.794 20.412 20.750 21.086 21.808 22.327 22.563 22.892 23.734 23.961 24.133 24.490 24.872 25.208 25.119 25.391 25.367 25.383 25.628 25.597 25.120 25.262 24.643 24.403 23.733 23.141 22.477 21.478 20.929 20.383 19.269 18.169 18.112 17.196 15.793 15.479 15.695 14.014 13.216 13.423 13.149 11.564 11.446 11.750 11.045 9.529 10.117 9.309 8.188 8.346 8.655 7.507 6.609 7.567 7.498 6.350 6.706 6.850 5.824 5.304 4.652 3.098 2.294 1.642 1.201 0.672 0.510 0.000 0.507 0.611 0.663 0.655 0.676 0.871 0.912 0.976 1.135 1.355 1.558 1.694 2.273 3.298 3.504 3.850 4.795 5.524 6.102 5.707 5.790 6.639 6.893 6.740 7.368 7.960 8.010 8.287 8.971 9.395 9.425 10.076 10.848 10.944 11.075 12.099 12.608 12.715 13.123 13.894 14.250 14.454 14.984 15.466 15.792 16.345 16.673 16.747 17.150 17.862 17.876 17.849 18.128 17.713 18.104 17.271 16.721 16.616 16.011 15.335 15.364 15.193 13.987 14.112 13.861 12.998 12.244 12.371 12.177 10.950 10.844 11.218 10.844 9.653 8.912 9.242 8.595 7.641 7.831 7.835 6.811 6.453 6.861 6.849 6.079 6.660 7.409 8.505 9.342 9.671 9.484 10.491 10.216 9.203 10.122 10.730 9.830 9.858 10.995 11.184 10.370 11.119 12.211 12.079 11.938 12.843 13.708 13.466 13.658 14.487 15.074 14.835 15.634 16.330 16.205 16.369 17.362 17.742 17.789 18.257 18.866 18.792 19.059 19.555 19.777 19.581 20.128 20.131 19.754 19.437 19.884 19.595 19.101 18.705 18.059 18.356 18.360 17.662 17.020 17.144 16.997 16.123 15.998 15.931 15.167 14.829 14.738 14.643 13.515 13.465 13.751 12.821 12.137 12.688 12.279 11.671 12.103 12.459 12.279 12.187 11.701 11.821 10.835 10.831 10.797 10.346 9.546 9.821 9.230 8.350 7.918 8.664 8.056 8.082 8.854 9.257 9.569 10.029 10.512 11.361 10.998 10.658 11.649 11.996 11.680 11.799 12.768 13.074 12.664 12.648 13.627 14.349 14.581 14.378 15.457 15.944 15.759 15.884 16.917 17.268 16.786 17.574 18.533 18.188 18.257 19.292 19.375 18.944 19.633 20.070 20.032 20.022 20.686 20.874 20.408 20.772 21.272 20.973 20.896 21.625 21.699 21.448 21.923 22.241 22.164 21.951 22.794 22.876 22.818 23.060 23.410 23.666
20.082 19.290 18.960 18.251 18.131 17.513 17.034 16.444 16.081 15.791 15.377 15.561 15.866 16.069 16.121 16.515 17.168 17.911 18.185 18.537 19.394 20.163 20.489 20.838 21.450 21.978 22.067 22.631 23.418 23.594 23.931 24.218 24.804 25.027 25.068 25.134 25.240 25.307 25.628 25.708 24.931 25.249 24.557 24.286 23.533 22.904 22.024 21.524 20.807 20.017 19.400 18.280 18.216 17.496 16.339 16.060 16.319 14.887 13.719 14.229 13.563 12.259 12.044 12.542 11.050 9.937 10.770 9.804 8.396 8.653 9.120 8.072 6.744 7.743 7.790 6.384 6.663 6.943 5.649 5.026 4.446 2.897 2.241 1.620 1.176 0.713 0.570 0.492 0.000 0.499 0.552 0.558 0.563 0.619 0.705 0.790 0.853 0.995 1.200 1.486 1.925 3.084 3.227 3.543 4.506 5.294 5.838 5.372 5.212 6.303 6.540 6.242 6.930 7.600 7.514 7.738 8.576 8.932 9.030 9.691 10.454 10.526 10.704 11.711 12.202 12.325 12.709 13.520 13.821 14.135 14.688 15.088 15.377 15.940 16.256 16.344 16.916 17.393 17.848 17.582 17.624 17.477 17.723 17.051 16.344 16.106 15.543 14.969 14.977 14.801 13.608 13.659 13.423 12.588 11.830 11.900 11.660 10.560 10.417 10.642 10.310 9.252 8.362 8.697 8.096 7.161 7.194 7.510 6.370 5.906 6.362 6.437 5.668 6.079 7.041 8.204 9.022 9.235 9.022 10.069 9.773 8.807 9.750 10.257 9.517 9.375 10.585 10.793 10.075 10.902 11.812 11.699 11.575 12.565 13.191 13.105 13.550 14.152 14.511 14.587 15.321 15.926 15.835 16.144 17.148 17.195 17.362 18.068 18.569 18.509 19.014 19.602 19.745 19.548 20.001 20.103 19.331 19.211 19.655 19.531 18.619 18.337 17.782 17.986 18.119 17.400 16.595 16.914 16.862 15.771 15.644 15.831 14.927 14.296 14.486 14.596 13.355 13.078 13.647 12.776 11.945 12.302 12.001 11.218 11.739 12.343 12.124 12.019 11.334 11.491 10.480 10.450 10.449 9.941 9.153 9.530 8.697 7.835 7.337 8.092 7.616 7.554 8.518 9.018 9.088 9.544 10.369 11.047 10.738 10.407 11.571 11.784 11.464 11.700 12.641 12.844 12.285 12.402 13.383 14.016 14.224 14.058 15.008 15.664 15.193 15.643 16.606 16.816 16.502 17.147 18.295 17.799 17.912 19.074 19.203 18.701 19.476 19.976 19.844 19.919 20.654 20.841 20.311 20.559 21.319 20.869 20.774 21.509 21.597 21.303 21.550 22.075 22.116 21.844 22.532 22.694 22.522 22.804 23.187 23.480
20.364 19.715 19.099 18.404 18.077 17.957 17.169 16.595 16.116 15.865 15.743 15.851 15.962 16.184 16.362 16.775 17.579 18.165 18.552 18.842 19.634 20.427 20.917 21.134 21.853 22.447 22.475 22.854 23.860 23.938 24.220 24.675 24.953 25.297 25.153 25.419 25.503 25.562 25.732 25.792 24.994 25.378 24.688 24.374 23.699 23.120 22.265 21.657 21.060 20.191 19.724 18.585 18.322 17.519 16.431 16.201 16.250 15.109 14.004 14.364 13.160 12.371 11.767 12.083 11.465 10.261 10.695 9.913 8.878 9.043 9.060 8.258 6.893 7.958 7.435 6.483 6.829 6.926 5.762 5.123 4.644 3.074 2.354 1.864 1.212 0.794 0.632 0.551 0.489 0.000 0.496 0.526 0.519 0.536 0.564 0.637 0.687 0.844 0.967 1.263 1.812 2.884 3.166 3.379 4.418 5.178 5.712 5.241 5.167 6.138 6.345 6.168 6.665 7.549 7.291 7.521 8.516 8.965 8.900 9.592 10.312 10.462 10.615 11.566 12.119 12.417 12.702 13.471 13.800 14.211 14.812 15.255 15.575 16.237 16.611 16.612 16.865 17.660 17.956 17.475 17.781 17.708 17.947 16.994 16.422 16.492 15.771 15.061 15.100 14.913 13.614 13.572 13.504 12.606 11.831 11.938 11.444 10.400 10.325 10.681 10.196 9.097 8.155 8.690 7.940 7.099 6.967 7.270 6.335 5.870 6.114 6.228 5.617 6.139 6.952 7.969 8.714 9.137 9.321 10.186 9.661 8.997 9.930 10.182 9.253 9.463 10.575 10.753 9.933 10.692 11.664 11.671 11.495 12.476 13.195 13.080 13.371 14.128 14.672 14.598 15.382 16.201 16.015 16.373 17.365 17.522 17.501 18.262 18.902 18.687 18.974 19.530 19.724 19.582 20.154 20.041 19.513 19.420 19.739 19.579 18.764 18.749 18.138 18.269 18.314 17.550 16.965 17.245 17.027 15.855 15.921 15.922 14.986 14.430 14.698 14.616 13.248 13.071 13.724 12.665 11.850 12.387 12.065 11.473 11.690 12.461 12.298 12.295 11.659 11.718 10.611 10.528 10.734 9.947 9.192 9.344 8.652 7.992 7.444 8.187 7.644 7.877 8.387 8.907 9.253 9.879 10.317 11.288 10.784 10.418 11.343 11.880 11.515 11.551 12.673 12.862 12.358 12.474 13.412 13.967 14.170 14.112 15.145 15.641 15.586 15.753 16.662 17.035 16.612 17.242 18.303 18.062 18.048 19.072 19.456 18.814 19.401 19.956 20.076 19.886 20.552 21.025 20.481 20.613 21.256 21.070 20.908 21.583 21.838 21.459 21.736 22.348 22.156 22.123 22.637 22.719 22.719 22.873 23.372 23.675
20.169 19.464 18.968 18.377 18.376 17.582 17.278 16.534 15.803 15.531 15.457 15.569 15.446 16.028 16.062 16.435 17.182 17.996 18.282 18.607 19.579 20.183 20.508 20.815 21.505 22.051 22.016 22.599 23.390 23.632 23.968 24.289 24.650 24.877 24.821 25.117 25.247 25.510 25.594 25.746 25.156 25.419 24.814 24.526 23.939 23.358 22.497 21.490 21.262 20.349 19.579 18.406 18.582 17.528 16.302 15.953 16.198 14.842 13.967 13.961 13.468 12.104 12.026 12.099 11.202 9.765 10.698 9.807 8.553 8.758 9.009 7.839 6.888 7.880 7.635 6.520 6.890 7.098 5.755 5.423 4.608 3.122 2.461 1.870 1.379 0.906 0.668 0.553 0.510 0.487 0.000 0.492 0.506 0.509 0.511 0.562 0.645 0.750 0.854 1.124 1.667 2.807 3.029 3.330 4.187 4.954 5.538 5.170 5.106 5.884 6.145 5.995 6.526 7.076 7.068 7.329 7.934 8.351 8.594 9.030 9.874 10.006 10.188 10.981 11.612 11.837 12.218 12.897 13.405 13.701 14.055 14.609 15.135 15.612 15.648 16.050 16.453 17.230 17.233 17.154 17.389 17.059 17.516 16.746 16.143 15.897 15.382 14.653 14.663 14.433 13.291 13.257 12.972 12.301 11.398 11.561 10.924 10.077 9.936 10.220 9.879 8.868 7.974 8.261 7.722 6.911 6.884 6.919 6.197 5.783 6.104 6.184 5.544 6.235 6.938 7.908 8.482 8.885 9.117 9.790 9.436 8.782 9.606 9.908 9.055 9.209 10.258 10.318 9.569 10.403 11.207 11.287 11.112 12.122 12.840 12.761 12.938 13.839 14.305 14.201 15.203 15.800 15.719 15.969 16.960 17.209 17.441 17.829 18.339 18.182 18.561 19.146 19.310 19.040 19.312 19.436 19.029 18.707 19.080 19.010 18.420 18.014 17.642 17.601 17.854 17.120 16.474 16.581 16.494 15.442 15.299 15.117 14.541 13.979 13.925 14.030 12.900 12.472 12.983 12.286 11.532 11.875 11.686 11.286 11.567 11.950 11.793 11.966 11.479 11.294 10.574 10.432 10.577 9.812 9.256 9.305 8.462 7.795 7.343 8.136 7.604 7.854 8.651 9.099 9.518 9.980 10.448 11.108 10.839 10.510 11.223 11.688 11.334 11.502 12.299 12.632 12.125 12.296 13.159 13.767 14.055 13.928 14.889 15.561 15.381 15.383 16.511 16.795 16.335 16.969 18.246 17.873 17.619 19.056 19.106 18.594 19.240 19.753 19.766 19.546 20.344 20.568 20.040 20.267 20.829 20.292 20.348 21.192 21.125 20.862 21.283 21.710 21.457 21.383 22.141 22.095 22.038 22.337 22.853 23.193
20.349 19.053 19.014 18.310 18.683 17.465 17.050 16.466 16.170 15.536 15.250 15.537 15.680 15.954 16.000 16.568 17.274 17.942 18.285 18.718 19.523 20.103 20.532 20.880 21.465 21.938 22.163 22.672 23.420 23.614 24.055 24.423 25.075 25.159 25.296 25.413 25.551 25.658 25.854 25.994 25.254 25.453 24.900 24.671 24.022 23.441 22.493 21.516 21.252 20.375 19.559 18.262 18.539 17.473 16.148 15.718 16.524 14.749 13.547 13.961 13.950 11.985 11.775 12.457 11.042 9.831 10.536 9.828 8.757 8.625 9.214 8.213 6.900 7.929 7.895 6.678 6.829 7.114 5.921 5.221 4.481 3.049 2.323 1.828 1.394 0.979 0.717 0.566 0.524 0.503 0.487 0.000 0.491 0.518 0.516 0.541 0.591 0.737 0.856 1.137 1.643 2.847 3.064 3.238 4.110 4.985 5.492 4.989 4.994 5.850 6.025 5.850 6.496 7.091 7.132 7.341 8.060 8.415 8.669 9.214 9.934 10.057 10.438 11.257 11.711 11.984 12.495 13.109 13.497 13.821 14.323 14.640 15.108 15.524 15.871 15.972 16.584 17.105 17.365 17.245 17.482 17.162 17.430 16.905 16.210 15.857 15.469 14.804 14.684 14.540 13.534 13.471 13.186 12.496 11.581 11.748 11.372 10.266 10.116 10.468 10.085 9.096 8.125 8.505 7.872 6.923 6.946 7.202 6.246 5.640 6.217 6.324 5.561 6.320 7.011 8.255 8.910 9.351 9.205 10.135 9.849 8.780 9.676 10.240 9.373 9.300 10.480 10.713 9.854 10.674 11.691 11.595 11.387 12.534 13.160 12.900 13.108 14.019 14.521 14.297 15.258 15.703 15.659 16.006 16.686 17.089 17.272 17.536 18.017 18.075 18.552 19.031 19.213 18.965 19.543 19.396 18.936 18.749 19.238 18.912 18.467 18.010 17.508 17.551 17.694 16.980 16.426 16.524 16.432 15.460 15.445 15.304 14.777 14.221 14.209 14.239 13.303 12.974 13.339 12.699 12.014 12.221 12.052 11.295 11.783 12.166 12.064 12.065 11.475 11.533 10.570 10.579 10.538 10.079 9.419 9.755 8.887 7.894 7.401 8.314 7.642 7.728 8.704 9.010 9.325 9.786 10.372 11.036 10.744 10.344 11.228 11.798 11.457 11.515 12.437 12.878 12.375 12.216 13.054 13.884 14.241 13.917 14.881 15.370 15.194 15.414 16.229 16.463 16.318 16.922 17.785 17.503 17.658 18.733 18.741 18.484 19.176 19.399 19.367 19.553 20.201 20.319 19.814 20.311 20.659 20.265 20.321 21.102 21.008 20.829 21.253 21.625 21.615 21.248 22.064 22.322 22.191 22.505 22.871 23.248
20.522 19.444 19.305 18.192 18.048 17.543 17.133 16.896 16.660 16.239 16.086 16.172 16.273 16.514 16.425 16.801 17.411 18.019 18.341 18.597 19.474 20.194 20.564 20.835 21.500 22.032 22.172 22.664 23.439 23.690 24.195 24.601 25.014 25.282 25.347 25.352 25.533 25.626 25.784 25.912 25.012 25.442 24.932 24.520 23.836 23.212 22.346 21.632 21.157 20.192 19.833 18.560 18.592 17.596 16.311 16.265 16.347 14.882 13.934 14.448 13.267 12.289 12.386 12.477 11.020 10.062 10.993 10.065 8.530 9.209 9.540 8.252 6.976 7.991 7.722 6.539 6.732 7.142 5.759 5.124 4.639 3.177 2.388 1.765 1.341 0.979 0.818 0.585 0.533 0.507 0.503 0.488 0.000 0.493 0.517 0.522 0.550 0.678 0.794 1.077 1.641 2.909 3.229 3.413 4.325 5.129 5.791 5.241 5.037 6.119 6.329 6.045 6.519 7.580 7.331 7.531 8.543 9.027 9.040 9.675 10.576 10.683 10.838 11.684 12.371 12.465 12.634 13.645 14.025 14.279 14.860 15.184 15.579 16.169 16.264 16.407 16.933 17.388 17.982 17.553 17.596 17.705 17.809 17.150 16.534 16.241 15.697 15.159 15.104 14.904 13.826 13.795 13.590 12.637 11.830 12.122 11.717 10.464 10.462 10.910 10.301 8.950 8.111 8.681 7.854 6.996 6.899 7.345 6.161 5.626 6.199 6.409 5.503 6.239 7.079 8.219 9.064 9.407 9.394 10.386 9.961 9.092 10.063 10.477 9.249 9.512 10.819 10.853 10.119 11.055 11.977 11.641 11.715 12.720 13.282 13.006 13.638 14.487 14.714 14.674 15.540 16.262 16.030 16.277 17.354 17.452 17.587 18.303 18.658 18.679 19.090 19.636 19.895 19.609 20.105 19.958 19.197 19.273 19.556 19.355 18.655 18.413 17.831 17.804 18.185 17.524 16.671 17.033 17.017 15.886 15.675 15.837 15.022 14.341 14.774 14.839 13.405 13.281 13.944 13.145 12.025 12.566 12.500 11.559 11.978 12.751 12.330 12.609 11.825 11.846 10.819 10.789 10.726 10.218 9.414 9.585 8.725 7.946 7.371 8.166 7.589 7.768 8.564 9.003 9.179 10.076 10.845 11.728 11.210 10.849 11.929 12.482 11.798 12.041 13.307 13.365 12.502 13.019 13.867 14.518 14.503 14.641 15.637 16.078 15.633 15.964 17.043 17.260 16.814 17.432 18.767 18.323 18.076 19.341 19.656 19.189 19.752 20.302 20.280 20.050 20.684 21.061 20.423 20.665 21.174 20.946 20.881 21.425 21.626 21.268 21.451 22.075 22.042 21.757 22.382 22.592 22.280 22.610 23.030 23.514
19.969 19.152 19.121 18.317 18.174 17.628 17.423 17.061 16.459 16.395 16.068 15.970 15.969 16.398 16.413 16.615 17.345 18.102 18.427 18.670 19.664 20.490 20.744 21.040 21.838 22.243 22.303 22.944 23.642 23.824 24.195 24.697 25.111 25.313 25.368 25.513 25.646 25.735 25.742 25.878 25.319 25.321 24.668 24.449 23.706 22.962 22.126 21.612 21.055 20.416 19.973 18.775 18.296 17.708 16.741 16.148 16.406 14.912 13.875 14.170 13.252 12.132 11.915 12.262 11.417 10.234 10.710 10.027 9.241 9.058 9.244 8.335 7.147 8.163 7.731 6.780 7.030 7.533 6.220 5.557 4.973 3.260 2.555 1.865 1.431 1.066 0.857 0.687 0.576 0.531 0.513 0.510 0.488 0.000 0.491 0.522 0.528 0.591 0.720 1.049 1.568 2.746 3.000 3.339 4.207 5.006 5.578 5.208 5.223 5.950 6.169 6.063 6.573 7.292 7.179 7.476 8.290 8.833 8.796 9.465 10.430 10.504 10.652 11.547 12.178 12.230 12.752 13.402 13.971 14.136 14.654 15.293 15.628 16.102 16.447 16.655 16.939 17.420 17.865 17.330 17.634 17.709 17.795 17.114 16.494 16.509 15.828 15.101 15.140 14.926 13.870 13.605 13.539 12.780 11.814 12.113 11.648 10.477 10.229 10.841 10.407 9.101 8.196 8.632 7.888 7.112 6.828 7.109 6.382 5.794 6.004 6.237 5.382 6.179 7.081 8.276 8.890 9.481 9.533 10.402 9.945 9.339 10.074 10.440 9.457 9.687 10.781 11.014 9.878 10.845 12.030 11.845 11.417 12.684 13.410 13.138 13.388 14.385 14.808 14.683 15.513 16.269 16.109 16.356 17.258 17.681 17.665 18.107 18.701 18.674 18.788 19.328 19.591 19.404 19.765 19.741 19.297 19.353 19.476 19.275 18.602 18.585 18.041 18.103 18.061 17.552 17.016 17.156 17.103 15.974 15.944 15.672 15.132 14.550 14.658 14.624 13.543 13.332 13.750 13.028 12.111 12.522 12.380 11.670 11.938 12.602 12.428 12.296 11.678 11.527 10.706 10.532 10.900 9.935 9.251 9.490 8.639 7.791 7.120 8.100 7.790 7.785 8.486 8.763 9.052 9.811 10.105 11.249 10.870 10.762 11.582 12.019 11.696 11.721 12.967 13.132 12.725 12.685 13.699 14.209 14.493 14.467 15.294 15.818 15.861 15.933 16.801 17.154 16.788 17.328 18.318 18.148 18.013 19.087 19.261 18.689 19.465 19.810 19.869 19.740 20.410 20.638 20.215 20.432 20.933 20.749 20.652 21.291 21.414 21.109 21.314 21.984 21.684 21.497 22.189 22.207 22.039 22.363 22.811 23.095
20.672 19.353 19.083 18.538 17.842 17.514 17.208 16.707 16.212 15.786 15.677 15.869 15.793 16.222 16.400 16.718 17.521 18.323 18.506 18.766 19.786 20.221 20.702 20.986 21.691 22.137 22.327 22.732 23.581 23.898 24.143 24.542 24.996 25.190 25.271 25.418 25.482 25.573 25.740 25.988 25.339 25.566 24.972 24.754 24.086 23.509 22.638 21.896 21.432 20.427 19.677 18.479 18.442 17.399 16.246 15.944 16.117 14.868 13.630 13.856 13.208 12.155 11.868 12.083 11.161 9.954 10.696 10.020 9.055 8.956 9.242 8.270 7.053 8.097 8.012 6.975 7.076 7.312 6.276 5.621 4.697 3.401 2.679 1.962 1.517 1.151 0.910 0.728 0.659 0.551 0.525 0.513 0.502 0.488 0.000 0.493 0.533 0.564 0.661 0.957 1.573 2.808 3.002 3.398 4.447 5.088 5.906 5.388 5.377 6.091 6.410 6.204 6.771 7.465 7.496 7.632 8.355 8.787 8.765 9.430 10.277 10.392 10.515 11.429 12.135 12.231 12.700 13.397 14.008 14.234 14.643 15.137 15.651 15.969 16.323 16.481 17.029 17.437 17.787 17.432 17.629 17.463 17.645 16.888 16.411 16.277 15.714 15.107 15.135 14.884 13.741 13.754 13.458 12.632 11.599 12.020 11.512 10.310 10.276 10.706 10.361 9.414 8.415 8.724 8.089 7.257 7.192 7.258 6.644 6.016 6.308 6.453 5.722 6.477 7.250 8.232 8.995 9.395 9.601 10.272 9.950 9.010 9.931 10.372 9.552 9.448 10.662 10.803 10.028 10.613 11.822 11.643 11.391 12.463 13.386 12.996 13.225 14.291 14.811 14.583 15.380 16.124 16.094 16.218 17.070 17.572 17.609 17.928 18.419 18.468 18.816 19.261 19.592 19.276 19.672 19.664 19.177 19.049 19.507 19.316 18.614 18.323 17.780 18.095 18.010 17.332 16.752 16.866 16.666 15.904 15.806 15.640 14.934 14.335 14.463 14.343 13.332 13.046 13.482 12.619 11.902 12.392 12.075 11.643 11.960 12.464 12.255 12.250 11.893 11.651 10.810 10.692 10.716 10.031 9.265 9.515 8.418 7.674 7.277 8.189 7.713 7.901 8.785 9.085 9.371 10.161 10.481 11.131 11.021 10.570 11.524 12.004 11.652 11.693 12.706 13.113 12.499 12.488 13.356 14.269 14.509 14.340 15.195 15.916 15.885 15.831 16.703 17.174 16.773 17.375 18.407 18.123 18.013 19.095 19.217 18.844 19.603 19.806 19.880 19.818 20.433 20.653 20.256 20.482 20.952 20.679 20.641 21.410 21.372 21.244 21.500 21.853 21.818 21.525 22.334 22.380 22.290 22.580 22.928 23.203
20.157 19.010 18.894 17.887 17.977 17.237 16.772 16.581 16.277 15.777 15.531 15.858 15.854 16.093 16.195 16.812 17.514 18.104 18.561 18.788 19.534 20.297 20.778 21.020 21.592 22.187 22.252 22.784 23.430 23.855 24.245 24.643 25.104 25.378 25.380 25.489 25.611 25.624 25.921 25.939 25.189 25.480 24.867 24.665 23.801 23.214 22.508 21.663 21.195 20.255 19.623 18.472 18.469 17.318 15.843 16.215 16.343 14.612 13.465 13.951 13.068 11.875 11.916 12.182 11.012 10.000 10.670 9.827 8.986 8.977 9.331 8.169 7.117 8.100 7.899 6.848 6.976 7.507 6.249 5.607 5.024 3.469 2.739 2.090 1.676 1.282 1.083 0.823 0.753 0.660 0.565 0.538 0.523 0.520 0.490 0.000 0.505 0.629 0.688 1.092 1.617 2.841 3.193 3.496 4.662 5.263 5.671 5.260 5.264 6.266 6.297 6.069 6.735 7.411 7.427 7.524 8.483 8.848 8.924 9.556 10.615 10.694 10.941 11.922 12.552 12.871 13.252 13.914 14.398 14.807 15.254 15.629 16.088 16.524 16.708 16.756 17.511 17.814 18.281 17.868 17.953 17.942 18.038 17.577 16.970 16.692 16.430 15.769 15.646 15.489 14.365 14.362 14.023 13.226 12.204 12.617 12.189 10.829 10.730 11.207 10.761 9.472 8.513 9.033 8.233 7.169 7.291 7.571 6.567 5.751 6.461 6.621 5.815 6.571 7.293 8.556 9.437 9.887 9.599 10.814 10.471 9.234 10.274 10.939 9.868 9.763 11.242 11.359 10.171 11.144 12.442 12.130 11.864 13.208 13.823 13.342 13.658 14.888 15.313 14.960 16.129 16.472 16.397 16.648 17.514 17.761 17.936 18.384 18.571 18.761 19.246 19.592 19.758 19.691 20.253 20.147 19.535 19.649 19.987 19.742 19.004 18.748 18.336 18.523 18.466 17.918 17.301 17.361 17.407 16.515 16.319 16.371 15.789 15.098 15.162 15.392 14.051 13.713 14.261 13.500 12.583 12.977 12.815 11.806 12.423 13.088 12.734 12.620 11.891 11.797 10.866 10.754 10.861 10.248 9.408 9.822 8.919 7.931 7.488 8.460 7.882 7.774 8.840 9.063 9.383 9.912 10.546 11.467 11.114 10.754 11.992 12.436 11.828 11.916 13.236 13.582 12.755 12.682 13.783 14.719 14.958 14.560 15.659 16.324 16.041 16.078 17.169 17.317 17.009 17.586 18.536 18.198 18.162 19.248 19.452 18.987 19.643 20.014 19.955 19.984 20.449 20.682 20.326 20.672 20.987 20.945 20.887 21.464 21.476 21.303 21.523 21.938 21.959 21.648 22.272 22.603 22.221 22.572 22.947 23.238
20.310 19.276 18.843 17.949 17.508 17.235 16.660 16.642 16.625 16.234 16.296 16.348 16.308 16.787 16.966 17.270 17.954 18.753 19.017 19.231 20.000 20.777 21.166 21.395 22.171 22.715 22.649 23.115 24.001 24.173 24.736 25.075 25.514 25.782 25.808 25.802 25.908 25.912 26.143 26.287 25.425 25.773 25.297 25.085 24.344 23.816 22.953 22.151 21.839 20.867 20.195 19.195 19.019 17.869 16.713 16.717 16.391 15.419 14.266 14.519 13.628 12.289 12.490 12.382 11.211 10.232 11.129 10.245 8.642 9.271 9.393 8.455 6.979 8.152 7.831 6.725 7.049 7.574 6.342 5.747 5.165 3.593 2.922 2.217 1.740 1.394 1.179 0.948 0.860 0.739 0.692 0.580 0.554 0.539 0.527 0.495 0.000 0.507 0.649 0.975 1.599 2.972 3.280 3.532 4.509 5.310 5.859 5.244 5.243 6.457 6.536 6.273 6.800 7.688 7.556 7.747 8.739 9.213 9.093 9.916 11.054 11.032 11.027 12.117 12.924 12.868 13.091 14.110 14.589 14.634 15.150 15.732 16.065 16.634 16.788 16.946 17.355 17.888 18.252 17.718 17.831 18.031 18.211 17.220 16.804 16.729 15.889 15.373 15.569 15.123 14.045 14.017 13.900 12.955 12.042 12.456 11.992 10.740 10.709 11.262 10.622 9.539 8.520 9.048 8.142 7.362 7.176 7.435 6.548 5.795 6.328 6.496 5.605 6.439 7.453 8.380 9.150 9.817 9.935 10.836 10.204 9.520 10.550 10.627 9.948 9.923 11.092 11.013 10.252 11.252 12.129 11.850 11.653 13.006 13.495 13.167 13.617 14.616 14.842 14.596 15.616 16.338 16.139 16.303 17.406 17.770 17.626 18.248 18.906 18.869 19.054 19.547 19.952 19.699 20.392 20.156 19.498 19.637 19.890 19.725 18.844 18.919 18.465 18.478 18.466 17.814 17.206 17.454 17.253 16.096 16.078 16.184 15.138 14.526 15.001 15.051 13.620 13.539 14.150 13.358 12.293 12.773 12.714 11.985 12.130 12.794 12.670 12.494 11.835 11.730 10.561 10.579 10.720 10.182 9.341 9.416 8.655 7.773 7.295 8.224 7.812 7.725 8.524 8.714 9.296 10.046 10.470 11.570 11.014 10.665 11.682 12.286 11.834 11.852 13.117 13.375 12.695 12.942 13.760 14.525 14.490 14.591 15.582 15.915 15.728 15.965 16.990 17.209 16.823 17.432 18.634 18.287 18.065 19.197 19.596 19.044 19.685 20.188 20.284 19.989 20.667 21.090 20.703 20.741 21.330 21.287 21.156 21.823 21.943 21.754 21.879 22.490 22.433 22.249 22.802 23.097 22.884 23.149 23.462 23.916
20.077 18.765 19.297 18.209 17.788 17.323 17.096 16.936 16.517 16.188 16.255 16.251 16.150 16.702 16.694 16.948 17.690 18.488 18.813 19.001 20.005 20.608 21.058 21.303 22.088 22.697 22.826 23.234 23.873 24.260 24.570 25.054 25.400 25.748 25.690 25.754 25.940 26.060 26.143 26.278 25.516 25.808 25.115 24.941 24.192 23.566 22.796 22.168 21.610 21.042 20.093 19.169 18.900 17.954 17.009 16.684 16.599 15.210 14.065 14.398 13.433 12.298 12.283 12.582 11.560 10.218 10.959 10.269 9.003 9.135 9.435 8.370 7.199 8.223 8.067 6.963 7.426 7.548 6.518 6.054 5.344 4.000 3.281 2.651 2.148 1.714 1.448 1.241 1.065 0.904 0.841 0.807 0.633 0.589 0.577 0.563 0.495 0.000 0.526 0.802 1.508 2.993 3.066 3.501 4.419 5.216 5.960 5.209 5.288 6.362 6.719 6.339 6.945 7.801 7.707 7.906 8.882 9.195 9.152 9.906 10.941 10.948 10.895 12.097 12.649 12.723 13.156 13.847 14.578 14.716 15.106 15.610 16.205 16.707 16.765 17.036 17.445 18.039 18.442 17.830 18.009 18.151 18.257 17.511 16.952 16.740 16.224 15.598 15.578 15.252 14.306 14.004 13.864 13.020 12.008 12.483 11.989 10.748 10.508 11.283 10.736 9.518 8.678 8.910 8.288 7.413 7.308 7.382 6.608 5.796 6.148 6.380 5.335 6.148 7.274 8.365 9.298 9.756 9.619 10.618 10.229 9.364 10.392 10.653 9.955 10.039 11.133 11.246 10.256 11.223 12.152 12.062 11.679 12.910 13.712 13.244 13.427 14.781 15.174 14.943 15.776 16.568 16.459 16.547 17.534 17.972 18.065 18.543 18.978 19.152 19.430 19.801 20.048 20.039 20.510 20.273 19.673 19.863 20.068 19.842 19.144 18.892 18.365 18.483 18.594 17.990 17.263 17.358 17.274 16.239 16.130 15.997 15.373 14.654 14.817 14.778 13.671 13.490 13.959 13.277 12.373 12.866 12.674 11.939 12.318 12.773 12.517 12.498 11.951 11.717 10.765 10.535 10.844 10.199 9.265 9.432 8.384 7.488 7.066 8.196 7.962 7.699 8.851 8.960 9.260 10.321 10.654 11.726 11.491 11.218 12.011 12.561 12.295 12.380 13.336 13.780 13.193 13.059 14.008 14.811 14.775 14.667 15.758 16.351 16.147 16.247 17.365 17.564 17.109 17.768 18.859 18.573 18.302 19.626 19.746 19.317 20.006 20.509 20.534 20.424 21.069 21.239 20.930 21.168 21.750 21.461 21.358 22.171 22.336 21.808 22.095 22.856 22.537 22.396 22.971 23.063 22.903 23.082 23.723 23.788
21.031 19.446 19.345 18.535 18.002 17.512 17.456 16.789 16.350 16.085 16.066 16.125 15.955 16.569 16.694 16.887 17.496 18.462 18.667 18.827 19.970 20.608 20.917 21.151 22.079 22.576 22.683 23.035 23.888 24.160 24.421 24.912 25.365 25.617 25.575 25.668 25.753 25.752 25.943 25.955 25.327 25.674 25.041 24.928 24.293 23.777 23.125 22.385 21.822 21.010 19.818 19.075 19.031 17.850 16.901 16.534 16.316 15.734 14.258 14.154 13.629 12.916 12.551 12.630 11.953 10.531 11.296 10.709 9.516 9.383 9.948 8.836 7.678 8.591 8.498 7.470 7.627 8.095 7.242 6.476 6.094 4.793 3.995 3.336 2.960 2.489 2.057 1.927 1.773 1.443 1.310 1.196 1.055 0.845 0.872 0.772 0.677 0.523 0.000 0.563 1.324 2.572 2.957 3.439 4.294 5.184 5.508 5.178 5.276 6.082 6.357 6.469 6.800 7.805 7.886 8.074 8.813 9.204 9.369 9.770 10.623 10.850 10.945 11.827 12.370 12.635 13.238 13.754 14.386 14.799 15.067 15.649 16.205 16.669 16.838 17.083 17.637 18.151 18.452 17.949 18.216 18.161 18.123 17.356 16.881 16.630 16.157 15.562 15.583 15.089 14.113 13.933 13.591 12.843 12.107 12.296 11.903 10.847 10.620 11.121 10.767 9.701 8.939 9.235 8.505 7.505 7.461 7.556 6.644 5.940 6.307 6.548 5.592 6.261 7.487 8.485 9.471 9.973 9.785 10.478 10.345 9.405 10.335 10.858 10.063 9.921 11.128 11.264 10.610 11.228 12.260 12.035 11.931 12.969 13.681 13.381 13.660 14.615 15.086 14.952 15.684 16.364 16.365 16.440 17.376 17.953 17.860 18.390 18.768 18.948 19.216 19.734 20.011 19.863 20.557 20.386 19.751 19.832 20.342 19.964 19.215 19.026 18.308 18.607 18.567 17.847 17.152 17.365 17.262 16.316 16.142 16.177 15.405 14.729 14.877 14.906 13.737 13.322 13.907 13.173 12.439 12.714 12.585 11.966 12.385 12.913 12.549 12.664 12.071 11.746 10.968 10.844 10.873 10.392 9.341 9.672 8.776 7.680 7.415 8.418 7.882 7.897 8.992 9.128 9.547 10.370 10.640 11.469 11.381 10.818 11.742 12.477 12.167 12.170 13.057 13.470 13.096 13.052 13.859 14.651 14.860 14.825 15.644 16.198 16.143 16.230 17.084 17.499 17.068 17.916 18.765 18.507 18.491 19.583 19.654 19.273 20.160 20.459 20.389 20.348 21.167 21.149 20.939 21.286 21.709 21.446 21.383 22.195 22.162 21.838 22.146 22.729 22.567 22.275 23.034 22.927 22.911 23.214 23.515 23.595
20.693 19.791 18.915 18.185 17.453 17.571 17.247 16.652 16.556 16.317 16.010 16.158 16.196 16.959 16.909 17.244 18.000 18.710 19.072 19.110 19.925 20.683 21.086 21.249 22.091 22.620 22.746 23.223 23.929 24.384 24.751 25.145 25.634 25.940 25.997 25.780 25.814 25.854 26.086 26.260 25.355 25.737 25.382 25.206 24.553 24.013 23.389 22.829 22.234 21.556 20.827 19.970 19.604 18.812 17.630 17.644 17.182 15.908 15.048 14.963 13.925 12.832 13.056 13.024 11.787 11.037 11.956 11.169 9.540 10.085 10.490 9.242 8.050 9.612 9.340 8.030 8.657 9.165 8.079 7.645 7.119 5.817 5.350 4.549 4.082 3.422 3.068 2.829 2.628 2.137 1.909 1.913 1.681 1.458 1.209 1.197 1.055 0.921 0.539 0.000 0.848 2.806 2.944 3.104 4.387 5.157 5.608 5.021 4.893 6.161 6.318 6.022 6.808 7.983 7.773 8.250 9.203 9.613 9.742 10.294 11.342 11.505 11.894 12.704 13.187 13.405 14.007 14.674 15.152 15.487 15.986 16.281 16.685 17.297 17.478 17.664 18.049 18.585 19.012 18.352 18.702 18.856 19.023 18.310 17.653 17.533 17.079 16.321 16.436 16.254 15.129 14.832 14.853 14.183 12.901 13.268 13.196 11.664 11.343 12.141 11.662 10.164 9.030 9.705 8.750 7.586 7.503 7.793 6.711 5.550 6.098 6.438 5.287 6.330 7.407 8.711 9.887 10.574 10.605 11.891 11.315 10.017 11.392 11.913 10.785 10.784 12.435 12.252 11.490 12.517 13.576 13.022 13.048 14.431 14.918 14.373 14.839 15.902 16.170 15.774 16.716 17.533 17.132 17.267 18.514 18.837 18.759 19.209 19.738 19.865 19.998 20.600 20.984 20.690 21.382 21.152 20.318 20.618 21.035 20.723 19.963 19.913 19.327 19.439 19.595 18.825 18.281 18.441 18.418 17.381 17.380 17.533 16.543 15.885 16.155 16.389 15.013 14.747 15.323 14.686 13.660 14.098 14.017 13.011 13.583 14.216 13.484 13.868 12.804 12.612 11.656 11.512 11.502 11.020 9.926 10.195 8.960 7.851 7.342 8.565 8.149 7.971 9.208 9.371 10.083 10.901 11.505 12.792 12.258 11.510 12.977 13.803 13.127 13.044 14.723 14.970 14.149 14.292 15.247 15.962 15.976 15.849 16.869 17.388 16.824 17.320 18.296 18.462 17.854 18.655 19.814 19.371 19.016 20.367 20.756 20.256 20.714 21.366 21.494 21.033 21.610 21.941 21.725 21.661 22.225 22.060 22.167 22.577 22.686 22.533 22.598 23.139 23.153 22.973 23.548 23.713 23.472 23.756 24.075 24.348
20.579 20.387 19.700 19.123 18.258 18.741 18.511 17.733 17.474 17.375 17.135 17.109 17.114 17.822 17.930 17.936 18.622 19.600 19.852 19.892 20.724 21.725 21.988 22.246 23.140 23.629 23.677 24.134 24.655 25.067 25.352 25.682 26.057 26.464 26.437 26.532 26.621 26.663 26.773 26.735 26.089 26.439 25.988 25.714 25.360 24.810 24.363 23.809 23.448 22.758 22.131 21.749 21.540 20.213 19.794 19.926 19.363 18.214 17.749 18.044 16.866 15.760 16.438 16.322 14.774 13.912 15.410 13.824 12.340 13.780 13.979 12.319 12.515 14.228 13.291 12.555 13.941 14.026 13.232 13.299 12.970 11.599 11.578 10.539 8.902 8.859 8.458 7.221 6.614 7.071 6.224 4.476 4.266 4.138 3.588 2.370 2.521 2.442 2.176 0.773 0.000 1.263 2.816 3.137 4.333 5.717 6.643 5.714 5.773 7.379 7.760 7.165 7.989 9.470 9.182 9.313 10.895 11.400 10.983 11.795 12.791 12.805 12.884 13.786 14.268 14.369 15.048 15.539 16.080 16.200 16.716 17.193 17.675 18.123 18.484 18.816 19.015 19.855 20.133 19.298 19.622 19.760 19.814 19.135 18.334 18.204 17.799 16.970 16.962 16.752 15.692 15.194 15.431 14.529 13.685 14.032 13.716 12.768 12.411 12.953 12.683 11.339 10.368 10.743 9.830 8.777 8.753 9.056 7.832 6.487 7.259 8.080 6.289 7.518 9.195 10.419 11.465 12.250 11.973 12.961 12.426 11.458 12.655 12.969 11.854 11.969 13.303 13.328 12.076 13.439 14.275 13.936 13.807 15.005 15.488 15.015 15.591 16.662 16.933 16.573 17.667 18.306 17.994 18.248 19.465 19.728 19.577 20.122 20.666 20.676 20.942 21.510 21.661 21.664 22.161 21.961 21.323 21.653 21.942 21.609 20.900 20.654 20.116 20.401 20.269 19.628 19.121 19.375 19.227 18.075 18.140 18.237 17.315 16.680 17.112 17.045 15.797 15.658 16.325 15.745 14.745 15.341 15.182 14.251 14.910 15.665 15.288 15.592 14.824 14.869 13.791 14.099 14.122 13.650 12.235 12.340 11.012 9.569 8.980 10.259 10.150 9.555 11.307 11.263 12.169 13.317 13.622 15.109 14.172 13.782 14.979 15.567 14.812 14.689 16.193 16.417 15.436 15.688 16.561 17.232 17.101 17.153 18.046 18.690 18.210 18.548 19.570 19.736 19.110 19.898 20.939 20.440 20.373 21.436 21.572 21.357 21.686 22.157 22.281 22.206 22.599 22.917 22.823 22.894 23.280 23.247 23.198 23.694 23.913 23.653 23.783 24.259 24.312 24.131 24.640 24.619 24.557 24.895 25.013 25.150
22.434 22.353 21.277 20.243 19.782 20.669 20.355 19.746 19.981 20.242 19.916 20.068 20.114 20.686 20.959 20.790 21.037 21.679 22.230 21.810 22.276 23.023 23.253 23.036 23.847 24.147 24.185 24.360 24.971 25.313 25.470 25.884 26.224 26.776 26.823 26.935 27.180 27.117 27.315 27.170 26.882 27.110 26.842 26.803 26.575 26.293 25.996 25.589 25.164 24.697 24.100 23.721 23.322 22.592 22.226 22.103 21.691 20.757 20.234 20.500 18.976 18.460 18.721 19.110 16.992 16.281 17.498 16.509 14.445 15.197 16.484 15.008 14.292 15.590 16.008 15.033 15.245 16.311 16.596 16.253 17.007 17.340 16.902 16.971 16.393 15.436 15.076 14.974 14.032 12.487 11.855 10.900 8.813 7.630 7.831 6.553 4.211 4.516 4.707 4.034 0.965 0.000 0.968 2.810 3.884 4.341 6.388 6.279 6.013 7.792 9.103 9.315 9.496 12.391 12.746 12.555 14.741 14.997 15.483 15.702 16.199 16.542 17.076 16.764 17.036 17.263 17.885 18.100 18.052 18.584 18.602 19.180 19.279 19.608 19.717 19.964 19.993 20.607 21.037 20.468 20.718 20.757 21.073 20.289 19.866 19.833 19.560 19.062 18.970 18.924 18.254 18.126 17.871 17.629 17.480 17.203 17.372 16.974 16.578 16.943 16.826 15.758 15.327 15.483 14.971 13.206 13.165 12.450 10.942 8.700 8.688 9.356 7.425 10.009 12.345 14.150 16.230 16.438 16.287 17.142 17.148 15.982 16.908 17.190 16.863 16.330 17.326 17.132 17.023 17.228 17.759 17.439 17.443 18.205 18.351 18.163 18.286 19.104 19.074 18.595 19.161 20.007 19.763 19.647 20.391 20.896 20.522 20.780 21.368 21.427 21.060 21.473 21.914 21.985 22.520 22.078 21.936 21.877 22.155 21.930 21.551 21.579 21.112 21.175 21.520 21.163 20.660 20.743 20.772 20.282 20.034 19.939 19.925 19.106 19.304 19.688 19.006 18.533 19.051 18.845 18.097 18.681 18.872 17.763 18.353 19.400 18.283 19.168 17.858 18.392 17.939 18.082 18.007 17.920 17.087 16.894 15.509 13.396 12.597 15.345 15.264 13.231 15.689 15.032 15.642 16.274 16.427 17.855 17.366 16.372 17.469 18.245 17.714 17.603 18.272 18.472 18.193 17.932 18.313 19.155 19.023 18.593 19.336 19.887 19.464 19.565 20.231 20.757 19.922 20.393 21.233 20.989 20.605 21.277 21.712 21.557 21.453 22.235 22.277 21.964 22.461 22.768 22.727 22.610 23.195 22.930 23.204 23.561 23.759 23.542 23.812 24.117 23.881 24.177 24.343 24.321 24.358 24.592 24.832 25.027
20.152 19.296 18.968 17.884 17.463 17.207 16.927 15.536 15.076 15.346 15.166 14.601 14.646 15.416 15.517 15.253 16.012 17.269 17.521 17.386 18.483 19.681 19.877 19.677 20.857 21.496 21.387 21.637 22.740 22.961 22.828 23.551 24.424 24.645 24.774 24.829 24.932 25.013 25.170 25.568 24.952 25.403 25.147 24.950 24.744 24.294 23.745 23.339 22.806 22.081 21.330 21.190 20.789 20.152 19.627 19.534 19.132 18.396 17.865 17.960 16.980 16.291 17.039 17.031 15.652 15.245 16.849 15.865 14.213 15.696 16.660 15.156 14.940 16.722 16.734 15.587 16.523 17.136 16.748 16.336 16.131 15.262 14.416 13.397 12.153 11.540 10.520 9.631 9.395 9.047 7.548 7.189 7.595 6.379 5.765 5.696 5.128 4.400 3.948 3.941 2.491 0.994 0.000 0.805 1.708 3.118 2.782 1.815 3.044 4.409 3.492 4.200 5.669 6.077 5.725 6.941 7.988 8.042 8.382 9.366 10.240 9.913 10.333 11.358 11.535 11.469 12.142 12.719 12.964 13.060 13.726 14.221 14.121 14.656 15.023 15.478 15.428 16.310 16.189 15.653 16.125 15.767 16.175 15.188 14.624 14.900 14.509 13.583 13.970 14.117 12.746 12.461 13.059 12.403 11.672 12.110 12.190 11.190 10.728 11.698 11.496 10.295 9.277 9.542 9.038 7.987 7.354 7.851 7.006 5.525 5.665 6.285 5.442 6.573 8.211 9.021 10.094 10.609 10.806 11.783 10.967 10.384 11.385 11.831 10.735 10.697 12.261 11.780 10.919 11.712 12.664 11.890 11.694 12.891 13.390 12.293 12.734 14.011 13.801 13.141 14.358 14.886 14.341 14.587 15.590 15.974 15.258 16.066 16.540 16.348 16.181 16.945 17.599 17.067 17.679 17.863 17.580 17.411 18.010 17.941 17.218 17.153 16.437 17.190 17.074 16.266 15.970 16.420 15.993 15.377 15.450 15.748 14.953 14.317 14.928 14.885 13.711 13.880 14.437 13.710 13.046 13.764 13.345 12.827 13.204 14.238 13.700 14.140 13.343 13.475 12.262 12.500 12.175 11.710 10.485 10.609 9.401 8.498 8.410 9.778 9.173 8.978 10.190 10.708 11.471 11.878 11.980 13.154 12.487 11.332 12.652 13.408 12.608 12.089 13.397 13.841 12.864 12.594 13.235 14.383 13.917 13.428 14.682 15.245 14.353 14.684 15.608 15.823 14.589 15.732 16.471 15.944 15.683 16.659 16.903 16.335 16.777 17.360 17.286 17.015 17.965 18.166 17.772 18.026 18.573 18.382 18.465 19.134 19.222 19.063 19.332 19.635 19.817 19.665 20.245 20.189 20.362 20.611 20.825 21.329
18.382 17.218 17.303 16.995 15.950 15.844 15.174 14.009 13.404 13.111 12.788 12.273 12.081 12.394 12.296 12.223 13.098 13.699 13.997 14.171 14.852 15.989 16.236 16.329 17.834 18.672 18.099 18.840 19.994 20.178 20.452 20.922 22.059 22.261 22.477 22.743 23.192 23.362 23.630 24.087 23.461 24.220 23.866 23.971 23.588 23.232 22.644 22.252 21.803 21.025 20.257 19.851 19.519 19.111 18.034 18.255 17.679 16.951 15.957 16.075 15.539 14.338 14.613 14.816 13.804 12.689 14.064 13.299 12.105 12.565 13.430 12.145 11.624 12.935 12.654 11.713 12.660 13.001 12.486 12.397 12.095 10.845 10.460 9.651 9.006 8.402 7.956 7.350 7.430 6.903 6.254 6.089 5.786 5.193 4.800 4.839 4.340 3.827 3.546 3.414 2.470 1.885 0.619 0.000 0.505 0.585 0.825 0.901 1.011 1.199 1.464 1.437 1.646 1.994 2.026 2.050 2.373 2.663 2.748 2.858 3.027 3.205 3.230 3.370 3.640 3.828 3.879 4.033 4.283 4.377 4.505 4.678 4.881 5.017 5.188 5.356 5.646 5.941 6.090 5.958 5.916 5.618 5.670 5.259 5.066 5.068 4.762 4.600 4.562 4.494 4.180 3.975 4.068 3.828 3.519 3.606 3.667 3.242 3.126 3.320 3.288 2.993 2.661 2.844 2.737 2.342 2.209 2.358 2.280 1.967 2.044 2.235 2.472 2.894 3.336 3.641 3.835 4.258 4.230 4.391 3.977 3.748 4.104 4.054 3.658 3.690 4.211 3.857 3.643 3.849 4.156 3.767 3.817 4.278 4.331 4.050 4.284 4.700 4.632 4.587 5.086 5.234 5.041 5.314 5.825 5.857 5.792 6.125 6.461 6.303 6.430 6.876 7.103 6.872 7.200 7.197 6.815 6.772 7.038 7.007 6.522 6.418 6.144 6.436 6.293 5.770 5.630 5.961 5.650 5.205 5.372 5.543 4.969 4.883 5.204 5.168 4.656 4.864 5.086 4.935 4.447 4.936 5.042 4.898 5.245 5.749 5.542 5.906 5.767 5.901 5.894 6.146 6.516 6.586 5.968 6.073 5.911 5.433 4.701 5.023 4.158 4.582 4.908 5.329 5.228 4.855 5.081 5.482 4.897 4.739 5.060 5.235 4.620 4.674 5.289 5.283 4.631 4.657 5.115 5.498 5.254 5.150 5.810 5.854 5.489 5.851 6.172 6.224 5.888 6.429 6.761 6.450 6.602 7.173 7.203 6.926 7.498 7.600 7.584 7.577 8.152 8.301 8.006 8.364 8.780 8.815 8.711 9.270 9.452 9.434 9.610 10.102 10.122 10.097 10.684 10.732 10.870 11.197 11.547 12.375
18.281 17.240 17.186 16.562 17.221 15.525 14.875 13.485 13.142 13.100 12.871 11.755 12.096 12.075 12.121 11.856 12.848 13.338 13.699 13.995 14.707 16.137 16.362 16.803 17.741 18.212 18.441 18.824 19.692 19.768 19.424 20.082 21.064 21.212 21.412 22.052 22.727 22.881 23.152 23.526 23.336 23.755 23.679 23.768 23.454 23.224 22.779 22.146 21.605 20.890 20.105 19.567 19.418 19.120 17.637 18.046 17.778 16.615 15.777 16.214 15.450 13.925 14.391 15.018 13.545 12.616 13.783 13.101 11.865 12.321 12.958 11.981 11.382 12.499 12.125 11.389 11.910 12.184 11.686 11.361 11.304 10.097 9.602 9.014 8.311 7.734 7.279 7.088 7.101 6.729 6.012 5.954 5.843 5.082 4.642 4.620 4.335 3.778 3.356 3.165 2.475 1.980 0.932 0.491 0.000 0.500 0.541 0.638 0.586 0.610 0.772 0.870 0.848 1.005 1.207 1.199 1.190 1.486 1.622 1.624 1.695 1.837 2.012 2.042 2.116 2.376 2.519 2.537 2.677 2.910 3.001 3.059 3.166 3.399 3.433 3.544 3.883 4.040 4.431 4.430 4.233 4.193 4.228 3.986 3.634 3.634 3.666 3.373 3.224 3.327 3.170 2.771 2.876 2.877 2.456 2.466 2.579 2.491 2.073 2.236 2.442 2.364 1.966 1.876 2.015 1.886 1.494 1.732 1.850 1.628 1.489 1.848 2.005 2.474 2.861 2.879 3.154 3.424 3.518 3.531 3.274 3.076 3.430 3.323 2.881 3.240 3.436 3.069 2.945 3.461 3.420 3.046 3.363 3.733 3.488 3.347 3.840 3.970 3.756 3.868 4.298 4.178 4.127 4.418 4.795 4.635 4.750 5.118 5.185 5.084 5.415 5.681 5.708 5.546 5.779 5.835 5.419 5.309 5.643 5.620 5.056 4.995 4.601 4.951 4.919 4.396 4.315 4.633 4.557 4.105 4.205 4.538 4.129 3.910 4.264 4.417 3.847 4.036 4.374 4.370 3.875 4.096 4.445 4.444 4.600 4.903 4.874 5.408 5.430 5.345 5.543 5.764 5.919 6.213 5.687 5.777 5.742 5.353 4.524 4.858 3.830 4.414 4.806 5.457 5.252 4.762 5.016 5.038 4.587 4.478 4.854 4.819 4.288 4.517 4.890 4.728 4.178 4.333 4.745 4.842 4.608 4.691 5.140 5.136 4.826 5.136 5.466 5.260 5.149 5.628 5.701 5.523 5.665 6.205 5.962 5.897 6.396 6.394 6.305 6.624 6.967 6.948 6.810 7.176 7.482 7.330 7.456 8.036 7.965 7.853 8.193 8.704 8.499 8.506 9.247 9.168 9.331 9.568 10.025 10.377
17.566 16.937 16.396 15.711 15.969 15.037 14.476 13.019 12.825 12.839 12.293 11.543 11.969 11.259 11.291 11.616 12.016 12.182 12.752 13.158 13.847 14.702 15.163 15.568 16.449 16.882 17.061 17.180 18.377 18.526 17.940 18.936 19.726 20.260 19.863 20.725 21.444 21.872 22.063 22.964 22.916 23.255 23.142 22.993 22.979 22.518 21.944 21.177 20.831 20.184 19.258 18.730 18.764 18.361 16.973 17.078 17.137 16.020 14.892 15.277 14.718 13.338 13.757 14.233 12.986 12.229 13.399 12.912 11.623 12.054 12.852 11.556 11.310 12.541 12.371 11.218 12.049 12.442 11.783 11.726 11.385 10.272 9.817 9.214 8.344 7.762 7.367 7.082 7.017 6.572 6.213 5.985 5.650 5.160 4.694 4.730 4.322 3.748 3.396 3.280 2.498 2.169 1.174 0.595 0.488 0.000 0.488 0.505 0.499 0.496 0.510 0.565 0.566 0.596 0.655 0.721 0.735 0.813 0.896 0.932 0.991 1.011 1.104 1.199 1.240 1.358 1.471 1.544 1.618 1.750 1.823 1.924 2.014 2.120 2.250 2.350 2.562 2.834 3.206 3.353 3.121 2.842 2.867 2.724 2.398 2.414 2.376 2.156 2.052 2.187 2.025 1.794 1.875 1.882 1.573 1.566 1.786 1.586 1.330 1.518 1.685 1.673 1.382 1.402 1.485 1.352 1.169 1.284 1.422 1.406 1.221 1.511 1.747 2.018 2.204 2.451 2.492 2.631 2.655 2.695 2.369 2.323 2.556 2.423 2.135 2.279 2.546 2.226 2.059 2.438 2.463 2.173 2.304 2.646 2.486 2.364 2.590 2.820 2.609 2.702 3.068 3.013 2.893 3.164 3.509 3.314 3.434 3.737 3.786 3.653 3.933 4.209 4.247 3.993 4.150 4.225 3.781 3.741 3.962 3.989 3.462 3.503 3.165 3.351 3.430 3.000 2.986 3.261 3.184 2.844 3.032 3.196 2.914 2.777 3.027 3.165 2.825 2.892 3.195 3.187 2.858 3.123 3.425 3.489 3.529 3.833 3.899 4.359 4.588 4.537 4.633 4.940 5.187 5.374 4.880 5.034 4.962 4.665 3.905 4.246 3.213 3.750 4.043 4.612 4.471 3.957 4.100 4.228 3.693 3.626 3.906 3.880 3.432 3.556 3.894 3.794 3.283 3.271 3.668 3.831 3.575 3.544 4.007 3.943 3.653 3.950 4.313 4.056 3.963 4.379 4.535 4.212 4.478 4.908 4.720 4.630 5.043 5.123 4.912 5.153 5.554 5.504 5.281 5.691 6.022 5.807 5.930 6.352 6.323 6.426 6.606 6.933 6.927 6.808 7.449 7.401 7.541 7.789 8.054 8.544
18.244 17.646 17.007 17.257 16.255 15.769 15.842 14.317 13.494 12.920 12.445 11.809 11.444 11.126 11.484 11.443 11.928 12.229 13.291 13.440 13.972 14.914 15.517 16.190 17.187 17.945 17.972 17.978 19.275 19.442 20.266 20.272 21.650 21.446 22.122 21.750 22.164 22.525 23.187 23.947 23.036 23.628 23.669 23.465 23.130 22.782 22.283 21.396 21.049 20.697 19.431 18.781 19.261 18.158 16.885 17.099 17.001 15.694 14.492 15.115 14.634 12.999 13.582 14.003 12.607 11.586 13.056 12.639 10.929 11.662 12.485 11.428 10.903 11.889 12.152 11.249 11.602 12.077 11.388 11.251 11.095 10.092 9.590 8.644 8.221 7.700 7.195 6.670 6.732 6.321 5.812 5.685 5.501 4.844 4.515 4.639 4.299 3.850 3.516 3.264 2.490 2.172 1.137 0.694 0.506 0.486 0.000 0.488 0.490 0.497 0.494 0.500 0.534 0.542 0.566 0.606 0.678 0.729 0.752 0.832 0.901 0.929 0.988 1.082 1.139 1.203 1.304 1.402 1.485 1.566 1.664 1.755 1.808 1.914 2.102 2.105 2.334 2.721 3.021 3.101 2.934 2.565 2.665 2.447 2.098 2.220 2.118 1.899 1.834 1.977 1.820 1.639 1.691 1.722 1.451 1.460 1.623 1.474 1.235 1.410 1.585 1.579 1.345 1.385 1.428 1.405 1.196 1.294 1.504 1.422 1.360 1.581 1.692 2.048 2.273 2.391 2.358 2.517 2.557 2.563 2.270 2.232 2.409 2.279 2.034 2.195 2.339 2.097 1.995 2.267 2.203 2.007 2.140 2.397 2.276 2.159 2.349 2.516 2.359 2.404 2.712 2.718 2.534 2.841 3.173 3.035 3.073 3.448 3.463 3.361 3.538 3.885 3.841 3.666 3.876 3.933 3.524 3.455 3.722 3.762 3.227 3.248 2.994 3.217 3.279 2.785 2.855 3.143 2.992 2.617 2.914 3.024 2.720 2.636 2.951 3.033 2.712 2.742 3.093 3.024 2.723 2.998 3.284 3.347 3.414 3.745 3.689 4.293 4.464 4.315 4.537 4.799 4.999 5.124 4.754 4.886 4.732 4.501 3.847 4.141 3.094 3.635 3.979 4.506 4.235 3.795 3.997 4.002 3.600 3.443 3.703 3.713 3.276 3.400 3.603 3.548 3.117 3.053 3.374 3.509 3.344 3.249 3.685 3.659 3.331 3.679 3.982 3.799 3.653 4.070 4.204 3.914 4.086 4.562 4.327 4.184 4.614 4.672 4.562 4.690 5.067 5.167 5.031 5.226 5.558 5.482 5.480 5.828 5.992 5.933 6.081 6.494 6.443 6.481 6.987 6.901 7.126 7.451 7.843 8.163
18.809 16.991 17.421 16.429 15.781 15.708 15.015 13.794 13.151 13.017 12.381 12.101 11.575 11.645 11.606 11.517 12.409 12.569 13.339 13.892 13.963 15.219 15.680 15.909 16.335 17.430 17.042 17.243 18.499 18.749 18.865 19.069 20.652 20.591 21.416 21.588 22.194 22.655 22.798 23.582 22.947 23.652 23.431 23.568 23.156 22.653 22.075 21.495 21.096 20.374 19.870 19.014 19.056 18.409 17.327 17.634 17.068 15.909 15.320 15.864 15.051 13.747 14.107 14.597 13.236 12.298 13.415 13.043 11.817 12.131 13.000 12.038 11.663 12.560 12.542 11.911 12.314 12.555 12.154 12.046 11.629 10.764 10.157 9.298 8.698 8.385 7.586 7.163 7.360 6.949 6.137 6.032 6.077 5.250 4.784 4.788 4.511 3.954 3.582 3.428 2.559 2.244 1.278 0.769 0.549 0.493 0.486 0.000 0.486 0.491 0.491 0.489 0.499 0.519 0.529 0.546 0.591 0.655 0.692 0.717 0.813 0.848 0.895 0.954 1.029 1.095 1.174 1.253 1.334 1.425 1.491 1.613 1.685 1.759 1.887 1.944 2.133 2.472 2.790 2.825 2.695 2.423 2.453 2.342 1.974 2.020 1.955 1.744 1.679 1.776 1.657 1.434 1.545 1.555 1.263 1.286 1.480 1.367 1.112 1.280 1.469 1.533 1.264 1.363 1.380 1.309 1.075 1.273 1.468 1.276 1.309 1.439 1.703 1.966 2.222 2.276 2.319 2.459 2.503 2.481 2.203 2.161 2.315 2.231 1.934 2.065 2.277 1.950 1.857 2.113 2.173 1.844 1.975 2.248 2.109 1.971 2.215 2.394 2.189 2.288 2.630 2.585 2.436 2.763 2.995 2.885 2.938 3.281 3.281 3.193 3.440 3.740 3.740 3.526 3.669 3.735 3.336 3.291 3.504 3.489 3.012 3.026 2.681 2.947 2.918 2.557 2.540 2.801 2.735 2.359 2.589 2.756 2.472 2.332 2.647 2.749 2.437 2.515 2.848 2.828 2.541 2.838 3.150 3.301 3.342 3.627 3.796 4.257 4.536 4.452 4.649 4.919 5.171 5.318 4.885 5.004 4.874 4.638 3.831 4.144 3.120 3.666 3.988 4.480 4.276 3.840 4.003 4.132 3.511 3.400 3.663 3.695 3.136 3.290 3.596 3.517 2.959 3.056 3.380 3.470 3.239 3.247 3.622 3.545 3.307 3.603 3.803 3.683 3.501 3.941 4.058 3.783 4.000 4.328 4.274 4.153 4.572 4.646 4.425 4.596 5.006 4.938 4.845 5.263 5.401 5.290 5.448 5.853 5.711 5.804 6.056 6.250 6.294 6.244 6.776 6.713 6.880 7.204 7.426 8.153
17.940 15.897 15.821 16.235 15.483 14.686 14.605 13.455 13.146 12.615 12.519 11.820 11.496 11.778 11.571 11.278 12.044 12.900 13.256 13.743 14.189 15.364 15.962 16.027 16.899 17.642 17.344 17.764 18.779 19.112 18.841 19.349 20.660 20.832 21.046 21.464 22.025 22.096 22.516 23.156 23.081 23.419 23.148 23.354 22.894 22.675 22.167 21.359 20.858 20.423 19.293 18.489 18.512 18.222 16.773 16.779 16.788 15.633 14.709 14.968 14.624 13.474 13.635 14.313 13.186 12.109 13.289 12.909 11.671 12.266 12.766 11.787 11.511 12.569 12.377 11.509 12.238 12.655 12.115 11.961 11.762 10.601 10.055 9.279 8.675 8.119 7.638 7.188 7.201 6.823 6.477 6.118 5.890 5.460 4.961 4.979 4.565 4.042 3.689 3.469 2.677 2.377 1.412 0.762 0.557 0.493 0.489 0.485 0.000 0.485 0.488 0.489 0.488 0.492 0.510 0.518 0.521 0.572 0.618 0.642 0.692 0.768 0.812 0.821 0.902 0.978 1.048 1.117 1.190 1.289 1.355 1.468 1.542 1.654 1.776 1.835 2.065 2.428 2.754 2.774 2.687 2.350 2.380 2.211 1.853 1.930 1.884 1.657 1.576 1.714 1.597 1.326 1.438 1.532 1.239 1.178 1.413 1.364 1.082 1.206 1.424 1.496 1.229 1.221 1.338 1.269 1.018 1.244 1.476 1.430 1.357 1.544 1.763 2.047 2.251 2.348 2.352 2.470 2.522 2.516 2.233 2.163 2.347 2.233 1.964 2.094 2.265 1.956 1.849 2.124 2.113 1.829 2.015 2.238 2.068 1.922 2.209 2.362 2.126 2.218 2.557 2.514 2.344 2.670 2.936 2.789 2.817 3.161 3.150 3.089 3.327 3.623 3.578 3.401 3.553 3.599 3.229 3.134 3.379 3.393 2.971 2.982 2.671 2.861 2.901 2.529 2.486 2.783 2.707 2.344 2.551 2.720 2.489 2.339 2.678 2.812 2.472 2.583 2.928 2.902 2.587 2.887 3.212 3.267 3.371 3.702 3.786 4.387 4.567 4.520 4.679 4.917 5.211 5.447 4.931 5.045 4.948 4.611 3.838 4.108 3.183 3.641 4.044 4.504 4.310 3.771 3.948 4.079 3.534 3.411 3.712 3.649 3.134 3.244 3.632 3.482 2.935 2.963 3.353 3.395 3.152 3.161 3.563 3.438 3.164 3.500 3.766 3.555 3.413 3.904 3.943 3.664 3.957 4.258 4.034 4.002 4.435 4.441 4.260 4.469 4.849 4.776 4.683 5.079 5.252 5.105 5.231 5.640 5.606 5.578 5.911 6.175 6.131 6.065 6.716 6.672 6.784 7.184 7.397 7.866
17.468 16.325 16.482 15.849 15.571 14.743 14.631 13.353 12.877 12.709 12.031 11.597 11.347 11.056 11.239 11.058 11.981 12.446 13.203 13.417 13.831 14.936 15.710 15.779 16.491 17.186 16.997 17.417 18.390 18.713 18.196 19.370 20.448 20.666 20.822 21.111 21.434 21.690 22.275 22.991 22.750 23.412 23.317 23.383 23.042 22.695 22.128 21.409 20.973 20.241 19.355 18.578 18.766 18.088 16.949 16.852 16.949 15.547 14.913 15.031 14.640 13.496 13.832 14.442 13.063 12.312 13.401 12.903 11.618 12.160 12.949 11.870 11.574 12.589 12.458 11.578 12.271 12.681 11.985 11.866 11.709 10.301 10.007 9.279 8.581 8.082 7.722 7.243 7.190 6.840 6.319 6.118 5.857 5.351 4.813 4.872 4.562 4.059 3.657 3.451 2.635 2.280 1.262 0.710 0.553 0.494 0.490 0.487 0.485 0.000 0.485 0.487 0.486 0.486 0.489 0.498 0.497 0.512 0.541 0.567 0.590 0.628 0.704 0.746 0.769 0.838 0.930 0.968 1.014 1.123 1.207 1.293 1.350 1.492 1.575 1.628 1.834 2.206 2.550 2.568 2.452 2.152 2.197 2.071 1.692 1.759 1.781 1.522 1.422 1.597 1.482 1.201 1.316 1.425 1.170 1.090 1.308 1.300 1.025 1.145 1.380 1.485 1.230 1.225 1.313 1.333 1.040 1.215 1.477 1.401 1.219 1.463 1.717 1.978 2.168 2.317 2.318 2.385 2.450 2.414 2.134 2.165 2.282 2.084 1.895 2.088 2.188 1.871 1.813 2.114 2.065 1.758 1.946 2.169 2.004 1.870 2.144 2.302 2.071 2.150 2.496 2.423 2.280 2.596 2.839 2.637 2.754 3.057 3.032 2.940 3.220 3.499 3.394 3.248 3.379 3.436 3.037 2.956 3.165 3.176 2.768 2.725 2.438 2.606 2.655 2.311 2.295 2.551 2.481 2.202 2.391 2.591 2.342 2.226 2.531 2.662 2.365 2.458 2.774 2.744 2.462 2.703 3.045 3.187 3.167 3.482 3.609 4.100 4.374 4.266 4.427 4.760 4.990 5.233 4.757 4.879 4.766 4.504 3.792 4.138 3.107 3.637 3.978 4.471 4.243 3.758 3.907 3.912 3.471 3.404 3.593 3.498 3.065 3.202 3.494 3.391 2.908 2.921 3.223 3.358 3.119 3.078 3.486 3.403 3.150 3.422 3.720 3.465 3.355 3.811 3.791 3.568 3.881 4.128 3.940 3.896 4.366 4.374 4.166 4.349 4.747 4.657 4.567 4.938 5.154 5.006 5.102 5.471 5.514 5.464 5.751 6.049 6.104 5.988 6.594 6.639 6.709 7.040 7.365 7.989
17.205 16.144 16.170 15.869 15.464 14.585 14.351 13.351 13.177 12.567 11.964 11.756 11.435 11.296 11.352 11.425 11.968 12.398 13.292 13.455 13.877 15.176 15.740 15.590 16.569 17.204 17.319 17.299 18.641 19.145 18.798 19.859 21.066 21.342 21.656 21.876 22.011 22.198 23.014 23.559 22.767 23.819 23.548 23.625 23.171 22.887 22.276 21.445 21.115 20.429 19.524 18.852 19.037 18.161 17.014 17.150 17.002 15.341 14.994 15.240 14.685 13.084 13.803 14.265 12.727 12.071 13.440 12.711 11.432 12.214 12.866 11.894 11.550 12.517 12.569 11.886 12.291 12.599 12.102 11.999 11.682 10.552 10.141 9.295 8.683 8.183 7.701 7.154 7.158 6.894 6.155 5.889 5.786 5.284 4.684 4.851 4.494 4.048 3.724 3.401 2.615 2.331 1.333 0.787 0.595 0.501 0.493 0.488 0.486 0.485 0.000 0.485 0.486 0.486 0.486 0.489 0.495 0.502 0.514 0.546 0.576 0.598 0.635 0.706 0.764 0.786 0.866 0.932 0.967 1.058 1.146 1.206 1.275 1.409 1.525 1.576 1.764 2.151 2.450 2.469 2.384 2.043 2.099 1.913 1.575 1.685 1.640 1.415 1.366 1.497 1.366 1.106 1.252 1.332 1.117 1.060 1.295 1.279 0.980 1.161 1.374 1.512 1.317 1.300 1.366 1.342 1.179 1.295 1.505 1.448 1.381 1.521 1.711 2.048 2.230 2.307 2.329 2.385 2.436 2.406 2.159 2.153 2.269 2.099 1.902 2.067 2.151 1.805 1.805 2.066 1.974 1.661 1.886 2.046 1.867 1.716 2.018 2.147 1.922 1.971 2.326 2.253 2.113 2.403 2.680 2.495 2.547 2.876 2.913 2.800 3.007 3.337 3.261 3.102 3.252 3.364 2.956 2.865 3.067 3.112 2.664 2.633 2.361 2.568 2.579 2.219 2.216 2.482 2.387 2.117 2.322 2.499 2.215 2.105 2.482 2.586 2.237 2.371 2.736 2.699 2.408 2.707 3.035 3.159 3.193 3.585 3.578 4.159 4.407 4.329 4.478 4.771 5.056 5.210 4.771 4.875 4.664 4.497 3.836 4.164 3.127 3.576 3.966 4.448 4.162 3.710 3.885 3.829 3.393 3.340 3.519 3.424 2.965 3.172 3.376 3.248 2.755 2.845 3.097 3.186 2.943 2.926 3.355 3.204 2.928 3.200 3.518 3.290 3.141 3.603 3.623 3.370 3.656 3.968 3.777 3.699 4.168 4.214 4.020 4.134 4.559 4.506 4.418 4.740 4.985 4.888 4.932 5.383 5.405 5.449 5.696 6.025 6.084 6.047 6.675 6.664 6.818 7.065 7.461 8.079
17.694 15.895 16.394 15.917 14.979 14.965 14.674 13.197 12.427 12.898 12.142 11.494 11.691 11.382 11.512 11.598 12.195 12.843 13.268 13.618 14.500 15.216 15.813 15.964 16.567 17.626 17.299 17.611 18.661 18.900 18.676 19.269 20.481 20.706 21.045 21.149 21.891 22.205 22.677 23.250 22.971 23.845 23.517 23.609 23.265 22.942 22.343 21.720 21.058 20.585 19.617 18.973 18.719 18.278 17.320 17.153 17.028 15.856 15.301 15.480 14.858 13.674 13.893 14.551 13.415 12.295 13.372 12.951 11.796 12.236 12.886 11.895 11.607 12.557 12.481 11.842 12.312 12.716 12.222 12.071 11.976 10.710 10.333 9.527 8.834 8.483 7.720 7.311 7.397 7.076 6.345 6.136 6.095 5.552 4.968 5.102 4.741 4.159 3.842 3.625 2.853 2.534 1.455 0.860 0.612 0.520 0.495 0.492 0.488 0.486 0.485 0.000 0.485 0.486 0.487 0.487 0.490 0.503 0.508 0.528 0.556 0.589 0.612 0.668 0.736 0.764 0.830 0.902 0.942 1.018 1.093 1.179 1.245 1.353 1.452 1.535 1.788 2.104 2.449 2.430 2.358 2.073 2.088 1.928 1.578 1.633 1.614 1.415 1.323 1.433 1.330 1.086 1.206 1.281 1.074 1.002 1.218 1.198 0.937 1.109 1.355 1.408 1.239 1.281 1.368 1.292 1.175 1.324 1.548 1.491 1.479 1.571 1.883 2.113 2.234 2.260 2.338 2.412 2.455 2.404 2.153 2.079 2.241 2.084 1.829 1.999 2.089 1.840 1.732 1.988 1.941 1.700 1.872 2.035 1.844 1.742 2.020 2.122 1.883 2.010 2.365 2.246 2.152 2.474 2.674 2.487 2.613 2.914 2.916 2.826 3.072 3.334 3.283 3.104 3.269 3.302 2.944 2.862 3.046 3.082 2.666 2.648 2.351 2.511 2.599 2.211 2.175 2.506 2.388 2.040 2.248 2.427 2.202 2.083 2.439 2.525 2.215 2.369 2.684 2.646 2.388 2.674 2.990 3.116 3.216 3.552 3.594 4.227 4.456 4.365 4.569 4.847 5.061 5.302 4.850 4.869 4.753 4.540 3.798 4.094 3.131 3.650 3.983 4.478 4.211 3.711 3.906 3.982 3.398 3.325 3.616 3.534 2.989 3.156 3.515 3.301 2.787 2.869 3.178 3.295 2.959 2.984 3.501 3.274 2.991 3.379 3.594 3.372 3.217 3.782 3.727 3.461 3.777 4.080 3.855 3.760 4.292 4.233 4.048 4.238 4.633 4.518 4.412 4.864 4.966 4.832 4.974 5.462 5.386 5.315 5.724 5.958 5.889 5.889 6.525 6.443 6.552 6.991 7.221 7.721
17.021 15.586 15.823 15.893 15.280 13.913 14.028 13.504 13.109 12.298 12.178 11.703 11.311 11.169 11.355 11.506 12.094 12.775 13.117 13.624 14.167 15.411 16.043 16.422 16.956 17.607 17.251 17.315 18.531 18.776 18.441 19.138 20.317 20.795 20.671 21.220 21.889 22.115 22.584 23.182 23.294 23.725 23.446 23.583 23.244 22.981 22.560 21.734 21.166 20.703 19.575 18.850 19.028 18.273 17.153 17.095 17.059 15.622 15.193 15.340 15.045 13.586 14.182 14.657 13.338 12.476 13.637 13.038 11.915 12.530 13.197 12.052 11.861 12.998 12.735 11.951 12.596 13.086 12.423 12.320 12.088 10.768 10.341 9.598 8.813 8.182 7.857 7.321 7.297 6.994 6.536 6.228 6.045 5.637 5.085 4.999 4.733 4.228 3.883 3.597 2.801 2.468 1.390 0.855 0.605 0.545 0.510 0.492 0.488 0.487 0.485 0.485 0.000 0.485 0.486 0.488 0.486 0.491 0.509 0.523 0.527 0.569 0.614 0.637 0.696 0.781 0.855 0.845 0.930 1.045 1.090 1.141 1.227 1.379 1.464 1.492 1.755 2.153 2.505 2.493 2.397 2.101 2.139 2.005 1.635 1.733 1.751 1.501 1.391 1.569 1.462 1.168 1.290 1.454 1.207 1.069 1.330 1.284 0.987 1.147 1.440 1.507 1.302 1.328 1.428 1.365 1.219 1.331 1.571 1.493 1.501 1.640 1.868 2.074 2.328 2.435 2.416 2.516 2.583 2.566 2.282 2.221 2.395 2.283 2.023 2.159 2.271 1.994 1.881 2.192 2.135 1.854 2.048 2.234 2.010 1.892 2.205 2.324 2.032 2.145 2.509 2.395 2.244 2.570 2.853 2.602 2.664 3.057 3.055 2.921 3.188 3.493 3.414 3.197 3.330 3.392 3.054 2.926 3.116 3.155 2.748 2.727 2.429 2.607 2.686 2.338 2.308 2.591 2.541 2.206 2.393 2.594 2.373 2.242 2.583 2.726 2.412 2.551 2.862 2.855 2.563 2.853 3.159 3.275 3.349 3.639 3.754 4.308 4.523 4.415 4.563 4.840 5.110 5.331 4.820 4.990 4.801 4.551 3.790 4.110 3.152 3.629 4.050 4.515 4.290 3.817 3.956 4.025 3.564 3.473 3.686 3.627 3.144 3.273 3.588 3.393 2.935 3.001 3.299 3.413 3.123 3.096 3.557 3.388 3.082 3.403 3.760 3.481 3.321 3.841 3.866 3.539 3.885 4.189 3.942 3.873 4.344 4.369 4.149 4.363 4.766 4.641 4.557 4.915 5.151 4.970 5.056 5.491 5.493 5.426 5.713 6.052 6.033 5.911 6.558 6.596 6.620 6.979 7.240 7.795
17.220 15.912 16.572 15.661 15.275 14.382 14.467 13.074 12.566 12.436 11.533 11.317 10.977 11.002 10.909 11.070 11.723 12.445 12.921 12.815 13.867 15.326 16.042 16.069 16.656 17.307 17.219 16.958 17.967 18.524 18.548 19.072 20.382 20.970 20.948 21.314 21.643 21.915 22.751 23.140 22.990 23.770 23.495 23.697 23.222 22.864 22.335 21.588 21.281 20.402 19.572 18.693 19.090 18.005 16.772 16.922 17.092 15.358 14.958 15.220 14.898 13.615 14.032 14.682 13.249 12.558 13.618 13.042 11.972 12.487 13.201 12.251 11.930 12.753 12.777 12.018 12.418 13.006 12.280 12.170 11.953 10.664 10.357 9.505 8.797 8.297 7.820 7.288 7.251 7.027 6.305 6.032 6.037 5.428 4.696 4.783 4.598 4.104 3.778 3.529 2.753 2.306 1.423 0.837 0.636 0.538 0.507 0.499 0.489 0.486 0.486 0.485 0.485 0.000 0.485 0.486 0.486 0.486 0.489 0.498 0.502 0.517 0.540 0.572 0.603 0.647 0.722 0.785 0.813 0.901 0.973 1.018 1.071 1.206 1.272 1.339 1.570 1.938 2.268 2.312 2.139 1.858 1.913 1.779 1.421 1.492 1.507 1.286 1.206 1.352 1.259 1.026 1.140 1.272 1.049 0.959 1.220 1.195 0.897 1.049 1.349 1.483 1.269 1.264 1.378 1.318 1.117 1.289 1.481 1.470 1.413 1.490 1.738 2.072 2.218 2.291 2.297 2.371 2.460 2.414 2.171 2.175 2.292 2.068 1.900 2.091 2.127 1.832 1.802 2.065 1.933 1.685 1.889 2.025 1.806 1.708 2.003 2.055 1.833 1.945 2.241 2.132 2.013 2.350 2.513 2.341 2.469 2.733 2.726 2.635 2.913 3.163 3.064 2.898 3.040 3.108 2.747 2.642 2.822 2.849 2.464 2.409 2.158 2.351 2.359 2.067 2.036 2.291 2.212 1.959 2.161 2.370 2.124 2.035 2.344 2.471 2.207 2.307 2.629 2.628 2.379 2.632 2.987 3.150 3.129 3.455 3.548 4.085 4.352 4.287 4.437 4.691 5.032 5.197 4.725 4.878 4.707 4.436 3.802 4.175 3.080 3.508 3.973 4.387 4.129 3.659 3.798 3.804 3.411 3.361 3.524 3.398 2.977 3.150 3.372 3.209 2.776 2.853 3.036 3.162 2.917 2.927 3.293 3.138 2.880 3.200 3.426 3.163 3.091 3.561 3.482 3.249 3.604 3.839 3.588 3.565 4.053 4.030 3.807 3.982 4.424 4.287 4.178 4.562 4.798 4.663 4.735 5.200 5.165 5.216 5.441 5.678 5.847 5.754 6.366 6.446 6.489 6.825 7.135 7.901
17.176 15.885 16.329 15.657 15.314 14.660 14.605 13.858 13.445 12.979 12.322 11.820 11.829 11.457 11.508 11.624 12.079 12.461 13.398 13.323 13.936 15.205 15.619 15.766 16.301 17.231 17.639 17.324 18.362 19.122 18.861 19.172 20.337 20.794 20.967 21.250 21.889 22.337 22.762 23.306 22.916 23.807 23.523 23.537 23.150 22.809 22.249 21.636 21.026 20.600 19.646 18.975 18.857 18.179 16.920 16.984 16.930 15.442 15.162 15.167 14.858 13.318 13.644 14.380 13.254 12.295 13.351 12.815 11.654 12.328 12.811 11.941 11.806 12.629 12.473 12.103 12.379 12.646 12.245 12.127 11.864 10.518 10.171 9.432 8.654 8.236 7.833 7.208 7.244 7.066 6.342 6.070 6.023 5.357 4.668 4.859 4.555 3.981 3.754 3.458 2.761 2.341 1.488 0.921 0.700 0.562 0.524 0.508 0.498 0.488 0.486 0.486 0.486 0.485 0.000 0.485 0.486 0.487 0.487 0.491 0.501 0.506 0.524 0.558 0.596 0.618 0.669 0.747 0.799 0.855 0.921 0.979 1.027 1.158 1.233 1.304 1.546 1.919 2.226 2.366 2.130 1.843 1.878 1.719 1.405 1.482 1.466 1.223 1.167 1.307 1.232 0.962 1.101 1.202 0.995 0.922 1.181 1.246 0.899 1.121 1.365 1.498 1.276 1.335 1.409 1.361 1.187 1.301 1.536 1.508 1.450 1.511 1.784 2.092 2.216 2.285 2.372 2.379 2.418 2.414 2.192 2.158 2.265 2.104 1.884 2.036 2.105 1.781 1.765 1.995 1.927 1.644 1.857 1.987 1.765 1.681 1.975 2.044 1.762 1.909 2.246 2.125 1.937 2.312 2.548 2.319 2.396 2.803 2.801 2.638 2.904 3.194 3.130 2.891 3.075 3.119 2.764 2.646 2.812 2.863 2.424 2.405 2.155 2.308 2.358 2.023 2.032 2.328 2.185 1.904 2.119 2.321 2.059 1.978 2.350 2.433 2.156 2.327 2.652 2.556 2.359 2.645 2.974 3.113 3.161 3.541 3.538 4.183 4.425 4.359 4.538 4.791 5.131 5.294 4.797 4.868 4.669 4.494 3.837 4.108 3.103 3.573 3.969 4.397 4.150 3.681 3.858 3.872 3.339 3.298 3.489 3.476 2.979 3.137 3.392 3.195 2.780 2.897 3.093 3.217 2.941 2.950 3.385 3.212 2.917 3.273 3.548 3.337 3.136 3.638 3.704 3.378 3.651 3.984 3.752 3.684 4.248 4.215 3.936 4.054 4.572 4.440 4.314 4.707 4.958 4.794 4.830 5.387 5.373 5.273 5.635 5.918 5.875 5.877 6.493 6.402 6.465 6.715 7.085 7.859
17.499 15.806 16.386 15.892 15.306 14.588 14.888 13.585 12.980 12.922 12.810 11.635 11.883 11.787 11.764 11.720 12.155 12.859 13.234 13.212 14.262 14.929 15.289 15.765 16.898 17.443 17.614 17.688 18.679 19.143 18.836 19.192 20.485 20.711 21.056 21.312 22.069 22.269 22.776 23.530 23.429 23.759 23.496 23.666 23.211 22.894 22.400 21.719 21.164 20.840 19.684 18.966 18.935 18.343 17.079 16.925 17.017 15.836 15.031 15.240 15.166 13.747 13.960 14.520 13.501 12.512 13.589 13.117 12.171 12.622 13.165 12.260 12.047 12.976 12.815 12.274 12.690 13.043 12.577 12.339 12.261 10.943 10.467 9.654 8.864 8.418 7.946 7.374 7.392 7.249 6.552 6.214 6.191 5.741 5.041 5.091 4.732 4.195 3.913 3.626 2.846 2.471 1.524 0.937 0.743 0.622 0.565 0.519 0.511 0.502 0.489 0.488 0.488 0.486 0.485 0.000 0.485 0.488 0.488 0.488 0.492 0.505 0.519 0.535 0.574 0.621 0.665 0.706 0.782 0.855 0.898 0.971 1.031 1.141 1.205 1.298 1.547 1.979 2.317 2.350 2.185 1.865 1.895 1.783 1.413 1.462 1.486 1.256 1.149 1.311 1.201 0.972 1.086 1.228 0.980 0.871 1.147 1.156 0.851 1.026 1.327 1.460 1.253 1.265 1.441 1.350 1.224 1.341 1.491 1.460 1.351 1.517 1.796 2.021 2.251 2.233 2.298 2.386 2.425 2.388 2.136 2.072 2.215 2.071 1.842 2.000 2.034 1.775 1.718 1.950 1.870 1.619 1.814 1.980 1.756 1.719 1.957 2.039 1.775 1.924 2.230 2.127 1.974 2.326 2.515 2.337 2.444 2.772 2.742 2.627 2.877 3.152 3.071 2.873 3.019 3.053 2.729 2.613 2.799 2.835 2.432 2.406 2.111 2.291 2.373 2.069 2.028 2.279 2.236 1.922 2.123 2.328 2.106 2.006 2.319 2.452 2.165 2.290 2.593 2.587 2.309 2.604 2.945 3.064 3.157 3.432 3.544 4.140 4.393 4.255 4.500 4.725 4.978 5.220 4.811 4.854 4.708 4.507 3.727 4.021 3.078 3.533 3.939 4.438 4.183 3.609 3.825 3.925 3.300 3.217 3.505 3.408 2.930 3.062 3.395 3.199 2.750 2.778 3.073 3.161 2.856 2.872 3.370 3.137 2.852 3.196 3.471 3.213 3.076 3.638 3.594 3.263 3.636 3.860 3.638 3.583 4.075 4.046 3.848 4.091 4.445 4.274 4.266 4.682 4.791 4.604 4.811 5.234 5.145 5.103 5.457 5.735 5.616 5.659 6.265 6.257 6.299 6.668 6.958 7.385
16.764 15.894 16.251 15.482 15.310 14.422 13.978 13.174 12.879 12.486 11.851 11.522 11.252 11.042 11.271 11.192 11.790 12.443 13.020 12.951 14.181 15.206 15.519 16.290 17.038 17.579 17.379 17.564 18.420 18.658 18.541 19.097 20.126 20.583 20.364 21.208 21.835 22.176 22.612 23.008 23.214 23.879 23.569 23.689 23.468 23.170 22.700 21.915 21.204 20.722 19.705 18.970 19.059 18.057 17.193 17.188 16.966 15.515 15.057 15.214 14.816 13.734 14.044 14.519 13.260 12.678 13.716 13.054 12.161 12.720 13.459 12.384 12.168 13.055 12.948 12.317 12.763 13.356 12.628 12.527 12.229 10.820 10.573 9.614 8.963 8.384 7.977 7.308 7.435 7.156 6.481 6.175 6.112 5.519 4.951 4.927 4.674 4.206 3.924 3.627 2.873 2.483 1.560 1.005 0.784 0.679 0.621 0.552 0.520 0.510 0.498 0.489 0.489 0.487 0.486 0.485 0.000 0.485 0.487 0.489 0.486 0.490 0.504 0.513 0.524 0.557 0.613 0.638 0.676 0.775 0.834 0.868 0.933 1.047 1.126 1.191 1.440 1.842 2.186 2.275 2.102 1.775 1.828 1.680 1.339 1.393 1.427 1.205 1.107 1.277 1.196 0.942 1.065 1.201 0.968 0.886 1.134 1.140 0.846 0.991 1.296 1.330 1.242 1.189 1.334 1.327 1.183 1.298 1.506 1.465 1.408 1.512 1.764 2.039 2.213 2.318 2.308 2.373 2.417 2.440 2.113 2.078 2.224 2.062 1.819 2.010 2.079 1.759 1.717 2.007 1.880 1.637 1.857 1.972 1.743 1.676 1.933 2.037 1.728 1.873 2.201 2.086 1.948 2.311 2.519 2.282 2.412 2.720 2.730 2.607 2.865 3.158 3.037 2.831 2.963 3.033 2.677 2.531 2.722 2.783 2.370 2.315 2.032 2.249 2.297 1.994 1.971 2.258 2.171 1.859 2.104 2.330 2.052 1.937 2.298 2.400 2.143 2.271 2.599 2.563 2.344 2.592 2.916 3.057 3.058 3.357 3.495 4.033 4.332 4.259 4.386 4.722 4.933 5.165 4.706 4.862 4.683 4.432 3.719 4.068 2.985 3.602 3.968 4.469 4.191 3.662 3.819 3.874 3.322 3.318 3.531 3.399 2.943 3.122 3.364 3.172 2.730 2.850 3.077 3.184 2.844 2.945 3.357 3.091 2.858 3.276 3.525 3.211 3.126 3.638 3.586 3.276 3.704 3.867 3.678 3.662 4.153 4.087 3.886 4.078 4.488 4.339 4.247 4.638 4.870 4.731 4.798 5.282 5.325 5.205 5.443 5.843 5.805 5.773 6.257 6.331 6.305 6.564 6.956 7.473
17.584 16.375 16.864 15.979 15.219 14.946 14.643 13.546 13.064 12.536 11.924 11.633 11.346 11.065 11.184 11.516 11.823 12.259 12.788 12.874 13.816 15.007 15.453 15.987 16.453 17.322 17.655 17.561 18.437 19.171 19.198 19.389 20.852 21.241 21.462 21.687 22.308 22.545 23.393 23.573 23.226 24.147 23.801 24.027 23.437 23.176 22.599 21.827 21.303 20.620 19.710 18.884 18.939 18.014 16.649 17.097 16.993 15.119 15.231 15.240 15.102 13.776 14.216 14.581 13.400 12.891 13.716 13.100 12.262 12.759 13.251 12.392 12.277 13.057 12.936 12.355 12.783 13.326 12.707 12.598 12.352 10.870 10.641 9.648 8.881 8.442 7.996 7.238 7.267 7.214 6.360 6.022 6.096 5.488 4.682 4.764 4.675 4.016 3.799 3.550 2.787 2.475 1.615 1.059 0.808 0.699 0.641 0.587 0.541 0.518 0.502 0.495 0.488 0.486 0.486 0.485 0.485 0.000 0.485 0.486 0.486 0.485 0.490 0.498 0.506 0.527 0.557 0.578 0.616 0.688 0.724 0.808 0.853 0.943 1.010 1.108 1.364 1.735 2.098 2.252 1.956 1.610 1.641 1.510 1.205 1.247 1.241 1.100 0.994 1.123 1.059 0.806 0.951 1.060 0.909 0.799 1.073 1.097 0.864 1.006 1.266 1.478 1.311 1.299 1.403 1.361 1.272 1.352 1.548 1.502 1.473 1.563 1.778 2.071 2.248 2.387 2.321 2.305 2.348 2.296 2.134 2.086 2.161 1.968 1.820 1.954 1.956 1.708 1.689 1.853 1.727 1.526 1.724 1.781 1.568 1.537 1.778 1.793 1.543 1.721 1.970 1.853 1.710 2.085 2.262 2.036 2.149 2.492 2.472 2.360 2.606 2.857 2.775 2.573 2.724 2.783 2.455 2.333 2.512 2.516 2.147 2.087 1.884 2.022 2.046 1.792 1.773 2.014 1.927 1.664 1.831 2.047 1.820 1.747 2.061 2.173 1.943 2.064 2.383 2.379 2.168 2.433 2.774 2.964 2.971 3.319 3.358 3.975 4.307 4.201 4.426 4.672 5.019 5.194 4.752 4.858 4.610 4.422 3.783 4.161 3.030 3.478 3.933 4.362 4.069 3.538 3.651 3.693 3.203 3.171 3.359 3.232 2.785 2.984 3.187 2.958 2.558 2.673 2.816 2.916 2.645 2.725 3.040 2.874 2.630 2.981 3.217 2.913 2.872 3.338 3.269 2.995 3.294 3.632 3.389 3.325 3.785 3.825 3.557 3.669 4.183 4.068 3.906 4.295 4.580 4.427 4.437 4.964 4.943 4.883 5.178 5.503 5.502 5.500 6.100 6.108 6.114 6.471 6.802 7.479
17.362 15.990 16.608 15.723 15.222 14.226 14.138 13.902 13.131 12.849 12.414 11.628 11.886 11.326 11.384 11.015 12.022 12.504 12.708 12.801 13.989 14.746 14.945 15.673 16.086 16.536 16.955 17.462 18.893 19.137 19.054 19.332 20.673 20.756 21.157 21.466 22.433 22.686 23.134 23.630 23.438 23.972 23.722 23.767 23.321 23.066 22.599 21.777 21.244 20.728 19.765 18.896 18.991 18.220 16.866 16.854 16.987 15.412 15.071 15.117 15.203 13.817 13.783 14.377 13.502 12.713 13.442 13.011 12.215 12.651 12.974 12.337 12.408 12.856 12.718 12.485 12.709 12.991 12.624 12.467 12.387 10.905 10.565 9.775 8.984 8.621 8.078 7.422 7.511 7.475 6.549 6.266 6.411 5.767 4.891 5.048 4.894 4.177 3.898 3.684 2.907 2.527 1.651 1.126 0.915 0.781 0.723 0.660 0.618 0.573 0.535 0.521 0.502 0.491 0.487 0.487 0.486 0.485 0.000 0.485 0.487 0.487 0.488 0.493 0.518 0.540 0.556 0.586 0.636 0.694 0.741 0.829 0.864 0.957 1.041 1.133 1.392 1.784 2.093 2.275 2.032 1.714 1.690 1.583 1.249 1.291 1.286 1.124 0.998 1.117 1.054 0.821 0.937 1.083 0.889 0.800 1.089 1.129 0.841 1.052 1.358 1.505 1.355 1.340 1.480 1.472 1.266 1.413 1.644 1.621 1.471 1.640 1.790 2.127 2.326 2.401 2.489 2.513 2.580 2.564 2.334 2.204 2.362 2.195 1.952 2.039 2.122 1.829 1.772 1.952 1.848 1.586 1.784 1.882 1.703 1.617 1.877 1.919 1.672 1.847 2.074 1.968 1.857 2.168 2.367 2.163 2.259 2.632 2.633 2.490 2.771 3.005 2.892 2.705 2.835 2.869 2.560 2.426 2.574 2.610 2.242 2.162 1.962 2.073 2.126 1.896 1.878 2.108 2.029 1.757 1.965 2.153 1.978 1.925 2.188 2.285 2.137 2.240 2.497 2.501 2.373 2.621 2.933 3.106 3.199 3.497 3.598 4.169 4.502 4.413 4.619 4.912 5.230 5.399 4.911 4.989 4.802 4.545 3.855 4.093 3.143 3.543 3.997 4.388 4.197 3.699 3.857 3.936 3.393 3.292 3.510 3.475 2.955 3.068 3.312 3.130 2.688 2.842 3.026 3.080 2.810 2.843 3.270 3.058 2.788 3.139 3.421 3.142 2.983 3.574 3.573 3.197 3.525 3.830 3.616 3.523 3.990 4.031 3.801 3.933 4.320 4.213 4.126 4.476 4.685 4.538 4.649 5.116 5.063 5.041 5.421 5.656 5.628 5.626 6.237 6.229 6.250 6.531 6.883 7.479
17.172 15.914 16.056 15.749 15.007 14.122 13.951 13.008 12.739 12.023 12.242 11.663 11.314 11.129 11.510 11.273 11.678 12.574 13.154 13.068 13.789 14.768 15.543 15.916 16.779 17.329 17.872 17.641 19.061 19.182 19.016 19.172 20.135 20.609 20.547 21.176 22.030 22.260 22.574 23.389 23.492 23.853 23.541 23.752 23.369 23.049 22.500 21.968 21.455 20.889 19.858 19.114 19.144 18.358 17.133 17.115 17.154 15.786 15.122 15.210 15.190 13.931 14.288 14.483 13.386 12.904 13.701 13.207 12.513 12.823 13.402 12.391 12.425 13.196 13.072 12.493 12.855 13.355 12.683 12.652 12.448 11.127 10.748 9.946 9.122 8.566 8.136 7.545 7.545 7.392 6.658 6.315 6.202 5.843 5.116 5.025 4.950 4.336 3.934 3.699 2.967 2.641 1.787 1.260 1.072 0.933 0.837 0.743 0.710 0.676 0.599 0.549 0.531 0.520 0.495 0.493 0.490 0.488 0.485 0.000 0.485 0.488 0.493 0.488 0.495 0.526 0.558 0.557 0.612 0.713 0.696 0.747 0.876 0.974 0.998 1.093 1.378 1.820 2.182 2.229 2.104 1.756 1.775 1.659 1.314 1.379 1.430 1.229 1.060 1.250 1.172 0.902 1.017 1.207 0.961 0.844 1.169 1.197 0.900 1.057 1.370 1.710 1.522 1.440 1.525 1.468 1.338 1.483 1.681 1.553 1.570 1.664 1.867 2.235 2.444 2.517 2.477 2.631 2.638 2.614 2.335 2.250 2.398 2.283 1.947 2.146 2.211 1.853 1.751 2.029 1.944 1.648 1.826 2.051 1.811 1.739 2.026 2.090 1.789 1.957 2.317 2.150 1.977 2.389 2.535 2.290 2.415 2.793 2.758 2.594 2.859 3.175 3.064 2.820 2.986 3.009 2.676 2.536 2.693 2.742 2.336 2.291 2.030 2.160 2.280 1.985 1.987 2.259 2.156 1.889 2.122 2.319 2.103 2.053 2.398 2.447 2.192 2.369 2.668 2.665 2.391 2.729 3.051 3.152 3.268 3.615 3.646 4.278 4.486 4.419 4.650 4.891 5.153 5.408 4.900 5.059 4.829 4.567 3.845 4.188 3.239 3.604 4.046 4.410 4.244 3.791 3.911 3.928 3.456 3.332 3.663 3.547 3.041 3.148 3.497 3.240 2.833 2.880 3.213 3.232 2.979 3.013 3.436 3.186 2.923 3.359 3.590 3.268 3.216 3.719 3.684 3.389 3.754 3.985 3.708 3.671 4.062 4.063 3.843 4.124 4.451 4.313 4.250 4.690 4.813 4.693 4.811 5.227 5.209 5.158 5.525 5.802 5.704 5.806 6.253 6.254 6.293 6.667 7.076 7.484
17.224 15.943 16.390 15.647 15.622 14.448 14.268 13.459 13.083 12.619 11.704 11.412 11.253 11.139 11.232 11.150 11.642 12.378 12.800 12.761 13.746 14.757 15.219 15.899 16.611 17.235 17.060 17.456 18.353 18.753 18.663 19.181 20.574 20.597 20.794 21.284 21.855 22.160 22.846 23.245 23.244 23.909 23.631 23.746 23.448 23.071 22.492 21.878 21.271 20.721 19.618 18.796 18.946 17.959 16.796 17.048 17.020 15.426 15.006 15.291 14.922 13.720 14.122 14.619 13.403 12.814 13.875 13.223 12.332 12.852 13.634 12.610 12.320 13.423 13.268 12.576 13.091 13.736 13.023 12.857 12.664 11.179 10.843 9.976 9.200 8.722 8.205 7.434 7.533 7.370 6.597 6.234 6.315 5.664 4.900 4.943 4.802 4.168 3.935 3.631 2.924 2.532 1.721 1.196 1.015 0.879 0.814 0.745 0.671 0.633 0.593 0.546 0.517 0.506 0.500 0.489 0.487 0.486 0.486 0.485 0.000 0.485 0.486 0.487 0.486 0.491 0.505 0.509 0.524 0.565 0.586 0.620 0.665 0.770 0.833 0.919 1.194 1.595 1.931 1.943 1.833 1.468 1.476 1.366 1.066 1.094 1.094 0.947 0.841 0.989 0.945 0.718 0.819 0.956 0.808 0.726 0.977 1.012 0.755 0.888 1.196 1.300 1.227 1.264 1.328 1.336 1.209 1.376 1.553 1.512 1.455 1.576 1.890 2.088 2.274 2.353 2.283 2.317 2.377 2.333 2.070 2.048 2.112 1.959 1.780 1.910 1.880 1.651 1.619 1.778 1.615 1.425 1.627 1.690 1.477 1.458 1.684 1.684 1.458 1.636 1.862 1.718 1.633 1.971 2.097 1.891 2.060 2.317 2.286 2.222 2.462 2.686 2.556 2.390 2.524 2.541 2.217 2.128 2.271 2.291 1.931 1.887 1.691 1.854 1.837 1.598 1.600 1.835 1.713 1.469 1.681 1.881 1.648 1.586 1.912 1.989 1.794 1.913 2.219 2.219 2.062 2.311 2.656 2.851 2.867 3.120 3.290 3.842 4.224 4.142 4.378 4.714 4.996 5.259 4.761 4.890 4.712 4.508 3.792 4.195 3.024 3.542 3.939 4.363 4.128 3.519 3.597 3.650 3.142 3.096 3.285 3.155 2.711 2.872 3.109 2.882 2.498 2.637 2.762 2.828 2.600 2.638 2.993 2.757 2.562 2.870 3.150 2.789 2.784 3.238 3.143 2.855 3.215 3.432 3.231 3.184 3.655 3.607 3.359 3.550 3.952 3.818 3.708 4.149 4.289 4.147 4.214 4.644 4.631 4.551 4.838 5.104 5.146 5.096 5.666 5.786 5.749 6.088 6.354 7.081
17.359 16.408 16.321 15.943 15.960 14.842 14.396 13.531 13.317 12.555 12.086 11.752 11.703 11.395 11.341 11.166 12.074 12.622 12.424 12.795 14.241 14.625 14.012 15.809 16.085 16.319 16.491 17.184 18.375 18.513 19.139 19.328 20.639 20.914 21.319 21.799 22.385 22.675 23.218 23.498 23.196 23.789 23.628 23.651 23.257 22.977 22.531 21.779 21.119 20.766 19.663 18.933 19.087 18.109 16.889 16.958 17.051 15.650 15.219 15.176 15.038 14.142 14.269 14.692 13.527 13.116 13.809 13.260 12.571 12.928 13.392 12.620 12.555 13.166 13.045 12.609 13.008 13.363 12.921 12.745 12.742 11.038 10.876 9.875 8.978 8.572 8.108 7.338 7.445 7.378 6.471 6.122 6.238 5.656 4.875 4.900 4.851 4.161 3.895 3.673 2.928 2.604 1.740 1.188 1.022 0.859 0.802 0.750 0.684 0.638 0.612 0.560 0.525 0.507 0.500 0.493 0.487 0.486 0.486 0.485 0.485 0.000 0.485 0.486 0.487 0.487 0.494 0.500 0.512 0.536 0.560 0.606 0.657 0.719 0.813 0.900 1.182 1.621 1.979 1.993 1.778 1.442 1.407 1.292 0.993 1.025 1.012 0.864 0.750 0.864 0.850 0.655 0.736 0.865 0.715 0.687 0.878 0.949 0.738 0.908 1.132 1.303 1.260 1.202 1.307 1.341 1.234 1.312 1.507 1.484 1.472 1.597 1.817 2.010 2.217 2.236 2.203 2.189 2.162 2.121 1.968 1.875 1.950 1.768 1.661 1.757 1.723 1.480 1.467 1.626 1.472 1.304 1.482 1.529 1.343 1.345 1.523 1.548 1.354 1.501 1.717 1.608 1.526 1.865 1.982 1.759 1.907 2.253 2.205 2.085 2.332 2.580 2.439 2.276 2.376 2.401 2.103 2.026 2.158 2.152 1.816 1.761 1.552 1.690 1.709 1.478 1.451 1.670 1.564 1.352 1.485 1.719 1.518 1.447 1.717 1.820 1.629 1.694 2.034 2.019 1.860 2.139 2.452 2.633 2.648 2.976 3.119 3.698 4.128 4.006 4.324 4.607 4.929 5.133 4.751 4.850 4.650 4.453 3.706 4.089 2.878 3.398 3.830 4.239 3.987 3.354 3.414 3.447 2.918 2.868 3.069 2.970 2.522 2.687 2.902 2.711 2.305 2.388 2.609 2.632 2.357 2.417 2.871 2.570 2.383 2.761 3.006 2.690 2.600 3.099 3.126 2.778 3.061 3.383 3.190 3.128 3.531 3.626 3.322 3.519 3.922 3.817 3.687 4.140 4.350 4.144 4.256 4.715 4.661 4.601 4.942 5.213 5.193 5.162 5.827 5.780 5.794 6.115 6.400 7.048
17.394 15.825 16.009 15.880 15.602 14.537 14.178 13.696 13.165 12.804 12.220 11.897 11.748 11.615 11.429 11.048 12.322 13.262 12.897 13.023 14.512 14.996 14.880 15.870 16.394 16.498 16.866 17.174 18.916 19.139 19.135 19.514 20.996 20.655 21.091 21.264 22.109 22.391 22.796 23.293 23.230 23.729 23.427 23.472 23.166 22.877 22.342 21.637 21.152 20.922 19.796 18.987 18.944 18.410 17.112 16.895 17.119 16.049 15.278 15.235 15.153 14.220 14.071 14.421 13.665 12.919 13.672 13.107 12.607 12.858 13.344 12.645 12.655 13.117 13.110 12.720 12.868 13.197 12.760 12.596 12.360 10.996 10.626 9.756 9.091 8.656 8.180 7.571 7.660 7.475 6.610 6.330 6.390 5.868 5.003 5.024 5.077 4.293 3.944 3.825 2.946 2.701 1.876 1.338 1.153 0.996 0.928 0.885 0.831 0.749 0.686 0.660 0.601 0.558 0.530 0.518 0.502 0.490 0.492 0.488 0.486 0.485 0.000 0.485 0.488 0.488 0.491 0.493 0.510 0.533 0.541 0.580 0.651 0.715 0.798 0.895 1.177 1.568 1.884 1.874 1.741 1.457 1.398 1.292 1.003 1.014 1.020 0.851 0.744 0.842 0.867 0.655 0.715 0.827 0.726 0.681 0.905 0.900 0.765 0.888 1.122 1.333 1.232 1.222 1.320 1.316 1.204 1.386 1.512 1.521 1.487 1.672 1.850 2.098 2.236 2.253 2.203 2.185 2.187 2.141 1.946 1.868 1.942 1.817 1.576 1.672 1.691 1.469 1.382 1.565 1.472 1.299 1.396 1.495 1.334 1.316 1.489 1.506 1.325 1.478 1.692 1.581 1.550 1.825 1.911 1.751 1.913 2.206 2.134 2.090 2.369 2.532 2.383 2.218 2.368 2.326 2.087 2.014 2.113 2.094 1.807 1.713 1.558 1.635 1.633 1.484 1.471 1.602 1.545 1.349 1.538 1.685 1.506 1.447 1.698 1.767 1.616 1.719 1.979 2.001 1.822 2.115 2.426 2.628 2.719 2.992 3.063 3.723 4.079 3.922 4.265 4.524 4.816 5.028 4.641 4.788 4.605 4.412 3.686 3.927 2.904 3.358 3.742 4.194 3.925 3.287 3.432 3.416 2.927 2.814 3.095 2.973 2.510 2.591 2.908 2.665 2.314 2.335 2.629 2.597 2.348 2.401 2.809 2.561 2.399 2.691 2.923 2.647 2.613 3.073 3.022 2.782 3.122 3.335 3.135 3.157 3.468 3.500 3.285 3.564 3.808 3.727 3.662 4.075 4.159 4.077 4.229 4.608 4.522 4.522 4.896 5.105 5.042 5.076 5.656 5.618 5.643 5.990 6.302 6.689
17.171 15.852 15.809 15.806 15.358 13.981 14.191 13.765 13.066 12.343 11.702 11.423 11.082 10.805 11.320 11.019 11.455 12.374 12.883 12.941 13.611 15.003 15.538 16.107 16.195 16.922 17.099 17.775 18.561 18.651 18.888 19.408 20.769 20.625 20.744 21.198 21.980 22.299 22.596 23.365 23.339 23.948 23.763 23.838 23.635 23.229 22.613 22.143 21.485 20.880 19.716 19.038 19.106 18.190 17.004 17.128 17.163 15.681 15.037 15.237 15.187 13.825 14.357 14.648 13.332 13.017 14.048 13.387 12.509 13.184 13.682 12.576 12.514 13.459 13.293 12.558 13.041 13.578 12.845 12.726 12.491 11.143 10.738 9.884 9.252 8.795 8.159 7.439 7.676 7.503 6.623 6.325 6.393 5.774 5.033 5.107 4.913 4.322 3.973 3.745 2.991 2.674 1.845 1.356 1.163 1.027 0.958 0.911 0.851 0.796 0.733 0.671 0.626 0.587 0.551 0.520 0.503 0.495 0.491 0.487 0.486 0.485 0.485 0.000 0.485 0.487 0.488 0.486 0.490 0.506 0.513 0.527 0.567 0.634 0.684 0.759 1.041 1.467 1.727 1.754 1.593 1.321 1.304 1.191 0.913 0.922 0.913 0.792 0.686 0.783 0.766 0.580 0.661 0.749 0.657 0.594 0.765 0.800 0.670 0.801 0.995 1.171 1.098 1.151 1.182 1.196 1.144 1.279 1.441 1.413 1.419 1.546 1.782 1.984 2.152 2.164 2.061 2.030 2.073 1.992 1.756 1.738 1.794 1.638 1.474 1.595 1.562 1.354 1.308 1.435 1.348 1.183 1.358 1.367 1.199 1.200 1.388 1.382 1.209 1.356 1.561 1.413 1.400 1.652 1.752 1.590 1.752 1.995 1.945 1.918 2.126 2.353 2.223 2.059 2.208 2.180 1.896 1.851 1.975 1.960 1.641 1.598 1.418 1.523 1.511 1.329 1.347 1.514 1.399 1.222 1.364 1.508 1.379 1.304 1.539 1.629 1.450 1.542 1.806 1.854 1.699 1.928 2.252 2.467 2.487 2.762 2.909 3.459 3.915 3.787 4.120 4.433 4.696 5.043 4.560 4.694 4.562 4.350 3.608 3.932 2.817 3.340 3.737 4.206 3.887 3.197 3.280 3.220 2.781 2.731 2.933 2.756 2.339 2.506 2.727 2.468 2.165 2.239 2.401 2.389 2.131 2.224 2.588 2.302 2.152 2.458 2.724 2.391 2.413 2.870 2.792 2.535 2.850 3.115 2.898 2.899 3.264 3.246 3.080 3.325 3.637 3.500 3.445 3.889 3.983 3.838 3.967 4.374 4.331 4.273 4.621 4.854 4.769 4.835 5.347 5.395 5.384 5.748 6.067 6.566
17.394 16.066 16.067 15.693 15.108 14.058 14.175 13.812 13.232 12.315 11.672 10.920 11.326 10.970 10.808 10.832 11.600 12.213 12.959 13.046 13.778 14.750 14.925 16.095 16.142 16.674 17.034 17.800 18.064 18.401 18.553 19.103 20.712 20.845 21.129 21.416 21.844 22.090 22.776 23.320 22.973 23.721 23.673 23.742 23.454 23.095 22.607 21.924 21.330 20.717 19.664 18.920 19.157 18.034 16.993 17.247 17.109 15.564 15.200 15.421 14.957 13.967 14.485 14.835 13.372 13.113 14.147 13.370 12.568 13.152 13.834 12.713 12.659 13.694 13.401 12.769 13.320 13.876 13.168 12.976 12.922 11.330 11.001 10.081 9.267 8.924 8.274 7.488 7.715 7.520 6.611 6.261 6.463 5.763 4.965 4.974 4.924 4.307 3.931 3.724 2.988 2.669 1.886 1.395 1.244 1.085 1.017 0.949 0.886 0.812 0.771 0.715 0.640 0.618 0.590 0.534 0.509 0.503 0.499 0.489 0.486 0.486 0.486 0.485 0.000 0.487 0.486 0.487 0.487 0.491 0.498 0.504 0.527 0.570 0.634 0.715 0.978 1.422 1.747 1.780 1.524 1.271 1.211 1.108 0.831 0.850 0.825 0.708 0.637 0.694 0.703 0.560 0.629 0.695 0.622 0.602 0.745 0.798 0.637 0.762 0.969 1.142 1.127 1.225 1.174 1.243 1.206 1.304 1.459 1.495 1.487 1.579 1.782 1.917 2.096 2.125 2.041 2.001 1.984 1.930 1.751 1.698 1.728 1.568 1.453 1.528 1.478 1.306 1.309 1.365 1.236 1.116 1.229 1.270 1.119 1.108 1.278 1.270 1.152 1.256 1.414 1.281 1.295 1.524 1.611 1.441 1.639 1.868 1.793 1.757 1.988 2.155 2.029 1.910 2.033 2.027 1.777 1.708 1.826 1.838 1.506 1.464 1.298 1.386 1.385 1.222 1.216 1.360 1.258 1.112 1.208 1.368 1.212 1.181 1.373 1.463 1.315 1.389 1.661 1.676 1.568 1.786 2.136 2.364 2.365 2.626 2.817 3.392 3.895 3.733 4.111 4.374 4.718 4.971 4.551 4.680 4.505 4.323 3.596 3.993 2.721 3.229 3.695 4.084 3.801 3.122 3.147 3.139 2.728 2.636 2.817 2.679 2.271 2.376 2.612 2.372 2.075 2.140 2.261 2.262 2.078 2.167 2.428 2.198 2.084 2.325 2.581 2.279 2.314 2.699 2.627 2.373 2.699 2.968 2.714 2.726 3.096 3.098 2.891 3.071 3.452 3.344 3.221 3.674 3.812 3.651 3.730 4.204 4.108 4.059 4.374 4.613 4.602 4.581 5.142 5.202 5.195 5.490 5.823 6.403
17.046 15.975 15.603 15.720 15.210 14.595 14.408 13.620 13.255 12.733 11.573 11.390 11.504 11.080 11.197 11.231 11.914 12.836 12.886 13.290 14.335 14.795 15.083 15.943 16.462 16.364 17.472 17.766 18.823 19.140 19.576 19.938 21.462 21.388 21.722 21.822 22.609 22.636 23.153 23.299 23.113 23.552 23.363 23.538 23.066 22.880 22.530 21.895 21.216 20.821 19.867 19.139 19.318 18.290 17.217 17.137 17.092 15.743 15.180 15.262 14.794 14.009 14.226 14.854 13.407 12.987 13.942 13.293 12.609 13.082 13.669 12.763 12.676 13.547 13.274 12.836 13.177 13.649 13.232 12.923 13.014 11.349 11.034 10.018 9.326 8.877 8.319 7.539 7.803 7.531 6.622 6.370 6.417 5.846 5.061 5.100 5.046 4.356 4.044 3.895 3.135 2.825 2.073 1.596 1.416 1.205 1.172 1.118 1.024 0.919 0.895 0.854 0.737 0.691 0.706 0.608 0.545 0.529 0.527 0.505 0.490 0.488 0.490 0.487 0.485 0.000 0.485 0.488 0.489 0.492 0.495 0.504 0.523 0.567 0.635 0.722 0.971 1.481 1.775 1.959 1.547 1.185 1.146 1.078 0.786 0.789 0.766 0.670 0.601 0.688 0.667 0.551 0.605 0.667 0.604 0.631 0.752 0.786 0.652 0.791 0.985 1.122 1.086 1.180 1.223 1.282 1.197 1.366 1.528 1.514 1.540 1.617 1.857 1.997 2.253 2.150 2.109 2.072 2.027 1.958 1.819 1.749 1.734 1.613 1.471 1.540 1.464 1.315 1.278 1.346 1.241 1.122 1.244 1.224 1.105 1.096 1.260 1.205 1.095 1.259 1.386 1.281 1.266 1.518 1.562 1.463 1.637 1.887 1.782 1.739 2.016 2.164 2.050 1.881 1.997 1.985 1.758 1.656 1.772 1.713 1.440 1.392 1.240 1.349 1.319 1.185 1.168 1.308 1.214 1.106 1.195 1.348 1.203 1.145 1.360 1.424 1.325 1.379 1.639 1.641 1.559 1.763 2.080 2.326 2.317 2.582 2.771 3.467 3.942 3.803 4.240 4.524 4.811 5.035 4.750 4.761 4.573 4.402 3.618 3.971 2.761 3.310 3.760 4.132 3.853 3.131 3.194 3.148 2.693 2.598 2.817 2.705 2.213 2.335 2.578 2.331 1.983 2.114 2.279 2.265 2.028 2.097 2.455 2.208 2.053 2.333 2.607 2.280 2.324 2.782 2.739 2.452 2.772 3.042 2.838 2.792 3.246 3.273 3.053 3.233 3.636 3.506 3.394 3.820 3.981 3.830 3.978 4.320 4.289 4.291 4.545 4.881 4.783 4.834 5.384 5.364 5.400 5.767 6.084 6.388
17.269 15.923 15.619 15.868 15.493 14.417 14.628 14.195 13.370 12.952 12.227 11.841 11.489 11.288 11.198 11.491 11.818 12.924 12.681 13.639 14.097 14.153 14.831 15.755 16.858 16.740 17.462 17.827 19.357 19.849 19.592 19.967 21.675 21.078 21.449 21.359 22.233 22.458 22.831 23.525 23.390 23.831 23.497 23.567 23.164 22.952 22.476 22.008 21.214 21.075 20.026 19.030 19.223 18.214 17.170 17.245 17.064 15.799 15.019 15.411 15.108 13.938 14.436 14.980 13.669 13.138 14.235 13.605 12.937 13.331 14.050 13.052 13.126 13.656 13.595 13.078 13.243 13.679 13.206 12.793 12.759 11.349 10.845 10.041 9.500 8.909 8.339 7.707 8.000 7.545 6.783 6.570 6.546 6.009 5.273 5.397 5.167 4.522 4.121 3.951 3.194 2.910 2.199 1.696 1.538 1.340 1.283 1.194 1.100 1.029 0.981 0.961 0.850 0.774 0.774 0.686 0.623 0.572 0.556 0.528 0.506 0.491 0.495 0.489 0.488 0.485 0.000 0.485 0.490 0.492 0.487 0.494 0.519 0.551 0.591 0.692 0.980 1.518 1.822 1.800 1.607 1.229 1.182 1.136 0.793 0.800 0.785 0.675 0.600 0.662 0.657 0.532 0.570 0.641 0.600 0.609 0.726 0.774 0.661 0.786 0.981 1.171 1.118 1.178 1.217 1.261 1.237 1.405 1.521 1.584 1.584 1.695 1.910 2.096 2.222 2.177 2.095 2.036 2.023 1.959 1.763 1.704 1.716 1.605 1.391 1.462 1.435 1.296 1.262 1.325 1.269 1.102 1.198 1.188 1.056 1.054 1.233 1.197 1.075 1.250 1.385 1.284 1.276 1.513 1.602 1.477 1.623 1.865 1.824 1.789 2.025 2.184 2.114 1.937 2.088 2.049 1.805 1.761 1.909 1.839 1.512 1.500 1.298 1.463 1.416 1.213 1.202 1.380 1.270 1.068 1.226 1.376 1.195 1.140 1.348 1.445 1.256 1.377 1.612 1.611 1.500 1.764 2.076 2.304 2.355 2.631 2.715 3.384 3.870 3.676 4.107 4.346 4.658 4.867 4.550 4.690 4.582 4.375 3.648 3.910 2.792 3.264 3.706 4.100 3.826 3.095 3.150 3.073 2.674 2.558 2.782 2.623 2.176 2.261 2.540 2.333 1.965 2.055 2.243 2.258 1.958 2.104 2.396 2.185 2.049 2.323 2.522 2.286 2.311 2.660 2.633 2.448 2.722 2.972 2.779 2.810 3.186 3.176 3.010 3.222 3.502 3.423 3.415 3.803 3.845 3.783 3.979 4.320 4.170 4.220 4.541 4.728 4.647 4.704 5.365 5.243 5.258 5.592 5.913 6.186
17.615 16.169 16.272 16.059 15.399 14.216 14.444 13.900 13.363 12.583 11.802 11.594 11.493 11.042 11.079 10.908 11.692 12.346 13.050 12.994 13.862 15.430 15.718 16.158 16.853 17.181 17.158 17.958 18.521 18.347 18.588 19.386 21.149 20.673 21.051 21.185 21.752 22.093 22.388 23.286 23.031 23.843 23.725 23.862 23.672 23.338 22.768 22.189 21.655 20.969 19.853 19.342 19.369 18.298 17.228 17.442 17.544 15.868 15.639 15.817 15.606 14.182 14.816 15.149 13.854 13.369 14.495 13.712 12.820 13.488 14.128 12.950 12.890 13.918 13.631 12.907 13.467 13.992 13.273 13.120 12.865 11.397 11.047 10.155 9.391 9.055 8.353 7.632 7.861 7.655 6.728 6.408 6.599 5.898 5.153 5.205 5.103 4.434 4.111 3.909 3.153 2.856 2.108 1.586 1.435 1.264 1.187 1.111 1.014 0.951 0.923 0.885 0.791 0.753 0.725 0.640 0.597 0.568 0.545 0.514 0.500 0.494 0.489 0.486 0.486 0.487 0.485 0.000 0.485 0.486 0.487 0.488 0.491 0.508 0.536 0.605 0.860 1.339 1.592 1.690 1.375 1.147 1.135 1.010 0.735 0.751 0.710 0.650 0.563 0.637 0.617 0.529 0.550 0.601 0.564 0.572 0.657 0.706 0.612 0.724 0.890 1.023 1.035 1.095 1.115 1.192 1.150 1.278 1.422 1.500 1.481 1.580 1.838 1.924 2.145 2.139 1.985 1.973 1.915 1.894 1.649 1.653 1.646 1.489 1.352 1.457 1.399 1.206 1.179 1.258 1.167 1.053 1.138 1.160 1.025 1.004 1.146 1.153 1.046 1.144 1.285 1.207 1.216 1.416 1.463 1.373 1.547 1.749 1.657 1.667 1.884 2.043 1.921 1.790 1.912 1.891 1.656 1.613 1.731 1.721 1.415 1.426 1.252 1.363 1.345 1.169 1.165 1.318 1.191 1.010 1.194 1.286 1.156 1.096 1.292 1.361 1.258 1.316 1.543 1.562 1.487 1.695 2.011 2.225 2.267 2.511 2.738 3.269 3.838 3.685 4.097 4.406 4.704 5.008 4.541 4.651 4.574 4.378 3.593 3.880 2.735 3.273 3.701 4.123 3.819 3.043 3.061 3.029 2.603 2.510 2.727 2.539 2.134 2.246 2.469 2.225 1.918 2.006 2.140 2.099 1.914 1.973 2.297 2.016 1.967 2.186 2.442 2.137 2.201 2.608 2.534 2.322 2.603 2.833 2.612 2.686 3.011 2.983 2.822 3.052 3.334 3.229 3.202 3.655 3.659 3.554 3.726 4.099 3.998 3.992 4.329 4.499 4.487 4.482 5.064 5.047 5.056 5.429 5.658 6.120
17.248 15.959 15.969 15.769 15.070 14.367 14.494 13.546 13.275 12.586 11.873 11.419 11.587 11.166 10.922 10.962 11.767 12.417 13.059 13.439 14.373 15.358 15.346 16.524 16.553 16.571 17.781 17.981 17.999 18.997 19.610 19.196 20.678 21.300 21.204 21.564 22.109 22.268 22.932 23.393 23.173 23.813 23.775 23.827 23.472 23.188 22.799 22.050 21.369 20.987 19.996 19.196 19.378 18.264 17.233 17.273 17.237 15.862 15.411 15.429 15.284 14.290 14.593 15.030 13.573 13.240 14.144 13.480 12.774 13.263 13.809 12.837 12.695 13.651 13.406 12.925 13.373 13.870 13.256 13.058 13.069 11.301 11.091 10.154 9.264 8.922 8.424 7.581 7.822 7.579 6.703 6.386 6.557 5.889 5.128 5.195 5.127 4.457 4.107 3.964 3.217 2.950 2.225 1.721 1.562 1.372 1.345 1.239 1.115 1.032 0.987 0.943 0.843 0.799 0.786 0.697 0.620 0.608 0.583 0.527 0.509 0.503 0.494 0.487 0.486 0.488 0.485 0.484 0.000 0.485 0.486 0.488 0.488 0.502 0.531 0.600 0.854 1.312 1.686 2.057 1.475 1.136 1.115 1.014 0.717 0.726 0.725 0.642 0.571 0.642 0.629 0.533 0.571 0.624 0.579 0.572 0.665 0.705 0.620 0.726 0.855 1.056 1.068 1.128 1.156 1.269 1.225 1.352 1.479 1.604 1.572 1.617 1.896 1.984 2.165 2.074 1.946 1.942 1.871 1.809 1.645 1.585 1.621 1.458 1.331 1.407 1.373 1.174 1.174 1.251 1.126 1.029 1.132 1.165 1.025 1.000 1.185 1.170 1.030 1.173 1.315 1.198 1.176 1.425 1.514 1.358 1.537 1.775 1.699 1.606 1.841 2.055 1.941 1.761 1.894 1.902 1.634 1.557 1.721 1.705 1.387 1.367 1.177 1.321 1.339 1.141 1.105 1.288 1.201 1.004 1.129 1.291 1.132 1.074 1.277 1.344 1.199 1.300 1.508 1.525 1.431 1.664 1.970 2.213 2.246 2.464 2.637 3.256 3.820 3.652 4.101 4.342 4.707 4.935 4.599 4.665 4.542 4.364 3.623 3.945 2.693 3.223 3.708 4.070 3.785 3.077 3.044 2.971 2.583 2.508 2.671 2.538 2.140 2.251 2.448 2.243 1.892 1.996 2.149 2.113 1.927 2.034 2.307 2.096 1.976 2.246 2.441 2.156 2.191 2.574 2.495 2.269 2.606 2.863 2.617 2.629 2.952 3.011 2.762 2.938 3.290 3.225 3.077 3.483 3.641 3.542 3.612 4.005 3.954 3.948 4.218 4.472 4.405 4.448 4.999 5.019 5.049 5.371 5.655 6.198
17.495 16.180 16.481 16.238 15.484 14.774 14.566 14.079 13.178 12.698 12.345 11.481 11.459 11.072 11.330 11.181 11.696 12.944 13.576 13.777 14.512 14.525 15.248 15.856 17.118 16.602 17.444 18.001 18.423 18.523 18.985 19.819 20.725 20.988 21.388 21.600 22.207 22.479 22.858 23.465 23.399 23.736 23.749 23.616 23.486 23.122 22.663 22.037 21.424 21.042 20.243 19.328 19.500 18.460 17.225 17.363 17.699 15.999 15.602 15.773 15.610 14.160 14.624 15.160 14.088 13.388 14.271 13.819 13.054 13.515 13.886 13.071 13.067 13.673 13.566 13.101 13.386 13.670 13.204 12.914 12.857 11.326 10.866 10.138 9.452 8.915 8.429 7.708 7.905 7.726 6.830 6.607 6.767 6.022 5.264 5.392 5.289 4.564 4.179 4.117 3.328 3.059 2.333 1.832 1.669 1.460 1.446 1.365 1.225 1.154 1.100 1.047 0.948 0.885 0.899 0.804 0.712 0.666 0.650 0.572 0.538 0.521 0.508 0.497 0.489 0.488 0.486 0.485 0.485 0.000 0.485 0.487 0.489 0.497 0.523 0.606 0.883 1.320 1.662 1.617 1.466 1.153 1.070 1.031 0.739 0.759 0.723 0.649 0.594 0.655 0.634 0.558 0.587 0.643 0.593 0.623 0.719 0.766 0.658 0.808 0.969 1.107 1.118 1.206 1.240 1.325 1.299 1.415 1.540 1.661 1.625 1.730 1.930 2.097 2.298 2.157 2.075 2.002 1.929 1.884 1.718 1.644 1.662 1.556 1.378 1.448 1.436 1.274 1.207 1.278 1.230 1.064 1.166 1.206 1.078 1.024 1.183 1.192 1.052 1.185 1.372 1.253 1.224 1.460 1.561 1.371 1.584 1.799 1.721 1.707 1.906 2.083 1.958 1.837 1.959 1.904 1.693 1.648 1.769 1.702 1.433 1.397 1.273 1.408 1.361 1.154 1.185 1.329 1.232 1.065 1.221 1.341 1.172 1.117 1.334 1.377 1.246 1.359 1.539 1.561 1.479 1.692 2.000 2.230 2.263 2.501 2.647 3.301 3.813 3.614 4.122 4.384 4.685 4.973 4.607 4.678 4.565 4.407 3.630 3.928 2.765 3.248 3.735 4.078 3.807 3.075 3.145 3.092 2.645 2.541 2.778 2.621 2.153 2.321 2.557 2.338 1.942 2.006 2.239 2.190 1.951 2.053 2.385 2.170 1.985 2.334 2.509 2.229 2.249 2.693 2.616 2.357 2.587 2.923 2.680 2.644 3.045 3.109 2.840 3.024 3.388 3.371 3.225 3.610 3.776 3.672 3.808 4.108 4.109 4.148 4.420 4.630 4.562 4.663 5.128 5.150 5.287 5.569 5.872 6.362
17.617 16.052 16.195 16.103 14.990 13.816 14.309 13.918 13.090 12.474 12.041 11.661 11.416 11.116 11.265 11.245 11.746 12.516 13.058 13.035 13.669 15.184 16.049 16.031 16.648 17.658 17.908 17.536 18.411 19.139 19.185 19.621 21.253 21.010 21.292 21.383 21.845 22.062 22.495 23.341 23.198 23.793 23.710 23.892 23.662 23.348 22.746 22.154 21.763 21.029 19.826 19.159 19.330 18.324 17.230 17.397 17.525 16.031 15.304 15.775 15.461 14.304 14.856 15.134 13.757 13.383 14.426 13.768 13.017 13.502 14.034 12.981 12.963 13.730 13.747 13.012 13.372 13.903 13.335 12.941 12.978 11.573 10.951 10.245 9.607 8.971 8.477 7.741 7.968 7.694 6.868 6.587 6.704 6.041 5.364 5.388 5.262 4.591 4.242 4.058 3.336 3.030 2.373 1.855 1.748 1.505 1.496 1.409 1.263 1.199 1.165 1.084 0.955 0.928 0.944 0.860 0.751 0.708 0.685 0.613 0.567 0.543 0.515 0.500 0.492 0.489 0.487 0.486 0.486 0.485 0.000 0.485 0.487 0.495 0.512 0.578 0.796 1.330 1.515 1.823 1.583 1.144 1.063 1.000 0.727 0.704 0.684 0.621 0.550 0.631 0.622 0.540 0.569 0.628 0.582 0.624 0.690 0.753 0.653 0.776 0.953 1.096 1.095 1.190 1.231 1.303 1.271 1.393 1.531 1.622 1.608 1.743 2.012 2.096 2.278 2.218 2.090 2.026 1.945 1.939 1.706 1.668 1.689 1.521 1.378 1.478 1.423 1.230 1.194 1.310 1.176 1.073 1.163 1.221 1.045 1.019 1.188 1.180 1.045 1.164 1.321 1.209 1.238 1.447 1.536 1.377 1.571 1.817 1.731 1.710 1.942 2.093 1.959 1.852 1.955 1.933 1.717 1.673 1.790 1.757 1.464 1.450 1.286 1.375 1.381 1.154 1.148 1.313 1.208 1.021 1.166 1.349 1.167 1.104 1.306 1.426 1.238 1.320 1.592 1.601 1.494 1.728 2.052 2.286 2.299 2.568 2.754 3.279 3.832 3.695 4.132 4.426 4.702 5.032 4.587 4.724 4.628 4.449 3.691 3.935 2.817 3.288 3.725 4.126 3.870 3.087 3.152 3.108 2.678 2.565 2.757 2.604 2.216 2.307 2.543 2.308 1.957 2.037 2.215 2.185 1.947 2.053 2.335 2.111 2.004 2.275 2.432 2.182 2.208 2.642 2.522 2.360 2.627 2.907 2.679 2.716 3.018 3.043 2.873 3.106 3.388 3.321 3.281 3.670 3.755 3.680 3.833 4.162 4.163 4.112 4.414 4.640 4.565 4.672 5.148 5.106 5.223 5.545 5.877 6.168
17.538 16.304 16.421 16.291 15.366 14.377 14.434 13.378 13.109 12.464 11.428 11.110 11.161 10.830 11.023 10.933 11.581 12.122 12.933 13.198 13.846 14.893 15.463 16.070 16.590 17.171 17.421 17.508 18.026 17.991 18.275 18.837 20.394 20.291 20.894 20.932 21.415 21.899 22.345 23.191 23.083 23.679 23.585 23.822 23.517 23.178 22.729 22.199 21.602 21.163 19.798 19.329 19.308 18.223 17.335 17.336 17.459 15.985 15.519 15.739 15.538 14.344 14.863 15.205 13.739 13.451 14.520 13.822 13.055 13.556 14.309 13.185 13.095 14.143 13.902 13.184 13.752 14.382 13.592 13.290 13.243 11.658 11.218 10.341 9.496 9.060 8.473 7.739 7.988 7.761 6.868 6.577 6.744 6.100 5.364 5.398 5.426 4.680 4.322 4.172 3.445 3.137 2.487 1.979 1.849 1.624 1.599 1.496 1.332 1.300 1.231 1.144 1.027 0.984 0.990 0.879 0.803 0.769 0.741 0.629 0.607 0.579 0.538 0.512 0.499 0.497 0.487 0.486 0.487 0.487 0.485 0.000 0.486 0.492 0.505 0.569 0.855 1.341 1.660 1.895 1.545 1.173 1.126 1.021 0.753 0.750 0.756 0.643 0.560 0.647 0.633 0.535 0.570 0.637 0.603 0.603 0.724 0.751 0.693 0.810 0.976 1.141 1.151 1.277 1.297 1.369 1.352 1.488 1.590 1.687 1.713 1.793 2.080 2.125 2.328 2.261 2.111 2.115 2.016 2.026 1.761 1.733 1.771 1.569 1.477 1.528 1.486 1.266 1.255 1.336 1.205 1.110 1.158 1.191 1.079 1.049 1.194 1.187 1.048 1.182 1.328 1.243 1.232 1.467 1.559 1.422 1.598 1.838 1.770 1.737 1.967 2.166 2.018 1.904 2.025 1.986 1.750 1.676 1.817 1.812 1.496 1.455 1.279 1.446 1.431 1.226 1.184 1.360 1.257 1.035 1.213 1.343 1.194 1.126 1.327 1.415 1.244 1.347 1.584 1.604 1.520 1.766 2.056 2.270 2.342 2.589 2.770 3.316 3.890 3.726 4.178 4.418 4.758 4.972 4.660 4.721 4.624 4.446 3.719 3.983 2.811 3.343 3.757 4.145 3.847 3.125 3.061 2.996 2.638 2.498 2.694 2.563 2.169 2.231 2.483 2.254 1.913 1.972 2.167 2.149 1.953 1.996 2.265 2.088 1.991 2.242 2.428 2.230 2.237 2.618 2.508 2.389 2.636 2.889 2.669 2.822 3.047 3.019 2.908 3.154 3.363 3.314 3.292 3.677 3.700 3.674 3.821 4.133 4.104 4.123 4.423 4.636 4.621 4.674 5.184 5.185 5.319 5.659 5.888 6.251
17.236 15.756 16.177 15.955 15.707 14.071 14.080 13.377 12.825 12.313 11.731 11.461 11.508 11.048 11.266 11.217 12.064 12.277 12.809 13.404 14.122 15.513 15.486 16.428 16.847 16.723 17.424 18.147 17.874 18.223 20.036 19.292 20.269 21.120 21.168 21.551 22.061 22.221 22.820 23.245 23.424 23.807 23.605 23.775 23.389 23.128 22.772 22.222 21.433 21.243 20.167 19.573 19.758 18.413 17.684 17.731 17.761 16.094 15.882 15.857 15.638 14.338 14.934 15.430 13.970 13.555 14.507 13.758 13.116 13.698 14.158 13.203 13.264 14.033 13.701 13.191 13.642 14.127 13.632 13.333 13.240 11.769 11.298 10.332 9.641 9.222 8.715 7.940 8.179 7.853 7.105 6.798 6.901 6.297 5.596 5.628 5.468 4.832 4.431 4.368 3.611 3.354 2.703 2.230 2.116 1.841 1.868 1.741 1.573 1.522 1.483 1.413 1.268 1.185 1.194 1.077 0.950 0.936 0.914 0.769 0.714 0.718 0.640 0.579 0.549 0.548 0.510 0.492 0.497 0.494 0.489 0.485 0.000 0.489 0.507 0.582 0.843 1.393 1.784 2.272 1.638 1.251 1.220 1.128 0.823 0.822 0.863 0.725 0.619 0.765 0.775 0.597 0.669 0.803 0.745 0.705 0.859 0.933 0.819 0.900 1.106 1.298 1.304 1.399 1.432 1.575 1.502 1.572 1.786 1.911 1.888 1.930 2.232 2.360 2.533 2.338 2.215 2.204 2.182 2.102 1.884 1.897 1.921 1.727 1.613 1.718 1.659 1.432 1.453 1.530 1.410 1.263 1.351 1.426 1.266 1.181 1.381 1.380 1.210 1.332 1.518 1.429 1.334 1.611 1.739 1.540 1.685 1.983 1.992 1.820 2.058 2.297 2.195 1.976 2.116 2.172 1.874 1.809 1.998 1.957 1.603 1.602 1.436 1.622 1.614 1.355 1.337 1.561 1.473 1.196 1.388 1.599 1.394 1.313 1.562 1.634 1.486 1.563 1.827 1.856 1.764 1.951 2.239 2.480 2.468 2.764 2.860 3.489 4.028 3.870 4.305 4.579 4.908 5.153 4.875 4.912 4.738 4.592 3.849 4.070 2.974 3.445 3.949 4.286 3.985 3.331 3.416 3.286 2.893 2.775 3.026 2.843 2.418 2.545 2.781 2.505 2.147 2.256 2.462 2.410 2.164 2.253 2.571 2.322 2.154 2.509 2.680 2.406 2.401 2.845 2.780 2.540 2.874 3.088 2.873 2.878 3.224 3.247 3.006 3.227 3.514 3.485 3.313 3.759 3.892 3.816 3.938 4.272 4.264 4.241 4.537 4.766 4.775 4.736 5.345 5.337 5.397 5.617 5.963 6.397
17.745 16.287 16.757 16.349 15.597 14.575 14.409 13.858 13.135 12.704 12.136 11.638 11.533 11.178 11.530 11.481 12.023 12.640 12.875 13.081 13.967 15.349 15.763 15.674 17.115 16.507 17.613 17.781 19.377 19.319 18.414 19.628 20.933 20.969 21.451 21.441 22.008 22.215 22.378 23.431 23.237 23.702 23.764 23.764 23.612 23.234 22.834 22.197 21.474 21.266 20.202 19.402 19.645 18.609 17.510 17.693 17.917 16.269 15.773 16.091 16.018 14.519 15.140 15.641 14.369 13.821 14.851 14.235 13.426 13.914 14.361 13.410 13.402 14.250 14.029 13.358 13.809 14.174 13.627 13.382 13.390 11.912 11.269 10.612 9.981 9.229 8.915 8.161 8.345 8.056 7.298 7.069 7.159 6.542 5.800 5.843 5.778 5.076 4.654 4.608 3.833 3.614 2.961 2.590 2.480 2.209 2.228 2.140 1.940 1.889 1.878 1.758 1.611 1.528 1.530 1.385 1.212 1.168 1.180 1.002 0.916 0.901 0.835 0.729 0.651 0.636 0.576 0.532 0.507 0.501 0.502 0.494 0.486 0.000 0.490 0.531 0.825 1.297 1.667 2.496 1.601 1.108 1.162 1.089 0.779 0.792 0.870 0.793 0.650 0.777 0.878 0.720 0.771 0.945 0.907 0.865 1.021 1.164 1.045 1.164 1.370 1.559 1.546 1.654 1.725 1.868 1.827 1.933 2.104 2.235 2.256 2.343 2.580 2.678 2.821 2.661 2.504 2.470 2.397 2.325 2.136 2.096 2.101 1.940 1.817 1.906 1.824 1.621 1.627 1.706 1.571 1.414 1.519 1.555 1.350 1.294 1.551 1.481 1.290 1.455 1.662 1.473 1.455 1.707 1.821 1.618 1.806 2.096 1.977 1.944 2.214 2.400 2.251 2.095 2.230 2.186 1.941 1.865 1.976 1.961 1.609 1.550 1.442 1.563 1.501 1.332 1.306 1.534 1.421 1.264 1.401 1.579 1.410 1.362 1.652 1.722 1.543 1.697 1.928 1.944 1.854 2.073 2.366 2.584 2.632 2.879 3.014 3.626 4.105 3.979 4.439 4.692 5.038 5.291 4.951 5.072 4.938 4.749 4.029 4.202 3.182 3.592 4.058 4.387 4.123 3.417 3.551 3.408 2.992 2.921 3.149 2.982 2.535 2.657 2.901 2.636 2.270 2.403 2.637 2.562 2.305 2.447 2.745 2.516 2.359 2.699 2.845 2.580 2.572 3.008 2.948 2.673 3.006 3.228 2.975 2.937 3.378 3.416 3.125 3.342 3.733 3.687 3.480 3.954 4.136 3.943 4.095 4.480 4.364 4.402 4.708 4.913 4.830 4.857 5.475 5.355 5.479 5.723 6.051 6.354
17.840 16.967 17.067 16.793 15.732 15.066 14.864 13.855 13.424 12.770 11.593 11.251 11.276 10.882 11.063 11.142 11.949 12.408 12.875 13.330 13.936 14.962 15.477 16.020 16.386 17.868 17.458 18.042 18.473 18.833 19.068 19.220 20.797 20.528 21.258 21.167 21.730 22.032 22.402 23.390 23.135 23.866 23.801 24.144 23.892 23.633 22.988 22.514 21.880 21.444 20.194 19.650 19.727 18.840 17.659 17.884 17.833 16.453 15.856 16.336 15.984 14.735 15.407 15.757 14.404 13.978 15.025 14.351 13.558 14.076 14.859 13.729 13.655 14.611 14.496 13.738 14.079 14.852 14.193 13.622 13.563 12.231 11.634 10.923 10.279 9.651 9.044 8.447 8.601 8.229 7.457 7.222 7.250 6.660 6.081 6.029 5.952 5.303 4.972 4.785 4.051 3.834 3.230 2.844 2.685 2.486 2.490 2.311 2.193 2.223 2.069 1.878 1.874 1.828 1.640 1.533 1.484 1.381 1.311 1.192 1.148 1.039 0.956 0.896 0.847 0.747 0.678 0.659 0.598 0.533 0.525 0.524 0.511 0.488 0.000 0.497 0.701 1.334 1.790 1.681 1.782 1.276 1.350 1.279 0.897 1.000 0.992 0.857 0.777 0.977 0.965 0.835 0.916 1.112 1.005 1.004 1.207 1.361 1.250 1.361 1.614 1.794 1.712 1.949 2.041 2.045 2.076 2.267 2.383 2.422 2.568 2.688 2.887 2.980 3.119 3.097 2.921 2.961 2.914 2.815 2.564 2.521 2.576 2.299 2.226 2.289 2.213 1.920 1.951 2.018 1.827 1.658 1.722 1.815 1.589 1.503 1.677 1.693 1.507 1.600 1.807 1.690 1.642 1.928 2.125 1.863 2.054 2.432 2.387 2.250 2.540 2.832 2.708 2.502 2.670 2.649 2.363 2.214 2.401 2.387 1.968 1.981 1.673 1.908 1.925 1.599 1.516 1.876 1.766 1.507 1.699 1.964 1.759 1.673 1.977 2.146 1.910 2.020 2.409 2.383 2.273 2.529 2.845 3.021 3.168 3.386 3.583 4.043 4.506 4.514 4.853 5.091 5.481 5.692 5.309 5.382 5.314 5.037 4.346 4.461 3.511 3.896 4.293 4.661 4.428 3.762 3.773 3.737 3.360 3.203 3.420 3.273 2.837 2.852 3.188 2.815 2.503 2.590 2.841 2.801 2.457 2.551 2.917 2.703 2.481 2.767 3.051 2.764 2.731 3.249 3.151 2.897 3.195 3.588 3.288 3.324 3.784 3.750 3.475 3.805 4.158 4.060 3.970 4.433 4.564 4.455 4.553 5.001 4.991 4.873 5.219 5.511 5.451 5.436 6.114 5.997 6.043 6.235 6.704 6.824
18.068 16.908 16.983 16.525 16.142 15.462 14.895 13.973 13.733 12.918 11.959 11.496 11.619 11.120 11.137 11.224 12.014 12.499 12.893 13.487 13.868 14.540 15.342 16.027 16.054 16.446 16.846 17.793 17.916 17.977 18.757 18.869 20.064 20.368 21.059 20.929 21.152 21.649 22.227 23.257 23.256 23.945 23.759 24.090 23.829 23.617 23.217 22.672 22.031 21.731 20.498 19.884 20.006 18.916 17.935 18.235 18.247 16.513 16.386 16.784 16.420 14.934 15.710 16.339 14.872 14.310 15.603 14.888 13.954 14.658 15.514 14.357 14.220 15.472 15.220 14.454 14.831 15.646 15.086 14.506 14.731 13.214 12.682 11.632 11.009 10.375 9.957 9.047 9.321 8.931 8.226 8.017 7.907 7.283 6.744 6.754 6.623 5.907 5.558 5.468 4.668 4.565 3.968 3.613 3.503 3.393 3.278 3.044 2.829 2.941 2.791 2.495 2.491 2.517 2.255 2.053 1.991 1.879 1.789 1.626 1.559 1.469 1.314 1.280 1.195 1.112 0.911 0.919 0.815 0.747 0.646 0.665 0.639 0.577 0.494 0.000 0.537 1.220 1.884 1.691 1.578 1.480 1.531 1.495 1.137 1.121 1.247 1.168 0.926 1.097 1.187 1.014 1.177 1.335 1.302 1.273 1.480 1.640 1.624 1.687 1.927 2.037 2.132 2.263 2.433 2.431 2.616 2.735 2.835 2.995 3.249 3.351 3.520 3.521 3.633 3.624 3.356 3.397 3.326 3.173 2.917 2.822 2.809 2.661 2.461 2.518 2.479 2.198 2.193 2.207 2.110 1.830 1.991 1.974 1.813 1.687 1.949 1.961 1.708 1.901 2.137 2.017 1.870 2.336 2.554 2.185 2.479 2.936 2.906 2.682 3.029 3.521 3.310 3.041 3.185 3.220 2.846 2.642 2.849 2.849 2.307 2.246 1.937 2.216 2.286 1.870 1.744 2.239 2.144 1.732 1.964 2.275 2.001 1.924 2.307 2.363 2.139 2.339 2.652 2.572 2.489 2.758 3.038 3.249 3.393 3.687 3.825 4.279 4.745 4.828 5.109 5.460 5.883 6.072 5.736 5.864 5.725 5.461 4.810 4.872 3.880 4.354 4.616 4.972 4.723 4.135 4.156 4.028 3.609 3.464 3.741 3.566 3.053 3.135 3.469 3.110 2.689 2.868 3.171 3.167 2.840 2.951 3.345 3.157 2.946 3.253 3.616 3.267 3.246 3.811 3.805 3.530 3.889 4.372 3.913 3.984 4.555 4.560 4.169 4.505 4.956 4.768 4.602 5.112 5.295 5.029 5.174 5.831 5.676 5.548 6.004 6.293 6.091 6.185 6.961 6.757 6.924 7.171 7.411 7.807
19.152 18.064 18.279 17.786 17.038 16.228 16.193 15.367 14.826 14.408 13.750 13.126 13.152 12.751 12.608 12.609 13.358 13.859 14.412 14.754 15.218 15.628 16.729 17.041 17.615 18.162 18.976 18.642 19.376 19.362 20.378 19.901 21.297 22.034 22.430 22.539 22.781 22.728 23.378 24.231 24.000 24.186 24.323 24.613 24.239 24.047 23.585 23.084 22.724 22.272 21.395 20.750 20.888 19.944 19.072 19.277 19.390 17.918 17.652 18.154 17.741 16.580 17.170 17.602 16.522 15.994 17.031 16.516 15.690 16.356 17.084 16.152 16.095 17.089 16.988 16.352 16.626 17.336 16.880 16.519 16.677 15.451 14.817 14.023 13.365 12.454 12.300 11.678 11.546 11.097 10.538 10.329 10.066 9.429 8.894 9.046 8.744 8.051 7.640 7.685 6.838 6.789 6.100 5.840 5.707 5.391 5.339 5.267 4.831 4.683 4.518 4.495 4.121 3.899 3.998 3.745 3.433 3.363 3.456 3.022 2.865 2.712 2.693 2.388 2.219 1.918 1.775 1.752 1.538 1.514 1.252 1.237 1.244 1.203 0.819 0.554 0.000 0.881 1.455 1.695 1.971 1.629 1.944 1.965 1.829 2.051 2.141 1.993 2.003 2.213 2.357 2.054 2.486 2.590 2.832 2.521 2.919 3.247 3.024 3.209 3.515 3.921 3.814 3.736 4.073 4.256 4.054 4.111 4.666 4.919 4.827 5.042 5.367 5.307 5.564 5.553 5.082 5.268 5.334 5.119 4.621 4.740 4.885 4.350 4.369 4.588 4.552 4.004 4.095 4.361 3.963 3.572 3.907 4.102 3.718 3.444 3.937 3.752 3.023 3.387 4.013 3.519 3.000 3.661 4.127 3.375 3.351 4.211 4.196 3.649 4.165 4.814 4.671 4.169 4.181 4.544 3.789 3.353 3.781 3.867 3.343 3.335 2.972 3.804 3.488 3.023 3.316 3.897 3.507 3.195 3.894 4.358 3.671 3.836 4.412 4.640 4.044 4.258 5.123 5.222 4.700 5.082 5.688 5.646 5.547 6.168 6.071 6.738 7.113 7.164 7.268 7.571 7.950 8.172 7.682 7.803 7.586 7.365 6.864 6.760 5.925 6.431 6.846 7.083 6.779 6.669 6.595 6.383 6.014 6.057 6.183 6.023 5.314 5.680 5.921 5.459 4.706 4.979 5.594 5.408 4.729 4.980 5.540 5.198 4.829 5.476 5.678 5.063 4.855 5.655 5.687 5.099 5.514 5.976 5.541 5.341 6.235 6.248 5.561 5.825 6.405 6.315 5.707 6.415 6.708 6.249 6.342 6.973 6.870 6.523 6.995 7.545 7.183 6.998 7.809 7.821 7.720 8.079 8.681 8.645
21.527 20.680 20.127 20.062 19.301 18.250 18.131 17.537 17.100 15.997 15.071 14.454 14.211 13.845 13.806 13.730 14.221 15.063 15.511 15.551 16.068 16.977 17.273 17.741 18.350 18.785 18.884 18.995 19.930 20.760 20.154 19.931 21.369 21.222 21.831 22.139 22.456 22.835 23.631 23.915 24.047 24.433 24.688 24.791 24.783 24.506 24.059 23.636 23.260 22.855 22.167 21.671 21.622 20.800 20.183 20.058 20.277 19.222 18.912 19.253 19.046 18.299 18.597 19.001 18.195 17.641 18.338 18.010 17.574 17.679 18.242 17.764 17.519 18.265 18.212 17.607 17.624 18.323 17.904 17.541 17.399 16.420 15.976 15.268 14.874 14.466 14.108 13.683 13.542 13.615 12.964 12.645 12.586 12.164 11.805 11.531 11.620 11.369 10.650 10.759 9.983 10.191 9.185 9.368 8.961 8.174 8.630 8.183 8.553 8.055 8.166 8.012 7.740 7.086 7.515 7.556 6.516 6.262 6.727 6.409 5.225 5.341 5.561 5.409 4.501 4.117 4.019 4.298 3.466 3.360 3.876 2.639 2.203 1.825 2.211 1.588 0.535 0.000 0.925 1.050 1.850 1.641 2.345 2.514 2.649 4.488 3.893 3.783 4.557 4.539 4.981 4.803 5.150 5.677 5.700 5.324 5.619 7.010 5.885 5.971 6.545 7.832 7.227 6.693 7.337 7.311 7.277 7.841 8.419 8.088 8.142 8.714 8.547 8.848 9.176 8.842 8.848 8.291 8.321 7.970 7.601 7.775 7.482 7.420 7.406 7.657 7.273 7.065 6.913 6.943 6.755 6.284 6.717 6.462 5.741 5.643 5.978 5.902 4.504 5.358 5.717 5.220 4.276 5.130 5.285 4.280 4.554 5.403 4.794 4.437 4.913 5.744 5.021 4.762 4.752 4.795 3.995 3.730 4.292 4.348 3.661 3.998 4.011 4.759 4.347 4.023 4.906 5.101 5.111 5.032 5.408 6.156 5.631 5.421 5.975 6.591 6.324 6.495 6.912 7.477 7.131 7.402 8.143 8.231 8.265 8.520 8.779 9.575 9.585 9.662 10.565 10.099 10.390 10.707 11.127 10.714 10.480 10.162 9.820 9.642 8.917 9.705 9.875 9.591 9.399 9.354 8.805 8.847 8.743 8.414 8.293 8.286 8.001 8.009 8.001 7.611 7.162 7.327 7.577 7.456 6.513 7.036 7.321 7.015 6.244 6.981 7.259 6.437 6.282 7.160 6.724 6.205 6.960 7.148 6.769 6.640 7.315 7.336 6.863 7.277 7.814 7.672 7.232 8.388 8.266 8.271 8.532 8.839 9.010 8.810 9.513 9.638 9.884 9.663 10.046 10.288 10.444 10.574 10.967 11.291
21.089 19.846 19.926 19.706 19.460 18.437 18.279 17.541 16.975 16.203 15.145 14.326 14.369 13.802 13.730 13.653 14.229 14.706 15.431 15.605 15.965 16.988 17.845 17.984 18.408 18.789 20.030 20.014 19.766 20.283 21.221 21.152 22.057 22.871 23.015 23.089 23.329 23.185 23.664 24.024 24.397 24.459 24.507 24.849 24.510 24.522 24.118 23.481 23.187 23.044 22.088 21.577 21.804 20.745 19.956 20.031 20.249 19.077 18.851 18.904 18.780 18.006 18.356 18.826 17.885 17.408 18.007 17.583 17.235 17.462 17.852 17.205 17.215 17.704 17.680 17.322 17.317 17.805 17.561 17.074 17.046 16.135 15.634 14.924 14.545 14.349 13.889 12.968 13.191 13.301 12.839 12.491 12.657 12.062 11.754 11.320 11.816 11.364 10.250 11.075 9.639 10.252 9.114 9.527 8.625 8.492 8.599 8.253 8.121 8.184 8.295 8.224 7.707 7.675 8.088 8.153 7.486 7.641 8.146 7.526 6.969 7.675 7.153 6.660 6.528 5.212 4.889 5.358 4.776 4.975 5.030 4.965 3.317 2.157 3.052 2.306 1.791 0.540 0.000 0.737 1.528 1.843 2.519 2.420 2.142 3.479 3.517 3.737 4.594 4.516 4.420 5.204 5.849 5.697 6.488 6.372 6.767 7.218 7.580 7.553 7.621 8.729 8.870 7.731 7.985 8.804 8.593 8.224 8.615 9.069 8.948 8.855 8.866 8.848 8.978 9.262 9.515 8.727 8.710 8.418 9.049 8.297 7.838 8.574 8.332 8.229 8.243 8.000 7.495 7.658 7.304 6.980 7.315 6.851 6.551 6.229 6.137 5.790 4.413 5.250 5.303 4.709 3.882 4.869 5.018 4.071 4.286 5.015 5.227 4.505 5.413 5.994 5.909 5.559 6.635 6.115 4.961 5.151 6.192 5.617 4.646 5.030 4.698 5.274 5.519 4.786 4.992 6.459 5.398 5.550 6.170 7.173 6.621 6.371 7.571 7.656 6.909 7.577 8.383 8.713 8.457 8.651 8.968 8.839 9.282 9.465 9.075 10.111 9.825 10.086 10.609 10.503 10.796 10.896 11.089 10.979 10.545 10.324 10.156 9.912 9.507 9.953 10.336 9.992 9.604 9.338 9.120 9.016 8.748 8.655 8.666 8.524 8.269 8.078 8.185 8.002 7.386 7.319 7.352 7.575 6.465 7.293 7.197 7.014 6.393 7.182 7.301 6.251 6.388 7.357 7.044 6.353 7.023 7.526 6.975 7.109 7.887 7.974 7.281 7.860 8.409 8.292 7.907 9.014 8.802 8.540 9.070 9.948 9.774 9.300 10.410 10.862 10.460 10.255 11.262 11.256 11.024 10.919 12.231 11.464
20.375 19.513 19.740 19.490 18.899 17.963 17.758 17.201 16.680 15.996 15.455 15.161 14.904 14.391 14.209 14.428 14.629 15.173 15.646 15.758 16.364 16.900 17.571 17.902 18.467 18.105 19.160 19.758 19.392 18.937 20.785 21.287 22.056 22.617 22.504 22.905 23.066 23.321 23.830 24.453 24.299 24.551 24.725 24.814 24.589 24.490 24.102 23.407 23.337 22.878 22.195 21.640 21.927 20.930 20.262 20.338 20.560 19.528 19.113 19.353 19.292 18.434 18.865 19.089 18.187 17.763 18.408 17.910 17.704 17.709 18.116 17.351 17.685 18.104 17.826 17.443 17.705 17.858 17.498 17.118 17.008 15.881 15.386 14.716 14.397 13.833 13.432 12.814 13.030 13.107 12.501 12.213 12.499 11.757 11.219 10.945 11.596 11.036 9.693 10.687 9.471 9.711 8.395 9.070 8.155 8.229 8.332 8.154 7.974 7.786 7.959 7.965 7.745 7.380 8.035 7.669 7.079 6.934 7.332 6.906 6.659 6.353 7.129 6.655 6.578 5.112 4.846 4.599 4.441 4.677 4.599 4.191 3.619 2.553 3.097 3.412 1.691 0.910 0.516 0.000 0.663 1.389 1.702 2.083 2.186 2.530 3.026 3.597 3.562 4.114 4.526 4.725 5.557 5.505 7.433 6.705 6.566 6.575 6.496 7.062 7.491 7.564 7.937 8.200 8.297 8.397 8.427 8.291 8.652 8.766 8.498 8.435 8.288 8.688 8.853 9.178 9.003 8.705 9.234 8.798 8.835 8.599 8.514 8.749 8.461 8.241 7.667 7.812 7.616 7.154 6.765 6.357 6.447 6.100 5.758 5.348 5.717 5.093 4.830 4.808 5.156 4.620 4.245 5.070 5.066 4.211 5.054 5.728 5.371 4.885 6.261 7.033 6.754 5.706 6.549 6.287 5.092 5.225 5.568 5.353 4.264 4.573 3.489 4.489 4.199 3.810 4.361 4.866 4.403 4.881 5.471 5.761 5.564 6.071 6.446 6.525 6.286 7.260 7.471 7.566 7.776 8.255 8.713 8.871 8.757 8.991 8.938 9.310 9.854 10.168 10.550 10.328 10.628 10.482 10.988 10.555 9.940 9.694 9.877 9.772 9.173 9.599 9.885 9.505 9.306 9.164 8.957 8.222 8.395 8.686 8.325 8.062 7.819 8.006 7.804 7.178 6.925 7.461 7.503 7.280 6.539 7.605 7.297 6.885 6.329 7.653 7.399 6.694 6.946 7.948 7.640 6.750 7.857 8.054 7.433 6.961 8.554 8.264 7.522 8.100 8.827 8.707 8.139 9.333 9.080 8.824 9.285 10.014 9.733 9.413 10.333 10.539 10.302 10.341 10.919 11.134 10.945 11.332 12.039 11.800
20.884 20.323 20.124 19.968 19.334 18.545 18.109 17.442 17.043 16.090 15.408 14.917 14.705 14.530 14.461 14.335 14.898 15.498 15.900 16.227 16.493 17.335 17.762 18.319 18.869 19.354 19.411 19.634 20.492 20.650 20.614 20.388 21.452 21.605 22.173 22.162 22.716 23.044 23.486 24.289 23.972 24.441 24.714 24.791 24.772 24.540 24.248 23.655 23.201 22.833 22.141 21.663 21.872 21.205 20.373 20.474 20.338 19.681 19.134 19.323 19.306 18.590 18.922 19.261 18.479 17.914 18.539 18.196 17.708 17.881 18.477 17.970 17.625 18.293 18.176 17.807 17.799 18.262 17.863 17.328 17.157 16.232 15.796 15.019 14.682 14.385 13.970 13.215 13.506 13.308 12.545 12.415 12.620 11.967 11.555 11.228 11.400 10.850 10.099 10.448 9.508 9.378 8.674 8.652 8.472 8.272 8.234 8.328 8.342 8.068 8.420 8.139 8.087 8.004 8.645 8.148 7.555 7.828 7.519 7.204 6.654 6.544 7.130 6.790 6.495 5.202 5.173 5.123 4.399 4.187 3.762 3.406 3.188 2.463 3.076 2.602 2.390 1.927 1.263 0.553 0.000 0.742 1.644 1.864 2.042 2.376 2.761 3.385 3.900 3.933 4.633 4.001 5.157 6.040 6.016 6.141 6.687 6.852 6.792 6.567 6.857 7.170 7.361 7.268 7.096 7.555 7.627 7.559 7.766 7.782 8.203 8.137 8.311 8.140 8.255 8.385 7.966 7.873 8.034 7.724 7.526 7.389 7.308 7.382 7.159 7.160 6.844 6.944 6.678 6.612 6.449 6.064 6.273 6.102 5.672 5.192 5.488 5.382 4.518 4.773 5.060 4.155 3.780 4.390 4.467 3.757 4.219 4.911 4.541 4.399 4.523 5.849 5.464 4.774 5.339 5.049 4.136 4.010 4.303 4.151 3.096 3.070 2.985 3.634 3.438 3.150 3.472 4.559 3.930 4.044 4.866 5.603 5.163 5.130 6.048 6.282 5.871 6.335 6.789 7.130 6.842 7.426 7.782 7.845 7.778 8.055 8.222 8.832 9.189 8.915 9.708 9.756 9.877 9.805 10.228 10.299 9.605 9.449 9.399 9.191 8.420 8.870 9.315 8.998 8.791 8.939 8.276 8.230 8.003 8.000 7.931 7.711 7.477 7.370 7.528 6.972 6.623 6.854 7.004 7.119 6.266 6.703 6.958 6.666 6.007 6.870 7.002 6.038 6.335 7.065 6.906 6.003 6.916 7.329 6.949 6.914 7.472 7.604 7.199 7.654 8.010 7.973 7.756 8.505 8.665 8.733 8.653 9.398 9.377 9.201 9.781 10.123 10.296 10.319 10.940 10.759 10.929 10.915 11.587 11.598
20.790 19.927 19.518 19.750 18.952 18.285 18.056 17.458 16.873 16.033 15.438 14.393 14.582 14.020 13.840 13.625 14.334 14.519 15.035 15.228 15.496 16.262 17.011 17.335 18.325 18.588 18.981 19.910 19.502 20.019 19.989 21.166 21.322 21.846 22.153 22.293 22.762 23.023 23.385 24.104 24.224 24.156 24.466 24.393 24.474 24.328 23.907 23.415 23.256 22.972 22.132 21.651 21.786 20.920 19.925 20.314 20.382 19.077 18.929 19.272 18.879 17.999 18.413 19.060 18.098 17.407 18.352 18.028 17.410 17.686 18.219 17.620 17.366 18.173 18.207 17.512 17.681 18.195 18.112 17.316 17.672 16.610 15.989 15.530 15.064 14.300 14.006 13.625 13.527 13.040 12.762 12.703 12.390 11.768 11.461 11.677 11.296 10.693 10.441 10.487 9.355 9.514 8.634 8.473 8.509 8.088 8.039 7.875 7.602 7.775 7.711 7.138 6.879 7.101 6.827 6.347 6.368 6.153 5.786 5.529 5.428 5.166 4.998 4.792 4.724 4.222 3.992 4.460 3.972 3.277 3.047 3.384 2.884 2.114 2.500 2.505 1.903 1.969 2.007 2.374 0.556 0.000 0.845 1.337 1.285 1.542 1.709 2.186 2.269 2.393 3.031 3.264 3.391 4.059 4.713 4.252 4.599 4.853 5.084 5.363 5.631 5.753 5.837 6.385 6.622 6.697 6.798 7.024 7.247 7.580 7.621 7.739 7.857 7.699 7.750 8.079 7.554 7.203 7.080 6.730 6.849 6.589 6.284 5.988 6.120 6.072 5.510 5.116 5.158 4.904 4.277 4.309 4.604 3.792 3.314 3.638 3.995 2.977 2.765 3.501 3.285 2.835 2.907 3.593 3.342 2.896 3.627 4.411 4.321 3.835 4.758 5.288 5.109 4.605 5.409 4.723 3.585 3.449 3.979 3.459 2.396 2.526 2.043 2.590 2.486 1.839 2.249 2.648 2.405 2.382 2.814 2.753 2.694 2.985 3.377 3.152 3.545 3.918 4.028 4.170 4.676 5.068 5.543 6.140 6.115 6.245 6.417 6.693 7.372 7.775 8.034 8.591 9.151 9.474 9.358 9.721 9.661 9.426 8.806 8.516 7.465 8.176 8.054 8.363 7.977 7.365 7.215 6.897 6.294 6.536 6.560 5.913 5.511 6.133 5.993 5.116 4.706 5.368 5.868 5.332 4.828 5.567 6.024 5.243 5.202 5.977 6.094 5.258 5.796 6.533 6.346 5.749 6.531 7.077 6.560 6.657 7.558 7.489 7.222 7.453 8.322 8.056 8.124 8.740 8.926 8.352 8.681 9.475 9.411 8.696 9.615 9.994 9.793 9.620 10.607 10.595 10.313 10.614 11.556 11.258
19.303 18.008 18.065 17.912 17.069 16.344 15.860 15.099 14.687 13.900 13.141 12.509 12.551 12.192 12.135 12.107 12.671 13.519 13.937 14.114 14.878 15.565 16.189 16.518 17.605 18.239 17.788 18.504 20.339 20.152 18.750 19.997 20.730 20.572 20.880 21.242 21.750 22.214 22.386 23.323 23.442 23.894 24.033 24.015 23.997 23.870 23.495 22.842 22.414 22.174 21.349 20.775 20.941 19.917 18.938 19.144 19.309 17.777 17.736 17.781 17.788 16.592 17.140 17.670 16.509 15.959 16.934 16.500 15.680 16.061 16.592 15.876 15.649 16.482 16.450 15.725 15.963 16.361 16.036 15.510 15.471 14.554 13.799 13.247 12.958 12.078 11.597 11.065 11.364 10.669 9.958 10.132 9.920 8.896 8.528 8.769 8.421 7.622 7.493 7.497 6.583 6.547 6.171 5.864 5.876 5.708 5.732 5.410 5.088 5.253 5.134 4.720 4.558 4.775 4.347 3.990 3.905 3.859 3.481 3.333 3.377 3.128 2.859 2.759 2.906 2.549 2.178 2.427 2.533 2.034 1.817 2.295 2.139 1.653 1.909 2.421 2.161 2.041 2.083 1.994 1.399 0.544 0.000 0.536 0.686 0.893 0.986 1.115 1.206 1.482 1.589 1.757 1.854 2.045 2.209 2.177 2.446 2.666 2.788 2.995 3.237 3.351 3.450 3.761 3.903 3.970 4.233 4.451 4.429 4.661 5.083 5.151 5.039 5.112 5.036 5.053 4.937 4.709 4.550 4.418 4.294 4.086 4.005 3.883 3.641 3.518 3.415 3.141 2.952 2.979 2.745 2.481 2.523 2.524 2.230 2.126 2.410 2.256 1.817 2.072 2.327 2.081 1.895 2.464 2.614 2.363 2.517 3.141 3.164 2.858 3.259 3.758 3.617 3.187 3.485 3.413 2.786 2.531 2.920 2.840 1.972 2.035 1.693 2.258 2.198 1.614 1.896 2.314 2.227 1.898 2.333 2.712 2.377 2.470 2.767 2.912 2.675 2.984 3.578 3.456 3.365 3.876 4.282 4.342 4.448 4.801 4.930 5.353 5.603 5.822 5.985 6.414 6.819 7.022 6.626 6.865 6.877 6.626 5.818 5.802 4.934 5.245 5.413 5.694 5.622 5.029 5.079 5.054 4.558 4.308 4.631 4.469 3.828 3.954 4.282 3.891 3.305 3.455 4.003 3.859 3.398 3.566 4.162 3.609 3.442 4.071 4.213 3.729 3.837 4.741 4.259 3.862 4.455 5.062 4.433 4.432 5.140 5.264 4.726 5.173 5.842 5.469 5.404 6.008 6.419 5.854 6.171 6.897 6.831 6.544 7.132 7.651 7.262 7.276 8.190 8.183 7.689 8.236 8.863 8.922
18.948 17.907 17.974 17.908 17.115 16.105 15.807 15.089 14.459 13.618 13.217 12.362 12.483 12.122 12.033 11.722 12.687 13.007 13.462 13.801 14.494 15.323 15.639 16.456 17.037 17.475 17.364 18.743 17.966 18.983 19.120 19.759 20.078 20.179 21.006 21.208 21.894 22.196 22.806 23.603 23.544 23.840 23.908 23.947 23.875 23.670 23.154 22.506 22.309 21.989 20.967 20.450 21.048 19.838 18.701 19.015 19.157 17.596 17.378 17.823 17.760 16.137 16.879 17.322 16.505 15.559 16.624 16.274 15.469 15.986 16.364 15.535 15.459 16.407 16.257 15.582 16.049 16.356 16.076 15.961 15.690 14.811 14.111 13.526 12.954 12.136 11.670 11.195 11.204 10.713 9.967 10.030 9.785 9.042 8.436 8.650 8.377 7.480 7.364 7.320 6.418 6.362 5.970 5.583 5.595 5.313 5.379 5.065 4.756 4.699 4.642 4.310 4.103 4.209 3.951 3.558 3.507 3.492 3.228 2.833 2.929 2.728 2.399 2.358 2.419 2.134 1.841 2.010 1.973 1.605 1.527 1.958 1.767 1.400 1.747 2.154 2.042 2.107 2.045 1.840 1.263 0.711 0.497 0.000 0.514 0.700 0.940 0.960 0.936 1.199 1.487 1.445 1.594 1.762 2.029 2.052 2.145 2.420 2.533 2.644 2.836 3.067 3.195 3.395 3.491 3.684 3.785 3.993 4.139 4.462 4.630 4.709 4.915 4.851 4.854 4.756 4.440 4.502 4.341 4.099 3.922 3.858 3.756 3.486 3.395 3.417 3.160 2.870 2.880 2.894 2.586 2.342 2.566 2.484 2.117 2.022 2.356 2.159 1.686 1.976 2.254 1.843 1.720 2.199 2.251 1.922 2.164 2.577 2.400 2.328 2.723 2.975 2.740 2.568 2.719 2.578 2.246 2.102 2.245 2.129 1.564 1.714 1.433 1.786 1.747 1.482 1.577 1.948 1.768 1.579 1.961 2.133 2.023 2.033 2.390 2.441 2.470 2.665 3.079 3.069 3.111 3.373 3.842 4.052 3.983 4.309 4.755 5.143 5.703 5.826 5.938 6.395 6.854 7.044 6.667 6.864 6.883 6.592 5.818 5.755 4.954 5.364 5.475 5.971 5.799 5.228 5.357 5.197 4.619 4.542 4.792 4.431 3.883 4.128 4.301 3.804 3.365 3.557 3.995 3.622 3.268 3.481 3.950 3.367 3.166 3.777 3.816 3.405 3.285 4.070 3.758 3.382 3.940 4.295 3.883 3.797 4.507 4.540 4.231 4.493 5.183 4.927 4.699 5.384 5.739 5.309 5.503 6.229 6.065 5.880 6.393 6.678 6.467 6.483 7.343 7.274 7.102 7.481 7.967 8.026
18.075 17.398 16.986 17.152 16.431 15.717 15.655 15.012 14.396 13.964 13.301 12.812 12.768 12.380 12.395 12.322 12.850 13.262 13.696 14.096 14.682 15.888 16.195 16.474 17.653 17.302 18.233 18.557 18.394 18.995 19.190 20.121 20.856 20.617 21.142 21.300 21.867 22.064 22.806 23.636 23.555 23.891 23.890 23.963 23.739 23.584 23.305 22.688 22.329 22.011 21.500 20.688 21.041 19.881 18.895 19.058 19.071 17.559 17.507 17.733 17.471 16.182 16.921 17.292 16.237 15.624 16.531 16.113 15.491 15.887 16.236 15.526 15.574 16.220 16.175 15.531 15.720 16.165 15.981 15.399 15.373 14.074 13.547 12.696 12.446 11.849 11.098 10.404 10.961 10.368 9.275 9.448 9.618 8.695 8.033 8.418 8.232 7.367 7.075 7.447 6.431 6.623 5.995 5.867 5.821 5.390 5.794 5.425 4.891 5.100 5.156 4.684 4.326 4.595 4.348 3.883 3.682 3.769 3.369 2.898 3.072 2.767 2.506 2.234 2.365 2.121 1.675 1.899 1.878 1.424 1.268 1.700 1.527 1.283 1.368 1.717 1.741 1.853 1.880 2.299 1.527 0.926 0.671 0.509 0.000 0.505 0.746 0.900 0.696 0.762 1.256 1.219 1.117 1.402 1.850 1.733 1.568 2.080 2.318 2.178 2.105 2.607 3.077 3.260 3.081 3.587 4.008 3.797 4.036 4.495 4.801 4.477 4.682 4.466 4.327 3.904 3.594 3.425 3.302 2.966 2.959 3.089 2.786 2.491 2.701 2.779 2.295 2.094 2.372 2.333 1.906 1.843 2.171 2.038 1.529 1.772 2.074 1.791 1.449 1.828 2.015 1.664 1.582 2.144 2.193 1.705 2.027 2.525 2.402 2.041 2.510 2.897 2.713 2.335 2.551 2.568 2.116 1.865 2.195 2.124 1.571 1.593 1.308 1.606 1.644 1.260 1.231 1.543 1.606 1.224 1.390 1.661 1.610 1.367 1.682 1.971 1.838 1.790 2.195 2.414 2.331 2.380 2.848 3.135 2.953 3.119 3.541 4.084 4.703 4.626 5.107 5.442 5.728 6.132 5.918 6.011 6.109 5.967 5.229 5.123 4.284 4.744 5.057 5.579 5.143 4.452 4.763 4.408 3.846 4.139 4.311 3.829 3.361 3.715 3.802 3.222 2.922 3.236 3.581 3.360 2.953 3.285 3.666 3.200 2.950 3.564 3.698 3.148 3.204 3.952 3.637 3.238 3.683 4.224 3.817 3.607 4.364 4.384 3.882 4.067 4.739 4.479 3.975 4.723 4.945 4.504 4.442 5.179 5.009 4.670 5.158 5.555 5.333 5.325 5.943 5.855 5.796 6.112 6.640 6.893
18.198 16.621 16.903 16.704 15.488 14.886 14.839 14.209 13.533 12.936 12.286 11.739 11.740 11.376 11.708 11.505 12.216 12.867 13.634 13.970 14.574 15.652 15.866 16.565 17.502 18.098 17.296 18.055 19.611 19.082 18.670 19.031 20.534 19.939 20.671 20.741 21.340 21.753 22.105 23.002 23.122 23.552 23.564 23.760 23.592 23.454 22.945 22.359 21.858 21.446 20.407 19.742 19.936 18.849 17.693 18.137 17.907 16.458 16.035 16.469 16.101 14.863 15.431 15.975 14.565 14.091 15.110 14.466 13.633 13.980 14.782 13.729 13.588 14.431 14.346 13.730 13.976 14.528 13.954 13.486 13.452 11.975 11.411 10.705 10.177 9.385 8.918 8.289 8.589 8.086 7.331 7.199 7.220 6.462 5.876 5.987 5.851 5.188 4.916 4.798 4.055 3.863 3.348 2.909 2.901 2.684 2.812 2.565 2.340 2.383 2.385 2.134 2.009 2.075 2.001 1.742 1.717 1.726 1.606 1.404 1.451 1.434 1.259 1.172 1.226 1.180 0.949 1.060 1.119 0.944 0.837 1.128 1.107 0.934 1.157 1.403 1.535 1.783 1.970 2.012 1.456 1.008 0.820 0.595 0.488 0.000 0.487 0.502 0.517 0.505 0.535 0.615 0.622 0.651 0.756 0.841 0.890 1.003 1.102 1.177 1.262 1.406 1.550 1.686 1.677 1.794 1.907 2.002 2.082 2.298 2.371 2.404 2.631 2.625 2.617 2.567 2.355 2.260 2.167 2.098 1.922 1.850 1.805 1.685 1.542 1.563 1.467 1.280 1.277 1.290 1.149 1.056 1.137 1.110 0.913 0.893 1.059 1.026 0.843 0.993 1.163 1.011 1.010 1.272 1.379 1.240 1.356 1.622 1.567 1.498 1.792 1.934 1.774 1.738 1.788 1.701 1.516 1.390 1.495 1.467 1.197 1.031 0.930 0.989 1.031 0.817 0.813 0.970 0.886 0.742 0.897 1.049 0.896 0.902 1.121 1.226 1.095 1.186 1.415 1.450 1.398 1.599 1.930 2.189 2.226 2.408 2.628 3.190 3.805 3.602 3.995 4.237 4.652 4.935 4.568 4.667 4.698 4.497 3.711 3.909 2.866 3.317 3.750 4.099 3.790 3.048 3.019 2.962 2.552 2.457 2.593 2.442 2.052 2.150 2.365 2.091 1.786 1.817 2.066 1.987 1.787 1.847 2.172 1.920 1.824 2.079 2.224 1.997 2.104 2.447 2.335 2.132 2.455 2.700 2.512 2.595 2.892 2.897 2.704 2.989 3.273 3.083 3.094 3.505 3.602 3.406 3.642 3.991 3.906 3.808 4.195 4.411 4.282 4.363 4.884 4.837 4.820 5.080 5.504 5.636
18.156 17.018 17.190 17.018 15.651 15.146 15.066 14.552 13.974 13.175 12.786 12.037 11.796 11.707 11.461 11.410 12.191 12.923 13.155 13.289 14.766 15.216 15.588 16.480 17.143 18.079 17.414 18.349 19.603 19.016 18.930 19.490 20.723 20.347 20.917 20.963 21.595 21.926 22.521 23.503 23.203 23.789 23.883 23.984 23.870 23.692 22.986 22.478 22.257 21.456 20.527 19.764 20.058 18.906 17.632 18.157 18.201 16.490 15.914 16.317 16.021 14.627 15.172 15.622 14.215 13.614 14.620 14.114 13.314 13.669 14.354 13.453 13.363 13.961 14.119 13.452 13.618 14.122 13.630 13.118 12.876 11.582 11.039 10.277 9.782 9.175 8.661 7.974 8.257 7.966 7.093 6.899 6.969 6.303 5.526 5.625 5.525 4.857 4.545 4.402 3.654 3.449 2.836 2.462 2.418 2.144 2.285 2.129 1.878 1.906 1.955 1.732 1.573 1.655 1.626 1.351 1.310 1.345 1.250 1.060 1.104 1.071 0.913 0.891 0.957 0.875 0.680 0.806 0.875 0.787 0.673 0.889 0.945 0.840 0.975 1.185 1.320 1.721 1.846 1.854 1.379 0.959 0.813 0.726 0.499 0.485 0.000 0.486 0.490 0.494 0.496 0.506 0.537 0.564 0.582 0.643 0.712 0.786 0.835 0.925 1.009 1.149 1.262 1.379 1.377 1.481 1.549 1.638 1.732 1.917 1.959 1.990 2.217 2.264 2.295 2.232 2.096 1.982 1.894 1.824 1.688 1.603 1.569 1.487 1.342 1.389 1.307 1.149 1.136 1.145 1.038 0.950 0.986 0.990 0.844 0.788 0.957 0.875 0.714 0.837 0.953 0.867 0.822 1.042 1.078 1.057 1.121 1.295 1.200 1.234 1.428 1.549 1.435 1.431 1.464 1.378 1.221 1.234 1.275 1.235 1.010 0.936 0.835 0.895 0.821 0.685 0.672 0.769 0.749 0.610 0.739 0.850 0.793 0.772 0.933 1.039 1.000 1.063 1.244 1.295 1.266 1.392 1.760 2.054 2.003 2.186 2.423 3.026 3.667 3.479 3.899 4.192 4.550 4.811 4.443 4.575 4.540 4.357 3.561 3.816 2.734 3.206 3.665 4.062 3.692 2.916 2.939 2.787 2.409 2.343 2.483 2.262 1.934 2.030 2.201 1.951 1.684 1.698 1.865 1.763 1.578 1.655 1.841 1.672 1.534 1.783 1.868 1.670 1.681 2.028 1.942 1.770 2.050 2.245 2.097 2.086 2.432 2.412 2.290 2.480 2.724 2.602 2.637 2.971 3.000 2.915 3.139 3.406 3.270 3.364 3.601 3.723 3.686 3.764 4.193 4.173 4.284 4.549 4.833 5.087
17.600 16.379 16.449 16.430 15.556 14.616 14.760 14.254 13.528 13.129 12.569 11.849 12.039 11.397 11.614 11.164 12.243 13.479 13.562 13.145 14.741 14.747 15.696 15.886 15.960 16.233 17.249 17.894 17.281 17.880 18.277 18.617 19.775 19.852 20.249 20.610 21.317 21.586 22.374 23.110 23.067 23.545 23.758 23.721 23.578 23.378 22.945 22.189 21.787 21.359 20.531 19.708 19.966 18.936 17.716 17.811 17.801 16.476 15.902 16.175 15.962 14.605 14.938 15.437 14.439 13.635 14.608 14.119 13.426 13.683 14.232 13.483 13.361 14.159 14.052 13.471 13.774 14.164 13.785 13.409 13.462 11.707 11.422 10.545 9.962 9.270 8.867 8.033 8.413 8.094 7.198 7.048 7.122 6.364 5.683 5.768 5.631 4.927 4.578 4.501 3.726 3.515 2.887 2.415 2.393 2.091 2.171 2.054 1.775 1.795 1.806 1.631 1.465 1.510 1.477 1.269 1.199 1.197 1.153 0.958 0.966 0.941 0.814 0.712 0.795 0.760 0.590 0.666 0.741 0.685 0.603 0.789 0.811 0.802 0.915 1.083 1.274 1.585 1.775 1.802 1.363 0.928 0.775 0.689 0.508 0.488 0.485 0.000 0.486 0.488 0.491 0.489 0.494 0.523 0.532 0.561 0.613 0.716 0.712 0.779 0.916 1.085 1.164 1.282 1.303 1.410 1.469 1.554 1.700 1.877 1.889 1.949 2.185 2.233 2.262 2.184 2.005 1.965 1.840 1.783 1.604 1.568 1.540 1.428 1.268 1.329 1.260 1.087 1.083 1.112 0.982 0.910 0.985 0.971 0.835 0.807 0.961 0.931 0.753 0.864 1.013 0.874 0.888 1.071 1.135 1.024 1.173 1.339 1.283 1.286 1.464 1.579 1.489 1.402 1.496 1.421 1.252 1.234 1.322 1.253 1.033 0.975 0.854 0.979 0.897 0.741 0.769 0.863 0.826 0.720 0.799 0.935 0.831 0.822 1.001 1.052 0.963 1.061 1.248 1.287 1.229 1.414 1.755 2.031 2.018 2.208 2.482 3.037 3.732 3.513 3.959 4.275 4.594 4.899 4.543 4.660 4.558 4.454 3.647 3.908 2.735 3.247 3.698 4.119 3.770 2.988 2.996 2.860 2.457 2.409 2.572 2.364 1.949 2.107 2.322 2.064 1.739 1.770 2.002 1.903 1.653 1.743 2.084 1.803 1.641 1.988 2.112 1.788 1.856 2.254 2.162 1.935 2.224 2.452 2.274 2.280 2.554 2.626 2.421 2.584 2.896 2.800 2.707 3.045 3.202 3.070 3.200 3.500 3.452 3.444 3.691 3.883 3.881 3.896 4.380 4.470 4.523 4.789 5.116 5.465
17.867 16.369 16.208 16.346 15.296 14.679 14.539 14.064 13.322 12.934 12.087 11.727 11.660 11.315 11.350 11.274 11.985 12.920 13.369 13.250 14.270 15.555 15.862 15.988 17.114 17.263 17.072 17.507 18.955 18.630 18.148 18.735 20.113 19.898 20.223 20.470 21.071 21.622 22.065 23.087 22.816 23.606 23.618 23.528 23.566 23.294 22.669 22.156 21.618 21.158 20.171 19.649 19.635 18.613 17.676 17.892 17.807 16.440 15.917 16.173 15.908 14.740 15.276 15.568 14.275 13.824 14.892 14.067 13.285 13.749 14.371 13.256 13.167 14.207 13.901 13.232 13.713 14.124 13.538 13.237 13.166 11.587 11.072 10.346 9.726 9.175 8.622 7.840 8.259 7.849 6.951 6.730 6.997 6.186 5.478 5.595 5.482 4.831 4.440 4.364 3.622 3.359 2.726 2.275 2.199 1.953 2.037 1.920 1.687 1.659 1.701 1.575 1.382 1.397 1.459 1.246 1.132 1.170 1.106 0.918 0.924 0.917 0.800 0.699 0.763 0.759 0.592 0.633 0.716 0.641 0.568 0.751 0.808 0.724 0.840 1.027 1.233 1.496 1.699 1.747 1.409 0.919 0.799 0.700 0.511 0.490 0.487 0.485 0.000 0.485 0.487 0.488 0.488 0.497 0.516 0.533 0.562 0.638 0.663 0.728 0.826 1.014 1.106 1.239 1.203 1.348 1.388 1.447 1.564 1.770 1.758 1.790 2.090 2.057 2.141 2.041 1.889 1.783 1.711 1.633 1.489 1.450 1.403 1.311 1.166 1.232 1.165 0.983 1.010 1.048 0.888 0.830 0.939 0.903 0.761 0.748 0.891 0.905 0.740 0.871 0.995 0.912 0.897 1.092 1.161 1.070 1.200 1.380 1.308 1.325 1.522 1.631 1.536 1.462 1.533 1.479 1.313 1.264 1.343 1.335 1.100 1.002 0.878 0.982 0.958 0.781 0.737 0.871 0.823 0.645 0.763 0.875 0.782 0.729 0.892 0.986 0.884 0.948 1.158 1.193 1.128 1.304 1.625 1.921 1.958 2.128 2.347 2.896 3.598 3.347 3.823 4.070 4.455 4.708 4.368 4.471 4.413 4.299 3.545 3.810 2.622 3.132 3.601 3.982 3.642 2.815 2.738 2.686 2.318 2.255 2.360 2.220 1.847 1.974 2.159 1.946 1.678 1.693 1.866 1.776 1.574 1.692 1.927 1.742 1.614 1.865 1.973 1.832 1.872 2.139 2.034 1.951 2.158 2.336 2.173 2.255 2.472 2.466 2.325 2.584 2.771 2.695 2.645 3.054 3.106 2.976 3.149 3.477 3.396 3.373 3.653 3.850 3.793 3.784 4.310 4.313 4.353 4.626 4.908 5.346
17.486 15.843 16.302 16.233 15.219 14.367 14.343 13.945 13.143 12.542 12.247 11.891 11.552 11.324 11.475 11.044 11.755 12.891 13.171 13.033 13.941 15.255 15.716 15.518 16.559 17.577 16.642 17.291 18.431 18.499 18.446 18.817 20.385 19.859 20.690 20.774 21.364 21.734 22.048 23.237 22.694 23.444 23.525 23.566 23.437 23.193 22.630 22.109 21.857 21.044 20.349 19.474 19.965 18.775 17.428 18.155 18.112 16.286 15.831 16.240 15.918 14.481 15.014 15.700 14.056 13.505 14.660 13.932 12.831 13.437 14.208 13.062 12.778 13.874 13.630 13.066 13.473 13.848 13.367 13.018 12.800 11.391 10.937 10.017 9.539 8.977 8.519 7.731 8.081 7.804 6.894 6.639 6.846 6.174 5.347 5.347 5.384 4.708 4.265 4.228 3.531 3.239 2.639 2.253 2.191 1.976 2.055 1.932 1.678 1.675 1.717 1.566 1.389 1.462 1.452 1.239 1.152 1.189 1.141 0.941 0.966 0.951 0.835 0.724 0.791 0.791 0.590 0.676 0.758 0.652 0.607 0.756 0.815 0.714 0.852 1.090 1.307 1.653 1.853 1.834 1.462 0.982 0.841 0.744 0.515 0.495 0.491 0.486 0.485 0.000 0.485 0.488 0.489 0.492 0.499 0.527 0.552 0.594 0.638 0.722 0.833 1.036 1.072 1.219 1.221 1.337 1.400 1.480 1.575 1.775 1.793 1.815 2.084 2.077 2.197 2.110 1.964 1.810 1.704 1.684 1.513 1.468 1.398 1.303 1.202 1.227 1.098 1.004 0.999 0.988 0.894 0.801 0.883 0.865 0.712 0.712 0.864 0.858 0.715 0.848 0.977 0.900 0.917 1.104 1.167 1.077 1.232 1.391 1.290 1.324 1.535 1.636 1.532 1.427 1.552 1.470 1.304 1.262 1.360 1.310 1.118 1.023 0.896 1.007 0.992 0.811 0.768 0.903 0.802 0.641 0.806 0.940 0.818 0.743 0.906 0.985 0.884 0.940 1.184 1.173 1.116 1.277 1.652 1.932 1.851 2.112 2.704 2.978 3.599 3.404 3.847 4.111 4.397 4.628 4.391 4.475 4.334 4.224 3.462 3.784 2.569 3.135 3.524 3.988 3.587 2.811 2.817 2.828 2.300 2.291 2.393 2.183 1.858 1.973 2.145 1.920 1.622 1.693 1.876 1.726 1.531 1.657 1.892 1.635 1.533 1.839 1.923 1.656 1.760 2.139 1.996 1.841 2.143 2.286 2.105 2.182 2.466 2.416 2.287 2.536 2.777 2.652 2.653 3.023 3.045 2.956 3.187 3.420 3.365 3.402 3.649 3.860 3.790 3.868 4.358 4.342 4.410 4.634 4.977 5.237
17.532 16.557 16.425 16.328 15.246 14.638 14.625 13.925 13.087 12.804 12.318 11.378 11.369 11.685 11.752 11.246 12.286 12.729 13.253 13.527 14.412 14.985 15.482 16.010 16.594 16.898 16.714 17.442 18.146 18.029 18.555 19.072 19.992 19.800 20.450 20.871 21.522 21.985 22.465 23.186 23.105 23.565 23.656 23.591 23.567 23.326 22.718 22.028 21.821 21.217 20.220 19.610 19.921 18.702 17.669 17.741 17.791 16.304 15.692 15.960 15.631 14.406 14.689 15.299 13.974 13.375 14.334 13.862 13.071 13.466 14.087 13.301 13.015 13.834 13.897 13.281 13.467 13.841 13.619 13.119 13.134 11.554 11.194 10.324 9.701 9.342 8.635 7.858 8.147 7.838 7.011 6.739 6.804 6.191 5.460 5.483 5.447 4.673 4.357 4.268 3.583 3.265 2.633 2.157 2.071 1.815 1.884 1.776 1.534 1.518 1.553 1.396 1.234 1.292 1.291 1.095 1.031 1.059 1.012 0.802 0.844 0.857 0.724 0.631 0.726 0.713 0.553 0.621 0.699 0.624 0.580 0.723 0.766 0.702 0.831 1.019 1.243 1.503 1.828 1.858 1.403 0.970 0.828 0.768 0.534 0.502 0.494 0.489 0.486 0.485 0.000 0.485 0.488 0.490 0.489 0.500 0.526 0.563 0.575 0.644 0.775 0.918 0.997 1.080 1.107 1.256 1.291 1.349 1.472 1.626 1.660 1.697 1.958 2.021 2.087 2.006 1.846 1.747 1.660 1.616 1.455 1.411 1.356 1.270 1.149 1.156 1.093 0.966 0.948 0.963 0.892 0.792 0.856 0.861 0.728 0.677 0.870 0.883 0.719 0.885 1.021 0.922 0.893 1.152 1.217 1.112 1.263 1.415 1.345 1.336 1.536 1.683 1.570 1.468 1.562 1.478 1.300 1.276 1.367 1.292 1.068 1.006 0.883 0.988 0.940 0.777 0.765 0.860 0.811 0.641 0.771 0.891 0.763 0.749 0.894 1.005 0.850 0.952 1.133 1.162 1.097 1.266 1.588 1.883 1.878 2.075 2.279 2.917 3.580 3.385 3.769 4.025 4.410 4.678 4.259 4.445 4.372 4.231 3.431 3.699 2.523 3.103 3.418 3.914 3.573 2.752 2.792 2.667 2.227 2.174 2.345 2.147 1.777 1.878 2.098 1.903 1.554 1.608 1.807 1.735 1.552 1.623 1.893 1.698 1.562 1.827 1.954 1.755 1.797 2.117 2.065 1.879 2.119 2.321 2.180 2.202 2.458 2.492 2.345 2.547 2.746 2.698 2.667 2.979 3.061 2.993 3.170 3.435 3.331 3.416 3.655 3.804 3.844 3.800 4.372 4.422 4.499 4.780 5.026 5.333
17.198 16.157 15.877 15.890 15.430 14.802 14.592 14.059 13.381 12.601 11.999 11.468 11.547 11.369 11.836 11.262 11.958 13.433 13.442 13.655 14.570 14.857 15.518 15.674 16.694 16.200 17.016 17.479 18.145 18.200 18.652 18.965 20.346 20.365 20.174 20.743 21.356 21.639 22.338 22.886 22.858 23.367 23.585 23.538 23.520 23.171 22.597 21.906 21.490 20.941 20.182 19.289 19.641 18.635 17.426 17.651 17.488 16.481 15.703 15.903 15.589 14.670 14.937 15.169 13.938 13.676 14.456 13.614 13.150 13.320 14.087 12.941 13.006 13.803 13.518 13.081 13.371 14.023 13.488 13.101 13.200 11.383 11.051 10.208 9.589 8.990 8.664 7.790 8.166 7.838 7.017 6.749 6.833 6.123 5.432 5.499 5.328 4.686 4.415 4.247 3.547 3.268 2.648 2.176 2.077 1.839 1.867 1.812 1.543 1.513 1.561 1.425 1.250 1.288 1.297 1.088 0.994 1.026 0.983 0.765 0.777 0.805 0.690 0.574 0.646 0.635 0.538 0.546 0.640 0.585 0.538 0.649 0.712 0.663 0.759 0.923 1.193 1.558 1.796 1.862 1.500 1.008 0.884 0.787 0.551 0.509 0.492 0.488 0.487 0.486 0.485 0.000 0.485 0.487 0.489 0.491 0.497 0.528 0.538 0.582 0.699 0.881 0.965 1.057 1.107 1.259 1.272 1.344 1.490 1.664 1.658 1.693 1.998 2.045 2.127 2.042 1.808 1.735 1.693 1.586 1.433 1.407 1.353 1.227 1.130 1.186 1.108 0.959 0.971 0.985 0.907 0.836 0.897 0.878 0.741 0.738 0.890 0.893 0.763 0.855 0.981 0.920 0.893 1.079 1.151 1.063 1.173 1.395 1.334 1.309 1.496 1.648 1.551 1.479 1.560 1.500 1.330 1.284 1.402 1.360 1.104 1.072 0.932 1.034 0.978 0.831 0.834 0.966 0.851 0.706 0.820 0.936 0.816 0.756 0.935 1.020 0.920 0.981 1.193 1.191 1.148 1.314 1.656 1.893 1.913 2.106 2.327 2.982 3.610 3.375 3.866 4.029 4.459 4.711 4.391 4.488 4.397 4.276 3.501 3.766 2.530 3.154 3.535 3.999 3.600 2.787 2.741 2.671 2.329 2.247 2.356 2.234 1.850 1.949 2.114 1.947 1.633 1.670 1.827 1.756 1.602 1.681 1.890 1.736 1.604 1.855 1.975 1.783 1.851 2.121 2.085 1.977 2.181 2.344 2.186 2.241 2.455 2.528 2.349 2.570 2.848 2.792 2.691 3.023 3.166 3.043 3.181 3.497 3.438 3.459 3.685 3.929 3.868 3.891 4.370 4.332 4.477 4.752 4.977 5.384
18.004 16.291 16.504 16.337 15.727 14.689 14.665 14.283 13.413 12.842 12.160 11.683 11.856 11.514 11.628 11.247 12.033 13.013 13.555 13.462 14.384 15.439 15.591 15.908 16.598 16.703 16.618 17.971 18.267 18.395 18.626 19.286 20.587 19.893 20.679 20.919 21.340 21.735 22.208 23.133 22.806 23.590 23.563 23.648 23.568 23.353 22.715 22.091 21.791 21.078 20.171 19.554 19.699 18.777 17.627 17.930 17.981 16.470 16.081 16.360 16.004 14.724 15.220 15.645 14.367 13.787 14.938 14.147 13.152 13.648 14.459 13.316 13.057 14.082 13.898 13.239 13.628 14.047 13.494 13.234 13.089 11.568 11.131 10.444 9.768 9.279 8.726 7.942 8.279 7.908 7.060 6.725 6.928 6.181 5.420 5.481 5.385 4.695 4.369 4.236 3.490 3.214 2.580 2.114 2.030 1.774 1.869 1.778 1.541 1.497 1.555 1.403 1.221 1.255 1.289 1.058 0.964 1.019 0.997 0.777 0.785 0.801 0.689 0.584 0.650 0.648 0.536 0.560 0.638 0.585 0.554 0.668 0.700 0.665 0.762 0.939 1.213 1.536 1.727 1.844 1.400 0.984 0.872 0.801 0.560 0.519 0.505 0.490 0.487 0.487 0.485 0.485 0.000 0.485 0.487 0.487 0.488 0.503 0.518 0.543 0.629 0.858 0.905 0.969 1.029 1.144 1.222 1.263 1.395 1.567 1.576 1.621 1.909 1.965 2.093 2.019 1.787 1.695 1.646 1.541 1.368 1.340 1.329 1.214 1.078 1.143 1.092 0.909 0.921 0.966 0.860 0.757 0.884 0.879 0.751 0.730 0.900 0.900 0.793 0.880 1.020 0.955 0.936 1.138 1.194 1.091 1.222 1.437 1.348 1.372 1.559 1.668 1.580 1.497 1.616 1.542 1.365 1.321 1.420 1.400 1.160 1.103 0.961 1.042 1.014 0.847 0.816 0.924 0.868 0.715 0.790 0.917 0.804 0.762 0.900 0.989 0.905 0.943 1.160 1.178 1.130 1.271 1.673 1.920 1.863 2.130 2.393 2.944 3.639 3.430 3.818 4.091 4.472 4.746 4.351 4.473 4.352 4.220 3.447 3.731 2.523 3.096 3.507 3.968 3.601 2.782 2.745 2.682 2.302 2.213 2.405 2.184 1.861 1.946 2.166 1.949 1.653 1.706 1.827 1.781 1.575 1.664 1.870 1.709 1.614 1.808 1.934 1.758 1.830 2.107 2.019 1.891 2.143 2.322 2.145 2.210 2.445 2.482 2.319 2.561 2.770 2.728 2.699 3.052 3.077 2.996 3.253 3.458 3.428 3.447 3.720 3.891 3.850 3.897 4.383 4.417 4.464 4.783 5.016 5.477
17.668 16.572 16.334 16.648 15.671 14.690 14.470 13.966 13.221 12.848 12.608 11.599 11.605 11.765 11.639 11.200 12.167 12.933 13.339 13.269 14.174 14.958 15.360 15.551 16.368 16.953 16.738 17.189 18.400 18.735 18.588 19.096 20.338 19.873 20.570 20.699 21.523 21.721 22.170 23.107 22.871 23.506 23.461 23.552 23.447 23.225 22.668 22.219 21.875 21.063 20.307 19.487 19.760 18.573 17.489 17.904 17.823 16.264 15.724 16.131 15.576 14.395 14.916 15.402 13.923 13.307 14.444 13.844 13.017 13.426 14.169 12.952 12.844 13.770 13.804 13.005 13.355 13.910 13.432 13.015 12.885 11.374 11.020 10.053 9.566 9.076 8.548 7.797 8.176 7.807 7.014 6.705 6.773 6.193 5.371 5.426 5.397 4.636 4.362 4.182 3.496 3.194 2.526 2.146 2.017 1.789 1.873 1.778 1.512 1.510 1.577 1.368 1.197 1.279 1.267 1.041 0.990 1.050 1.004 0.764 0.814 0.831 0.705 0.615 0.717 0.694 0.560 0.603 0.690 0.636 0.581 0.713 0.752 0.698 0.809 0.972 1.196 1.563 1.836 1.696 1.526 1.107 0.987 0.901 0.625 0.563 0.554 0.512 0.493 0.490 0.488 0.486 0.485 0.000 0.485 0.487 0.490 0.498 0.504 0.546 0.627 0.848 0.903 0.948 1.014 1.182 1.184 1.231 1.355 1.563 1.575 1.648 1.908 1.977 2.020 1.986 1.826 1.731 1.661 1.583 1.406 1.368 1.353 1.258 1.145 1.160 1.113 0.918 0.928 0.989 0.867 0.746 0.856 0.865 0.747 0.712 0.884 0.922 0.777 0.896 1.034 0.982 0.967 1.191 1.256 1.174 1.288 1.483 1.415 1.420 1.627 1.766 1.665 1.577 1.707 1.637 1.461 1.415 1.525 1.494 1.219 1.186 1.022 1.108 1.129 0.901 0.896 1.034 0.968 0.784 0.874 1.010 0.881 0.779 0.996 1.068 0.909 0.964 1.230 1.256 1.164 1.351 1.631 1.958 1.948 2.130 2.396 2.984 3.586 3.374 3.730 4.007 4.353 4.599 4.240 4.411 4.274 4.157 3.352 3.624 2.474 2.985 3.407 3.808 3.509 2.737 2.798 2.714 2.281 2.221 2.367 2.157 1.853 1.935 2.119 1.929 1.622 1.656 1.862 1.776 1.640 1.651 1.909 1.741 1.625 1.884 2.015 1.812 1.799 2.183 2.109 1.928 2.203 2.376 2.224 2.236 2.515 2.492 2.369 2.561 2.823 2.748 2.695 3.055 3.087 3.067 3.216 3.467 3.421 3.499 3.752 3.937 3.951 3.957 4.465 4.544 4.585 4.872 5.139 5.469
17.542 17.178 16.709 16.566 16.183 15.422 14.462 13.939 13.361 13.257 12.607 12.193 11.845 12.253 11.959 11.803 12.719 13.092 13.708 14.092 14.748 14.851 15.593 16.157 16.320 16.543 16.864 17.433 18.195 18.417 18.465 18.983 19.917 20.034 20.230 21.006 22.037 22.422 22.899 23.283 23.270 23.817 23.756 23.744 23.588 23.324 22.659 21.951 21.499 21.133 20.105 19.536 19.494 18.643 17.693 17.710 17.612 16.371 15.921 15.873 15.572 14.597 14.871 15.005 14.043 13.622 14.471 13.911 13.275 13.636 14.093 13.427 13.503 14.111 14.087 13.548 13.804 14.242 13.726 13.606 13.332 11.828 11.368 10.673 9.775 9.511 8.747 8.256 8.341 7.945 7.164 6.914 6.839 6.122 5.526 5.568 5.454 4.660 4.533 4.344 3.505 3.295 2.657 2.180 2.120 1.811 1.866 1.750 1.517 1.472 1.499 1.338 1.185 1.262 1.240 1.009 0.923 1.007 0.975 0.718 0.739 0.811 0.709 0.593 0.679 0.699 0.567 0.620 0.712 0.672 0.639 0.771 0.850 0.787 0.908 1.040 1.239 1.650 1.919 1.855 1.524 1.125 1.005 0.946 0.706 0.631 0.574 0.550 0.514 0.498 0.494 0.489 0.487 0.485 0.000 0.486 0.492 0.502 0.495 0.518 0.618 0.823 0.909 0.942 1.043 1.131 1.174 1.258 1.413 1.546 1.540 1.646 1.963 2.056 1.986 1.996 1.806 1.787 1.790 1.635 1.460 1.450 1.422 1.306 1.148 1.208 1.173 0.961 0.959 1.032 0.936 0.794 0.903 0.902 0.792 0.758 0.977 0.934 0.820 0.973 1.091 1.024 1.012 1.260 1.256 1.184 1.314 1.528 1.473 1.472 1.689 1.808 1.746 1.658 1.728 1.672 1.487 1.492 1.562 1.481 1.233 1.223 1.072 1.170 1.130 0.944 0.948 1.089 0.967 0.785 0.941 1.013 0.858 0.820 1.052 1.088 0.960 1.092 1.281 1.263 1.214 1.421 1.812 1.962 2.019 2.292 2.501 3.080 3.730 3.558 3.841 4.186 4.510 4.775 4.367 4.514 4.424 4.274 3.441 3.705 2.583 3.126 3.433 3.935 3.625 2.848 2.900 2.837 2.352 2.320 2.512 2.265 1.940 2.052 2.282 2.050 1.722 1.793 2.017 1.942 1.739 1.840 2.163 1.892 1.763 2.087 2.181 1.983 1.966 2.347 2.266 2.111 2.364 2.531 2.353 2.445 2.715 2.768 2.584 2.814 3.055 3.035 2.957 3.341 3.447 3.349 3.496 3.833 3.784 3.804 4.060 4.313 4.292 4.312 4.868 4.872 4.926 5.178 5.480 6.027
17.871 16.915 16.440 16.584 15.970 14.950 14.878 14.143 13.252 12.707 11.720 11.254 11.223 11.027 11.271 10.965 11.508 12.817 13.274 12.838 13.778 14.977 15.418 15.272 16.134 16.232 16.377 16.942 18.366 18.715 18.026 18.739 20.383 19.899 20.467 20.843 21.283 21.652 22.140 23.142 22.816 23.673 23.529 23.523 23.484 23.201 22.536 22.019 21.725 21.192 20.072 19.589 19.672 18.884 17.735 17.888 17.873 16.588 15.912 16.309 15.900 14.819 15.233 15.504 14.318 13.876 14.878 14.208 13.447 13.837 14.517 13.549 13.375 14.289 14.060 13.466 13.890 14.409 13.812 13.501 13.554 11.851 11.488 10.700 9.910 9.493 8.851 8.070 8.394 8.118 7.199 6.893 6.997 6.289 5.567 5.646 5.510 4.770 4.497 4.357 3.589 3.314 2.683 2.197 2.085 1.816 1.854 1.773 1.569 1.499 1.537 1.388 1.200 1.216 1.248 1.055 0.953 1.005 1.002 0.754 0.778 0.901 0.755 0.574 0.758 0.801 0.614 0.674 0.847 0.751 0.702 0.878 0.983 0.915 1.004 1.179 1.382 1.685 1.967 1.984 1.640 1.238 1.102 1.031 0.792 0.712 0.646 0.594 0.544 0.519 0.501 0.493 0.489 0.487 0.485 0.000 0.485 0.493 0.493 0.504 0.581 0.817 0.865 0.916 1.031 1.160 1.166 1.223 1.428 1.536 1.562 1.628 1.915 1.997 2.069 2.000 1.826 1.722 1.779 1.663 1.441 1.445 1.459 1.299 1.144 1.263 1.156 0.993 0.982 1.062 0.943 0.837 0.941 0.947 0.826 0.806 0.970 0.967 0.870 0.995 1.101 1.065 1.050 1.228 1.312 1.240 1.350 1.529 1.485 1.537 1.692 1.794 1.744 1.689 1.792 1.750 1.547 1.539 1.653 1.601 1.344 1.332 1.160 1.245 1.221 1.022 1.008 1.149 1.038 0.875 0.985 1.111 0.944 0.898 1.097 1.161 1.021 1.135 1.347 1.353 1.270 1.478 1.832 2.096 2.094 2.363 2.528 3.086 3.739 3.526 3.870 4.111 4.511 4.775 4.388 4.527 4.458 4.308 3.513 3.827 2.661 3.168 3.573 4.048 3.713 2.858 2.857 2.788 2.445 2.345 2.473 2.317 1.946 2.029 2.205 1.999 1.727 1.767 1.892 1.833 1.689 1.762 1.927 1.768 1.719 1.897 2.031 1.823 1.952 2.198 2.103 2.008 2.287 2.396 2.271 2.357 2.555 2.514 2.451 2.647 2.847 2.802 2.766 3.128 3.145 3.127 3.265 3.542 3.470 3.554 3.793 3.949 3.977 3.983 4.509 4.544 4.626 4.949 5.187 5.721
17.256 16.085 15.917 16.431 15.799 14.330 14.041 13.783 13.238 12.512 12.228 11.538 11.485 11.458 11.667 11.094 11.697 12.766 13.210 13.182 13.819 14.777 15.289 15.989 16.105 16.779 17.006 17.240 18.533 18.369 17.983 18.461 20.561 19.632 20.389 20.617 21.099 21.422 21.836 22.894 22.593 23.430 23.448 23.502 23.486 23.330 22.639 22.114 21.898 21.040 20.225 19.655 19.709 18.750 17.647 18.063 18.048 16.372 16.146 16.563 15.839 14.728 15.268 15.640 14.306 13.806 14.823 14.086 13.158 13.649 14.308 13.249 13.186 13.983 13.823 13.237 13.603 13.932 13.520 13.245 13.034 11.559 11.303 10.465 9.818 9.327 8.913 8.145 8.491 8.077 7.336 6.923 7.082 6.423 5.592 5.661 5.580 4.817 4.579 4.407 3.713 3.455 2.777 2.346 2.257 1.990 2.086 1.976 1.754 1.680 1.769 1.597 1.384 1.456 1.453 1.195 1.114 1.194 1.130 0.890 0.893 0.977 0.805 0.680 0.822 0.858 0.651 0.713 0.830 0.764 0.705 0.898 0.961 0.896 1.045 1.284 1.477 1.765 2.023 2.043 1.697 1.319 1.173 1.107 0.840 0.772 0.718 0.620 0.578 0.568 0.529 0.498 0.497 0.493 0.488 0.485 0.000 0.486 0.492 0.504 0.562 0.905 0.919 0.918 0.959 1.188 1.213 1.239 1.450 1.629 1.585 1.642 1.956 2.022 2.106 1.945 1.854 1.694 1.711 1.630 1.429 1.452 1.484 1.282 1.145 1.269 1.213 0.966 1.000 1.054 0.987 0.830 0.995 0.981 0.888 0.883 1.051 1.083 0.981 1.075 1.234 1.182 1.172 1.374 1.456 1.347 1.469 1.707 1.657 1.660 1.825 1.999 1.965 1.855 1.997 1.943 1.730 1.710 1.848 1.804 1.500 1.508 1.303 1.415 1.409 1.174 1.138 1.331 1.207 1.030 1.119 1.288 1.075 0.981 1.224 1.277 1.110 1.170 1.439 1.444 1.377 1.526 1.839 2.162 2.102 2.369 2.583 3.169 3.813 3.585 3.872 4.164 4.548 4.798 4.405 4.518 4.378 4.227 3.438 3.773 2.613 3.145 3.559 4.058 3.687 2.948 3.001 2.902 2.474 2.471 2.614 2.392 2.032 2.165 2.354 2.124 1.778 1.863 2.077 1.993 1.787 1.908 2.129 1.957 1.815 2.118 2.223 2.027 2.070 2.428 2.331 2.149 2.468 2.679 2.513 2.519 2.842 2.861 2.698 2.915 3.201 3.105 3.082 3.459 3.530 3.460 3.654 3.953 3.920 3.962 4.247 4.430 4.457 4.502 5.005 5.039 5.092 5.446 5.628 6.115
17.650 16.396 16.758 16.537 16.061 14.890 14.602 14.406 13.386 13.212 12.443 12.232 12.088 12.134 11.739 11.843 12.405 13.186 13.374 13.611 14.376 14.885 15.069 15.741 16.398 16.963 17.188 17.537 19.028 19.008 18.420 19.082 20.247 20.291 20.394 20.903 21.782 22.033 22.497 23.023 23.212 23.670 23.559 23.517 23.472 23.268 22.640 22.133 21.703 21.267 20.376 19.824 19.831 18.840 17.967 17.975 17.953 16.605 16.157 16.479 15.960 14.745 15.227 15.616 14.496 13.788 14.780 14.165 13.359 13.936 14.331 13.531 13.448 14.267 14.188 13.614 13.972 14.326 14.020 13.650 13.540 12.113 11.790 10.862 10.222 9.889 9.170 8.539 8.702 8.347 7.561 7.247 7.222 6.588 5.805 5.877 5.784 4.989 4.762 4.619 3.743 3.596 2.901 2.432 2.416 2.083 2.232 2.030 1.771 1.830 1.866 1.604 1.377 1.511 1.538 1.254 1.127 1.243 1.242 0.932 0.974 1.098 0.950 0.778 1.005 1.001 0.776 0.884 1.020 0.982 0.868 1.090 1.181 1.109 1.192 1.377 1.632 1.856 2.194 2.168 1.877 1.514 1.338 1.258 1.036 0.927 0.874 0.813 0.717 0.655 0.631 0.563 0.531 0.507 0.501 0.495 0.486 0.000 0.488 0.503 0.577 0.774 0.979 0.946 0.952 1.195 1.211 1.266 1.418 1.633 1.580 1.673 1.884 2.104 2.169 2.063 1.919 1.925 1.952 1.824 1.573 1.597 1.604 1.412 1.256 1.346 1.315 1.039 1.023 1.188 1.061 0.960 1.074 1.142 0.953 1.002 1.232 1.240 1.083 1.295 1.469 1.377 1.371 1.641 1.710 1.614 1.750 2.038 1.974 1.965 2.183 2.351 2.276 2.134 2.269 2.168 1.993 1.922 2.018 1.961 1.711 1.600 1.468 1.499 1.530 1.328 1.300 1.465 1.352 1.104 1.267 1.440 1.235 1.099 1.463 1.526 1.332 1.395 1.762 1.740 1.616 1.755 2.197 2.450 2.429 2.799 2.952 3.632 4.058 3.879 4.110 4.463 4.815 5.096 4.598 4.768 4.636 4.513 3.640 3.979 2.893 3.413 3.782 4.219 3.903 3.210 3.306 3.252 2.739 2.659 2.884 2.643 2.244 2.393 2.619 2.450 1.997 2.065 2.311 2.296 2.040 2.160 2.438 2.281 2.118 2.455 2.649 2.442 2.402 2.803 2.798 2.582 2.857 3.088 2.936 2.879 3.246 3.289 3.107 3.337 3.630 3.592 3.468 3.885 3.999 3.921 4.034 4.450 4.376 4.363 4.676 4.945 4.848 4.935 5.511 5.441 5.529 5.869 6.137 6.431
17.505 16.399 16.291 16.475 15.976 14.856 14.149 13.701 13.156 12.602 12.500 12.074 11.919 11.591 11.771 11.446 12.238 13.143 13.106 13.600 14.320 15.094 15.293 15.846 16.618 16.856 17.007 17.149 18.673 18.800 18.339 18.808 19.785 20.148 20.299 21.023 21.712 21.956 22.462 23.023 22.935 23.642 23.459 23.527 23.310 23.118 22.650 22.055 21.545 21.111 20.262 19.417 19.616 18.889 17.831 17.876 17.722 16.598 15.929 16.108 15.877 14.791 15.108 15.310 14.347 13.786 14.609 13.926 13.349 13.697 14.211 13.230 13.329 14.095 13.825 13.328 13.777 14.329 13.816 13.578 13.625 11.925 11.620 10.769 10.042 9.551 9.003 8.353 8.549 8.270 7.426 7.154 7.092 6.480 5.797 5.848 5.698 4.938 4.830 4.613 3.754 3.567 2.892 2.458 2.384 2.015 2.120 1.983 1.690 1.651 1.711 1.578 1.302 1.410 1.477 1.154 1.017 1.188 1.155 0.886 0.886 1.023 0.901 0.716 0.940 0.960 0.756 0.840 1.080 0.975 0.893 1.097 1.205 1.124 1.228 1.403 1.635 1.915 2.226 2.190 2.010 1.538 1.421 1.288 1.064 0.972 0.907 0.842 0.763 0.701 0.621 0.574 0.540 0.508 0.503 0.493 0.493 0.486 0.000 0.487 0.534 0.788 0.937 0.904 0.881 1.103 1.146 1.221 1.407 1.571 1.564 1.645 1.955 2.087 2.136 2.034 1.904 1.904 1.937 1.759 1.527 1.516 1.575 1.425 1.249 1.390 1.355 1.047 1.057 1.216 1.094 0.929 1.065 1.123 0.983 0.971 1.216 1.204 1.074 1.243 1.400 1.319 1.321 1.567 1.636 1.554 1.702 1.938 1.907 1.911 2.094 2.273 2.239 2.110 2.261 2.183 1.955 1.923 2.073 1.991 1.725 1.688 1.526 1.568 1.518 1.333 1.325 1.464 1.346 1.137 1.276 1.418 1.204 1.065 1.375 1.438 1.181 1.336 1.631 1.618 1.490 1.711 2.088 2.317 2.351 2.670 2.836 3.490 3.971 3.866 4.139 4.459 4.796 5.065 4.636 4.766 4.632 4.513 3.674 3.938 2.819 3.362 3.716 4.209 3.871 3.163 3.212 3.159 2.693 2.637 2.791 2.596 2.223 2.374 2.536 2.313 2.014 2.043 2.251 2.190 2.005 2.153 2.397 2.144 2.093 2.359 2.526 2.257 2.362 2.680 2.678 2.498 2.771 3.016 2.835 2.819 3.149 3.193 3.021 3.208 3.561 3.501 3.354 3.729 3.882 3.837 3.908 4.274 4.268 4.256 4.524 4.854 4.745 4.758 5.278 5.313 5.409 5.688 6.051 6.398
17.913 16.875 16.969 16.773 16.377 15.292 15.102 13.822 13.422 12.961 12.068 11.575 11.612 11.304 11.431 11.129 11.999 12.458 13.094 13.139 14.001 14.997 15.139 15.826 16.659 16.926 16.481 17.216 18.237 18.281 17.965 18.717 20.542 20.237 20.732 21.166 21.584 21.924 22.357 23.334 23.011 23.811 23.623 23.643 23.578 23.436 22.774 22.245 21.938 21.183 20.285 19.711 19.697 18.843 17.814 18.049 18.099 16.538 16.273 16.458 16.217 14.908 15.441 15.740 14.638 14.133 15.074 14.368 13.646 14.063 14.681 13.712 13.480 14.485 14.206 13.545 14.030 14.455 13.808 13.605 13.554 12.027 11.676 10.871 10.070 9.675 9.062 8.245 8.536 8.206 7.385 7.058 7.134 6.406 5.721 5.838 5.612 4.899 4.733 4.491 3.767 3.512 2.810 2.435 2.314 2.013 2.103 2.054 1.765 1.675 1.834 1.596 1.355 1.419 1.507 1.226 1.068 1.260 1.182 0.883 0.890 1.066 0.860 0.746 0.931 0.964 0.777 0.877 1.024 0.999 0.930 1.129 1.261 1.192 1.269 1.477 1.744 2.029 2.276 2.346 2.015 1.595 1.514 1.333 1.112 1.063 0.974 0.870 0.807 0.780 0.658 0.608 0.587 0.541 0.503 0.508 0.515 0.499 0.487 0.000 0.490 0.619 0.809 0.751 0.892 1.044 1.089 1.185 1.340 1.504 1.498 1.520 1.914 2.010 2.099 1.968 1.854 1.736 1.814 1.701 1.427 1.497 1.542 1.324 1.212 1.341 1.285 1.067 1.106 1.216 1.136 0.984 1.134 1.185 1.076 1.040 1.199 1.275 1.148 1.255 1.453 1.403 1.362 1.564 1.707 1.626 1.738 1.944 1.980 1.967 2.143 2.308 2.292 2.204 2.374 2.306 2.044 2.033 2.203 2.139 1.825 1.822 1.621 1.746 1.695 1.457 1.427 1.642 1.509 1.250 1.391 1.509 1.316 1.155 1.474 1.588 1.307 1.398 1.756 1.801 1.585 1.757 2.154 2.367 2.304 2.652 2.769 3.366 3.877 3.716 4.025 4.284 4.587 4.869 4.477 4.554 4.412 4.270 3.554 3.868 2.763 3.288 3.694 4.196 3.815 3.128 3.100 3.081 2.725 2.622 2.759 2.652 2.263 2.336 2.524 2.336 2.030 2.086 2.242 2.260 2.066 2.106 2.382 2.181 2.053 2.311 2.511 2.236 2.304 2.659 2.615 2.409 2.741 2.910 2.785 2.793 3.176 3.160 3.001 3.208 3.549 3.418 3.392 3.804 3.911 3.802 3.962 4.368 4.331 4.275 4.581 4.876 4.791 4.856 5.412 5.434 5.423 5.720 6.185 6.465
17.896 16.733 17.270 17.011 16.213 15.205 14.748 14.478 13.465 12.930 12.820 12.001 11.886 11.619 11.845 11.372 12.034 12.542 13.148 13.540 14.061 14.934 15.525 15.842 16.808 17.216 17.009 17.279 18.552 18.519 18.031 18.783 20.650 20.247 20.904 21.111 21.864 22.106 22.470 23.483 23.169 23.742 23.710 23.733 23.701 23.535 22.857 22.393 22.180 21.346 20.533 19.917 20.056 18.899 17.937 18.388 18.170 16.516 16.227 16.851 15.874 14.821 15.503 15.944 14.355 13.888 15.108 14.167 13.351 13.697 14.590 13.393 13.264 14.282 13.983 13.264 13.716 14.199 13.674 13.340 13.146 11.768 11.507 10.656 9.959 9.524 9.093 8.177 8.535 8.124 7.453 7.102 7.099 6.452 5.749 5.844 5.723 5.043 4.758 4.631 3.964 3.727 3.026 2.719 2.636 2.342 2.498 2.346 2.052 2.056 2.229 1.946 1.700 1.825 1.872 1.516 1.420 1.522 1.481 1.124 1.183 1.314 1.094 0.883 1.130 1.160 0.975 1.071 1.236 1.227 1.179 1.374 1.519 1.490 1.692 1.796 1.996 2.311 2.614 2.572 2.407 2.033 2.030 1.827 1.513 1.531 1.454 1.256 1.204 1.167 1.019 0.843 0.877 0.779 0.637 0.585 0.653 0.595 0.524 0.499 0.000 0.515 0.707 0.865 0.969 1.029 1.228 1.251 1.363 1.606 1.686 1.691 1.941 2.025 2.213 2.078 1.930 1.814 1.831 1.732 1.494 1.474 1.584 1.450 1.174 1.374 1.375 1.168 1.166 1.382 1.385 1.169 1.378 1.542 1.467 1.384 1.689 1.740 1.565 1.720 2.036 1.951 1.850 2.168 2.396 2.262 2.350 2.689 2.715 2.646 2.846 3.119 3.154 2.947 3.161 3.183 2.839 2.762 3.031 2.936 2.555 2.579 2.289 2.491 2.474 2.103 2.071 2.347 2.203 1.828 1.981 2.165 1.807 1.546 2.012 2.032 1.736 1.680 2.125 1.970 1.819 1.976 2.254 2.439 2.440 2.763 2.864 3.500 3.940 3.772 4.052 4.293 4.707 4.854 4.541 4.639 4.449 4.288 3.559 3.910 2.758 3.326 3.686 4.232 3.840 3.178 3.280 3.211 2.741 2.789 3.052 2.858 2.458 2.636 2.923 2.767 2.379 2.451 2.760 2.773 2.576 2.710 3.104 2.857 2.683 3.065 3.318 3.010 3.013 3.556 3.526 3.227 3.587 3.895 3.673 3.645 4.063 4.086 3.878 4.117 4.498 4.385 4.297 4.774 4.926 4.872 5.015 5.486 5.494 5.475 5.768 6.124 6.028 6.032 6.641 6.654 6.625 6.909 7.363 7.480
18.591 16.997 17.539 17.551 16.444 15.735 15.783 15.125 14.250 13.999 12.889 13.040 12.730 12.501 12.615 12.421 12.850 13.444 13.589 13.980 14.990 15.456 16.028 16.557 17.521 18.080 18.132 18.492 19.879 19.680 18.945 19.460 20.952 20.699 21.332 21.217 22.056 22.288 22.709 23.633 23.482 23.796 23.803 23.895 23.828 23.515 22.873 22.397 22.157 21.389 20.667 19.951 19.856 18.864 18.185 18.307 18.169 16.888 16.438 16.749 16.234 14.998 15.530 15.964 14.611 13.846 14.988 14.322 13.426 13.993 14.545 13.610 13.519 14.326 14.350 13.636 14.002 14.556 14.111 13.725 13.624 12.452 11.893 11.125 10.471 10.111 9.452 8.759 8.879 8.536 7.899 7.569 7.365 6.759 6.061 6.061 5.801 5.073 4.870 4.734 3.839 3.667 2.852 2.554 2.499 2.187 2.564 2.247 1.915 2.029 2.250 1.908 1.672 1.955 1.997 1.601 1.598 1.849 1.755 1.540 1.606 1.708 1.402 1.310 1.594 1.627 1.282 1.459 1.779 1.705 1.647 1.782 2.083 1.935 2.131 2.291 2.507 2.655 3.111 3.034 2.760 2.472 2.401 2.321 1.996 1.953 1.853 1.767 1.567 1.538 1.346 1.175 1.132 1.105 0.908 0.735 0.790 0.716 0.717 0.583 0.504 0.000 0.504 0.620 0.711 0.804 0.774 0.966 1.097 1.225 1.371 1.400 1.614 1.812 2.115 2.039 1.986 2.005 2.072 2.107 1.708 1.694 1.854 1.644 1.335 1.447 1.695 1.247 1.308 1.705 1.688 1.238 1.629 1.860 1.853 1.731 2.261 2.239 2.061 2.343 2.705 2.711 2.513 2.929 3.094 2.916 3.086 3.477 3.370 3.298 3.671 3.939 3.910 3.527 3.915 3.814 3.419 3.310 3.631 3.488 3.090 2.931 2.581 2.682 2.942 2.519 2.522 2.829 2.709 2.389 2.445 2.775 2.286 2.157 2.572 2.632 2.147 2.326 2.781 2.502 2.343 2.530 2.871 2.830 2.986 3.448 3.627 4.275 4.489 4.387 4.708 4.982 5.272 5.439 4.993 5.120 4.824 4.721 3.836 4.094 3.043 3.545 4.008 4.425 4.185 3.697 3.882 3.939 3.364 3.201 3.662 3.443 3.004 3.234 3.640 3.465 3.019 3.045 3.633 3.589 3.276 3.597 3.860 3.706 3.494 4.024 4.244 3.981 3.866 4.446 4.428 4.116 4.499 4.722 4.526 4.444 4.948 5.012 4.755 5.015 5.364 5.292 5.074 5.576 5.716 5.604 5.707 6.200 6.260 6.089 6.524 6.875 6.693 6.901 7.421 7.339 7.520 7.723 8.211 8.467
18.320 17.180 17.577 17.187 16.363 15.687 15.490 15.200 14.373 14.011 13.498 12.345 12.832 12.384 12.189 12.293 12.909 13.452 13.736 14.060 14.999 15.620 15.954 16.448 17.173 17.697 18.012 18.206 19.659 19.356 19.100 19.443 20.573 20.732 20.911 21.413 22.244 22.504 23.116 23.682 23.385 23.922 23.779 23.841 23.445 23.214 22.763 22.105 21.651 21.362 20.511 19.768 19.761 19.052 18.160 17.931 18.109 16.861 16.289 16.523 16.146 15.053 15.381 15.719 14.811 14.052 14.912 14.401 13.694 14.223 14.651 13.748 13.823 14.588 14.467 13.877 14.281 14.742 14.233 13.956 13.840 12.446 11.974 11.204 10.528 10.150 9.465 9.027 9.220 8.881 7.979 7.832 7.824 7.005 6.320 6.571 6.299 5.401 5.218 5.195 4.250 4.002 3.128 2.762 2.667 2.128 2.428 2.352 1.869 1.914 2.231 2.140 1.588 1.983 2.271 1.783 1.726 2.073 1.985 1.516 1.636 2.025 1.673 1.519 1.789 2.100 1.849 1.750 2.003 2.088 1.874 1.941 2.401 2.353 2.376 2.796 2.930 3.145 3.536 3.391 3.223 2.874 2.785 2.750 2.303 2.178 2.244 2.047 1.763 1.704 1.608 1.452 1.350 1.260 1.183 0.985 0.953 1.012 0.818 0.775 0.667 0.495 0.000 0.509 0.576 0.671 0.649 0.667 0.874 1.033 1.068 1.162 1.372 1.686 2.024 1.997 1.944 2.186 2.347 2.238 1.713 1.711 2.109 1.806 1.465 1.683 1.757 1.396 1.420 1.922 1.830 1.570 1.992 2.129 2.012 2.160 2.558 2.623 2.395 2.668 3.048 2.991 3.012 3.464 3.544 3.472 3.643 4.057 3.886 3.935 4.239 4.628 4.535 4.158 4.435 4.218 3.821 3.773 3.945 3.806 3.400 3.361 2.860 3.063 3.196 2.759 2.596 2.870 2.785 2.495 2.514 2.842 2.546 2.258 2.565 2.722 2.332 2.471 2.917 2.858 2.603 2.851 3.303 3.099 3.452 3.873 3.821 4.561 4.708 4.710 4.846 5.282 5.403 5.677 5.238 5.374 5.044 4.927 4.020 4.402 3.329 3.922 4.354 4.889 4.529 4.153 4.416 4.389 3.781 3.724 4.304 4.073 3.495 3.728 4.208 3.828 3.417 3.554 4.030 4.164 3.826 4.173 4.708 4.276 4.077 4.849 4.991 4.558 4.471 5.269 5.111 4.843 5.282 5.385 5.254 5.282 5.879 5.844 5.630 5.853 6.424 6.191 6.193 6.712 6.920 6.713 6.927 7.579 7.431 7.391 7.843 8.239 7.948 8.129 8.753 8.697 8.779 8.993 9.509 9.692
18.146 17.081 17.706 17.444 16.775 15.568 15.255 15.128 13.551 13.201 12.744 12.608 12.111 11.708 11.807 11.711 12.367 12.956 13.274 13.703 14.204 15.385 15.743 16.139 17.124 17.616 17.687 17.535 18.909 19.058 18.294 19.045 20.591 20.461 20.792 21.186 21.776 22.059 22.507 23.513 23.080 23.800 23.709 23.671 23.614 23.420 22.722 22.145 21.882 21.226 20.362 19.654 19.590 18.783 17.763 18.093 17.858 16.247 16.173 16.360 15.949 14.722 15.297 15.742 14.478 14.051 15.005 14.333 13.395 14.004 14.651 13.641 13.522 14.440 14.157 13.601 13.963 14.549 14.017 13.730 13.824 12.317 12.048 11.213 10.546 9.902 9.474 8.693 8.934 8.564 7.782 7.495 7.520 6.738 6.051 6.235 5.987 5.236 5.060 4.801 4.032 3.726 2.961 2.610 2.475 1.955 2.233 2.172 1.726 1.823 2.168 1.813 1.514 1.906 2.000 1.654 1.500 2.002 1.883 1.468 1.771 2.041 1.768 1.579 1.909 2.003 1.720 1.759 2.265 2.269 1.973 2.178 2.442 2.390 2.586 2.761 2.966 3.230 3.603 3.524 3.198 2.951 2.874 2.832 2.321 2.236 2.298 2.086 1.861 1.873 1.777 1.680 1.455 1.397 1.346 1.107 1.026 0.909 0.833 0.779 0.691 0.549 0.492 0.000 0.492 0.518 0.554 0.528 0.571 0.721 0.747 0.818 0.999 1.274 1.838 1.753 1.737 1.833 2.009 1.996 1.566 1.585 1.931 1.708 1.443 1.636 1.833 1.411 1.446 1.899 1.866 1.592 1.965 2.132 1.928 2.164 2.409 2.468 2.368 2.706 2.883 2.803 2.791 3.275 3.415 3.190 3.530 3.819 3.741 3.732 4.074 4.296 4.190 3.962 4.217 4.184 3.831 3.697 3.939 3.937 3.497 3.371 2.903 3.186 3.213 2.760 2.633 2.939 2.803 2.413 2.616 2.837 2.505 2.238 2.596 2.654 2.355 2.301 2.824 2.787 2.396 2.658 2.928 3.076 3.054 3.496 3.600 4.223 4.460 4.407 4.659 4.935 5.154 5.397 5.031 5.087 4.955 4.682 3.777 4.175 2.983 3.667 4.107 4.666 4.349 3.784 3.917 3.927 3.432 3.359 3.652 3.606 3.093 3.322 3.634 3.539 3.017 3.328 3.485 3.573 3.298 3.594 4.099 3.772 3.527 4.236 4.497 4.055 4.190 4.815 4.706 4.484 4.958 5.095 4.869 4.970 5.430 5.484 5.202 5.515 5.956 5.867 5.692 6.215 6.564 6.314 6.401 7.049 7.075 6.880 7.281 7.713 7.600 7.655 8.199 8.186 8.262 8.394 8.993 9.198
18.076 16.638 17.533 18.158 16.583 15.512 15.670 15.415 14.187 13.577 13.325 12.927 12.334 11.885 12.053 12.079 12.397 13.035 13.615 13.943 14.559 15.627 16.178 16.429 17.354 17.637 17.892 17.839 19.008 18.999 19.098 19.516 20.746 20.723 21.145 21.580 22.290 22.582 23.017 23.705 23.609 23.998 23.868 24.012 23.816 23.549 22.869 22.448 22.021 21.485 20.628 20.005 19.768 18.933 17.970 18.305 18.134 16.529 16.082 16.551 15.936 14.586 15.278 15.681 14.395 13.478 14.669 14.022 13.164 13.478 14.258 13.266 13.103 14.003 13.999 13.183 13.706 14.366 13.946 13.562 13.472 12.266 11.855 11.019 10.368 9.855 9.306 8.593 8.726 8.259 7.677 7.373 7.130 6.519 5.906 5.865 5.623 4.969 4.770 4.543 3.704 3.501 2.738 2.443 2.219 1.931 2.219 2.032 1.569 1.803 2.031 1.745 1.522 1.936 2.005 1.608 1.486 1.974 1.822 1.466 1.708 1.999 1.639 1.564 1.958 2.177 1.715 1.898 2.230 2.215 2.057 2.278 2.522 2.549 2.629 2.786 3.139 3.306 3.768 3.691 3.381 3.111 3.065 3.012 2.568 2.455 2.437 2.282 2.030 1.999 1.905 1.655 1.543 1.477 1.375 1.175 1.071 1.000 0.795 0.851 0.781 0.633 0.514 0.488 0.000 0.491 0.529 0.522 0.537 0.587 0.710 0.810 0.959 1.335 1.611 1.834 1.740 1.779 1.888 1.901 1.637 1.586 1.864 1.705 1.337 1.563 1.796 1.420 1.485 1.833 1.939 1.666 1.895 2.192 2.103 2.117 2.473 2.582 2.399 2.675 3.011 2.914 2.854 3.281 3.506 3.410 3.622 4.044 4.008 3.985 4.270 4.517 4.522 4.259 4.437 4.445 4.098 4.030 4.202 4.033 3.633 3.502 3.164 3.237 3.315 2.985 2.811 3.064 3.024 2.560 2.708 2.884 2.591 2.341 2.632 2.819 2.405 2.377 2.844 2.750 2.372 2.515 2.942 2.940 3.011 3.452 3.545 4.165 4.377 4.294 4.559 4.825 5.222 5.342 4.866 5.072 4.761 4.488 3.728 3.995 2.951 3.555 3.917 4.488 4.167 3.619 3.757 3.815 3.274 3.217 3.541 3.395 2.970 3.108 3.563 3.464 2.917 3.080 3.501 3.661 3.372 3.542 4.044 3.833 3.576 4.169 4.503 4.230 4.158 4.850 4.810 4.623 4.981 5.184 5.042 5.138 5.575 5.506 5.316 5.646 6.087 5.915 5.876 6.423 6.653 6.481 6.699 7.249 7.350 7.211 7.666 8.101 7.931 7.968 8.588 8.676 8.703 9.065 9.444 9.716
18.524 16.842 16.999 17.372 16.524 16.065 15.437 14.369 13.827 13.759 12.624 12.441 12.473 12.188 12.224 12.148 12.552 13.051 13.438 13.649 14.689 15.354 15.757 16.137 17.022 17.509 17.676 17.859 18.908 18.680 18.398 19.190 20.202 20.473 20.727 21.224 21.916 22.196 22.716 23.219 23.238 23.627 23.576 23.568 23.302 22.936 22.288 21.866 21.186 20.968 20.197 19.696 19.468 18.920 17.911 17.880 17.869 16.695 15.877 16.287 15.976 14.694 15.019 15.603 14.468 13.420 14.502 13.952 13.141 13.510 14.178 13.378 13.132 13.897 13.930 13.325 13.691 14.287 13.807 13.593 13.488 12.225 11.976 11.202 10.332 9.786 9.248 8.846 8.890 8.374 7.690 7.451 7.274 6.516 5.924 6.040 5.615 4.921 4.724 4.505 3.667 3.426 2.669 2.197 2.051 1.726 2.059 1.892 1.458 1.606 1.921 1.631 1.280 1.770 1.818 1.536 1.368 1.772 1.622 1.302 1.558 1.865 1.501 1.400 1.804 1.849 1.578 1.760 2.102 1.974 1.885 2.156 2.392 2.301 2.406 2.656 2.926 3.147 3.536 3.370 3.162 2.817 2.765 2.649 2.300 2.235 2.180 2.051 1.871 1.802 1.666 1.500 1.416 1.403 1.230 1.091 1.029 0.953 0.775 0.804 0.750 0.618 0.537 0.502 0.487 0.000 0.489 0.507 0.533 0.524 0.570 0.677 0.856 1.255 1.646 1.686 1.605 1.639 1.701 1.808 1.403 1.353 1.688 1.609 1.321 1.455 1.685 1.396 1.372 1.728 1.759 1.468 1.683 1.986 1.861 1.898 2.216 2.255 2.118 2.389 2.638 2.711 2.649 2.921 3.190 3.167 3.198 3.594 3.555 3.584 3.806 4.107 4.146 3.831 4.097 4.149 3.717 3.671 3.874 3.796 3.213 3.305 2.921 3.163 3.114 2.735 2.647 2.940 2.753 2.326 2.529 2.717 2.342 2.173 2.571 2.620 2.216 2.262 2.756 2.562 2.277 2.448 2.771 2.848 2.887 3.234 3.384 3.928 4.218 4.112 4.261 4.786 4.938 5.234 4.703 4.915 4.667 4.474 3.626 3.856 2.661 3.504 3.810 4.378 4.093 3.512 3.666 3.755 3.157 3.074 3.438 3.226 2.863 3.002 3.399 3.202 2.839 2.894 3.250 3.382 3.080 3.267 3.779 3.578 3.287 3.802 4.134 3.880 3.700 4.445 4.387 4.075 4.505 4.765 4.558 4.489 5.098 5.164 4.828 5.057 5.597 5.473 5.288 5.793 6.036 5.870 6.003 6.521 6.562 6.409 6.681 7.139 6.994 7.020 7.627 7.682 7.720 7.970 8.345 8.856
18.031 16.442 16.919 17.025 16.013 15.146 14.967 14.460 14.105 13.089 12.531 12.287 12.114 11.524 11.519 11.452 12.072 12.774 13.220 13.629 14.436 15.618 15.842 16.252 17.091 17.876 17.666 17.493 18.925 19.152 18.514 19.091 20.768 20.741 20.893 21.121 21.799 22.085 22.769 23.298 23.001 23.825 23.587 23.722 23.336 23.087 22.641 21.937 21.572 21.154 20.284 19.566 19.458 18.850 17.738 17.978 18.004 16.324 15.966 16.348 16.111 14.637 15.259 15.570 14.631 13.815 14.884 14.248 13.407 14.038 14.530 13.551 13.501 14.469 14.260 13.571 14.167 14.583 14.085 13.897 13.793 12.453 12.059 11.342 10.473 9.814 9.423 8.846 8.841 8.524 7.791 7.478 7.339 6.686 5.945 6.136 5.820 5.073 4.756 4.660 3.776 3.495 2.723 2.376 2.136 1.812 2.147 1.934 1.522 1.675 1.950 1.647 1.408 1.730 1.938 1.596 1.416 1.789 1.735 1.421 1.568 1.875 1.595 1.473 1.847 1.904 1.706 1.839 2.077 2.105 1.934 2.159 2.394 2.402 2.437 2.670 2.970 3.195 3.603 3.514 3.326 2.986 2.977 2.852 2.431 2.344 2.344 2.164 1.941 1.888 1.851 1.645 1.497 1.531 1.382 1.161 1.160 1.059 0.894 0.857 0.837 0.665 0.571 0.506 0.495 0.487 0.000 0.489 0.507 0.520 0.538 0.573 0.752 1.178 1.493 1.694 1.644 1.691 1.806 1.809 1.500 1.481 1.734 1.627 1.280 1.529 1.694 1.471 1.393 1.772 1.817 1.585 1.862 2.111 1.960 2.026 2.376 2.440 2.322 2.599 2.905 2.845 2.894 3.245 3.536 3.450 3.489 3.936 3.936 3.902 4.145 4.463 4.460 4.072 4.390 4.395 4.004 3.878 4.089 3.969 3.543 3.453 3.105 3.247 3.245 2.929 2.716 3.037 2.905 2.454 2.547 2.756 2.486 2.193 2.562 2.613 2.310 2.245 2.675 2.627 2.273 2.426 2.787 2.974 3.000 3.370 3.325 4.013 4.300 4.147 4.382 4.686 4.949 5.231 4.832 4.989 4.740 4.488 3.606 3.985 2.762 3.436 3.855 4.415 4.144 3.517 3.769 3.798 3.286 3.222 3.552 3.365 2.940 3.198 3.516 3.299 2.928 3.129 3.428 3.560 3.305 3.525 4.082 3.809 3.579 4.106 4.524 4.112 4.112 4.834 4.769 4.481 4.904 5.215 5.011 4.987 5.485 5.529 5.288 5.530 6.001 5.915 5.773 6.202 6.556 6.360 6.441 7.037 7.065 6.975 7.271 7.713 7.587 7.668 8.376 8.326 8.410 8.734 9.097 9.724
17.837 16.913 17.278 17.357 16.237 15.490 15.173 15.126 13.976 13.533 12.476 12.433 12.401 11.874 11.745 11.770 12.503 12.958 13.535 13.895 14.382 15.447 15.744 16.028 16.685 17.139 17.465 17.322 18.526 18.785 18.614 19.149 20.540 20.578 20.782 21.162 21.736 22.012 22.512 23.317 23.149 23.728 23.535 23.669 23.373 23.163 22.547 21.937 21.733 21.115 20.188 19.590 19.540 18.696 17.808 18.117 17.999 16.401 16.147 16.516 15.982 14.660 15.222 15.712 14.349 13.555 14.727 14.021 13.189 13.573 14.368 13.321 12.997 14.105 13.851 13.175 13.725 14.327 13.734 13.441 13.389 12.165 11.699 10.970 10.283 9.479 9.277 8.635 8.687 8.205 7.776 7.461 7.180 6.540 5.920 6.025 5.708 5.033 4.767 4.633 3.842 3.514 2.715 2.324 2.197 1.860 2.196 2.076 1.620 1.696 2.033 1.817 1.440 1.790 1.836 1.609 1.453 1.869 1.756 1.504 1.697 1.904 1.676 1.531 1.855 2.057 1.762 1.881 2.184 2.157 2.048 2.306 2.519 2.506 2.661 2.773 3.165 3.290 3.661 3.620 3.339 3.026 2.976 2.883 2.441 2.406 2.373 2.162 1.976 1.970 1.860 1.695 1.551 1.556 1.414 1.266 1.204 1.061 0.905 0.910 0.897 0.691 0.580 0.515 0.500 0.494 0.486 0.000 0.488 0.507 0.525 0.553 0.732 1.080 1.603 1.759 1.842 1.796 1.913 1.967 1.621 1.646 1.859 1.732 1.420 1.715 1.883 1.546 1.522 1.887 1.924 1.660 1.947 2.211 2.052 2.083 2.454 2.564 2.349 2.651 2.982 2.890 2.879 3.279 3.571 3.344 3.506 3.897 3.878 3.842 4.159 4.383 4.340 4.147 4.301 4.322 3.951 3.853 4.034 3.973 3.570 3.459 3.119 3.317 3.253 2.965 2.795 3.050 2.977 2.483 2.672 2.862 2.541 2.289 2.647 2.823 2.416 2.374 2.880 2.801 2.400 2.532 2.871 2.958 3.054 3.396 3.426 3.991 4.264 4.194 4.350 4.777 4.953 5.278 4.786 4.962 4.723 4.453 3.792 4.107 2.916 3.573 3.967 4.570 4.270 3.623 3.838 3.864 3.364 3.326 3.633 3.491 3.034 3.239 3.646 3.466 2.965 3.172 3.491 3.652 3.346 3.500 4.126 3.848 3.541 4.150 4.471 4.132 4.112 4.884 4.652 4.481 4.968 5.196 4.954 4.993 5.456 5.521 5.248 5.539 6.163 5.915 5.758 6.354 6.760 6.375 6.482 7.176 7.182 6.940 7.362 7.845 7.718 7.628 8.423 8.380 8.311 8.613 9.074 9.454
18.352 16.900 17.583 18.493 17.393 15.957 15.745 15.049 14.379 13.808 13.561 12.989 12.031 11.615 11.525 11.354 12.184 12.689 13.137 13.449 14.250 15.157 15.617 15.902 16.830 16.917 17.386 17.473 18.273 18.494 18.431 19.385 20.646 20.662 21.179 21.297 21.799 22.132 22.580 23.405 23.367 23.538 23.474 23.543 23.257 22.899 22.320 21.744 21.406 20.790 19.954 19.086 18.990 18.324 17.414 17.408 17.550 16.031 15.466 15.925 15.766 14.248 14.794 15.439 14.297 13.152 14.393 14.033 12.904 13.422 14.105 13.131 12.839 13.859 13.811 12.791 13.546 14.143 13.660 13.389 13.331 12.078 11.714 10.877 10.243 9.777 9.304 8.566 8.738 8.248 7.797 7.439 7.102 6.562 6.085 6.107 5.699 5.043 4.836 4.678 3.731 3.606 2.780 2.396 2.137 1.831 2.143 2.014 1.522 1.664 1.945 1.727 1.337 1.736 1.846 1.500 1.452 1.834 1.756 1.413 1.629 1.975 1.631 1.539 1.859 2.023 1.737 1.940 2.279 2.243 2.156 2.377 2.584 2.577 2.671 2.844 3.142 3.242 3.642 3.675 3.417 3.117 3.034 2.924 2.556 2.497 2.430 2.282 2.104 2.064 1.961 1.750 1.689 1.630 1.477 1.265 1.266 1.146 0.975 0.961 0.908 0.774 0.635 0.537 0.526 0.514 0.500 0.487 0.000 0.493 0.514 0.540 0.714 0.964 1.538 1.488 1.620 1.679 1.853 1.857 1.607 1.571 1.826 1.678 1.381 1.607 1.857 1.570 1.518 1.959 1.880 1.717 1.935 2.186 2.071 2.073 2.486 2.556 2.386 2.705 2.940 2.892 2.933 3.245 3.469 3.420 3.448 3.878 3.875 3.761 4.065 4.318 4.284 4.036 4.268 4.256 3.979 3.806 3.994 3.974 3.583 3.491 3.196 3.280 3.315 2.973 2.882 3.110 2.986 2.589 2.771 2.861 2.604 2.429 2.770 2.827 2.397 2.399 2.895 2.730 2.364 2.557 2.909 2.905 2.998 3.388 3.427 4.151 4.253 4.265 4.444 4.824 5.120 5.341 4.743 4.930 4.714 4.435 3.481 4.022 2.898 3.391 3.903 4.332 4.121 3.618 3.786 3.889 3.255 3.213 3.588 3.429 2.925 3.095 3.593 3.438 2.945 3.086 3.507 3.633 3.353 3.483 4.028 3.847 3.555 4.171 4.329 4.140 4.045 4.609 4.603 4.438 4.772 5.089 4.820 4.854 5.299 5.285 5.047 5.367 5.788 5.705 5.494 6.009 6.314 6.111 6.198 6.818 6.852 6.702 7.075 7.486 7.394 7.399 8.069 8.042 8.131 8.530 8.901 9.295
17.890 17.099 17.028 17.256 16.123 16.095 15.880 13.998 14.033 13.852 13.129 12.683 12.627 11.956 12.015 12.057 12.605 13.204 13.633 13.999 14.762 15.718 16.040 16.032 17.159 17.468 17.362 17.532 18.740 18.612 18.573 19.111 20.204 20.481 20.615 21.131 21.714 22.059 22.662 23.113 23.298 23.828 23.690 23.570 23.337 22.983 22.401 21.838 21.211 20.888 20.190 19.518 19.455 19.049 17.939 17.768 18.024 16.679 16.069 16.177 16.217 14.810 15.271 15.724 14.594 13.722 14.716 14.284 13.389 13.834 14.391 13.630 13.357 14.331 14.125 13.524 13.992 14.546 14.094 13.750 13.820 12.531 12.062 11.316 10.627 10.131 9.580 9.071 9.240 8.703 7.913 7.699 7.517 6.729 6.152 6.334 5.891 5.184 4.990 4.878 3.861 3.655 2.707 2.433 2.020 1.804 2.061 2.007 1.726 1.719 1.976 1.761 1.402 1.823 1.888 1.516 1.504 1.864 1.764 1.448 1.738 1.996 1.813 1.672 2.028 2.095 1.895 2.064 2.388 2.354 2.268 2.509 2.706 2.795 2.847 3.071 3.433 3.609 3.948 3.838 3.710 3.481 3.461 3.253 2.807 2.758 2.701 2.547 2.303 2.241 2.155 1.901 1.777 1.752 1.590 1.365 1.301 1.247 1.058 1.041 0.966 0.798 0.679 0.586 0.524 0.541 0.511 0.501 0.487 0.000 0.495 0.533 0.722 1.029 1.386 1.523 1.636 1.823 1.903 1.983 1.658 1.558 1.854 1.773 1.409 1.707 1.958 1.654 1.610 2.074 2.027 1.826 2.136 2.315 2.252 2.357 2.690 2.834 2.680 3.003 3.341 3.256 3.384 3.634 3.975 3.846 3.861 4.333 4.397 4.257 4.541 4.862 4.867 4.523 4.737 4.768 4.587 4.254 4.393 4.438 3.984 3.857 3.540 3.592 3.649 3.334 3.080 3.398 3.309 2.818 2.975 3.156 2.784 2.514 2.993 3.041 2.503 2.544 3.167 2.863 2.546 2.728 3.003 3.104 3.086 3.641 3.479 4.190 4.372 4.243 4.459 4.823 4.948 5.304 4.770 5.031 4.753 4.531 3.691 3.978 2.833 3.561 3.944 4.560 4.282 3.747 3.892 4.080 3.451 3.436 3.818 3.625 3.202 3.374 3.897 3.639 3.187 3.328 3.727 4.026 3.611 3.789 4.440 4.333 4.007 4.504 4.884 4.702 4.500 5.148 5.219 4.981 5.348 5.743 5.552 5.506 5.991 6.030 5.781 6.094 6.590 6.512 6.166 6.857 7.076 6.925 6.998 7.621 7.759 7.441 7.855 8.253 8.087 8.160 8.730 8.753 8.801 9.114 9.490 9.965
17.726 16.643 16.992 17.746 16.514 15.460 15.325 14.798 13.808 13.528 12.798 12.626 12.210 11.972 11.937 11.762 12.408 13.041 13.651 13.611 14.425 15.585 15.710 15.958 16.800 17.376 17.191 17.400 18.503 18.715 18.354 19.109 20.657 20.724 20.782 21.017 21.706 21.893 22.421 23.396 23.058 23.752 23.722 23.880 23.529 23.250 22.741 22.125 21.822 21.211 20.307 19.496 19.545 18.795 17.757 17.885 18.127 16.277 15.895 16.530 16.074 14.593 15.158 15.723 14.545 13.698 14.839 14.304 13.480 13.869 14.575 13.635 13.305 14.488 14.168 13.455 14.086 14.506 13.906 13.633 13.624 12.319 11.943 11.301 10.449 9.717 9.432 8.893 8.974 8.465 7.906 7.644 7.490 6.684 6.073 6.273 5.887 5.109 4.857 4.735 3.942 3.649 2.811 2.440 2.140 1.852 2.060 1.964 1.521 1.680 1.892 1.691 1.364 1.800 1.770 1.442 1.466 1.730 1.737 1.424 1.623 1.884 1.767 1.601 1.925 2.106 1.855 1.996 2.277 2.302 2.245 2.474 2.652 2.692 2.804 2.984 3.307 3.535 3.859 3.780 3.615 3.313 3.194 3.107 2.691 2.627 2.543 2.409 2.242 2.118 2.050 1.849 1.748 1.651 1.526 1.361 1.328 1.219 1.131 1.076 1.013 0.844 0.701 0.614 0.561 0.526 0.515 0.514 0.502 0.488 0.000 0.490 0.614 0.910 1.328 1.521 1.579 1.667 1.894 1.917 1.630 1.575 1.879 1.813 1.471 1.637 1.913 1.658 1.613 1.961 1.952 1.762 2.052 2.188 2.115 2.246 2.534 2.532 2.502 2.790 3.021 2.984 3.056 3.382 3.641 3.574 3.695 4.074 4.073 4.013 4.288 4.636 4.614 4.332 4.640 4.640 4.150 4.075 4.341 4.225 3.724 3.715 3.371 3.513 3.466 3.121 3.008 3.226 3.104 2.696 2.814 2.910 2.630 2.386 2.744 2.769 2.375 2.505 2.818 2.681 2.444 2.614 2.904 3.015 3.075 3.500 3.379 4.086 4.264 4.179 4.402 4.643 4.858 5.204 4.750 4.959 4.669 4.384 3.636 4.008 2.677 3.436 3.848 4.489 4.210 3.623 3.796 3.814 3.328 3.285 3.577 3.416 2.984 3.244 3.593 3.353 2.911 3.164 3.519 3.555 3.319 3.605 4.083 3.879 3.703 4.261 4.508 4.241 4.228 4.810 4.848 4.615 4.918 5.299 5.110 5.076 5.653 5.708 5.429 5.613 6.249 6.145 5.910 6.348 6.870 6.573 6.631 7.294 7.399 7.215 7.503 8.058 7.993 7.884 8.599 8.663 8.743 8.947 9.339 9.682
17.982 17.201 17.318 17.881 16.829 15.749 15.555 14.518 14.034 13.794 12.879 12.809 12.603 11.970 12.097 12.118 12.588 13.182 13.638 13.954 14.520 15.328 15.705 15.810 16.684 17.075 17.322 17.310 18.491 18.723 18.607 19.505 20.856 20.930 21.467 21.861 22.290 22.509 23.060 23.928 23.431 23.873 23.759 23.834 23.647 23.410 22.919 22.324 22.051 21.419 20.609 19.823 19.893 19.039 18.155 18.332 18.215 16.758 16.407 16.822 16.278 15.049 15.464 16.035 14.928 13.945 15.073 14.598 13.753 13.883 14.677 13.774 13.297 14.395 14.291 13.503 13.924 14.474 13.874 13.574 13.454 12.146 11.751 11.152 10.469 9.832 9.515 9.023 9.303 8.682 8.156 7.975 7.691 6.860 6.243 6.556 6.073 5.352 5.188 5.065 4.150 3.891 2.976 2.577 2.371 1.936 2.419 2.134 1.571 1.720 2.058 1.780 1.423 1.831 1.995 1.635 1.611 1.850 1.904 1.647 1.896 2.062 1.932 1.893 2.163 2.305 2.177 2.369 2.598 2.659 2.712 2.904 3.102 3.224 3.359 3.524 3.829 4.065 4.388 4.288 4.109 3.904 3.904 3.776 3.323 3.274 3.212 2.979 2.750 2.738 2.543 2.254 2.269 2.126 1.923 1.746 1.701 1.566 1.419 1.443 1.399 1.252 0.941 0.849 0.788 0.683 0.605 0.558 0.632 0.539 0.491 0.000 0.572 0.804 1.253 1.598 1.694 1.864 2.038 2.198 1.928 1.889 2.228 2.134 1.813 2.081 2.366 2.074 2.021 2.439 2.470 2.162 2.459 2.797 2.722 2.745 3.084 3.275 3.102 3.370 3.774 3.742 3.771 4.096 4.496 4.374 4.458 4.900 4.883 4.829 5.131 5.474 5.500 5.263 5.459 5.510 4.985 4.940 5.241 5.053 4.520 4.495 4.139 4.371 4.252 3.916 3.728 3.947 3.897 3.402 3.532 3.772 3.346 3.109 3.480 3.602 3.004 3.165 3.643 3.463 2.969 3.217 3.519 3.387 3.553 3.970 3.812 4.534 4.553 4.440 4.669 4.895 5.115 5.438 4.893 5.037 4.750 4.492 3.741 4.025 2.930 3.746 4.181 4.792 4.559 4.051 4.197 4.311 3.799 3.806 4.197 4.087 3.526 3.750 4.350 4.111 3.491 3.730 4.194 4.463 4.074 4.291 4.921 4.750 4.378 5.045 5.364 5.072 5.019 5.682 5.771 5.436 5.815 6.290 6.036 5.844 6.598 6.608 6.326 6.588 7.232 7.094 6.840 7.475 7.834 7.561 7.697 8.331 8.475 8.224 8.641 9.244 8.986 9.011 9.673 9.642 9.681 10.115 10.432 10.713
18.490 17.377 17.500 16.826 16.473 16.117 15.877 14.615 14.087 13.791 13.258 12.838 13.005 12.700 12.596 12.523 13.355 13.765 14.395 14.612 15.155 16.371 16.538 16.708 17.814 18.340 18.158 18.573 19.724 19.897 19.842 20.615 22.100 22.069 22.545 22.540 23.017 23.069 23.445 24.014 23.545 24.047 23.936 24.096 23.698 23.483 23.008 22.378 22.033 21.286 20.647 20.096 20.043 19.114 18.179 18.450 18.411 16.797 16.551 16.905 16.651 15.150 15.654 15.968 14.937 14.080 15.198 14.753 13.776 14.095 14.671 13.988 13.508 14.585 14.307 13.709 14.164 14.673 14.184 13.900 13.910 12.804 12.369 11.842 11.056 10.711 9.912 9.759 9.780 9.212 8.290 8.437 8.098 7.154 6.741 7.136 6.499 5.356 5.535 5.473 4.157 4.271 3.299 3.038 3.059 2.522 2.795 2.769 2.023 2.106 2.781 2.371 1.790 2.419 2.823 2.275 2.215 2.856 2.755 2.375 2.799 3.084 3.027 3.037 3.203 3.400 3.346 3.453 3.891 3.989 3.888 4.043 4.463 4.525 4.626 4.751 5.158 5.357 5.847 5.715 5.570 5.346 5.300 5.216 4.613 4.567 4.669 4.335 4.029 4.049 3.720 3.438 3.409 3.289 2.982 2.830 2.875 2.429 2.427 2.368 2.370 2.090 1.852 1.500 1.373 1.431 1.066 0.874 0.906 0.987 0.641 0.514 0.000 0.610 1.103 1.530 1.694 2.007 2.409 2.605 2.271 2.171 2.789 2.771 2.611 2.675 3.306 3.140 2.992 3.502 3.657 3.507 3.774 3.988 4.131 4.063 4.300 4.541 4.601 4.722 5.180 5.120 5.177 5.410 5.839 5.982 5.749 6.436 6.319 6.359 6.715 6.955 7.043 6.623 6.905 7.145 6.698 6.496 6.918 6.711 6.235 5.999 5.579 5.882 5.779 5.334 5.081 5.441 5.293 4.968 4.961 5.284 4.829 4.559 4.845 4.890 4.253 4.300 4.948 4.607 4.033 4.261 4.576 4.339 4.300 4.933 4.620 5.458 5.405 5.200 5.223 5.531 5.537 5.861 5.264 5.408 4.978 4.488 3.701 3.983 3.176 3.899 4.450 5.124 4.984 4.775 5.068 5.578 4.783 4.784 5.466 5.262 4.898 5.040 5.701 5.503 4.781 4.878 5.572 5.800 5.417 5.678 6.283 6.082 5.782 6.483 6.635 6.545 6.393 7.091 7.156 7.006 7.283 7.791 7.488 7.510 8.063 8.163 7.799 8.125 8.737 8.528 8.291 8.887 9.295 8.962 9.132 9.748 9.692 9.492 9.879 10.328 10.139 10.091 10.717 10.580 10.809 11.072 11.565 12.002
19.941 18.098 18.555 18.458 18.367 16.758 16.583 15.652 14.789 14.446 13.899 13.245 13.596 13.659 13.779 13.651 14.447 15.322 15.685 15.887 16.812 17.534 17.931 17.945 19.065 19.784 19.870 19.745 20.900 21.255 21.362 21.599 22.651 22.680 23.343 23.318 24.036 24.011 24.426 25.008 24.350 24.551 24.668 24.646 24.358 24.004 23.517 23.060 23.018 22.299 21.741 20.894 20.904 19.988 19.307 19.314 19.178 17.841 17.407 17.829 17.270 15.809 16.416 16.993 15.745 14.722 15.905 15.407 14.508 14.974 15.608 14.798 14.433 15.528 15.434 14.708 15.369 15.685 15.439 14.991 15.351 14.182 13.573 13.102 12.407 11.750 11.084 10.976 10.833 10.257 9.442 9.363 9.068 8.175 7.368 7.839 7.151 5.849 5.703 5.866 4.511 4.494 3.425 3.227 3.148 2.773 3.315 3.270 2.415 2.810 3.538 3.511 2.825 3.746 4.498 3.952 4.090 4.798 5.013 4.190 4.871 5.394 5.187 5.139 5.427 5.936 5.518 5.732 6.316 6.229 6.274 6.620 6.715 6.944 7.259 7.505 7.704 8.186 8.617 8.032 8.144 7.901 7.874 7.380 6.970 7.095 6.839 6.579 6.330 6.023 5.927 5.512 5.654 5.396 4.945 4.905 5.224 4.618 4.230 4.567 4.623 4.041 4.115 3.480 2.238 2.617 2.524 1.780 1.385 1.507 1.279 1.086 0.532 0.000 0.610 1.167 1.636 1.832 2.333 2.622 2.302 2.674 3.779 4.142 3.798 4.234 4.912 5.221 4.672 5.692 5.197 5.337 5.643 5.882 5.884 5.816 6.419 6.740 6.626 7.095 7.126 7.302 7.216 7.753 8.152 8.186 8.398 8.622 8.854 8.931 9.137 9.374 9.555 9.044 9.557 9.511 8.896 9.175 9.394 9.020 8.613 8.282 7.972 8.401 7.944 7.531 7.388 7.789 7.514 6.951 6.997 7.383 6.678 6.329 6.724 6.676 6.028 6.145 6.386 6.437 5.653 5.561 6.218 5.950 5.498 5.868 5.791 6.833 6.992 6.585 6.151 6.609 6.453 6.792 6.001 5.941 5.526 5.012 4.104 4.466 3.699 4.699 5.674 6.447 6.344 6.502 6.668 7.248 6.505 6.383 6.899 6.931 6.471 6.672 7.157 7.302 6.644 6.771 7.285 7.218 7.412 7.586 7.795 7.845 7.767 8.225 8.535 8.568 8.558 8.980 9.411 9.224 9.501 9.922 9.944 9.740 10.215 10.667 10.629 10.493 11.231 11.244 11.012 11.237 11.731 11.510 11.640 12.094 12.005 12.312 12.334 12.484 12.642 12.458 13.105 13.207 13.304 13.682 13.611 14.594
19.153 18.528 18.472 18.163 17.891 16.440 16.193 15.687 14.826 14.386 13.765 13.391 13.661 13.647 13.702 13.815 14.469 15.116 15.621 15.821 16.556 17.179 17.514 17.652 18.586 19.042 19.307 19.350 20.173 20.463 20.558 21.232 22.995 22.642 23.366 22.903 23.501 23.681 24.013 24.359 24.261 24.494 24.527 24.237 24.180 23.815 23.300 22.725 22.346 21.995 21.360 20.605 20.707 19.663 18.866 19.480 19.162 17.460 17.169 18.012 17.363 15.743 16.721 17.290 15.928 15.035 16.475 16.171 14.728 15.593 16.429 15.698 15.037 16.107 16.405 15.542 15.829 16.544 16.527 15.272 15.752 15.056 14.077 13.585 13.408 12.861 11.925 11.708 11.731 10.904 10.242 10.146 9.693 8.439 7.870 8.329 7.417 6.110 6.320 6.348 4.672 4.747 4.020 3.812 4.620 5.074 5.083 4.615 3.951 5.153 5.581 4.678 4.539 5.698 6.079 5.331 6.023 6.906 6.439 5.737 6.804 7.438 6.855 6.999 7.164 7.168 6.659 7.142 7.398 7.454 7.450 7.535 7.675 8.230 8.240 8.269 8.318 8.757 8.790 8.840 8.402 8.417 8.336 8.376 7.634 7.921 7.930 7.462 7.436 7.518 6.978 6.947 7.026 6.444 6.577 6.795 6.282 5.721 5.589 5.551 4.734 4.879 4.905 3.594 2.810 3.529 3.307 2.438 1.894 2.234 2.911 2.416 1.202 0.529 0.000 0.733 1.124 1.830 2.995 3.273 3.144 3.235 4.297 3.934 4.252 5.374 5.668 5.905 5.497 6.711 6.695 6.847 6.590 6.844 7.405 6.926 7.104 7.679 7.414 7.730 8.164 8.426 8.108 8.491 9.000 8.947 8.631 9.311 9.061 8.904 9.142 9.607 9.770 9.399 9.519 9.524 9.258 9.241 9.309 9.235 8.870 8.700 8.633 8.683 8.485 8.532 8.078 8.394 8.445 7.898 7.763 8.453 7.759 7.415 7.772 8.099 7.113 7.294 8.007 7.592 7.313 7.085 7.656 6.519 7.451 8.106 7.326 8.827 8.091 8.224 6.662 7.710 7.541 7.603 6.409 6.314 5.574 5.077 4.064 4.885 4.433 4.652 6.086 6.457 6.354 6.728 7.821 8.603 7.354 7.037 8.050 8.025 7.575 7.534 8.486 8.089 7.806 7.601 8.585 9.136 8.509 8.360 9.419 9.331 8.915 9.270 9.850 9.690 9.367 9.786 10.387 9.892 9.759 10.208 10.338 10.419 10.624 10.664 10.489 10.856 11.104 11.592 10.948 11.393 11.852 11.619 12.035 12.490 12.690 12.466 12.645 13.095 12.911 13.233 13.296 13.147 13.600 14.006 14.244 14.343
18.687 18.136 17.701 18.278 17.506 16.921 16.127 15.587 15.486 15.103 14.433 14.003 14.199 14.197 14.155 14.226 14.835 15.565 16.022 16.138 16.553 17.456 17.997 17.717 18.530 19.467 19.009 19.160 20.164 20.374 20.364 21.117 22.200 22.451 22.883 23.089 23.655 23.758 23.854 24.471 23.980 24.223 24.292 24.032 23.901 23.573 22.994 22.374 22.217 21.826 20.938 20.360 20.551 19.566 18.766 19.062 18.827 17.301 17.176 17.620 17.011 15.529 16.294 16.749 15.331 14.509 15.784 15.183 14.294 14.648 15.553 14.622 14.312 15.528 15.398 14.687 15.181 15.714 15.305 15.117 15.146 14.178 13.675 13.176 12.279 11.837 11.218 10.882 10.778 10.173 9.574 9.286 8.883 8.000 7.614 7.631 6.977 6.161 6.056 5.985 4.740 4.905 4.098 3.869 4.821 4.819 5.583 4.597 4.037 4.840 5.525 4.891 4.840 5.346 5.987 5.292 5.495 6.329 6.195 5.792 6.600 6.810 6.430 6.778 7.046 7.229 6.842 7.435 7.517 7.697 7.721 7.947 8.378 8.502 8.456 8.817 9.149 9.637 10.085 9.750 9.378 9.316 9.338 9.169 8.800 8.474 8.274 8.019 7.706 7.446 7.038 6.965 6.652 6.261 6.116 6.259 5.926 5.397 5.603 5.346 4.847 4.422 4.446 4.016 3.196 3.184 3.673 2.872 1.966 2.570 2.942 3.017 1.809 0.985 0.543 0.000 0.779 1.339 2.672 2.471 2.102 2.744 3.984 3.858 3.860 4.328 4.965 5.387 5.195 5.693 6.085 6.433 6.330 6.823 7.049 7.077 7.390 7.855 8.003 8.102 8.637 8.842 8.880 9.167 9.474 9.749 9.726 10.132 10.059 10.474 10.523 10.655 10.970 10.710 11.050 11.015 10.796 10.547 10.795 10.224 10.052 9.875 9.286 9.405 9.105 9.018 8.757 8.798 8.700 8.223 8.208 8.401 7.896 7.292 7.653 7.822 6.916 6.861 7.231 7.002 6.293 6.601 6.724 6.068 6.142 6.628 6.365 7.479 7.146 6.935 6.293 6.745 6.525 6.742 6.063 5.920 5.507 5.012 4.095 4.379 4.124 4.661 5.836 6.545 6.814 6.680 7.478 7.796 6.960 6.964 7.722 7.788 7.120 7.565 8.141 8.249 7.605 7.923 8.350 8.533 8.582 8.720 9.085 9.133 9.361 9.313 9.805 10.182 9.828 10.231 10.582 10.646 10.712 11.174 11.341 10.958 11.136 11.438 11.503 11.854 11.915 12.260 11.743 12.381 12.460 12.469 12.559 12.995 13.216 12.857 13.172 13.754 13.406 13.582 13.934 14.074 13.892 14.183 14.635 14.842
18.855 18.357 18.084 18.283 17.171 16.640 16.358 15.571 15.449 14.894 14.251 14.033 13.789 13.742 13.847 13.768 14.339 15.071 15.386 15.549 16.120 17.104 17.265 17.428 18.393 18.858 18.773 19.262 20.321 20.306 20.286 21.041 22.019 22.378 22.766 23.031 23.410 23.625 23.994 24.490 24.117 24.440 24.347 24.451 24.189 23.892 23.285 22.912 22.572 22.015 21.247 20.603 20.429 19.556 18.880 19.146 18.993 17.558 17.147 17.767 17.167 16.071 16.701 16.927 16.010 15.406 16.389 15.847 15.192 15.602 16.408 15.411 15.401 16.364 16.318 15.625 16.183 16.807 16.412 15.954 16.046 14.773 14.510 13.627 13.028 12.357 12.039 11.310 11.290 10.712 10.218 9.792 9.614 8.625 7.921 8.248 7.739 6.613 6.624 6.600 5.377 5.440 4.514 4.460 4.525 4.109 4.859 4.700 4.101 4.137 4.887 4.451 4.031 4.918 5.091 4.627 4.780 5.462 5.164 4.873 5.313 5.761 5.311 5.419 6.037 6.204 6.055 6.288 6.582 6.776 6.583 7.056 7.545 7.451 7.445 7.909 8.327 8.684 9.089 8.720 8.408 8.356 8.170 8.218 7.700 7.286 7.185 6.965 6.585 6.336 6.155 5.885 5.407 5.223 5.158 4.778 4.583 4.175 4.436 3.625 3.185 3.495 3.517 2.978 2.270 2.976 3.022 2.300 2.311 2.946 2.648 2.226 2.317 1.605 1.486 0.560 0.000 0.877 1.293 1.491 1.576 1.854 2.328 2.389 2.666 3.063 3.330 3.498 3.880 4.669 4.909 5.063 5.055 5.558 5.763 5.895 6.185 6.437 6.615 6.962 7.323 7.355 7.621 7.966 8.303 8.692 8.653 9.019 8.875 9.108 9.328 9.622 9.858 9.716 10.037 9.880 9.532 9.328 9.766 9.119 8.852 8.664 8.098 8.335 8.195 7.964 7.164 7.284 7.463 6.677 6.481 6.788 6.413 5.879 5.773 6.076 5.530 5.090 5.534 5.497 5.088 4.673 4.898 4.448 4.319 4.548 4.448 5.429 5.350 5.201 5.177 5.642 5.583 5.991 5.533 5.555 5.394 4.984 4.155 4.187 3.549 4.462 5.214 5.768 5.715 5.432 6.079 6.253 5.495 5.709 6.495 6.394 5.711 6.305 7.054 6.821 6.156 6.506 7.179 7.651 7.350 7.525 8.216 8.208 8.084 8.732 9.103 8.998 8.960 9.507 9.761 9.626 9.842 10.306 10.049 10.147 10.749 10.786 10.580 10.908 11.667 11.575 11.215 11.819 12.394 12.073 12.206 12.920 13.224 12.847 13.302 14.185 13.738 13.947 14.391 14.658 14.629 14.765 15.382 15.600
18.427 17.493 17.191 17.784 16.303 16.159 15.722 15.247 14.801 14.344 13.657 13.337 13.313 13.170 13.163 13.074 13.679 14.350 14.615 14.953 15.649 16.586 16.925 17.062 18.098 18.533 18.495 18.868 19.820 19.845 19.989 20.658 21.750 21.790 22.693 22.691 23.151 23.238 23.511 24.149 23.836 24.170 24.144 24.044 23.929 23.700 23.259 22.675 22.344 21.857 20.992 20.508 20.527 19.645 18.909 18.930 18.838 17.279 17.119 17.395 16.889 15.497 16.247 16.607 15.266 14.576 15.697 15.005 14.022 14.417 15.209 14.177 13.936 14.786 14.617 13.855 14.222 14.792 14.276 14.038 13.982 12.825 12.667 12.118 11.398 10.806 10.472 9.948 10.071 9.359 8.818 8.669 8.256 7.610 7.054 7.288 6.834 6.203 6.290 5.859 5.052 5.202 4.548 4.202 4.309 4.003 4.538 4.145 3.633 3.734 4.465 3.886 3.548 4.020 4.383 3.740 3.726 4.290 4.300 3.758 4.014 4.395 4.292 4.164 4.452 4.839 4.396 4.521 5.112 4.973 4.711 5.207 5.466 5.394 5.504 5.981 6.216 6.312 6.690 6.424 6.234 5.820 5.605 5.442 5.254 4.941 4.849 4.848 4.590 4.153 4.161 4.185 3.778 3.512 3.695 3.523 3.283 2.918 3.212 3.023 2.564 2.543 2.636 2.421 1.981 2.385 2.473 2.020 2.199 2.648 2.686 2.138 2.783 2.114 1.783 1.110 0.680 0.000 0.519 0.732 1.025 0.899 0.846 1.310 1.599 1.561 1.694 2.187 2.276 2.164 2.603 2.770 3.104 3.360 3.313 3.548 3.861 3.868 4.108 4.459 4.530 4.637 4.922 5.034 5.173 5.421 5.578 5.741 5.746 5.961 6.099 6.194 6.554 6.445 6.589 6.645 6.276 6.440 6.580 6.293 5.999 5.937 5.651 5.627 5.440 5.029 4.937 4.936 4.780 4.435 4.299 4.302 3.923 3.670 3.723 3.501 3.125 3.258 3.217 2.858 2.434 2.555 2.411 2.457 2.505 3.006 2.796 3.508 3.681 3.692 3.992 4.553 4.780 5.377 4.635 4.874 4.841 4.540 3.671 3.859 2.714 3.420 3.935 4.322 4.149 3.376 3.763 3.738 3.061 3.382 3.712 3.465 3.185 3.716 3.999 3.836 3.722 4.062 4.241 4.279 4.473 4.724 4.914 4.939 5.076 5.452 5.563 5.614 5.822 6.106 6.360 6.355 6.590 6.926 6.889 7.027 7.569 7.586 7.560 7.757 8.290 8.095 8.315 8.713 8.922 8.631 9.053 9.475 9.191 9.401 9.683 9.968 9.810 9.862 10.741 10.432 10.531 10.975 11.091 11.602
17.780 17.116 16.822 16.924 16.255 15.295 15.164 14.653 14.226 13.597 13.089 12.634 12.318 12.201 12.473 11.833 12.402 13.106 13.591 13.884 14.573 15.506 15.678 15.896 16.761 17.053 17.267 17.395 18.444 18.645 18.292 19.519 20.819 20.726 21.453 21.255 21.698 21.965 22.432 23.248 23.120 23.341 23.477 23.506 23.365 23.094 22.446 21.953 21.672 21.162 20.510 19.900 20.008 19.178 18.207 18.315 18.397 16.916 16.530 16.802 16.652 14.854 15.502 16.105 14.458 13.714 14.878 14.218 13.127 13.888 14.354 13.317 13.127 14.280 13.843 13.038 13.734 14.116 13.685 13.497 13.297 12.002 11.712 10.823 10.431 9.918 9.296 8.716 9.003 8.508 7.739 7.635 7.388 6.631 6.052 6.301 5.937 5.199 5.094 4.990 4.113 4.097 3.496 3.238 3.271 3.012 3.347 3.043 2.665 2.852 3.048 2.667 2.407 2.735 2.751 2.332 2.394 2.647 2.532 2.154 2.397 2.595 2.350 2.215 2.529 2.603 2.285 2.450 2.778 2.616 2.445 2.879 2.984 2.893 2.967 3.335 3.481 3.612 3.848 3.825 3.500 3.056 2.801 2.719 2.546 2.348 2.246 2.340 2.199 1.932 1.953 2.016 1.850 1.608 1.780 1.777 1.542 1.516 1.668 1.665 1.458 1.423 1.698 1.685 1.398 1.601 1.857 1.770 1.632 2.083 2.199 2.045 2.161 2.049 1.683 1.269 1.046 0.492 0.000 0.506 0.534 0.551 0.525 0.557 0.680 0.703 0.735 0.833 0.966 1.082 1.060 1.160 1.393 1.456 1.427 1.598 1.817 1.811 1.819 2.102 2.218 2.176 2.355 2.545 2.622 2.648 2.816 3.009 3.012 3.082 3.263 3.435 3.451 3.383 3.577 3.474 3.174 3.245 3.352 3.231 2.957 2.935 2.749 2.654 2.644 2.440 2.315 2.329 2.309 2.023 2.032 2.018 1.844 1.664 1.792 1.810 1.512 1.463 1.770 1.682 1.326 1.422 1.720 1.887 1.817 2.163 2.197 2.934 3.406 3.303 3.678 4.122 4.422 4.764 4.169 4.319 4.076 3.950 3.097 3.401 2.250 2.818 3.291 3.777 3.524 2.994 3.161 3.111 2.596 2.562 2.827 2.739 2.273 2.559 2.819 2.632 2.301 2.543 2.769 2.785 2.651 2.877 3.148 3.038 2.954 3.299 3.468 3.392 3.396 3.785 3.889 3.721 3.968 4.201 4.063 4.095 4.469 4.497 4.360 4.648 4.990 4.930 4.847 5.296 5.463 5.303 5.553 5.979 5.855 5.819 6.194 6.437 6.289 6.424 7.065 6.896 6.952 7.456 7.541 8.133
17.752 17.131 17.094 17.227 16.511 15.680 15.167 14.817 13.900 13.462 13.462 12.405 12.073 12.020 12.176 11.624 12.251 13.137 13.561 13.748 14.312 15.121 15.703 15.805 16.694 16.846 16.909 17.429 18.205 18.372 18.315 19.223 20.412 20.790 20.909 21.438 21.842 22.075 22.453 23.125 22.838 23.404 23.220 23.498 23.089 22.965 22.274 21.918 21.536 21.211 20.118 19.480 19.705 18.873 17.568 17.953 17.973 16.367 16.076 16.409 16.125 14.559 14.946 15.618 14.492 13.510 14.627 14.075 12.977 13.471 14.440 13.160 12.952 14.066 13.844 12.993 13.506 14.254 13.601 13.210 13.019 11.719 11.590 10.778 10.239 9.706 9.217 8.702 8.789 8.258 7.833 7.426 7.285 6.697 6.099 6.121 5.822 5.306 5.170 4.907 4.229 4.063 3.495 3.101 3.162 2.868 3.202 2.815 2.503 2.565 2.804 2.389 2.197 2.489 2.455 2.079 2.083 2.318 2.161 1.899 2.052 2.172 1.941 1.886 2.119 2.154 1.841 2.024 2.270 2.142 2.033 2.405 2.468 2.387 2.515 2.815 2.961 3.189 3.367 3.330 3.083 2.594 2.429 2.328 2.137 1.961 1.859 1.872 1.815 1.635 1.581 1.630 1.552 1.366 1.417 1.506 1.279 1.248 1.420 1.421 1.175 1.273 1.421 1.434 1.261 1.472 1.704 1.605 1.584 1.935 2.120 1.934 2.152 1.947 1.823 1.514 1.014 0.575 0.486 0.000 0.498 0.506 0.510 0.513 0.534 0.603 0.628 0.628 0.743 0.853 0.853 0.899 1.068 1.161 1.191 1.242 1.393 1.460 1.476 1.638 1.761 1.787 1.896 2.104 2.203 2.211 2.368 2.533 2.592 2.681 2.738 2.897 2.989 2.910 3.025 2.990 2.823 2.857 3.026 2.879 2.655 2.675 2.442 2.496 2.423 2.211 2.057 2.172 2.056 1.779 1.792 1.857 1.622 1.553 1.555 1.613 1.306 1.269 1.549 1.498 1.231 1.319 1.637 1.913 1.780 2.074 2.143 2.906 3.349 3.219 3.522 4.005 4.222 4.683 4.112 4.311 4.198 3.975 3.099 3.381 2.190 2.676 3.210 3.630 3.422 2.791 2.892 2.785 2.392 2.335 2.582 2.401 2.051 2.220 2.480 2.281 1.992 2.056 2.336 2.327 2.192 2.335 2.624 2.528 2.445 2.697 2.960 2.821 2.824 3.210 3.181 3.108 3.337 3.574 3.421 3.471 3.756 3.795 3.668 3.857 4.166 4.111 4.098 4.424 4.623 4.493 4.679 5.018 5.091 5.003 5.238 5.610 5.524 5.641 6.027 5.986 6.033 6.462 6.718 6.868
17.771 17.069 17.060 16.614 15.977 15.238 14.871 14.187 13.929 13.428 12.686 12.298 12.108 12.033 12.135 11.703 12.420 13.346 13.647 13.781 14.340 15.264 15.455 15.716 16.425 16.813 16.743 17.170 18.177 18.433 18.451 19.190 20.592 20.544 20.852 21.054 21.285 21.599 22.226 22.850 22.583 23.294 23.074 23.329 22.988 22.902 22.364 21.863 21.640 21.197 20.193 19.863 19.878 18.742 17.744 18.240 18.268 16.397 16.212 17.011 16.150 14.538 15.416 15.916 14.244 13.535 14.837 14.073 13.208 13.549 14.451 13.297 13.218 14.126 14.015 13.162 13.594 14.412 13.866 13.496 13.585 12.196 11.893 11.101 10.388 9.823 9.302 8.770 8.879 8.354 7.821 7.361 7.323 6.701 6.065 6.115 5.880 5.239 5.124 4.912 4.301 4.082 3.622 3.192 3.200 2.945 3.124 2.835 2.505 2.597 2.775 2.510 2.176 2.512 2.510 2.128 2.106 2.386 2.253 1.957 2.132 2.286 2.031 1.931 2.262 2.305 2.011 2.143 2.452 2.289 2.173 2.557 2.674 2.510 2.722 3.040 3.145 3.317 3.477 3.450 3.146 2.711 2.483 2.378 2.179 2.071 1.926 1.935 1.896 1.718 1.638 1.688 1.558 1.388 1.469 1.512 1.352 1.238 1.503 1.418 1.196 1.289 1.413 1.437 1.299 1.441 1.607 1.601 1.620 1.872 2.062 1.902 2.094 1.983 1.866 1.404 1.092 0.644 0.514 0.488 0.000 0.492 0.505 0.503 0.521 0.541 0.599 0.612 0.701 0.788 0.832 0.876 0.980 1.086 1.123 1.232 1.346 1.449 1.490 1.613 1.736 1.803 1.874 2.051 2.188 2.191 2.357 2.432 2.489 2.613 2.727 2.807 2.920 2.879 3.009 3.005 2.723 2.846 2.988 2.888 2.663 2.675 2.497 2.576 2.432 2.194 2.147 2.205 2.071 1.812 1.833 1.899 1.611 1.500 1.625 1.604 1.261 1.313 1.590 1.536 1.138 1.373 1.660 1.881 1.859 2.145 2.178 3.033 3.472 3.334 3.675 4.167 4.404 4.704 4.247 4.468 4.264 4.041 3.190 3.383 2.301 2.647 3.306 3.712 3.452 2.743 2.859 2.833 2.391 2.374 2.505 2.342 1.966 2.154 2.379 2.223 1.910 1.991 2.227 2.233 2.144 2.221 2.523 2.390 2.298 2.622 2.815 2.662 2.657 3.038 3.048 2.916 3.192 3.348 3.286 3.364 3.660 3.718 3.652 3.801 4.139 4.065 4.133 4.401 4.628 4.556 4.696 5.081 5.100 5.100 5.341 5.579 5.589 5.677 6.185 6.128 6.248 6.551 6.803 7.139
17.752 16.849 16.887 17.293 16.628 14.998 15.188 14.644 13.963 12.985 12.814 11.879 12.157 11.793 11.666 11.560 12.138 12.915 13.464 13.710 14.131 15.324 15.826 15.825 16.684 17.187 17.076 17.253 18.459 18.723 18.651 19.533 20.980 20.681 21.461 21.375 21.642 21.982 22.263 23.194 23.260 23.416 23.468 23.470 23.299 23.137 22.417 21.986 21.545 20.912 20.173 19.544 19.773 18.937 17.653 18.115 18.173 16.602 15.919 16.805 16.058 14.614 15.104 15.741 14.254 13.200 14.499 13.944 12.839 13.264 14.232 13.072 12.654 13.781 13.660 12.687 13.299 14.020 13.449 13.293 13.121 11.750 11.523 10.818 9.986 9.567 9.201 8.672 8.571 8.240 7.704 7.366 7.122 6.470 5.969 6.011 5.848 4.983 5.078 4.827 4.028 3.927 3.403 3.145 3.244 2.859 3.322 2.904 2.545 2.668 2.915 2.497 2.241 2.604 2.548 2.181 2.192 2.505 2.286 2.019 2.302 2.385 2.076 2.074 2.393 2.355 2.013 2.313 2.535 2.311 2.263 2.670 2.699 2.539 2.722 3.036 3.174 3.286 3.433 3.442 3.114 2.626 2.445 2.264 2.124 2.018 1.810 1.896 1.944 1.633 1.541 1.698 1.612 1.387 1.470 1.603 1.398 1.332 1.538 1.517 1.288 1.351 1.583 1.566 1.337 1.544 1.811 1.624 1.627 2.059 2.140 1.953 2.231 1.998 1.839 1.466 1.278 0.727 0.553 0.515 0.487 0.000 0.490 0.501 0.528 0.512 0.536 0.613 0.654 0.685 0.726 0.853 0.907 0.931 1.055 1.151 1.214 1.267 1.369 1.512 1.550 1.622 1.735 1.866 1.937 2.028 2.158 2.234 2.303 2.410 2.502 2.561 2.683 2.649 2.816 2.780 2.546 2.656 2.814 2.690 2.464 2.549 2.425 2.430 2.294 2.076 2.054 2.099 1.890 1.691 1.752 1.704 1.413 1.329 1.467 1.387 1.124 1.176 1.363 1.266 1.040 1.214 1.540 1.716 1.691 1.976 2.052 2.793 3.255 3.117 3.456 3.964 4.346 4.653 4.171 4.397 4.226 3.979 3.101 3.296 2.519 2.805 3.244 3.633 3.394 2.646 2.775 2.677 2.252 2.188 2.369 2.195 1.865 1.982 2.205 2.050 1.768 1.892 2.084 2.075 1.914 2.095 2.350 2.195 2.111 2.434 2.578 2.426 2.473 2.860 2.859 2.698 3.004 3.170 3.071 3.150 3.423 3.438 3.348 3.558 3.823 3.830 3.824 4.129 4.322 4.253 4.419 4.790 4.817 4.820 5.071 5.368 5.282 5.485 5.990 5.777 5.984 6.372 6.654 6.903
17.429 16.573 16.243 16.676 16.138 14.994 14.584 14.196 13.834 13.234 12.323 12.126 12.038 11.863 11.751 11.661 12.289 13.213 13.680 13.864 14.724 15.307 15.723 15.872 16.700 16.871 17.424 17.263 18.491 18.362 18.038 19.233 20.225 20.531 20.719 21.146 21.646 21.964 22.437 23.114 23.050 23.467 23.267 23.382 23.313 23.138 22.378 22.178 21.508 21.301 20.185 19.726 19.906 18.921 17.838 18.075 18.022 16.749 16.198 16.425 16.127 14.862 15.129 15.927 14.395 13.771 14.709 14.038 13.275 13.681 14.415 13.374 13.141 14.139 13.832 12.979 13.652 14.199 13.656 13.331 13.370 11.972 11.677 10.790 10.154 9.666 9.121 8.607 8.790 8.282 7.557 7.278 7.135 6.419 5.954 5.962 5.685 4.944 4.979 4.724 3.936 3.818 3.301 2.913 2.920 2.648 2.940 2.669 2.332 2.434 2.588 2.273 2.083 2.341 2.282 1.928 1.966 2.179 1.989 1.772 1.954 2.021 1.743 1.715 2.004 1.945 1.643 1.873 2.056 1.876 1.815 2.163 2.190 2.058 2.201 2.526 2.661 2.899 3.061 2.902 2.697 2.194 2.001 1.906 1.751 1.609 1.457 1.511 1.518 1.316 1.239 1.367 1.308 1.124 1.234 1.317 1.162 1.150 1.354 1.315 1.134 1.221 1.388 1.431 1.250 1.378 1.636 1.534 1.504 1.855 2.022 1.898 2.105 1.941 1.877 1.516 1.217 0.653 0.543 0.504 0.490 0.485 0.000 0.487 0.495 0.507 0.497 0.513 0.569 0.611 0.603 0.683 0.770 0.780 0.807 0.927 1.036 1.069 1.114 1.235 1.308 1.342 1.431 1.605 1.627 1.685 1.858 1.944 1.977 2.075 2.198 2.294 2.340 2.327 2.446 2.403 2.158 2.288 2.422 2.290 2.040 2.112 1.984 2.030 1.909 1.675 1.661 1.742 1.553 1.339 1.415 1.419 1.187 1.071 1.217 1.195 0.923 0.957 1.228 1.157 0.950 1.136 1.488 1.684 1.704 1.965 2.049 2.857 3.206 3.018 3.330 3.931 4.308 4.723 4.074 4.383 4.203 3.988 3.070 3.250 2.172 2.639 3.205 3.607 3.323 2.686 2.765 2.669 2.205 2.182 2.351 2.151 1.814 1.937 2.176 1.996 1.673 1.754 1.964 1.950 1.795 1.925 2.157 1.999 1.912 2.212 2.357 2.176 2.243 2.596 2.561 2.446 2.704 2.902 2.772 2.855 3.162 3.173 3.060 3.260 3.530 3.452 3.504 3.842 3.926 3.875 4.110 4.437 4.410 4.417 4.710 4.969 4.883 5.026 5.610 5.537 5.604 6.084 6.265 6.703
17.846 16.928 17.187 16.551 16.197 15.134 14.843 14.212 13.523 13.090 12.629 12.001 12.017 12.040 11.870 11.548 12.233 13.456 13.771 13.707 14.393 15.452 15.322 15.671 16.306 16.687 16.840 17.232 18.490 18.586 18.339 19.367 20.754 20.760 20.964 21.338 21.349 21.641 22.223 23.118 22.555 23.383 23.203 23.497 23.091 23.072 22.528 21.852 21.742 21.047 20.290 19.681 19.877 18.858 17.488 18.208 18.353 16.334 16.062 16.542 16.181 14.647 15.117 15.820 14.394 13.786 14.886 14.183 13.160 13.715 14.575 13.365 13.164 14.074 13.975 12.985 13.568 14.266 13.548 13.336 13.251 11.846 11.550 10.722 9.961 9.520 8.889 8.331 8.597 8.206 7.323 7.052 7.162 6.504 5.678 5.845 5.746 5.062 4.765 4.673 4.014 3.795 3.204 2.890 2.789 2.529 2.714 2.575 2.289 2.307 2.471 2.224 1.942 2.221 2.209 1.902 1.834 2.100 1.931 1.713 1.882 1.932 1.663 1.655 1.956 1.854 1.594 1.795 2.011 1.830 1.746 2.092 2.106 1.983 2.166 2.531 2.606 2.799 2.908 2.870 2.620 2.105 1.907 1.784 1.624 1.555 1.413 1.407 1.429 1.269 1.179 1.285 1.228 1.029 1.134 1.266 1.080 1.068 1.279 1.246 1.100 1.256 1.332 1.351 1.224 1.398 1.590 1.500 1.518 1.806 1.890 1.734 2.049 1.865 1.717 1.482 1.130 0.707 0.550 0.506 0.495 0.487 0.485 0.000 0.486 0.490 0.492 0.492 0.511 0.547 0.547 0.593 0.667 0.736 0.734 0.795 0.931 0.971 1.022 1.130 1.233 1.270 1.320 1.509 1.587 1.603 1.752 1.865 1.908 1.969 2.133 2.210 2.234 2.229 2.367 2.327 2.101 2.176 2.343 2.214 1.984 2.053 1.920 1.961 1.867 1.632 1.597 1.683 1.511 1.315 1.353 1.394 1.132 1.038 1.203 1.163 0.904 0.919 1.228 1.114 0.911 1.086 1.403 1.626 1.535 1.930 2.041 2.769 3.302 3.037 3.424 3.881 4.144 4.517 4.022 4.291 4.069 3.976 3.027 3.397 2.108 2.575 3.204 3.599 3.325 2.549 2.676 2.561 2.225 2.156 2.273 2.147 1.799 1.892 2.105 1.982 1.626 1.741 1.876 1.887 1.772 1.864 2.106 1.987 1.871 2.172 2.347 2.130 2.184 2.511 2.517 2.359 2.639 2.794 2.689 2.766 3.011 3.061 2.975 3.201 3.416 3.387 3.390 3.678 3.848 3.789 3.949 4.303 4.286 4.324 4.580 4.798 4.840 4.868 5.420 5.392 5.511 5.862 6.015 6.435
17.817 16.639 16.998 17.050 16.479 15.219 15.350 14.541 13.738 12.861 12.752 11.881 11.787 11.703 11.875 11.365 12.049 12.789 13.299 13.529 13.935 15.425 15.446 15.496 16.436 16.782 17.133 16.791 18.247 18.334 18.352 19.058 19.935 20.421 20.825 21.050 21.439 21.727 22.198 22.751 23.060 23.279 23.280 23.012 23.214 22.999 22.626 21.814 21.331 21.052 19.962 19.305 19.989 18.615 17.486 17.911 17.758 16.246 15.630 16.151 15.851 14.295 14.684 15.404 13.967 13.086 14.412 13.906 12.827 13.336 14.299 13.300 12.779 14.032 13.935 13.209 13.554 14.303 13.516 13.353 13.148 11.969 11.649 10.682 9.992 9.614 8.878 8.472 8.787 8.221 7.551 7.214 7.224 6.650 6.105 6.170 5.920 5.126 4.999 4.869 4.040 3.885 3.365 2.990 2.989 2.666 2.964 2.651 2.265 2.433 2.572 2.260 1.976 2.285 2.233 1.815 1.879 2.147 1.948 1.697 1.930 2.056 1.710 1.708 2.018 1.949 1.645 1.872 2.092 1.885 1.799 2.192 2.194 2.015 2.277 2.529 2.625 2.789 2.978 2.936 2.625 2.130 1.982 1.852 1.716 1.606 1.436 1.478 1.489 1.318 1.222 1.297 1.281 1.087 1.166 1.273 1.094 1.044 1.285 1.297 1.128 1.057 1.277 1.308 1.183 1.288 1.542 1.419 1.512 1.772 1.929 1.786 2.054 1.960 1.672 1.559 1.236 0.777 0.615 0.536 0.506 0.500 0.496 0.486 0.000 0.489 0.494 0.496 0.511 0.528 0.566 0.609 0.660 0.720 0.772 0.809 0.931 1.023 1.055 1.112 1.209 1.290 1.331 1.447 1.547 1.587 1.716 1.823 1.907 1.951 2.052 2.152 2.242 2.184 2.335 2.328 2.116 2.177 2.321 2.221 2.004 2.086 1.982 2.000 1.915 1.658 1.716 1.732 1.528 1.351 1.449 1.443 1.197 1.100 1.243 1.244 0.915 1.029 1.244 1.170 0.887 1.128 1.451 1.594 1.722 1.932 1.995 2.900 3.416 3.203 3.630 4.014 4.274 4.632 4.244 4.367 4.140 4.074 3.300 3.529 2.224 2.904 3.383 3.843 3.468 2.714 2.713 2.668 2.239 2.227 2.342 2.164 1.776 1.958 2.128 2.041 1.650 1.728 1.893 1.866 1.741 1.814 2.077 1.912 1.809 2.101 2.248 2.059 2.085 2.404 2.416 2.253 2.500 2.690 2.596 2.612 2.909 2.928 2.830 3.004 3.258 3.291 3.251 3.507 3.657 3.647 3.762 4.107 4.129 4.124 4.379 4.578 4.620 4.758 5.198 5.105 5.249 5.565 5.767 6.183
18.040 17.300 17.048 17.293 16.629 15.816 15.910 14.787 14.033 13.550 13.189 12.002 12.175 11.817 11.817 11.311 12.212 12.596 13.285 13.668 14.235 15.433 15.841 15.718 16.573 17.080 17.060 17.269 18.338 18.107 17.953 19.017 19.947 19.996 20.379 20.870 20.838 21.461 21.848 22.819 22.799 23.091 23.227 23.267 23.204 22.994 22.278 21.867 21.557 20.938 19.986 19.574 19.700 18.754 17.796 17.817 18.043 16.722 15.750 16.429 15.970 14.787 14.878 15.549 14.233 13.432 14.417 13.899 13.006 13.412 14.030 13.075 12.784 13.769 13.755 12.824 13.328 13.765 13.314 13.104 12.854 11.655 11.318 10.500 9.860 9.547 8.865 8.417 8.409 8.010 7.404 7.103 7.008 6.428 5.825 5.928 5.649 4.933 4.898 4.695 3.905 3.719 3.221 2.842 2.916 2.584 2.880 2.550 2.282 2.382 2.519 2.184 1.997 2.254 2.195 1.907 1.947 2.132 1.920 1.722 1.950 1.983 1.690 1.713 1.975 1.881 1.606 1.850 2.047 1.837 1.770 2.118 2.152 2.006 2.183 2.473 2.582 2.764 2.924 2.846 2.563 2.060 1.889 1.760 1.632 1.530 1.361 1.414 1.437 1.241 1.168 1.311 1.241 1.039 1.182 1.280 1.106 1.064 1.303 1.317 1.082 1.094 1.345 1.349 1.187 1.297 1.567 1.458 1.524 1.892 1.999 1.821 2.068 1.988 1.875 1.509 1.245 0.768 0.622 0.568 0.515 0.499 0.498 0.491 0.486 0.000 0.486 0.494 0.504 0.501 0.520 0.575 0.619 0.627 0.693 0.772 0.837 0.862 0.969 1.059 1.071 1.148 1.237 1.343 1.390 1.472 1.570 1.640 1.703 1.808 1.918 1.959 2.020 2.051 2.162 2.145 1.928 2.029 2.162 2.059 1.854 1.937 1.843 1.886 1.738 1.550 1.569 1.601 1.383 1.241 1.318 1.262 1.022 0.986 1.100 1.027 0.792 0.878 1.118 1.009 0.813 1.018 1.372 1.604 1.619 1.836 1.955 2.730 3.224 3.028 3.478 3.769 4.135 4.444 4.029 4.202 4.055 3.963 3.130 3.419 2.249 2.861 3.246 3.785 3.383 2.630 2.735 2.590 2.185 2.107 2.226 2.047 1.657 1.816 2.039 1.813 1.476 1.580 1.741 1.735 1.555 1.682 1.842 1.732 1.657 1.921 2.056 1.893 1.958 2.236 2.256 2.098 2.368 2.548 2.440 2.474 2.774 2.801 2.692 2.863 3.123 3.086 3.090 3.395 3.509 3.455 3.637 3.952 3.880 3.939 4.228 4.386 4.369 4.514 5.001 4.942 5.093 5.451 5.648 5.981
16.901 16.316 16.332 16.362 15.865 14.937 14.278 13.874 13.665 12.645 12.667 11.942 12.114 11.617 11.653 11.656 12.313 13.212 13.731 13.976 14.670 15.671 15.809 15.819 16.661 17.017 16.920 17.254 18.601 18.422 18.037 19.232 20.609 20.484 20.907 21.144 21.354 21.694 22.016 23.011 22.604 23.441 23.342 23.573 23.324 23.245 22.609 22.029 22.052 21.242 20.508 19.786 20.042 19.112 17.855 18.383 18.528 16.779 16.396 16.863 16.410 14.935 15.389 15.893 14.619 13.977 15.018 14.317 13.377 13.943 14.600 13.452 13.318 14.251 14.128 13.270 13.681 14.263 13.701 13.297 13.056 11.787 11.432 10.584 10.051 9.453 8.877 8.293 8.611 8.167 7.328 7.121 7.083 6.511 5.654 5.814 5.756 4.979 4.770 4.653 3.956 3.782 3.158 2.906 2.840 2.559 2.859 2.620 2.292 2.358 2.534 2.240 1.998 2.242 2.194 1.887 1.864 2.059 1.885 1.690 1.805 1.870 1.631 1.595 1.837 1.745 1.502 1.688 1.864 1.692 1.637 1.944 1.938 1.820 2.024 2.282 2.372 2.559 2.704 2.631 2.363 1.877 1.739 1.601 1.475 1.395 1.272 1.293 1.315 1.112 1.071 1.191 1.159 0.958 1.095 1.200 1.057 1.081 1.276 1.253 1.097 1.227 1.344 1.393 1.259 1.351 1.608 1.533 1.536 1.850 2.004 1.862 2.072 1.961 1.853 1.594 1.309 0.865 0.668 0.641 0.571 0.512 0.507 0.494 0.490 0.486 0.000 0.486 0.498 0.508 0.500 0.515 0.585 0.607 0.614 0.696 0.804 0.825 0.870 0.999 1.038 1.093 1.143 1.300 1.343 1.366 1.488 1.574 1.622 1.696 1.849 1.908 1.930 1.924 2.090 1.980 1.782 1.881 2.027 1.922 1.716 1.818 1.723 1.742 1.647 1.425 1.412 1.458 1.291 1.135 1.202 1.208 0.949 0.912 1.057 1.029 0.780 0.848 1.097 1.054 0.806 1.006 1.404 1.745 1.719 1.811 2.009 2.683 3.290 3.026 3.505 3.814 4.119 4.422 3.991 4.244 4.097 4.030 3.069 3.451 2.122 2.718 3.263 3.714 3.332 2.566 2.719 2.573 2.190 2.130 2.261 2.057 1.762 1.880 2.054 1.859 1.540 1.609 1.759 1.738 1.581 1.676 1.897 1.744 1.635 1.900 2.057 1.874 1.907 2.233 2.168 2.066 2.333 2.515 2.361 2.433 2.705 2.723 2.597 2.808 3.052 2.970 3.011 3.305 3.397 3.372 3.569 3.878 3.821 3.895 4.165 4.352 4.363 4.409 4.949 4.872 4.969 5.366 5.508 5.911
17.340 16.551 16.486 16.554 15.899 14.713 14.392 13.967 13.320 12.476 12.639 11.823 11.896 11.768 12.000 11.319 11.877 12.898 13.242 13.507 14.278 15.598 15.781 15.751 16.951 17.295 16.946 16.958 18.445 18.443 18.112 18.865 20.401 20.240 20.646 20.927 21.216 21.451 21.908 22.878 22.613 23.314 23.148 23.330 23.122 23.105 22.537 21.980 21.693 21.157 20.162 19.679 19.961 18.874 17.631 18.390 18.293 16.620 15.995 16.690 16.104 14.756 15.203 15.905 14.312 13.686 14.943 14.117 13.190 13.752 14.619 13.300 13.201 14.284 14.050 13.167 13.635 14.311 13.748 13.389 13.310 11.710 11.447 10.503 9.858 9.459 8.816 8.157 8.531 8.020 7.193 6.996 7.031 6.341 5.489 5.731 5.530 4.804 4.685 4.489 3.831 3.620 3.018 2.698 2.644 2.376 2.597 2.425 2.096 2.150 2.276 2.023 1.782 2.015 2.011 1.714 1.668 1.863 1.725 1.532 1.637 1.702 1.452 1.425 1.688 1.599 1.354 1.568 1.750 1.579 1.509 1.780 1.829 1.663 1.874 2.162 2.247 2.438 2.572 2.570 2.288 1.758 1.608 1.481 1.374 1.264 1.170 1.163 1.198 1.055 0.931 1.063 1.047 0.849 0.959 1.094 0.994 0.957 1.095 1.148 1.042 1.184 1.250 1.227 1.133 1.291 1.421 1.425 1.461 1.749 1.791 1.702 1.974 1.918 1.865 1.661 1.339 0.917 0.678 0.620 0.578 0.533 0.500 0.495 0.495 0.489 0.485 0.000 0.487 0.493 0.493 0.494 0.514 0.540 0.554 0.593 0.671 0.728 0.767 0.845 0.939 0.983 1.025 1.132 1.208 1.259 1.328 1.450 1.491 1.553 1.664 1.771 1.813 1.766 1.952 1.875 1.667 1.745 1.918 1.813 1.627 1.714 1.622 1.672 1.535 1.342 1.354 1.426 1.250 1.095 1.192 1.197 0.946 0.842 1.026 0.963 0.721 0.783 1.028 0.994 0.796 0.987 1.304 1.569 1.670 1.823 1.966 2.741 3.364 2.974 3.496 3.714 4.069 4.334 4.033 4.211 4.040 3.949 3.033 3.402 2.127 2.706 3.225 3.665 3.312 2.463 2.614 2.504 2.149 2.055 2.176 2.007 1.669 1.741 1.964 1.799 1.458 1.546 1.683 1.669 1.504 1.615 1.762 1.634 1.556 1.756 1.890 1.727 1.751 2.043 2.047 1.885 2.150 2.292 2.183 2.191 2.472 2.513 2.387 2.568 2.803 2.765 2.734 3.034 3.130 3.132 3.277 3.546 3.528 3.617 3.818 4.001 4.028 4.068 4.526 4.530 4.612 4.919 5.081 5.500
17.206 16.393 16.865 16.631 16.728 15.205 14.593 14.143 13.662 13.154 12.012 12.526 11.888 11.858 11.922 11.383 11.850 12.851 13.166 13.511 13.886 14.851 15.844 15.503 16.508 17.373 17.062 17.276 18.977 18.607 18.276 19.146 20.372 20.084 20.775 21.106 21.455 21.719 21.930 22.996 22.698 23.185 23.281 23.328 23.105 22.858 22.236 21.429 21.455 20.421 20.210 19.262 19.590 18.377 17.365 17.479 17.700 16.082 15.510 16.061 15.794 14.057 14.435 15.094 13.681 12.942 14.132 13.618 12.568 12.946 13.751 12.867 12.681 13.456 13.473 12.826 12.976 13.614 13.063 12.875 12.594 11.416 11.139 10.244 9.602 9.218 8.452 8.011 8.306 7.821 6.933 6.861 6.855 6.103 5.581 5.658 5.503 4.747 4.696 4.599 3.706 3.612 3.113 2.736 2.789 2.439 2.714 2.372 2.097 2.220 2.306 1.997 1.808 2.051 1.954 1.721 1.662 1.864 1.682 1.496 1.614 1.679 1.428 1.425 1.664 1.588 1.319 1.537 1.742 1.536 1.495 1.793 1.842 1.699 1.844 2.115 2.203 2.420 2.564 2.513 2.312 1.768 1.650 1.521 1.387 1.293 1.176 1.174 1.202 1.051 0.977 1.086 1.050 0.879 0.993 1.095 0.948 0.906 1.087 1.139 1.020 1.180 1.224 1.281 1.173 1.241 1.476 1.447 1.530 1.834 1.889 1.777 2.032 1.974 1.864 1.714 1.401 1.018 0.824 0.727 0.681 0.610 0.564 0.522 0.508 0.497 0.491 0.485 0.000 0.486 0.491 0.506 0.501 0.523 0.557 0.584 0.627 0.686 0.757 0.801 0.882 0.955 0.987 1.070 1.164 1.223 1.264 1.396 1.444 1.510 1.596 1.697 1.748 1.725 1.862 1.819 1.628 1.718 1.838 1.772 1.559 1.640 1.571 1.619 1.521 1.333 1.347 1.393 1.213 1.054 1.127 1.130 0.889 0.853 1.014 0.933 0.739 0.812 1.020 0.927 0.837 0.958 1.282 1.523 1.538 1.779 1.957 2.683 3.336 2.983 3.415 3.795 4.054 4.328 3.941 4.171 4.042 3.944 3.012 3.329 2.088 2.825 3.202 3.644 3.307 2.513 2.558 2.484 2.098 1.991 2.082 1.965 1.659 1.653 1.881 1.726 1.378 1.422 1.566 1.585 1.364 1.494 1.693 1.530 1.449 1.664 1.843 1.625 1.702 1.984 1.970 1.839 2.069 2.209 2.118 2.114 2.349 2.410 2.316 2.418 2.702 2.689 2.641 2.958 3.072 3.077 3.202 3.478 3.463 3.563 3.755 3.960 3.993 4.059 4.479 4.470 4.625 4.841 5.095 5.527
17.627 16.238 16.397 16.149 15.483 14.859 14.692 13.825 13.438 13.352 12.671 11.752 12.135 12.235 12.014 11.402 12.168 12.923 13.341 13.779 14.644 15.585 16.212 16.119 17.220 17.787 17.360 17.778 19.142 18.717 18.422 19.215 20.332 20.139 20.454 20.687 21.125 21.597 21.862 22.877 22.822 23.278 23.283 23.455 23.256 23.132 22.606 22.066 21.842 21.279 20.557 19.677 19.939 19.070 17.884 18.000 18.171 16.759 15.934 16.402 16.065 14.750 14.768 15.513 14.253 13.264 14.312 13.867 12.870 13.270 14.006 13.107 12.753 13.660 13.741 12.963 13.273 13.840 13.442 13.068 12.922 11.577 11.178 10.385 9.716 9.305 8.623 8.142 8.294 7.770 7.095 6.912 6.865 6.257 5.412 5.633 5.374 4.734 4.601 4.484 3.710 3.534 2.988 2.681 2.656 2.461 2.698 2.434 2.133 2.217 2.337 2.116 1.882 2.082 2.048 1.808 1.778 1.925 1.806 1.592 1.722 1.748 1.527 1.521 1.731 1.652 1.416 1.598 1.758 1.581 1.510 1.796 1.823 1.676 1.812 2.094 2.246 2.382 2.574 2.501 2.231 1.735 1.555 1.447 1.324 1.233 1.120 1.172 1.205 0.981 0.949 1.129 1.072 0.904 1.057 1.160 1.026 1.027 1.222 1.222 1.094 1.146 1.268 1.338 1.167 1.295 1.506 1.461 1.471 1.813 1.892 1.809 1.966 1.883 1.841 1.698 1.364 1.066 0.900 0.830 0.725 0.645 0.644 0.577 0.520 0.501 0.500 0.490 0.485 0.000 0.486 0.493 0.499 0.497 0.510 0.562 0.605 0.607 0.688 0.787 0.794 0.842 0.954 1.023 1.048 1.094 1.194 1.295 1.309 1.375 1.488 1.552 1.572 1.572 1.714 1.626 1.453 1.571 1.673 1.600 1.423 1.524 1.469 1.448 1.372 1.195 1.215 1.243 1.058 0.950 1.024 1.006 0.789 0.762 0.892 0.792 0.637 0.725 0.848 0.785 0.635 0.902 1.255 1.436 1.522 1.714 1.868 2.622 3.366 3.019 3.411 3.775 4.021 4.357 3.966 4.166 4.002 3.951 3.040 3.399 2.060 2.721 3.070 3.596 3.251 2.488 2.595 2.527 2.122 2.002 2.207 1.955 1.620 1.688 1.965 1.705 1.310 1.443 1.589 1.543 1.320 1.466 1.625 1.501 1.419 1.633 1.745 1.596 1.655 1.939 1.920 1.782 2.046 2.130 2.024 2.085 2.341 2.307 2.223 2.432 2.630 2.592 2.585 2.895 2.973 2.932 3.105 3.375 3.315 3.331 3.622 3.733 3.714 3.827 4.250 4.162 4.305 4.639 4.789 5.131
17.289 16.763 16.495 16.637 15.878 15.047 14.395 13.895 13.672 12.779 12.484 11.728 12.093 11.794 11.809 11.571 12.234 13.056 13.359 13.726 14.482 15.359 16.011 16.071 17.229 17.455 17.306 16.965 18.674 18.481 18.204 19.104 20.401 20.429 20.663 21.094 21.374 21.635 22.051 22.862 22.545 23.419 23.172 23.424 23.229 23.155 22.636 22.067 21.889 21.382 20.450 19.906 20.080 19.107 18.104 18.416 18.346 17.061 16.362 16.601 16.309 15.080 15.453 15.866 14.460 14.057 15.079 14.351 13.458 13.959 14.691 13.534 13.428 14.280 14.212 13.372 13.788 14.330 13.708 13.258 13.077 11.676 11.335 10.266 9.795 9.484 8.687 7.998 8.558 8.178 7.106 6.898 7.142 6.362 5.500 5.655 5.651 4.852 4.518 4.537 3.800 3.609 2.989 2.707 2.681 2.475 2.700 2.490 2.158 2.266 2.373 2.189 1.904 2.135 2.076 1.808 1.782 1.948 1.811 1.567 1.720 1.729 1.491 1.438 1.711 1.524 1.306 1.480 1.657 1.467 1.371 1.652 1.683 1.520 1.719 1.977 2.097 2.221 2.356 2.381 2.116 1.583 1.425 1.336 1.192 1.079 1.001 1.015 1.069 0.886 0.863 0.987 0.971 0.825 0.974 1.051 0.996 1.035 1.170 1.173 1.068 1.210 1.326 1.359 1.240 1.390 1.592 1.537 1.582 1.875 1.983 1.866 2.028 2.001 1.970 1.813 1.488 1.127 0.920 0.884 0.801 0.679 0.605 0.579 0.547 0.517 0.511 0.492 0.490 0.485 0.000 0.487 0.491 0.496 0.495 0.505 0.539 0.556 0.590 0.669 0.740 0.768 0.810 0.949 0.994 1.031 1.105 1.226 1.242 1.314 1.425 1.513 1.533 1.521 1.691 1.576 1.398 1.478 1.613 1.531 1.313 1.383 1.328 1.332 1.246 1.095 1.105 1.136 0.979 0.868 0.931 0.965 0.736 0.662 0.788 0.795 0.639 0.661 0.812 0.832 0.640 0.891 1.244 1.542 1.521 1.713 1.903 2.698 3.418 2.947 3.574 3.678 4.022 4.333 4.062 4.185 4.018 3.986 3.132 3.496 2.129 2.779 3.321 3.688 3.358 2.466 2.558 2.439 2.174 2.080 2.136 2.021 1.718 1.731 1.919 1.800 1.429 1.485 1.595 1.612 1.393 1.463 1.654 1.549 1.401 1.598 1.772 1.572 1.586 1.902 1.847 1.722 1.962 2.087 1.978 2.028 2.256 2.285 2.178 2.396 2.563 2.535 2.532 2.816 2.888 2.873 3.074 3.277 3.276 3.357 3.564 3.707 3.752 3.815 4.247 4.194 4.326 4.574 4.722 5.097
16.963 15.993 16.157 16.275 15.847 14.587 13.887 13.526 13.165 12.389 12.199 11.620 11.720 11.839 11.679 11.311 11.736 12.953 13.139 13.255 13.800 15.084 15.510 15.821 16.829 17.516 17.320 17.706 19.162 19.245 18.454 19.100 20.408 20.125 20.696 20.972 21.400 21.706 21.986 22.773 22.727 23.306 23.264 23.329 23.300 23.332 22.782 22.194 21.773 21.234 20.342 19.622 19.944 18.824 17.563 18.211 18.094 16.420 15.752 16.511 15.900 14.409 14.941 15.693 14.022 13.397 14.764 14.043 13.134 13.639 14.596 13.343 13.143 14.346 14.292 13.411 13.738 14.554 13.948 13.554 13.627 12.010 11.469 10.681 9.941 9.522 8.834 8.231 8.596 8.005 7.180 7.037 7.036 6.308 5.598 5.865 5.621 4.888 4.827 4.636 3.979 3.802 3.231 2.979 3.038 2.770 3.050 2.766 2.395 2.525 2.624 2.248 2.073 2.321 2.254 1.954 1.948 2.109 1.924 1.704 1.860 1.841 1.563 1.610 1.807 1.686 1.447 1.667 1.782 1.571 1.601 1.855 1.833 1.665 1.864 2.178 2.241 2.401 2.534 2.472 2.203 1.755 1.614 1.430 1.290 1.236 1.096 1.102 1.186 0.991 0.878 1.059 1.074 0.815 0.977 1.236 1.126 1.062 1.315 1.377 1.194 1.268 1.506 1.527 1.366 1.501 1.728 1.708 1.739 2.024 2.128 2.033 2.230 2.140 2.002 1.865 1.583 1.284 1.131 0.981 0.931 0.852 0.734 0.668 0.670 0.590 0.523 0.504 0.515 0.494 0.486 0.000 0.487 0.500 0.502 0.496 0.520 0.598 0.624 0.639 0.762 0.833 0.812 0.925 1.101 1.092 1.102 1.251 1.337 1.344 1.407 1.534 1.621 1.588 1.802 1.764 1.554 1.619 1.840 1.736 1.498 1.669 1.584 1.637 1.513 1.308 1.370 1.420 1.169 1.057 1.195 1.127 0.883 0.830 1.006 0.944 0.718 0.786 1.014 0.935 0.793 1.024 1.375 1.601 1.582 1.760 1.929 2.719 3.388 2.997 3.493 3.720 4.070 4.396 4.021 4.224 4.105 4.039 3.166 3.457 2.162 2.835 3.235 3.730 3.429 2.585 2.705 2.566 2.216 2.098 2.227 2.107 1.741 1.816 1.988 1.877 1.486 1.521 1.641 1.676 1.398 1.475 1.667 1.544 1.385 1.617 1.702 1.552 1.594 1.812 1.788 1.653 1.892 2.009 1.901 1.945 2.181 2.215 2.112 2.280 2.501 2.448 2.403 2.688 2.791 2.757 2.885 3.190 3.113 3.193 3.417 3.591 3.597 3.637 4.101 4.053 4.177 4.441 4.668 4.904
17.257 16.023 16.569 16.231 16.014 14.963 14.643 14.064 13.589 13.262 12.122 12.307 12.373 11.284 11.849 11.835 12.595 12.852 13.716 13.780 14.164 14.993 15.627 16.073 16.549 17.625 17.628 18.051 19.492 19.198 18.759 19.668 20.709 20.278 20.934 21.270 21.784 22.031 22.164 22.951 23.003 23.398 23.465 23.445 23.369 23.230 22.689 21.979 21.656 21.215 20.434 19.689 19.746 19.041 17.824 17.802 17.956 16.393 15.677 16.111 15.703 14.351 14.559 15.463 14.096 13.211 14.219 13.830 12.936 13.407 14.148 13.218 12.904 13.834 13.871 13.107 13.432 13.944 13.604 13.276 13.231 11.894 11.534 10.766 9.949 9.384 8.870 8.391 8.526 8.059 7.251 7.071 7.221 6.399 5.662 5.908 5.574 4.824 4.786 4.722 3.859 3.717 3.192 2.830 2.921 2.631 2.925 2.582 2.291 2.404 2.466 2.215 1.996 2.226 2.151 1.911 1.904 2.050 1.839 1.664 1.810 1.746 1.508 1.540 1.737 1.595 1.362 1.591 1.661 1.484 1.457 1.736 1.689 1.602 1.767 2.028 2.122 2.295 2.384 2.392 2.107 1.620 1.510 1.364 1.213 1.158 1.013 1.032 1.119 0.977 0.900 1.007 1.028 0.855 0.936 1.112 1.025 1.073 1.225 1.278 1.165 1.258 1.445 1.468 1.317 1.445 1.691 1.593 1.640 1.941 2.048 1.942 2.065 2.048 1.923 1.789 1.544 1.284 1.102 1.012 0.921 0.821 0.753 0.687 0.636 0.588 0.542 0.506 0.501 0.496 0.492 0.485 0.000 0.486 0.494 0.495 0.496 0.515 0.552 0.582 0.617 0.691 0.734 0.793 0.896 0.953 0.996 1.052 1.128 1.196 1.270 1.331 1.393 1.416 1.596 1.530 1.349 1.440 1.602 1.528 1.337 1.454 1.391 1.431 1.321 1.137 1.208 1.265 1.047 0.935 1.022 0.998 0.796 0.736 0.923 0.871 0.677 0.745 0.948 0.875 0.793 0.959 1.267 1.528 1.524 1.756 1.917 2.603 3.290 2.900 3.378 3.675 4.004 4.341 3.913 4.170 4.040 3.983 3.066 3.359 2.155 2.781 3.270 3.716 3.340 2.479 2.561 2.407 2.067 2.002 2.102 1.919 1.609 1.642 1.874 1.748 1.382 1.424 1.505 1.477 1.267 1.351 1.497 1.318 1.247 1.458 1.573 1.376 1.414 1.647 1.653 1.558 1.765 1.897 1.797 1.844 2.044 2.078 1.979 2.169 2.386 2.373 2.312 2.633 2.751 2.721 2.828 3.124 3.118 3.110 3.385 3.535 3.594 3.650 4.039 4.099 4.182 4.435 4.606 4.907
17.562 16.036 15.933 16.543 15.319 14.663 14.247 13.788 13.476 12.699 12.572 11.651 11.931 12.034 11.717 11.480 12.103 13.335 13.301 13.779 14.180 14.982 16.358 16.359 17.011 17.650 17.587 17.986 19.366 18.854 18.476 19.578 20.376 20.325 20.628 21.155 21.607 21.962 22.058 22.788 22.770 23.311 23.348 23.467 23.370 23.307 22.869 22.360 21.974 21.548 20.679 19.869 20.011 19.187 17.825 18.162 18.278 16.652 15.974 16.288 15.994 14.765 14.832 15.384 14.010 13.449 14.387 13.826 13.000 13.317 14.049 13.163 13.035 13.692 13.734 13.182 13.257 13.875 13.410 13.010 12.790 11.432 11.147 10.144 9.660 9.223 8.563 7.970 8.329 7.804 6.996 6.850 6.878 6.181 5.418 5.647 5.440 4.698 4.500 4.386 3.684 3.505 2.928 2.657 2.646 2.370 2.655 2.390 2.096 2.182 2.280 2.050 1.833 2.056 2.044 1.779 1.707 1.865 1.753 1.555 1.632 1.630 1.433 1.418 1.575 1.461 1.259 1.415 1.511 1.376 1.308 1.533 1.532 1.439 1.550 1.800 1.936 2.083 2.254 2.310 1.999 1.473 1.346 1.231 1.088 0.970 0.870 0.948 0.977 0.828 0.806 0.924 0.934 0.814 0.920 1.064 1.000 1.037 1.177 1.216 1.102 1.205 1.314 1.424 1.291 1.412 1.628 1.594 1.550 1.866 1.955 1.859 2.013 2.007 1.950 1.837 1.613 1.280 1.119 1.060 0.981 0.838 0.786 0.753 0.666 0.602 0.567 0.523 0.506 0.500 0.493 0.490 0.485 0.000 0.486 0.492 0.497 0.493 0.507 0.541 0.564 0.588 0.646 0.722 0.760 0.811 0.912 0.947 0.963 1.049 1.150 1.219 1.244 1.241 1.407 1.332 1.163 1.259 1.380 1.318 1.137 1.208 1.177 1.194 1.093 0.963 0.990 1.029 0.864 0.760 0.826 0.831 0.645 0.656 0.728 0.716 0.564 0.655 0.816 0.803 0.711 0.908 1.240 1.509 1.439 1.609 1.903 2.585 3.332 2.907 3.440 3.597 3.967 4.245 3.873 4.093 3.956 3.929 3.034 3.414 2.124 2.669 3.231 3.576 3.237 2.392 2.435 2.323 2.011 1.911 1.974 1.996 1.605 1.617 1.831 1.743 1.340 1.368 1.477 1.470 1.263 1.296 1.446 1.346 1.198 1.415 1.468 1.315 1.370 1.618 1.533 1.477 1.690 1.801 1.710 1.748 1.973 1.908 1.865 2.066 2.214 2.189 2.180 2.498 2.536 2.528 2.681 2.926 2.895 2.907 3.165 3.279 3.336 3.357 3.766 3.742 3.865 4.157 4.293 4.674
17.321 16.407 15.941 16.437 15.390 14.856 14.497 13.990 13.364 12.629 11.956 11.493 11.714 11.693 11.344 11.318 12.001 13.008 13.033 13.276 14.237 15.017 15.477 15.941 16.726 17.315 16.965 17.720 19.174 18.935 18.470 19.279 20.430 20.370 20.833 21.122 21.682 21.881 21.990 22.908 22.604 23.142 23.186 23.266 23.208 23.238 22.657 22.265 21.836 21.333 20.371 19.740 20.129 19.099 17.799 18.422 18.200 16.655 16.053 16.449 15.960 14.854 15.052 15.719 14.082 13.760 14.666 13.989 13.258 13.512 14.410 13.238 13.042 13.916 13.835 13.214 13.506 14.029 13.455 13.210 12.937 11.518 11.061 10.161 9.671 9.004 8.597 7.976 8.357 7.911 7.024 6.885 6.875 6.247 5.460 5.676 5.515 4.785 4.599 4.472 3.819 3.594 3.009 2.776 2.724 2.458 2.714 2.493 2.141 2.238 2.322 2.116 1.860 2.054 2.025 1.749 1.701 1.834 1.683 1.454 1.560 1.538 1.345 1.280 1.446 1.332 1.144 1.255 1.389 1.214 1.174 1.388 1.434 1.281 1.423 1.685 1.799 1.958 2.123 2.202 1.874 1.353 1.239 1.128 0.959 0.906 0.793 0.816 0.861 0.715 0.699 0.812 0.833 0.748 0.861 0.982 0.916 0.982 1.133 1.174 1.101 1.256 1.385 1.417 1.324 1.495 1.670 1.632 1.665 1.940 2.060 1.932 2.132 2.039 2.077 1.897 1.660 1.368 1.219 1.147 1.075 0.951 0.868 0.837 0.772 0.677 0.601 0.573 0.548 0.504 0.497 0.494 0.490 0.485 0.000 0.486 0.492 0.495 0.496 0.504 0.546 0.566 0.578 0.688 0.764 0.772 0.851 0.957 0.970 1.007 1.128 1.224 1.224 1.217 1.369 1.334 1.171 1.224 1.354 1.338 1.139 1.221 1.138 1.221 1.085 0.921 0.970 1.035 0.864 0.749 0.863 0.849 0.700 0.638 0.784 0.738 0.591 0.680 0.823 0.792 0.763 0.922 1.237 1.531 1.570 1.720 1.909 2.631 3.346 2.956 3.483 3.728 4.058 4.396 4.006 4.228 4.077 3.987 3.187 3.513 2.253 2.787 3.297 3.697 3.369 2.463 2.483 2.343 2.013 1.959 2.038 1.911 1.532 1.663 1.824 1.715 1.315 1.351 1.488 1.429 1.246 1.328 1.444 1.316 1.200 1.403 1.484 1.319 1.403 1.587 1.542 1.479 1.689 1.741 1.693 1.759 1.940 1.908 1.847 1.998 2.187 2.154 2.132 2.383 2.460 2.437 2.596 2.769 2.793 2.862 3.067 3.170 3.234 3.276 3.659 3.679 3.780 3.960 4.115 4.465
16.636 15.892 16.110 16.289 15.735 14.752 13.891 13.725 13.280 12.678 12.066 11.798 11.953 11.599 11.620 11.602 12.363 12.444 13.156 13.406 13.730 14.300 15.574 15.492 16.466 16.866 17.001 17.338 18.575 19.193 19.007 19.405 20.493 20.354 20.857 21.212 21.786 22.144 22.308 23.081 22.872 23.313 23.381 23.330 23.252 23.116 22.651 22.011 21.859 21.062 20.391 19.551 19.953 18.781 17.496 17.874 18.008 16.099 15.664 15.892 15.625 14.294 14.479 15.292 13.748 13.150 14.400 13.815 12.893 13.386 14.114 13.122 13.018 13.725 13.869 13.147 13.193 13.994 13.584 12.946 13.039 11.624 11.141 10.458 9.705 9.362 8.534 8.128 8.376 7.982 6.984 6.888 6.966 6.143 5.476 5.639 5.576 4.745 4.641 4.513 3.723 3.538 2.995 2.686 2.681 2.415 2.679 2.374 2.084 2.158 2.227 1.954 1.788 1.965 1.901 1.636 1.619 1.740 1.586 1.384 1.525 1.485 1.324 1.251 1.427 1.323 1.101 1.255 1.342 1.189 1.142 1.371 1.374 1.277 1.392 1.637 1.775 1.954 2.155 2.050 1.832 1.373 1.242 1.134 0.963 0.900 0.786 0.831 0.849 0.739 0.708 0.802 0.807 0.708 0.874 0.924 0.885 0.940 1.056 1.102 1.069 1.193 1.335 1.426 1.315 1.418 1.575 1.603 1.621 1.841 1.973 1.926 2.103 2.054 1.966 1.876 1.666 1.423 1.303 1.198 1.127 1.012 0.930 0.845 0.803 0.731 0.649 0.589 0.576 0.527 0.501 0.498 0.494 0.489 0.485 0.000 0.486 0.490 0.493 0.492 0.510 0.542 0.552 0.594 0.672 0.712 0.762 0.839 0.882 0.926 1.001 1.085 1.121 1.131 1.293 1.251 1.122 1.181 1.308 1.260 1.101 1.154 1.098 1.159 1.054 0.916 0.961 0.983 0.841 0.728 0.829 0.829 0.665 0.629 0.759 0.757 0.577 0.662 0.838 0.826 0.741 0.936 1.258 1.544 1.573 1.807 1.942 2.649 3.356 3.027 3.432 3.694 4.100 4.375 3.972 4.200 4.087 3.982 3.121 3.408 2.239 2.754 3.213 3.608 3.269 2.392 2.472 2.360 1.961 1.915 1.996 1.847 1.538 1.553 1.807 1.692 1.295 1.289 1.397 1.376 1.162 1.216 1.372 1.196 1.102 1.296 1.358 1.145 1.254 1.491 1.382 1.318 1.553 1.641 1.527 1.575 1.812 1.783 1.698 1.917 2.038 2.064 1.997 2.253 2.381 2.355 2.496 2.783 2.734 2.826 3.003 3.188 3.204 3.234 3.697 3.720 3.815 4.006 4.237 4.576
17.531 16.303 16.437 16.566 15.805 15.024 14.654 13.923 13.518 13.264 12.680 12.124 12.377 11.728 12.180 11.972 12.929 13.063 13.875 13.963 14.736 15.905 15.635 16.063 17.118 17.658 17.663 18.129 19.349 19.316 18.976 20.006 20.880 20.358 21.024 21.397 21.903 22.331 22.473 23.315 23.156 23.626 23.764 23.776 23.714 23.625 23.078 22.608 22.262 21.642 20.939 20.207 20.207 19.323 18.252 18.122 18.304 16.688 16.130 16.378 16.168 14.854 14.859 15.475 14.418 13.570 14.328 14.039 13.464 13.624 14.213 13.541 13.410 13.971 14.032 13.605 13.671 14.087 13.780 13.424 13.315 11.930 11.488 10.598 10.090 9.578 8.966 8.275 8.580 8.242 7.285 7.124 7.295 6.396 5.626 5.849 5.686 4.820 4.735 4.645 3.860 3.639 3.135 2.790 2.763 2.499 2.679 2.454 2.163 2.245 2.315 2.048 1.879 2.066 2.008 1.732 1.713 1.823 1.676 1.487 1.564 1.593 1.361 1.359 1.515 1.446 1.206 1.386 1.471 1.331 1.318 1.507 1.524 1.484 1.560 1.798 1.917 2.126 2.251 2.203 1.973 1.502 1.375 1.213 1.092 1.022 0.874 0.926 1.001 0.845 0.795 0.901 0.938 0.794 0.916 1.014 0.978 0.987 1.133 1.191 1.126 1.219 1.357 1.439 1.331 1.455 1.611 1.626 1.633 1.916 2.015 1.972 2.145 2.128 2.114 1.983 1.729 1.508 1.392 1.312 1.210 1.090 1.044 0.980 0.881 0.791 0.753 0.655 0.608 0.588 0.541 0.505 0.495 0.498 0.491 0.485 0.000 0.485 0.490 0.492 0.492 0.504 0.540 0.559 0.592 0.673 0.742 0.743 0.811 0.907 0.982 0.973 1.011 1.085 1.194 1.175 1.048 1.154 1.272 1.242 1.122 1.210 1.216 1.219 1.094 1.002 1.069 1.106 0.905 0.819 0.964 0.939 0.728 0.776 0.895 0.837 0.706 0.813 0.998 0.948 0.867 1.082 1.362 1.682 1.667 1.934 2.077 2.669 3.363 3.091 3.541 3.770 4.191 4.520 4.057 4.292 4.180 4.069 3.225 3.466 2.343 2.799 3.322 3.652 3.328 2.439 2.498 2.392 2.010 1.948 2.026 1.856 1.540 1.622 1.806 1.659 1.238 1.381 1.401 1.377 1.155 1.360 1.354 1.190 1.089 1.372 1.367 1.185 1.267 1.475 1.383 1.341 1.529 1.670 1.578 1.630 1.894 1.841 1.743 1.991 2.102 2.064 2.067 2.356 2.385 2.367 2.550 2.789 2.737 2.774 3.008 3.108 3.114 3.186 3.577 3.536 3.643 3.938 4.091 4.468
17.893 16.375 16.399 16.714 15.394 14.726 14.804 14.274 13.526 12.915 12.255 12.057 11.997 11.841 11.520 11.656 12.276 13.410 13.399 13.888 14.700 15.263 16.237 16.389 17.097 17.602 17.843 18.276 19.146 19.020 19.090 19.865 20.712 20.457 21.016 21.331 21.794 22.081 22.184 23.182 22.927 23.476 23.651 23.706 23.600 23.489 22.925 22.326 22.036 21.565 20.739 19.737 20.020 19.097 17.734 18.050 18.306 16.632 15.913 16.331 16.132 14.711 14.886 15.598 14.255 13.588 14.605 14.112 13.335 13.523 14.248 13.286 13.157 14.040 13.918 13.305 13.579 14.025 13.489 13.145 13.073 11.497 11.181 10.242 9.686 9.265 8.630 7.923 8.273 7.912 7.001 6.807 6.975 6.189 5.434 5.664 5.515 4.708 4.511 4.396 3.753 3.506 2.911 2.597 2.557 2.323 2.540 2.327 2.010 2.102 2.184 1.974 1.757 1.963 1.921 1.636 1.615 1.713 1.617 1.396 1.483 1.463 1.275 1.246 1.384 1.281 1.075 1.219 1.300 1.159 1.084 1.299 1.311 1.185 1.317 1.556 1.682 1.882 2.043 2.019 1.828 1.276 1.119 1.024 0.886 0.794 0.723 0.779 0.770 0.720 0.709 0.792 0.821 0.764 0.868 0.939 0.925 0.952 1.089 1.162 1.104 1.209 1.339 1.438 1.327 1.447 1.597 1.596 1.619 1.891 1.996 1.932 2.122 2.087 2.089 1.983 1.705 1.490 1.310 1.270 1.194 1.046 1.003 0.942 0.878 0.775 0.717 0.665 0.612 0.553 0.525 0.511 0.495 0.490 0.489 0.486 0.485 0.000 0.485 0.486 0.488 0.487 0.493 0.517 0.528 0.551 0.605 0.671 0.681 0.733 0.840 0.894 0.930 0.924 1.048 1.022 0.885 0.960 1.092 1.069 0.932 0.969 0.924 1.026 0.889 0.755 0.760 0.844 0.689 0.655 0.710 0.751 0.574 0.627 0.727 0.722 0.617 0.700 0.813 0.808 0.785 0.946 1.208 1.543 1.528 1.696 1.962 2.522 3.281 2.972 3.428 3.719 4.092 4.421 4.012 4.237 4.147 4.071 3.200 3.530 2.226 2.819 3.298 3.625 3.256 2.350 2.395 2.217 1.901 1.830 1.894 1.785 1.506 1.507 1.727 1.634 1.190 1.257 1.359 1.286 1.078 1.226 1.326 1.165 1.053 1.249 1.273 1.111 1.175 1.387 1.286 1.211 1.433 1.555 1.459 1.494 1.719 1.691 1.609 1.794 1.955 1.909 1.922 2.202 2.243 2.180 2.372 2.597 2.513 2.597 2.800 2.916 2.912 2.972 3.326 3.331 3.458 3.658 3.863 4.166
17.620 16.765 16.028 16.431 15.258 14.929 14.856 14.435 13.471 12.823 11.782 11.506 11.541 11.468 11.194 11.164 11.878 13.067 13.210 13.240 14.533 14.793 15.611 15.710 17.033 17.097 17.134 17.524 18.912 19.256 18.921 19.514 20.641 20.363 20.874 21.101 21.853 22.128 22.346 23.112 22.970 23.377 23.460 23.480 23.444 23.453 22.885 22.348 22.094 21.522 20.498 19.718 19.988 18.831 17.711 18.182 17.856 16.551 15.661 16.136 15.755 14.792 15.108 15.703 13.893 13.793 14.635 14.051 13.390 13.593 14.478 13.457 13.460 13.930 14.144 13.429 13.553 14.241 13.736 13.315 13.259 11.761 11.270 10.264 9.916 9.440 8.638 7.907 8.398 7.951 6.943 6.854 7.030 6.166 5.454 5.659 5.544 4.792 4.467 4.471 3.687 3.483 2.914 2.627 2.605 2.322 2.566 2.361 2.038 2.136 2.249 1.951 1.780 1.971 1.939 1.648 1.616 1.756 1.582 1.398 1.510 1.458 1.255 1.234 1.405 1.279 1.065 1.192 1.283 1.150 1.078 1.269 1.313 1.171 1.268 1.514 1.685 1.890 2.070 2.062 1.755 1.220 1.104 1.007 0.860 0.757 0.665 0.750 0.786 0.682 0.692 0.783 0.819 0.754 0.848 0.938 0.915 0.963 1.108 1.157 1.133 1.212 1.353 1.446 1.353 1.461 1.628 1.647 1.681 1.928 2.021 1.964 2.162 2.098 2.137 1.960 1.754 1.501 1.362 1.328 1.238 1.106 1.032 1.007 0.951 0.842 0.760 0.725 0.672 0.584 0.559 0.541 0.514 0.494 0.493 0.489 0.486 0.485 0.000 0.485 0.487 0.488 0.487 0.496 0.519 0.535 0.547 0.597 0.652 0.667 0.763 0.839 0.868 0.869 0.996 1.007 0.840 0.942 1.064 1.066 0.913 0.983 0.919 1.036 0.902 0.774 0.823 0.875 0.745 0.614 0.768 0.775 0.610 0.629 0.746 0.712 0.616 0.731 0.859 0.827 0.810 1.003 1.255 1.561 1.590 1.770 1.910 2.655 3.322 3.049 3.489 3.748 4.099 4.401 4.017 4.263 4.134 4.030 3.230 3.576 2.242 2.849 3.359 3.697 3.267 2.412 2.390 2.250 1.950 1.893 1.954 1.769 1.485 1.529 1.648 1.543 1.250 1.212 1.311 1.267 1.044 1.141 1.254 1.110 0.981 1.145 1.210 1.007 1.145 1.285 1.214 1.135 1.329 1.428 1.303 1.381 1.571 1.547 1.479 1.703 1.801 1.776 1.772 2.017 2.090 2.041 2.194 2.407 2.369 2.400 2.603 2.692 2.715 2.777 3.185 3.134 3.234 3.460 3.660 3.973
17.526 16.477 16.367 16.286 15.642 14.849 14.542 13.863 13.451 12.522 12.048 11.410 11.666 11.387 11.608 11.260 12.057 12.399 13.354 13.583 13.192 14.798 15.439 15.901 16.357 17.201 17.118 17.460 18.395 18.624 19.307 19.513 20.511 20.144 20.835 21.262 21.829 22.189 22.654 23.159 23.163 23.498 23.701 23.588 23.530 23.343 22.919 22.290 21.864 21.567 20.592 19.850 19.901 18.903 17.913 17.848 17.931 16.504 16.018 16.137 15.798 14.722 14.806 15.575 14.225 13.630 14.493 14.042 13.310 13.603 14.134 13.391 13.278 13.812 13.902 13.426 13.625 13.920 13.774 13.279 13.556 11.745 11.511 10.651 9.984 9.542 8.940 8.176 8.471 8.185 7.265 7.082 7.180 6.359 5.682 5.841 5.727 4.875 4.728 4.587 3.870 3.623 3.112 2.767 2.745 2.497 2.671 2.425 2.105 2.227 2.238 1.974 1.844 2.004 1.891 1.664 1.666 1.724 1.564 1.425 1.522 1.478 1.256 1.253 1.401 1.304 1.056 1.206 1.299 1.139 1.092 1.336 1.337 1.209 1.352 1.573 1.744 1.910 2.143 2.067 1.801 1.252 1.134 1.046 0.884 0.785 0.705 0.765 0.748 0.667 0.677 0.766 0.799 0.740 0.841 0.927 0.922 0.961 1.106 1.157 1.122 1.232 1.367 1.490 1.400 1.482 1.662 1.690 1.728 1.966 2.069 2.049 2.291 2.201 2.212 2.090 1.824 1.615 1.430 1.374 1.269 1.153 1.092 1.036 0.967 0.894 0.821 0.735 0.701 0.638 0.574 0.550 0.529 0.502 0.491 0.489 0.488 0.485 0.485 0.000 0.485 0.486 0.488 0.488 0.494 0.516 0.527 0.545 0.597 0.635 0.688 0.753 0.821 0.828 0.956 0.965 0.831 0.940 1.040 1.065 0.944 0.997 0.973 1.076 0.954 0.801 0.850 0.931 0.769 0.661 0.779 0.796 0.617 0.633 0.766 0.758 0.629 0.748 0.903 0.869 0.835 1.035 1.365 1.661 1.635 1.812 2.049 2.656 3.345 3.102 3.585 3.849 4.260 4.574 4.125 4.384 4.244 4.110 3.261 3.526 2.290 2.856 3.286 3.662 3.266 2.409 2.392 2.275 1.943 1.838 1.901 1.771 1.483 1.523 1.646 1.508 1.207 1.193 1.279 1.207 1.042 1.085 1.168 1.054 0.942 1.145 1.130 0.987 1.096 1.232 1.166 1.107 1.277 1.415 1.279 1.350 1.566 1.613 1.479 1.665 1.906 1.833 1.823 2.085 2.172 2.090 2.284 2.477 2.408 2.478 2.699 2.778 2.804 2.877 3.218 3.266 3.378 3.573 3.768 4.098
18.099 16.495 16.308 16.483 15.178 14.581 14.730 14.233 13.506 12.787 12.181 11.722 11.670 11.311 11.244 11.374 11.914 12.875 13.063 13.494 14.430 15.133 15.819 15.936 17.214 17.690 17.472 17.560 18.890 19.252 19.306 19.912 20.791 20.698 21.019 21.584 21.895 22.126 22.416 23.030 23.138 23.686 23.728 23.775 23.710 23.543 22.998 22.538 22.107 21.598 20.660 19.920 20.112 19.166 17.814 18.160 18.346 16.848 15.859 16.338 16.234 15.058 14.900 15.691 14.476 13.716 14.754 14.314 13.591 13.620 14.604 13.787 13.491 14.226 14.340 13.684 13.827 14.412 13.899 13.426 13.358 11.798 11.444 10.819 9.931 9.464 8.881 8.239 8.424 8.010 7.146 6.950 7.097 6.366 5.526 5.730 5.616 4.816 4.579 4.446 3.775 3.518 2.990 2.607 2.617 2.383 2.591 2.357 2.042 2.156 2.237 1.981 1.784 1.969 1.934 1.661 1.637 1.734 1.612 1.417 1.510 1.504 1.278 1.262 1.430 1.350 1.099 1.254 1.365 1.223 1.150 1.393 1.392 1.294 1.410 1.662 1.795 1.947 2.128 2.078 1.878 1.330 1.184 1.088 0.949 0.837 0.766 0.832 0.835 0.752 0.746 0.839 0.863 0.800 0.898 0.991 0.998 1.024 1.127 1.207 1.200 1.310 1.433 1.530 1.428 1.547 1.673 1.691 1.723 1.976 2.041 2.018 2.188 2.165 2.207 2.098 1.877 1.647 1.500 1.470 1.369 1.233 1.172 1.166 1.053 0.977 0.918 0.840 0.767 0.709 0.664 0.609 0.567 0.534 0.506 0.493 0.491 0.487 0.485 0.485 0.000 0.485 0.487 0.488 0.487 0.499 0.512 0.535 0.545 0.584 0.673 0.702 0.749 0.791 0.910 0.917 0.779 0.882 1.021 1.039 0.898 1.021 1.019 1.109 0.976 0.847 0.912 0.976 0.804 0.720 0.880 0.863 0.688 0.724 0.864 0.821 0.708 0.847 0.987 0.947 0.894 1.127 1.374 1.714 1.720 1.915 2.081 2.610 3.338 3.084 3.525 3.787 4.181 4.506 4.135 4.384 4.247 4.098 3.265 3.569 2.331 2.884 3.280 3.703 3.325 2.421 2.433 2.294 1.919 1.852 1.905 1.819 1.554 1.555 1.706 1.624 1.195 1.217 1.328 1.290 1.113 1.173 1.278 1.153 0.962 1.179 1.249 0.949 1.065 1.258 1.184 1.070 1.294 1.391 1.294 1.346 1.568 1.553 1.477 1.651 1.830 1.771 1.761 2.043 2.083 2.022 2.244 2.405 2.349 2.442 2.669 2.715 2.738 2.832 3.141 3.110 3.249 3.483 3.662 3.886
17.982 16.507 16.382 16.245 14.999 14.258 14.433 13.746 13.155 12.661 12.083 11.598 11.616 11.534 11.350 11.375 12.282 13.013 13.326 13.687 14.708 15.374 15.672 16.041 17.489 17.313 17.128 17.802 18.649 18.758 19.194 19.718 20.724 20.466 20.878 21.319 21.775 21.988 22.309 22.991 22.876 23.423 23.553 23.649 23.531 23.525 22.977 22.277 21.981 21.234 20.268 19.571 19.980 18.760 17.564 17.987 18.118 16.505 15.876 16.305 16.107 14.685 15.077 15.709 14.177 13.878 14.702 14.101 13.328 13.659 14.375 13.376 13.276 14.124 14.057 13.391 13.703 14.150 13.724 13.273 13.296 11.780 11.188 10.416 9.982 9.167 8.704 8.017 8.442 8.034 7.057 6.853 7.145 6.308 5.522 5.660 5.688 4.855 4.561 4.509 3.779 3.574 3.015 2.698 2.695 2.470 2.651 2.432 2.105 2.228 2.311 2.027 1.880 2.053 1.995 1.733 1.709 1.805 1.656 1.483 1.564 1.556 1.334 1.304 1.473 1.361 1.126 1.286 1.400 1.217 1.105 1.379 1.397 1.202 1.335 1.614 1.786 1.911 2.126 2.089 1.807 1.251 1.078 1.045 0.881 0.764 0.742 0.790 0.774 0.717 0.746 0.835 0.866 0.807 0.940 1.017 0.994 1.038 1.179 1.261 1.223 1.336 1.469 1.574 1.486 1.609 1.756 1.765 1.798 2.058 2.188 2.138 2.295 2.257 2.334 2.187 1.912 1.714 1.543 1.498 1.397 1.283 1.190 1.152 1.087 0.983 0.925 0.859 0.818 0.704 0.672 0.643 0.574 0.526 0.511 0.501 0.490 0.487 0.486 0.485 0.485 0.000 0.485 0.486 0.487 0.488 0.490 0.509 0.518 0.527 0.592 0.656 0.704 0.695 0.835 0.862 0.696 0.799 0.949 0.972 0.804 0.912 0.916 1.039 0.937 0.776 0.873 0.970 0.818 0.701 0.886 0.845 0.674 0.730 0.865 0.810 0.703 0.860 0.979 0.936 0.907 1.130 1.379 1.703 1.780 1.904 2.098 2.744 3.369 3.101 3.612 3.872 4.234 4.556 4.219 4.392 4.293 4.171 3.374 3.676 2.385 2.987 3.443 3.812 3.375 2.458 2.433 2.340 1.998 1.916 2.016 1.786 1.495 1.515 1.689 1.532 1.179 1.218 1.297 1.215 1.034 1.113 1.212 1.071 0.936 1.121 1.147 0.947 1.037 1.208 1.110 1.024 1.246 1.323 1.215 1.309 1.500 1.469 1.424 1.623 1.742 1.712 1.737 1.985 2.031 1.974 2.184 2.355 2.326 2.388 2.583 2.727 2.690 2.805 3.129 3.111 3.250 3.523 3.650 3.946
17.902 16.975 16.532 16.537 15.448 14.873 14.721 14.107 13.493 12.870 12.325 11.715 11.888 11.227 11.378 11.354 11.883 12.995 13.141 13.333 14.369 15.085 15.928 16.350 15.816 17.275 17.389 18.216 18.698 19.565 19.564 19.714 21.140 21.243 21.172 21.670 22.023 22.198 22.753 23.180 23.220 23.496 23.786 23.678 23.618 23.490 23.015 22.365 21.936 21.527 20.548 19.860 20.094 19.018 17.652 18.012 18.009 16.552 15.936 16.035 16.029 14.737 14.959 15.526 14.058 13.721 14.546 13.939 13.308 13.613 14.155 13.236 13.167 13.910 13.912 13.314 13.490 14.021 13.606 13.313 13.410 11.697 11.438 10.577 9.969 9.366 8.757 8.075 8.419 8.050 7.119 6.987 7.081 6.304 5.618 5.788 5.738 4.899 4.622 4.548 3.788 3.571 3.042 2.727 2.715 2.506 2.700 2.453 2.149 2.259 2.323 2.058 1.889 2.054 2.019 1.753 1.730 1.812 1.661 1.491 1.597 1.558 1.342 1.313 1.466 1.366 1.130 1.272 1.345 1.232 1.127 1.390 1.369 1.258 1.332 1.590 1.721 1.875 2.140 2.037 1.668 1.273 1.104 1.063 0.898 0.768 0.698 0.813 0.794 0.719 0.760 0.845 0.875 0.818 0.948 1.019 0.999 1.047 1.181 1.261 1.239 1.330 1.449 1.579 1.515 1.613 1.730 1.776 1.817 2.060 2.166 2.151 2.323 2.278 2.286 2.153 1.944 1.727 1.557 1.518 1.419 1.315 1.213 1.161 1.080 1.010 0.946 0.884 0.822 0.752 0.682 0.658 0.610 0.554 0.520 0.511 0.503 0.489 0.488 0.487 0.486 0.485 0.000 0.485 0.486 0.490 0.488 0.495 0.512 0.522 0.558 0.615 0.690 0.696 0.835 0.877 0.728 0.817 0.957 0.990 0.843 0.936 0.940 1.052 0.932 0.789 0.847 0.932 0.787 0.680 0.811 0.823 0.659 0.694 0.867 0.831 0.695 0.841 0.986 0.971 0.935 1.133 1.414 1.673 1.737 1.895 2.058 2.638 3.285 3.061 3.633 3.864 4.196 4.509 4.217 4.423 4.270 4.149 3.347 3.647 2.389 2.872 3.359 3.720 3.279 2.390 2.349 2.218 1.940 1.925 1.950 1.789 1.477 1.535 1.692 1.504 1.178 1.182 1.244 1.206 1.024 1.099 1.166 1.019 0.901 1.074 1.035 0.905 0.969 1.100 1.002 0.988 1.166 1.205 1.067 1.222 1.352 1.338 1.270 1.472 1.634 1.576 1.566 1.869 1.947 1.863 2.006 2.172 2.180 2.174 2.350 2.503 2.452 2.550 2.809 2.844 2.940 3.094 3.328 3.563
17.762 16.604 16.449 16.291 15.419 14.908 14.716 14.130 13.408 12.862 12.130 11.537 11.766 11.249 11.189 11.295 11.898 12.786 13.090 13.533 14.166 15.410 15.495 15.907 17.164 17.156 16.775 17.889 19.203 18.698 19.310 19.966 21.071 20.756 21.322 21.621 21.957 22.391 22.568 23.307 23.328 23.523 23.695 23.710 23.612 23.422 22.904 22.432 22.008 21.391 20.619 19.839 20.025 19.040 17.897 18.008 18.168 16.616 15.894 16.215 16.100 14.695 15.041 15.710 14.344 13.803 14.638 14.208 13.542 13.814 14.344 13.679 13.519 14.061 14.163 13.706 13.841 14.151 13.788 13.413 13.440 11.736 11.438 10.675 9.935 9.369 8.926 8.201 8.451 8.162 7.264 7.106 7.215 6.494 5.693 5.887 5.905 4.999 4.741 4.713 3.950 3.738 3.230 2.921 2.854 2.675 2.866 2.619 2.274 2.413 2.462 2.166 1.990 2.209 2.122 1.849 1.824 1.930 1.743 1.571 1.672 1.650 1.425 1.360 1.547 1.435 1.174 1.336 1.440 1.289 1.210 1.462 1.479 1.313 1.436 1.722 1.870 1.976 2.183 2.115 1.825 1.320 1.165 1.110 0.932 0.812 0.723 0.810 0.830 0.737 0.771 0.877 0.907 0.870 0.989 1.054 1.047 1.110 1.237 1.310 1.294 1.416 1.547 1.668 1.586 1.692 1.838 1.879 1.915 2.153 2.275 2.242 2.413 2.401 2.475 2.284 2.053 1.869 1.710 1.671 1.540 1.424 1.348 1.286 1.215 1.116 1.060 0.965 0.929 0.845 0.789 0.712 0.690 0.621 0.562 0.526 0.527 0.501 0.489 0.488 0.487 0.485 0.485 0.000 0.485 0.488 0.488 0.488 0.494 0.511 0.539 0.548 0.617 0.669 0.807 0.824 0.674 0.793 0.952 0.987 0.869 1.005 1.015 1.112 0.983 0.846 0.918 1.018 0.857 0.728 0.934 0.919 0.725 0.780 0.975 0.938 0.799 0.976 1.136 1.069 1.028 1.270 1.544 1.819 1.857 2.081 2.238 2.802 3.381 3.238 3.707 3.967 4.369 4.658 4.312 4.523 4.346 4.220 3.391 3.657 2.467 2.962 3.392 3.770 3.359 2.471 2.432 2.355 1.985 1.914 1.996 1.864 1.519 1.514 1.684 1.513 1.178 1.180 1.213 1.146 0.965 1.042 1.069 0.954 0.846 1.066 1.002 0.810 1.081 1.118 0.953 0.958 1.128 1.182 1.062 1.154 1.319 1.314 1.279 1.442 1.579 1.557 1.558 1.816 1.900 1.813 2.054 2.188 2.120 2.240 2.429 2.459 2.462 2.578 2.864 2.880 2.996 3.216 3.358 3.554
18.351 16.304 17.112 16.404 15.317 14.351 14.316 13.649 13.089 12.467 12.172 11.506 11.643 11.589 11.355 11.277 12.231 12.671 13.353 13.764 14.249 14.828 15.961 15.949 17.063 17.269 17.440 17.636 18.503 18.723 19.152 19.357 20.760 20.531 21.198 21.444 21.802 22.117 22.270 23.163 22.752 23.407 23.546 23.616 23.471 23.400 22.878 22.191 21.996 21.288 20.320 19.441 19.767 18.800 17.442 17.800 18.086 16.473 15.805 16.341 16.288 14.775 14.967 15.514 14.596 13.777 14.624 14.244 13.510 13.682 14.405 13.651 13.423 14.171 14.091 13.670 13.799 14.232 13.654 13.239 13.265 11.742 11.251 10.656 9.902 9.284 8.753 8.195 8.420 8.000 7.169 7.003 7.080 6.328 5.676 5.822 5.689 4.959 4.685 4.607 3.927 3.726 3.208 2.863 2.874 2.650 2.839 2.597 2.283 2.419 2.457 2.180 2.022 2.232 2.141 1.867 1.854 1.945 1.812 1.637 1.721 1.692 1.461 1.445 1.617 1.482 1.242 1.410 1.513 1.335 1.244 1.524 1.502 1.358 1.492 1.768 1.860 2.020 2.176 2.058 1.849 1.345 1.194 1.120 0.976 0.854 0.756 0.867 0.885 0.809 0.831 0.929 0.972 0.915 1.037 1.124 1.123 1.163 1.301 1.388 1.361 1.461 1.576 1.734 1.659 1.760 1.887 1.911 1.977 2.183 2.327 2.281 2.433 2.407 2.483 2.353 2.127 1.924 1.770 1.733 1.626 1.485 1.385 1.351 1.263 1.155 1.092 1.008 0.950 0.882 0.825 0.778 0.709 0.642 0.600 0.551 0.530 0.506 0.497 0.489 0.487 0.486 0.485 0.485 0.000 0.485 0.487 0.489 0.490 0.496 0.522 0.542 0.609 0.620 0.755 0.785 0.675 0.752 0.887 0.976 0.869 0.987 1.014 1.156 1.035 0.870 0.978 1.040 0.882 0.792 0.973 0.961 0.768 0.830 1.022 0.943 0.845 1.018 1.153 1.090 1.077 1.301 1.551 1.823 1.899 2.084 2.289 2.812 3.463 3.253 3.723 3.974 4.407 4.677 4.329 4.530 4.413 4.274 3.481 3.748 2.586 3.011 3.430 3.789 3.391 2.528 2.507 2.393 2.069 1.973 2.042 1.846 1.545 1.570 1.678 1.494 1.207 1.175 1.216 1.134 0.989 1.029 1.051 0.965 0.890 0.990 0.985 0.799 0.952 1.037 0.961 0.929 1.127 1.176 1.081 1.208 1.352 1.305 1.299 1.490 1.618 1.587 1.624 1.893 1.923 1.881 2.094 2.240 2.169 2.297 2.497 2.540 2.543 2.659 2.956 2.923 3.093 3.298 3.423 3.620
17.954 16.824 16.466 16.530 15.159 14.703 14.697 14.089 13.320 12.816 11.642 11.365 11.534 11.433 11.127 11.089 12.287 12.433 13.200 13.737 14.175 14.967 15.883 16.128 17.162 17.376 17.035 17.864 18.843 18.418 18.525 18.886 20.418 20.471 21.313 21.406 21.966 22.234 22.683 23.367 22.887 23.295 23.621 23.624 23.544 23.425 22.932 22.298 21.958 21.256 20.432 19.653 19.819 18.875 17.699 18.006 17.945 16.697 15.863 16.139 16.048 14.641 14.978 15.384 14.019 13.799 14.748 14.245 13.429 13.707 14.313 13.457 13.387 14.178 14.193 13.497 13.708 14.196 13.572 13.416 13.165 11.914 11.253 10.554 9.899 9.540 8.753 8.318 8.517 8.161 7.199 7.044 7.301 6.508 5.860 5.995 5.971 5.165 4.947 4.917 4.134 3.958 3.524 3.162 3.192 2.985 3.134 2.882 2.606 2.710 2.721 2.429 2.348 2.494 2.355 2.093 2.153 2.186 2.016 1.884 1.965 1.949 1.738 1.727 1.875 1.744 1.486 1.658 1.767 1.520 1.449 1.746 1.713 1.529 1.682 1.978 2.062 2.204 2.281 2.115 1.866 1.428 1.279 1.182 1.101 1.010 0.861 1.006 1.074 0.980 0.965 1.141 1.174 1.107 1.254 1.359 1.350 1.411 1.591 1.640 1.645 1.728 1.838 1.971 1.924 1.984 2.160 2.229 2.249 2.481 2.614 2.586 2.782 2.751 2.788 2.649 2.446 2.338 2.105 2.069 1.928 1.802 1.740 1.650 1.601 1.474 1.416 1.340 1.247 1.148 1.095 1.048 0.957 0.860 0.825 0.748 0.683 0.600 0.592 0.541 0.502 0.493 0.489 0.487 0.485 0.000 0.486 0.490 0.498 0.500 0.529 0.621 0.702 0.719 0.928 0.941 0.784 0.900 1.082 1.062 0.914 1.136 1.192 1.304 1.113 0.963 1.134 1.175 0.993 0.951 1.139 1.089 0.898 0.999 1.211 1.109 1.014 1.230 1.360 1.259 1.317 1.566 1.775 2.040 2.137 2.284 2.528 2.996 3.668 3.451 3.887 4.144 4.593 4.840 4.475 4.704 4.655 4.459 3.689 3.894 2.783 3.143 3.543 3.880 3.512 2.674 2.596 2.491 2.175 2.028 2.070 2.025 1.691 1.724 1.823 1.621 1.343 1.326 1.363 1.283 1.087 1.160 1.220 1.052 0.954 1.119 1.129 0.911 1.050 1.186 1.107 1.013 1.222 1.285 1.130 1.286 1.436 1.411 1.362 1.577 1.740 1.647 1.649 2.010 2.041 1.970 2.168 2.359 2.270 2.318 2.534 2.659 2.664 2.686 3.076 3.108 3.170 3.369 3.573 3.945
18.235 16.940 17.199 16.738 15.912 15.193 15.236 14.186 13.502 13.262 12.031 11.526 11.929 11.492 11.377 11.254 12.017 12.428 13.232 13.668 14.526 15.455 15.792 16.451 16.570 17.216 17.972 18.300 18.855 19.847 19.837 20.073 21.870 21.951 21.924 22.286 22.568 22.527 23.270 23.661 23.674 23.896 24.106 24.067 23.925 23.716 23.338 22.723 22.212 21.839 21.013 20.434 20.269 19.658 18.560 18.420 18.525 17.071 16.553 16.661 16.518 14.960 15.444 15.805 14.673 14.029 14.884 14.428 13.807 14.030 14.537 13.895 13.743 14.355 14.383 13.826 13.906 14.326 14.044 13.502 13.296 11.903 11.386 10.226 10.067 9.519 9.008 8.161 8.563 8.200 7.421 7.356 7.399 6.596 5.902 6.054 6.022 5.228 4.874 5.018 4.135 3.995 3.454 3.175 3.136 2.965 3.135 2.800 2.532 2.668 2.697 2.355 2.244 2.437 2.304 2.025 2.036 2.140 1.938 1.773 1.896 1.804 1.612 1.582 1.758 1.577 1.387 1.543 1.593 1.438 1.370 1.651 1.580 1.503 1.607 1.862 1.944 2.078 2.236 2.287 1.898 1.385 1.234 1.178 1.024 0.929 0.816 0.962 0.966 0.883 0.907 1.042 1.062 1.019 1.135 1.253 1.234 1.283 1.425 1.484 1.469 1.570 1.705 1.816 1.776 1.885 2.038 2.085 2.089 2.338 2.531 2.450 2.597 2.568 2.596 2.455 2.259 2.047 1.813 1.815 1.703 1.583 1.504 1.462 1.384 1.299 1.235 1.138 1.095 1.018 0.949 0.881 0.835 0.762 0.684 0.644 0.610 0.565 0.536 0.523 0.507 0.490 0.489 0.490 0.486 0.485 0.000 0.485 0.489 0.491 0.493 0.506 0.568 0.602 0.742 0.805 0.685 0.746 0.901 1.005 0.859 1.013 1.055 1.184 1.073 0.881 0.999 1.115 0.936 0.816 1.010 1.033 0.817 0.888 1.103 1.048 0.912 1.120 1.281 1.211 1.187 1.408 1.645 1.950 2.020 2.179 2.325 2.863 3.520 3.298 3.792 4.050 4.467 4.740 4.496 4.608 4.445 4.344 3.591 3.765 2.714 3.040 3.531 3.863 3.468 2.582 2.566 2.411 2.071 2.014 2.119 1.946 1.618 1.713 1.856 1.601 1.292 1.306 1.387 1.237 1.060 1.111 1.144 1.021 0.885 1.078 1.031 0.870 0.896 1.080 0.964 0.899 1.050 1.184 1.027 1.118 1.321 1.267 1.278 1.415 1.563 1.507 1.506 1.792 1.853 1.819 1.980 2.196 2.124 2.199 2.419 2.462 2.440 2.580 2.844 2.841 2.938 3.121 3.224 3.403
18.276 16.587 16.702 16.658 15.175 14.226 14.652 13.870 13.210 12.491 11.646 11.408 11.414 11.472 11.158 11.112 11.913 12.575 13.118 13.435 13.884 14.961 15.748 15.937 16.798 17.350 17.294 17.426 18.932 18.694 18.624 19.700 21.152 20.762 21.740 21.766 22.249 22.558 22.628 23.836 22.866 23.651 23.835 23.903 23.741 23.521 22.964 22.600 22.236 21.439 20.484 19.645 19.927 18.911 17.740 17.956 18.026 16.701 15.646 16.377 16.003 14.496 14.945 15.540 14.495 13.603 14.598 14.296 13.396 13.718 14.475 13.637 13.464 14.222 14.275 13.730 14.014 14.362 13.799 13.586 13.304 11.879 11.447 10.514 10.096 9.385 8.929 8.155 8.490 8.186 7.333 7.175 7.154 6.488 5.826 5.922 5.853 5.119 4.798 4.862 4.107 3.955 3.465 3.136 3.086 2.942 3.083 2.825 2.523 2.661 2.663 2.390 2.229 2.431 2.313 2.073 2.059 2.127 1.987 1.802 1.889 1.859 1.648 1.604 1.751 1.638 1.372 1.539 1.628 1.436 1.354 1.641 1.636 1.448 1.585 1.873 1.992 2.023 2.190 2.113 1.872 1.396 1.220 1.122 1.031 0.935 0.846 0.955 0.998 0.944 0.936 1.065 1.110 1.070 1.203 1.285 1.305 1.357 1.491 1.591 1.600 1.695 1.807 1.945 1.895 1.998 2.119 2.140 2.205 2.405 2.538 2.532 2.596 2.649 2.698 2.571 2.384 2.198 2.023 1.985 1.874 1.738 1.658 1.620 1.514 1.442 1.360 1.262 1.205 1.119 1.069 0.998 0.958 0.863 0.792 0.726 0.705 0.643 0.590 0.550 0.539 0.511 0.494 0.490 0.489 0.487 0.485 0.000 0.485 0.486 0.490 0.492 0.529 0.550 0.684 0.740 0.645 0.720 0.863 0.958 0.864 1.018 1.046 1.163 1.058 0.903 1.037 1.129 0.969 0.882 1.094 1.112 0.897 0.982 1.184 1.135 1.026 1.231 1.370 1.283 1.296 1.527 1.733 2.013 2.128 2.318 2.431 2.987 3.558 3.380 3.870 4.100 4.544 4.767 4.467 4.653 4.515 4.371 3.635 3.854 2.813 3.113 3.579 3.911 3.503 2.686 2.564 2.479 2.129 2.046 2.102 1.957 1.673 1.697 1.783 1.601 1.301 1.276 1.300 1.233 1.035 1.098 1.139 0.983 0.881 1.044 0.980 0.843 0.915 1.054 0.990 0.885 1.133 1.096 0.990 1.103 1.273 1.256 1.233 1.386 1.461 1.477 1.460 1.794 1.810 1.804 2.004 2.184 2.118 2.222 2.417 2.463 2.479 2.564 2.844 2.831 2.947 3.188 3.290 3.444
18.448 16.633 17.355 16.448 15.354 14.543 14.420 13.476 12.936 12.381 11.714 11.180 11.393 11.334 10.993 11.040 12.037 12.876 13.018 13.435 14.301 15.507 15.692 16.425 16.799 17.478 17.587 18.213 19.177 19.118 19.466 19.950 21.145 20.752 21.468 21.789 22.139 22.419 22.437 23.091 22.997 23.410 23.558 23.432 23.516 23.450 22.895 22.145 21.842 21.408 20.050 19.384 19.961 18.652 17.492 17.865 18.157 16.399 15.861 16.312 16.248 14.516 14.890 15.552 14.419 13.559 14.699 14.389 13.316 13.674 14.519 13.684 13.354 14.155 14.278 13.598 13.815 14.367 13.821 13.295 13.455 11.990 11.358 10.769 10.099 9.355 8.847 8.368 8.557 8.124 7.292 7.182 7.200 6.562 5.930 6.038 5.980 5.265 5.052 4.962 4.222 4.052 3.628 3.224 3.283 3.087 3.290 2.993 2.688 2.833 2.850 2.509 2.422 2.614 2.448 2.203 2.224 2.283 2.076 1.987 2.047 2.002 1.747 1.765 1.900 1.731 1.502 1.694 1.773 1.528 1.464 1.786 1.735 1.545 1.707 2.007 2.103 2.178 2.325 2.251 1.976 1.401 1.250 1.167 1.085 1.011 0.911 1.038 1.116 1.015 1.051 1.180 1.242 1.164 1.305 1.437 1.422 1.444 1.613 1.746 1.724 1.800 1.935 2.083 2.035 2.083 2.260 2.318 2.347 2.556 2.699 2.687 2.822 2.788 2.847 2.660 2.477 2.300 2.129 2.139 2.026 1.845 1.761 1.736 1.645 1.515 1.463 1.372 1.292 1.197 1.152 1.079 0.995 0.935 0.883 0.804 0.760 0.692 0.658 0.599 0.556 0.543 0.523 0.497 0.494 0.498 0.487 0.485 0.000 0.485 0.489 0.502 0.537 0.538 0.645 0.690 0.596 0.666 0.828 0.962 0.868 1.011 1.069 1.192 1.095 0.932 1.098 1.167 1.009 0.950 1.166 1.170 0.966 1.078 1.256 1.211 1.110 1.307 1.440 1.353 1.372 1.625 1.849 2.094 2.248 2.372 2.507 3.077 3.694 3.485 3.972 4.131 4.607 4.839 4.561 4.707 4.630 4.510 3.752 3.862 2.854 3.194 3.622 3.932 3.517 2.711 2.609 2.498 2.223 2.071 2.163 2.044 1.780 1.731 1.857 1.669 1.419 1.336 1.375 1.258 1.098 1.142 1.196 1.040 0.917 1.075 1.044 0.822 0.930 1.029 0.937 0.870 1.056 1.136 0.979 1.133 1.281 1.256 1.254 1.436 1.522 1.497 1.493 1.826 1.810 1.815 2.003 2.132 2.093 2.154 2.351 2.425 2.399 2.471 2.745 2.732 2.866 3.038 3.136 3.314
18.005 16.705 16.799 16.696 15.856 15.053 14.576 13.920 13.401 12.689 11.532 11.396 11.506 11.240 11.011 11.130 11.951 12.534 13.105 13.618 13.977 15.173 16.001 15.914 16.733 17.429 17.296 17.970 18.882 19.307 19.001 19.612 21.146 21.512 21.669 21.940 22.239 22.266 22.617 23.145 23.181 23.312 23.754 23.642 23.607 23.411 22.987 22.546 21.843 21.568 20.412 19.684 20.100 18.992 17.896 18.017 18.124 16.729 16.020 16.239 16.262 14.867 15.264 15.904 14.454 13.998 14.924 14.406 13.668 13.990 14.669 13.800 13.657 14.470 14.467 13.866 13.972 14.601 14.021 13.715 13.614 12.287 11.776 10.975 10.349 9.532 9.179 8.501 8.770 8.356 7.487 7.347 7.428 6.746 6.029 6.129 6.128 5.334 5.049 5.027 4.256 4.067 3.619 3.304 3.290 3.109 3.250 3.008 2.701 2.843 2.850 2.549 2.456 2.613 2.443 2.218 2.258 2.279 2.081 1.971 2.044 2.004 1.799 1.756 1.888 1.774 1.533 1.681 1.787 1.577 1.512 1.781 1.753 1.585 1.732 1.994 2.081 2.182 2.262 2.357 1.929 1.443 1.258 1.135 1.122 1.034 0.938 1.067 1.134 1.039 1.070 1.199 1.252 1.190 1.322 1.450 1.468 1.495 1.634 1.740 1.762 1.845 1.941 2.098 2.061 2.153 2.305 2.339 2.399 2.620 2.766 2.719 2.878 2.888 2.918 2.769 2.531 2.389 2.157 2.118 2.033 1.898 1.830 1.746 1.666 1.571 1.502 1.402 1.352 1.233 1.166 1.110 1.049 0.954 0.901 0.852 0.794 0.693 0.692 0.645 0.572 0.535 0.525 0.505 0.492 0.492 0.487 0.486 0.485 0.000 0.485 0.495 0.539 0.521 0.619 0.656 0.601 0.637 0.800 0.880 0.835 1.034 1.123 1.226 1.069 0.941 1.111 1.182 1.002 0.948 1.130 1.125 0.963 1.058 1.255 1.163 1.098 1.300 1.435 1.346 1.407 1.605 1.833 2.170 2.224 2.330 2.536 3.057 3.712 3.482 4.022 4.245 4.632 4.925 4.685 4.795 4.683 4.533 3.827 3.967 2.929 3.282 3.669 3.979 3.583 2.776 2.619 2.494 2.244 2.114 2.117 2.033 1.756 1.761 1.842 1.700 1.414 1.378 1.422 1.269 1.148 1.211 1.199 1.046 0.942 1.089 1.030 0.841 0.939 1.055 0.975 0.840 1.072 1.108 0.979 1.072 1.233 1.254 1.280 1.383 1.521 1.466 1.479 1.758 1.834 1.761 1.902 2.144 2.099 2.118 2.325 2.422 2.425 2.492 2.768 2.769 2.903 3.024 3.164 3.286
18.153 16.711 17.136 16.946 16.196 14.746 15.034 14.327 13.466 12.847 11.894 11.721 11.694 11.373 11.174 11.261 12.199 12.670 13.091 13.666 14.123 15.279 15.933 15.680 16.482 17.181 17.385 18.068 19.513 19.018 19.312 20.161 21.393 21.569 22.276 22.673 22.965 23.165 23.026 23.852 23.328 23.938 24.227 24.122 24.095 23.951 23.406 22.912 22.321 21.862 21.055 20.281 20.606 19.486 18.352 18.382 18.461 16.937 16.418 16.613 16.494 15.017 15.454 16.016 14.820 14.161 14.932 14.564 14.017 14.258 14.612 13.983 14.013 14.439 14.584 14.162 14.155 14.610 14.117 13.853 13.790 12.375 11.957 11.215 10.678 9.862 9.477 8.767 8.926 8.556 7.748 7.667 7.629 6.934 6.260 6.442 6.222 5.527 5.283 5.228 4.433 4.285 3.868 3.567 3.570 3.448 3.581 3.281 3.014 3.141 3.102 2.820 2.719 2.891 2.699 2.489 2.518 2.540 2.357 2.203 2.276 2.210 2.028 1.973 2.106 1.918 1.701 1.874 1.938 1.705 1.618 1.916 1.840 1.689 1.779 2.095 2.124 2.216 2.323 2.273 2.078 1.491 1.283 1.181 1.199 1.062 0.998 1.165 1.196 1.117 1.223 1.340 1.361 1.365 1.539 1.634 1.632 1.763 1.859 1.933 1.941 2.069 2.176 2.320 2.280 2.368 2.530 2.541 2.604 2.821 2.975 2.976 3.066 3.148 3.138 3.019 2.729 2.592 2.421 2.362 2.245 2.178 2.105 2.018 1.968 1.904 1.791 1.663 1.677 1.572 1.433 1.376 1.373 1.255 1.117 1.098 1.075 0.954 0.859 0.843 0.772 0.675 0.609 0.578 0.541 0.501 0.491 0.493 0.489 0.485 0.000 0.487 0.517 0.531 0.639 0.709 0.635 0.716 0.871 0.962 0.857 1.055 1.130 1.232 1.167 1.003 1.151 1.223 1.110 1.082 1.232 1.253 1.159 1.262 1.393 1.431 1.384 1.516 1.666 1.684 1.687 1.828 2.115 2.412 2.439 2.568 2.713 3.302 3.825 3.673 4.199 4.467 4.862 5.155 4.820 4.988 4.848 4.685 3.994 4.139 3.193 3.467 3.850 4.153 3.803 3.036 2.966 2.787 2.510 2.399 2.432 2.328 2.011 2.019 2.176 1.935 1.696 1.683 1.772 1.638 1.410 1.437 1.522 1.292 1.153 1.244 1.237 1.009 1.061 1.178 1.079 0.916 1.169 1.277 0.990 1.123 1.311 1.395 1.352 1.410 1.613 1.570 1.612 1.812 1.918 1.931 2.016 2.212 2.205 2.285 2.474 2.581 2.600 2.670 2.933 2.987 3.140 3.277 3.324 3.536
18.582 16.985 16.954 16.744 15.821 14.705 14.947 14.226 13.392 12.525 11.565 11.336 11.327 10.852 10.762 10.879 11.700 12.356 12.682 13.363 14.097 15.195 15.607 15.886 16.628 17.286 17.271 17.062 18.816 18.776 19.063 19.888 21.373 20.966 21.705 22.126 22.185 22.521 22.671 23.531 22.940 23.577 23.502 23.735 23.480 23.380 23.005 22.588 22.069 21.745 20.621 19.967 20.098 19.356 18.343 18.091 18.377 17.064 16.203 16.435 16.631 15.017 15.407 16.013 14.801 14.095 14.992 14.600 13.865 14.196 14.674 14.027 13.911 14.661 14.564 14.052 14.161 14.574 14.088 13.865 13.749 12.434 11.837 11.233 10.483 9.734 9.391 8.711 8.915 8.549 7.741 7.669 7.534 6.907 6.249 6.436 6.297 5.578 5.395 5.313 4.554 4.440 3.987 3.672 3.600 3.483 3.546 3.329 3.064 3.153 3.188 2.894 2.767 2.914 2.763 2.540 2.528 2.536 2.362 2.231 2.278 2.218 2.013 1.981 2.088 1.946 1.740 1.892 1.950 1.745 1.731 1.963 1.912 1.713 1.919 2.177 2.246 2.262 2.380 2.387 2.065 1.532 1.390 1.248 1.241 1.263 1.134 1.217 1.339 1.336 1.315 1.430 1.553 1.569 1.637 1.713 1.837 1.894 1.925 2.083 2.186 2.297 2.330 2.496 2.508 2.565 2.657 2.717 2.840 3.001 3.108 3.161 3.283 3.319 3.372 3.309 3.067 2.889 2.779 2.728 2.588 2.486 2.475 2.355 2.216 2.195 2.137 1.923 1.898 1.831 1.707 1.526 1.532 1.489 1.366 1.227 1.206 1.169 1.032 0.946 0.936 0.862 0.710 0.644 0.647 0.579 0.516 0.507 0.503 0.503 0.486 0.000 0.491 0.530 0.649 0.679 0.668 0.748 0.914 1.048 1.009 1.268 1.323 1.486 1.380 1.173 1.397 1.567 1.325 1.288 1.552 1.605 1.388 1.547 1.780 1.715 1.657 1.858 2.035 1.968 2.000 2.229 2.481 2.785 2.884 3.082 3.137 3.756 4.181 4.126 4.568 4.761 5.192 5.425 5.086 5.242 5.151 4.910 4.245 4.331 3.484 3.775 4.114 4.392 4.025 3.318 3.247 3.113 2.856 2.691 2.731 2.622 2.314 2.286 2.363 2.167 1.875 1.845 1.881 1.740 1.538 1.555 1.592 1.409 1.228 1.372 1.277 1.091 1.114 1.304 1.058 0.981 1.298 1.346 1.099 1.219 1.565 1.509 1.502 1.672 1.800 1.735 1.810 2.085 2.082 2.095 2.323 2.579 2.494 2.586 2.860 3.016 2.955 3.023 3.290 3.411 3.448 3.559 3.695 3.765
19.244 17.718 18.066 17.975 16.981 15.445 15.426 14.774 14.020 13.455 12.417 12.249 12.249 11.794 11.734 11.817 12.509 13.036 13.620 14.091 14.711 15.830 16.391 16.772 17.365 18.393 18.473 18.649 19.909 19.980 19.845 20.377 22.052 21.453 22.678 22.053 22.333 22.354 22.700 23.881 22.925 23.426 23.629 23.672 23.659 23.580 23.076 22.435 22.390 21.617 20.760 20.032 20.342 19.289 18.357 18.358 18.520 17.250 16.559 16.949 16.978 15.499 15.765 16.394 15.154 14.635 15.509 15.122 14.238 14.651 15.384 14.655 14.417 15.183 15.140 14.691 14.756 15.307 14.957 14.702 14.690 13.323 12.796 12.246 11.440 10.670 10.313 9.935 9.829 9.356 8.641 8.633 8.420 7.800 7.210 7.353 7.251 6.483 6.419 6.297 5.417 5.462 5.108 4.791 4.783 4.785 4.737 4.471 4.192 4.304 4.202 3.884 3.810 3.942 3.695 3.497 3.485 3.473 3.259 3.120 3.205 3.133 2.836 2.854 2.960 2.723 2.450 2.648 2.706 2.371 2.278 2.613 2.545 2.160 2.335 2.660 2.656 2.553 2.724 2.645 2.299 1.652 1.484 1.449 1.533 1.567 1.519 1.706 1.822 1.797 1.881 2.104 2.163 2.170 2.345 2.477 2.553 2.633 2.758 2.904 2.998 3.018 3.173 3.370 3.365 3.394 3.553 3.685 3.765 3.911 4.174 4.285 4.311 4.372 4.385 4.428 4.097 3.952 3.726 3.595 3.429 3.323 3.255 3.140 2.977 2.960 2.869 2.658 2.632 2.537 2.390 2.246 2.280 2.101 1.918 1.881 1.738 1.649 1.514 1.428 1.358 1.183 1.038 0.983 0.937 0.797 0.714 0.599 0.585 0.548 0.523 0.496 0.000 0.490 0.523 0.539 0.562 0.574 0.661 0.860 0.879 1.082 1.270 1.493 1.342 1.251 1.533 1.680 1.563 1.604 1.854 1.950 1.813 2.006 2.192 2.177 2.197 2.417 2.533 2.477 2.616 2.855 3.134 3.420 3.552 3.762 3.906 4.368 4.737 4.818 5.270 5.423 5.958 6.163 5.901 6.020 5.988 5.625 5.017 4.978 4.299 4.476 4.747 4.900 4.623 3.960 3.807 3.877 3.427 3.255 3.299 3.208 2.882 2.843 2.872 2.724 2.381 2.342 2.353 2.178 1.975 1.985 1.979 1.766 1.596 1.660 1.584 1.328 1.366 1.489 1.267 1.090 1.383 1.432 1.147 1.312 1.583 1.560 1.467 1.756 1.929 1.840 1.968 2.343 2.274 2.263 2.624 2.763 2.707 2.830 3.119 3.190 3.153 3.277 3.653 3.572 3.683 3.856 4.096 4.211
18.550 16.899 16.854 17.207 16.448 15.708 15.377 14.658 14.066 12.853 11.985 11.856 11.857 11.332 11.335 11.383 12.061 12.739 13.291 13.711 14.474 15.514 16.061 16.397 17.446 18.233 18.005 18.198 19.545 19.723 19.534 20.315 21.372 21.540 22.077 22.453 22.706 22.676 22.924 23.272 23.143 23.378 23.699 23.606 23.640 23.484 23.104 22.595 21.975 21.646 20.607 19.810 20.414 19.339 18.222 18.337 18.438 17.089 16.527 16.715 16.827 15.471 15.918 16.593 15.116 14.769 15.672 15.198 14.531 14.798 15.436 14.859 14.667 15.176 15.281 14.952 14.786 15.349 14.889 14.621 14.426 13.295 12.783 11.880 11.472 10.719 10.181 9.631 9.954 9.322 8.539 8.500 8.470 7.669 7.159 7.299 6.995 6.344 6.127 6.017 5.236 5.095 4.696 4.381 4.399 4.313 4.359 4.100 3.801 3.900 3.865 3.589 3.471 3.628 3.389 3.241 3.228 3.230 2.987 2.943 2.979 2.881 2.600 2.641 2.769 2.554 2.262 2.504 2.509 2.194 2.138 2.438 2.335 2.061 2.209 2.538 2.542 2.529 2.626 2.675 2.282 1.654 1.424 1.425 1.532 1.515 1.448 1.655 1.754 1.690 1.764 1.957 2.012 1.994 2.166 2.303 2.346 2.423 2.552 2.672 2.723 2.816 2.914 3.119 3.075 3.156 3.280 3.336 3.424 3.588 3.780 3.796 3.955 3.984 3.924 3.917 3.636 3.569 3.379 3.272 3.152 3.015 3.002 2.906 2.732 2.703 2.653 2.444 2.377 2.368 2.221 2.062 2.065 2.013 1.823 1.754 1.662 1.571 1.425 1.368 1.316 1.185 1.069 1.008 0.963 0.857 0.751 0.693 0.602 0.558 0.534 0.509 0.486 0.000 0.488 0.502 0.515 0.516 0.550 0.729 0.789 1.073 1.287 1.423 1.307 1.242 1.505 1.600 1.496 1.560 1.824 1.866 1.728 1.942 2.143 2.157 2.136 2.341 2.485 2.454 2.535 2.750 3.027 3.258 3.341 3.529 3.722 4.148 4.665 4.614 4.987 5.303 5.673 5.936 5.602 5.772 5.723 5.512 4.748 4.797 3.938 4.259 4.529 4.837 4.520 3.818 3.641 3.540 3.349 3.143 3.170 3.103 2.823 2.747 2.766 2.565 2.346 2.238 2.240 2.130 1.910 1.887 1.895 1.724 1.558 1.661 1.606 1.331 1.393 1.531 1.314 1.179 1.428 1.471 1.206 1.373 1.631 1.661 1.663 1.883 2.093 2.035 2.125 2.425 2.525 2.452 2.745 2.951 2.876 2.938 3.267 3.369 3.371 3.478 3.898 3.836 4.010 4.175 4.262 4.412
18.868 17.755 18.002 17.698 17.265 15.759 15.527 14.809 14.100 13.237 12.464 11.877 11.841 11.630 11.441 11.328 12.012 12.724 13.181 13.386 14.475 15.463 15.903 16.067 17.407 18.107 17.437 17.693 19.146 19.349 18.793 19.404 20.976 20.618 21.557 21.451 21.710 22.098 22.019 23.352 22.494 23.007 23.300 23.392 23.331 23.375 23.016 22.374 22.056 22.000 20.710 20.172 20.549 19.403 18.499 18.546 18.694 17.094 16.690 17.079 16.933 15.510 16.208 16.827 15.535 14.783 15.799 15.561 14.576 14.785 15.679 14.978 14.599 15.298 15.643 14.974 14.779 15.632 15.167 14.427 14.772 13.567 13.012 12.198 11.761 10.964 10.325 9.888 10.129 9.439 8.697 8.693 8.526 7.698 7.255 7.367 7.109 6.399 6.302 6.125 5.377 5.262 4.897 4.462 4.589 4.492 4.441 4.114 3.894 3.966 3.820 3.535 3.486 3.578 3.354 3.160 3.183 3.188 2.972 2.868 2.922 2.857 2.640 2.614 2.716 2.480 2.301 2.436 2.473 2.185 2.159 2.391 2.322 2.026 2.186 2.525 2.557 2.550 2.615 2.579 2.277 1.671 1.385 1.403 1.457 1.425 1.425 1.542 1.690 1.665 1.742 1.919 1.972 2.025 2.156 2.269 2.348 2.424 2.545 2.675 2.714 2.826 2.912 3.136 3.111 3.166 3.267 3.416 3.468 3.608 3.850 3.933 4.128 4.195 4.065 4.106 3.833 3.812 3.585 3.452 3.237 3.193 3.153 2.954 2.814 2.809 2.724 2.495 2.475 2.410 2.274 2.094 2.072 2.030 1.832 1.729 1.727 1.564 1.404 1.344 1.318 1.201 1.020 1.031 0.965 0.812 0.723 0.731 0.623 0.551 0.543 0.541 0.493 0.485 0.000 0.487 0.495 0.510 0.523 0.591 0.714 0.949 1.118 1.281 1.223 1.111 1.376 1.509 1.418 1.471 1.700 1.812 1.665 1.889 2.082 2.082 2.130 2.310 2.485 2.496 2.562 2.803 3.089 3.375 3.443 3.669 3.884 4.328 4.765 4.814 5.101 5.453 5.861 6.138 5.764 5.898 5.792 5.669 4.912 4.969 4.118 4.454 4.625 4.930 4.633 3.976 3.864 3.799 3.418 3.239 3.321 3.249 2.843 2.813 2.903 2.685 2.410 2.303 2.343 2.240 2.003 1.965 1.989 1.761 1.611 1.730 1.663 1.390 1.380 1.518 1.326 1.123 1.355 1.414 1.211 1.299 1.535 1.471 1.484 1.702 1.881 1.821 1.900 2.239 2.320 2.245 2.528 2.763 2.688 2.796 3.064 3.197 3.163 3.239 3.719 3.730 3.750 4.064 4.241 4.352
18.996 18.004 17.995 17.650 17.093 15.848 16.004 15.067 14.501 13.672 12.688 12.100 12.210 11.707 11.428 11.558 12.291 12.974 13.251 13.731 14.658 15.372 16.013 16.489 17.533 17.812 18.019 17.881 19.045 19.249 19.430 19.572 20.934 21.018 21.053 21.541 21.885 22.205 22.571 23.162 23.054 23.497 23.423 23.725 23.447 23.526 23.065 22.665 22.216 21.952 20.687 20.374 20.535 19.657 18.719 18.795 18.872 17.545 17.081 17.095 17.330 15.931 16.376 17.139 15.614 15.099 16.181 15.628 14.772 15.139 15.796 15.047 14.846 15.573 15.647 14.899 15.115 15.728 15.410 14.557 14.891 13.589 12.951 12.325 12.024 11.025 10.689 10.155 10.170 9.662 8.947 8.919 8.701 8.050 7.501 7.635 7.357 6.677 6.680 6.422 5.714 5.594 5.338 4.798 4.900 4.758 4.696 4.449 4.252 4.279 4.213 3.885 3.801 3.906 3.679 3.480 3.443 3.434 3.285 3.117 3.121 3.043 2.817 2.798 2.870 2.617 2.387 2.580 2.587 2.279 2.166 2.503 2.413 2.064 2.218 2.578 2.594 2.606 2.688 2.642 2.297 1.669 1.411 1.456 1.503 1.472 1.502 1.629 1.716 1.739 1.832 2.045 2.092 2.147 2.323 2.441 2.494 2.648 2.721 2.850 2.950 3.033 3.189 3.322 3.319 3.441 3.531 3.682 3.761 3.936 4.109 4.228 4.470 4.495 4.322 4.309 4.012 4.013 3.821 3.686 3.474 3.419 3.430 3.230 3.035 3.083 2.992 2.736 2.686 2.687 2.488 2.308 2.329 2.244 2.016 1.963 1.900 1.707 1.578 1.543 1.504 1.325 1.245 1.257 1.092 0.920 0.880 0.900 0.700 0.638 0.706 0.628 0.522 0.503 0.486 0.000 0.488 0.516 0.533 0.606 0.709 0.950 1.133 1.321 1.205 1.157 1.386 1.549 1.471 1.547 1.758 1.927 1.808 1.986 2.196 2.240 2.272 2.495 2.692 2.683 2.782 3.028 3.303 3.603 3.676 3.894 4.148 4.544 5.057 5.053 5.399 5.653 6.066 6.259 6.011 6.159 6.156 5.962 5.248 5.159 4.328 4.689 4.887 5.175 4.964 4.286 4.205 4.247 3.780 3.573 3.652 3.508 3.164 3.132 3.156 2.917 2.618 2.569 2.624 2.423 2.190 2.267 2.255 2.013 1.860 2.003 1.885 1.643 1.641 1.808 1.593 1.424 1.736 1.771 1.429 1.558 1.899 1.685 1.637 1.995 2.132 1.912 2.028 2.412 2.444 2.382 2.676 2.824 2.696 2.840 3.166 3.308 3.215 3.358 3.841 3.794 3.890 4.223 4.335 4.492
18.724 17.497 17.823 17.457 16.418 15.701 15.581 14.810 14.094 13.308 12.351 11.994 11.924 11.664 11.530 11.554 12.364 13.043 13.265 13.684 14.325 15.350 15.772 16.225 17.004 17.841 17.702 18.065 19.481 19.376 19.343 19.787 21.525 21.335 22.367 22.202 22.278 22.492 22.723 23.483 22.902 23.339 23.439 23.611 23.356 23.284 22.966 22.521 22.203 21.688 20.793 20.046 20.416 19.423 18.346 18.652 18.745 17.216 16.576 17.162 16.940 15.455 16.031 16.713 15.424 14.799 15.813 15.418 14.624 14.936 15.723 14.937 14.791 15.460 15.664 14.974 15.145 15.599 15.143 14.742 14.572 13.523 12.971 12.027 11.803 11.118 10.521 9.772 10.195 9.762 8.951 8.822 8.830 8.042 7.482 7.439 7.390 6.704 6.323 6.483 5.619 5.565 5.120 4.895 4.836 4.712 4.824 4.482 4.173 4.350 4.301 3.928 3.787 3.986 3.800 3.527 3.485 3.544 3.300 3.126 3.195 3.141 2.793 2.779 2.921 2.692 2.418 2.567 2.644 2.361 2.184 2.483 2.456 2.120 2.257 2.563 2.616 2.627 2.706 2.596 2.258 1.662 1.389 1.395 1.495 1.433 1.386 1.700 1.753 1.748 1.876 2.050 2.108 2.200 2.326 2.456 2.532 2.666 2.733 2.838 2.936 3.094 3.236 3.329 3.356 3.493 3.634 3.674 3.813 3.972 4.203 4.246 4.349 4.439 4.409 4.307 4.014 3.959 3.915 3.695 3.570 3.482 3.392 3.264 3.143 3.184 3.049 2.810 2.774 2.792 2.567 2.379 2.391 2.333 2.089 1.952 2.014 1.820 1.572 1.618 1.560 1.330 1.150 1.210 1.133 0.891 0.866 0.937 0.750 0.637 0.745 0.708 0.537 0.502 0.509 0.486 0.000 0.487 0.499 0.549 0.666 0.907 1.071 1.315 1.212 1.172 1.412 1.565 1.511 1.599 1.861 1.977 1.921 2.103 2.343 2.342 2.404 2.585 2.817 2.855 2.945 3.162 3.454 3.653 3.751 3.981 4.155 4.653 5.065 5.111 5.417 5.653 6.064 6.242 5.988 6.086 5.926 5.802 5.162 5.144 4.408 4.705 4.942 5.209 4.911 4.308 4.232 4.157 3.827 3.692 3.791 3.599 3.262 3.256 3.346 3.017 2.729 2.742 2.800 2.542 2.373 2.364 2.398 2.148 1.979 2.185 2.037 1.694 1.739 1.968 1.688 1.527 1.727 1.818 1.570 1.624 1.926 1.833 1.713 2.039 2.249 2.116 2.184 2.568 2.604 2.555 2.850 3.032 2.948 3.081 3.391 3.443 3.440 3.616 4.031 3.970 4.052 4.365 4.585 4.675
19.489 17.879 18.072 17.811 17.012 16.124 15.805 14.863 14.304 13.461 12.589 12.212 12.119 11.804 11.704 11.715 12.257 13.181 13.685 13.834 14.546 15.788 16.081 16.117 16.937 17.970 17.337 18.019 18.814 19.508 19.136 19.581 20.769 21.242 21.362 21.845 21.818 22.097 22.352 23.006 23.118 23.226 23.336 23.513 23.393 23.359 23.111 22.658 22.082 21.977 20.834 20.372 20.536 19.640 18.644 18.775 18.830 17.495 16.988 17.368 17.193 15.843 16.569 17.084 15.755 15.222 16.264 15.801 15.128 15.391 16.120 15.355 15.126 15.973 16.046 15.371 15.465 16.191 15.730 15.214 15.281 14.134 13.614 12.735 12.246 11.447 11.026 10.524 10.718 10.067 9.304 9.294 9.178 8.303 7.909 8.010 7.655 6.966 6.870 6.708 5.906 5.815 5.509 5.053 5.181 5.050 5.061 4.717 4.439 4.600 4.496 4.095 4.039 4.200 3.861 3.669 3.721 3.672 3.357 3.324 3.365 3.193 2.919 2.958 3.070 2.818 2.548 2.756 2.777 2.472 2.347 2.636 2.537 2.247 2.393 2.692 2.684 2.594 2.794 2.744 2.337 1.705 1.424 1.498 1.622 1.604 1.623 1.807 1.906 1.883 1.949 2.162 2.251 2.252 2.444 2.567 2.630 2.733 2.878 3.004 3.069 3.212 3.349 3.556 3.537 3.684 3.815 3.938 3.972 4.187 4.411 4.495 4.671 4.679 4.573 4.605 4.312 4.259 4.024 3.919 3.715 3.583 3.579 3.356 3.251 3.204 3.097 2.847 2.807 2.761 2.590 2.407 2.397 2.349 2.155 2.057 2.068 1.874 1.688 1.662 1.617 1.405 1.274 1.326 1.209 0.932 0.900 0.960 0.722 0.641 0.710 0.717 0.542 0.522 0.528 0.496 0.486 0.000 0.489 0.516 0.627 0.867 1.100 1.305 1.240 1.180 1.455 1.586 1.569 1.624 1.935 2.007 1.934 2.132 2.333 2.347 2.419 2.627 2.776 2.790 2.928 3.142 3.487 3.780 3.851 4.016 4.338 4.686 5.233 5.344 5.635 5.982 6.348 6.622 6.258 6.411 6.356 6.203 5.410 5.344 4.525 4.855 4.978 5.336 5.102 4.463 4.294 4.217 3.891 3.709 3.741 3.593 3.275 3.228 3.284 3.016 2.761 2.677 2.768 2.596 2.336 2.388 2.428 2.142 1.982 2.180 2.082 1.719 1.802 2.005 1.753 1.522 1.857 1.879 1.601 1.679 1.976 1.877 1.784 2.152 2.333 2.236 2.251 2.629 2.758 2.682 2.887 3.127 3.054 3.106 3.407 3.594 3.506 3.677 4.049 4.122 4.179 4.451 4.750 4.932
18.897 18.037 17.944 17.723 17.272 16.341 16.054 15.049 14.577 13.799 12.873 12.309 12.299 12.022 11.890 11.757 12.297 13.128 13.563 13.594 14.766 15.631 16.087 16.478 17.502 18.018 17.475 17.797 18.433 18.628 18.501 18.890 20.557 20.251 21.148 21.090 21.398 21.884 22.026 23.009 22.956 23.100 23.321 23.447 23.458 23.394 23.037 22.541 22.269 21.942 20.636 20.080 20.526 19.526 18.793 18.606 18.666 17.569 16.936 17.438 17.152 16.028 16.626 17.012 15.912 15.354 16.266 15.946 15.188 15.408 16.205 15.486 15.156 16.052 16.173 15.524 15.649 16.289 15.794 15.245 15.446 14.284 13.811 12.908 12.498 11.791 11.328 10.729 10.981 10.455 9.573 9.522 9.464 8.674 8.150 8.272 8.035 7.374 7.227 7.133 6.357 6.319 5.914 5.451 5.527 5.461 5.357 5.099 4.846 4.927 4.723 4.361 4.301 4.396 4.074 3.884 3.856 3.840 3.593 3.454 3.499 3.366 3.116 3.097 3.166 2.893 2.644 2.793 2.820 2.518 2.390 2.665 2.578 2.248 2.390 2.748 2.724 2.621 2.660 2.717 2.311 1.711 1.425 1.506 1.596 1.538 1.585 1.847 1.923 1.945 2.125 2.296 2.338 2.420 2.568 2.704 2.817 2.958 3.069 3.207 3.316 3.444 3.573 3.759 3.834 3.922 4.015 4.211 4.330 4.448 4.746 4.882 5.097 5.087 4.881 4.970 4.634 4.651 4.469 4.263 3.992 3.955 3.939 3.679 3.522 3.602 3.426 3.107 3.126 3.139 2.811 2.620 2.668 2.603 2.344 2.276 2.281 2.095 1.849 1.854 1.787 1.531 1.370 1.453 1.355 1.030 1.031 1.164 0.856 0.738 0.821 0.850 0.608 0.531 0.540 0.507 0.494 0.486 0.000 0.493 0.562 0.823 1.083 1.244 1.231 1.173 1.392 1.648 1.630 1.638 1.962 2.099 2.047 2.237 2.449 2.550 2.608 2.771 2.978 3.057 3.192 3.408 3.788 4.067 4.088 4.311 4.717 5.028 5.464 5.561 5.846 6.132 6.560 6.781 6.576 6.710 6.659 6.507 5.803 5.685 4.885 5.315 5.368 5.690 5.442 4.877 4.811 4.760 4.301 4.105 4.195 4.018 3.620 3.624 3.668 3.348 3.053 3.020 3.121 2.866 2.591 2.636 2.675 2.394 2.213 2.389 2.297 1.994 1.948 2.175 1.949 1.630 1.972 1.999 1.693 1.783 2.087 2.009 1.833 2.158 2.339 2.218 2.278 2.617 2.665 2.586 2.833 3.141 2.988 3.056 3.433 3.599 3.477 3.595 4.133 4.097 4.091 4.426 4.715 4.835
19.366 18.515 18.443 18.182 17.809 16.678 16.650 15.626 14.957 14.243 13.389 12.760 12.986 12.466 12.228 12.153 12.834 13.526 13.848 14.190 14.880 15.844 16.197 16.635 17.637 17.777 17.862 18.085 18.931 19.067 19.261 19.652 20.827 20.603 21.109 21.348 22.096 22.476 22.721 23.431 23.355 23.579 23.674 23.896 23.761 23.726 23.361 23.112 22.654 22.301 21.342 20.918 21.301 20.241 19.364 19.487 19.504 18.119 17.938 18.290 18.099 16.737 17.521 18.233 16.909 16.187 17.394 16.843 16.078 16.516 17.300 16.502 16.233 17.157 17.224 16.476 16.714 17.331 17.038 16.482 16.630 15.382 14.772 14.155 13.902 12.829 12.550 11.900 12.063 11.383 10.785 10.910 10.470 9.701 9.383 9.549 9.143 8.429 8.404 8.273 7.507 7.449 7.167 6.744 6.752 6.606 6.447 6.297 6.015 6.039 5.912 5.533 5.363 5.437 5.254 4.953 4.753 4.842 4.612 4.300 4.289 4.325 3.816 3.729 3.830 3.533 3.192 3.370 3.417 3.028 2.788 3.192 3.109 2.649 2.774 3.199 3.271 3.139 3.170 3.146 2.717 2.033 1.632 1.860 1.976 1.800 1.943 2.271 2.263 2.204 2.550 2.792 2.683 2.880 3.210 3.217 3.248 3.618 3.694 3.718 3.921 4.125 4.360 4.493 4.590 4.872 4.906 5.106 5.356 5.518 5.689 5.884 6.069 6.111 5.879 5.799 5.428 5.366 5.235 4.917 4.738 4.712 4.718 4.411 4.238 4.402 4.161 3.817 3.864 3.974 3.508 3.308 3.444 3.323 2.885 2.951 2.995 2.555 2.364 2.483 2.351 1.961 1.945 2.083 1.813 1.492 1.660 1.745 1.358 1.276 1.418 1.437 1.055 0.867 0.743 0.671 0.639 0.550 0.496 0.000 0.517 0.761 1.014 1.246 1.151 1.194 1.465 1.703 1.735 1.876 2.157 2.388 2.475 2.588 2.783 2.993 3.204 3.295 3.588 3.788 3.839 4.116 4.561 4.749 4.760 5.032 5.344 5.789 6.275 6.382 6.650 6.985 7.294 7.548 7.325 7.438 7.494 7.251 6.605 6.429 5.732 6.156 6.220 6.497 6.413 5.842 5.846 5.777 5.337 5.175 5.242 5.045 4.580 4.613 4.632 4.197 3.861 3.923 4.026 3.713 3.378 3.650 3.666 3.092 3.079 3.479 3.138 2.662 2.872 3.222 2.707 2.419 2.986 2.966 2.480 2.655 3.030 2.762 2.536 3.041 3.165 2.840 2.929 3.414 3.404 3.201 3.570 3.877 3.709 3.737 4.189 4.369 4.197 4.404 5.020 4.852 4.920 5.335 5.691 5.628
19.577 18.657 18.803 18.452 18.283 16.861 16.781 15.636 15.184 14.335 13.833 13.021 13.179 12.814 12.577 12.340 13.164 13.861 14.106 14.486 14.963 16.171 16.473 16.967 17.606 17.985 17.929 18.552 19.360 19.195 19.352 19.999 21.057 20.869 21.483 21.651 22.267 22.387 22.934 23.581 23.432 23.636 24.031 24.087 24.063 24.002 23.666 23.032 22.700 22.219 21.582 20.726 21.253 20.379 19.294 19.567 19.653 18.319 17.913 18.552 18.297 16.793 17.541 18.209 17.033 16.305 17.413 17.028 16.274 16.641 17.380 16.817 16.445 17.278 17.394 16.742 16.824 17.355 17.054 16.427 16.530 15.624 14.882 14.330 13.886 13.241 12.597 12.023 12.406 11.681 10.927 10.979 10.749 9.841 9.428 9.578 9.274 8.492 8.272 8.290 7.358 7.306 6.908 6.641 6.511 6.266 6.344 5.994 5.680 5.689 5.585 5.285 5.053 5.105 4.931 4.705 4.491 4.458 4.249 4.002 3.930 3.824 3.521 3.347 3.389 3.223 2.952 2.915 2.978 2.720 2.525 2.606 2.657 2.258 2.288 2.625 2.789 2.671 2.773 2.757 2.252 1.766 1.398 1.578 1.630 1.535 1.753 2.060 2.097 2.134 2.480 2.644 2.651 2.910 3.022 3.101 3.157 3.585 3.538 3.571 3.860 4.154 4.280 4.371 4.588 4.836 4.898 4.984 5.234 5.430 5.649 5.706 5.982 6.037 5.886 5.717 5.342 5.483 5.332 5.037 4.856 4.797 4.714 4.408 4.274 4.354 4.033 3.728 3.750 3.802 3.424 3.237 3.469 3.202 2.817 2.822 2.939 2.469 2.166 2.468 2.337 1.782 1.770 2.140 1.841 1.552 1.735 1.943 1.550 1.477 1.772 1.797 1.377 1.312 1.200 0.949 0.968 0.831 0.713 0.510 0.000 0.588 0.828 1.166 1.006 1.090 1.391 1.679 1.683 1.794 2.205 2.285 2.441 2.724 2.785 2.801 3.076 3.283 3.381 3.628 3.839 3.947 4.495 4.834 4.716 4.959 5.492 5.722 6.436 6.417 6.719 7.125 7.505 7.756 7.516 7.643 7.658 7.459 6.672 6.427 5.763 6.154 6.254 6.607 6.491 5.807 5.789 5.558 5.190 5.166 5.180 4.820 4.426 4.571 4.565 4.063 3.754 3.977 4.020 3.631 3.275 3.642 3.639 3.028 3.059 3.451 3.197 2.789 3.016 3.324 2.851 2.671 3.341 3.357 2.787 2.957 3.467 3.214 2.939 3.420 3.656 3.364 3.312 3.950 3.972 3.727 4.043 4.470 4.265 4.297 4.720 4.849 4.798 4.940 5.529 5.454 5.535 5.901 6.169 6.306
18.324 17.327 17.681 17.079 16.606 15.546 15.301 14.440 13.915 13.369 12.357 11.784 12.052 11.813 11.536 11.398 12.265 13.186 13.501 13.713 14.695 15.811 16.154 16.406 17.383 18.043 17.637 18.093 18.844 19.095 18.988 19.197 20.669 20.354 21.068 20.998 21.339 21.675 22.023 23.089 22.807 23.358 23.508 23.653 23.613 23.545 23.128 22.334 22.211 21.580 20.713 19.851 20.074 18.984 18.158 18.041 18.268 16.875 16.337 16.720 16.507 15.037 15.420 16.212 14.851 14.088 15.263 14.836 13.787 14.117 15.041 14.110 13.806 14.935 14.743 14.084 14.294 15.014 14.563 13.926 14.234 12.945 12.161 11.656 10.979 10.272 9.735 9.231 9.402 8.861 8.156 8.108 7.967 7.235 6.702 6.859 6.662 5.940 5.731 5.664 4.909 4.794 4.333 3.893 3.961 3.772 3.717 3.603 3.222 3.317 3.319 3.004 2.836 2.955 2.862 2.572 2.513 2.557 2.381 2.177 2.207 2.188 1.922 1.831 1.993 1.864 1.604 1.701 1.842 1.638 1.456 1.707 1.722 1.471 1.491 1.883 2.046 2.002 2.251 2.258 1.788 1.313 1.025 1.191 1.044 0.866 0.975 1.137 1.028 0.962 1.193 1.308 1.198 1.316 1.462 1.492 1.498 1.688 1.781 1.796 1.877 2.040 2.182 2.299 2.343 2.465 2.619 2.654 2.736 2.969 3.148 3.166 3.405 3.340 3.288 3.179 2.916 2.802 2.614 2.451 2.328 2.289 2.205 2.013 1.983 1.987 1.822 1.680 1.729 1.722 1.517 1.472 1.575 1.488 1.254 1.366 1.451 1.286 1.147 1.364 1.353 1.162 1.156 1.425 1.313 1.128 1.299 1.520 1.258 1.241 1.565 1.607 1.326 1.251 1.180 1.013 0.907 0.879 0.847 0.686 0.496 0.000 0.494 0.527 0.544 0.540 0.543 0.648 0.712 0.681 0.807 0.919 0.996 1.012 1.161 1.241 1.292 1.349 1.479 1.599 1.676 1.763 2.121 2.419 2.349 2.513 2.900 3.417 4.036 3.914 4.348 4.614 5.116 5.402 5.071 5.282 5.286 5.064 4.310 4.312 3.435 3.803 4.111 4.458 4.153 3.384 3.385 3.295 2.883 2.828 2.950 2.736 2.404 2.533 2.662 2.342 2.076 2.201 2.401 2.225 1.990 2.174 2.325 2.110 1.974 2.292 2.293 2.069 2.163 2.498 2.306 2.152 2.525 2.587 2.352 2.413 2.787 2.717 2.546 2.895 3.052 2.875 2.919 3.381 3.368 3.225 3.508 3.805 3.638 3.607 4.087 4.151 4.002 4.316 4.765 4.591 4.663 4.975 5.209 5.394
18.403 16.911 17.111 16.483 15.872 14.895 14.449 13.918 13.469 12.818 12.084 11.570 11.752 11.520 11.503 11.343 12.117 13.306 13.691 13.871 14.981 15.974 16.199 16.275 16.767 17.531 17.482 17.729 18.677 18.940 18.374 19.189 20.498 20.221 20.765 20.965 21.133 21.611 21.846 22.851 22.782 23.189 23.300 23.463 23.228 23.162 22.810 22.177 21.776 21.620 20.485 19.723 20.050 19.202 18.005 18.100 18.356 16.757 16.241 16.688 16.495 14.882 15.585 16.190 14.721 14.075 15.205 14.572 13.692 14.087 14.744 13.757 13.658 14.535 14.429 13.745 13.936 14.555 14.011 13.398 13.476 12.107 11.475 10.799 10.366 9.659 9.114 8.593 8.825 8.354 7.612 7.480 7.497 6.703 6.124 6.251 6.071 5.359 5.073 5.039 4.309 4.125 3.632 3.261 3.238 3.014 3.182 2.994 2.675 2.774 2.825 2.509 2.406 2.541 2.430 2.145 2.160 2.193 2.003 1.856 1.925 1.866 1.608 1.567 1.708 1.589 1.330 1.440 1.528 1.369 1.190 1.452 1.481 1.295 1.388 1.678 1.758 1.916 2.033 2.137 1.605 1.159 0.883 1.028 0.870 0.716 0.776 0.912 0.875 0.805 0.920 1.058 0.996 0.991 1.162 1.227 1.213 1.291 1.477 1.521 1.518 1.616 1.805 1.962 1.896 2.022 2.245 2.263 2.257 2.530 2.664 2.630 2.807 2.778 2.717 2.557 2.326 2.169 1.959 1.870 1.808 1.756 1.611 1.556 1.489 1.454 1.295 1.232 1.277 1.167 1.040 1.076 1.114 0.987 0.886 0.959 1.030 0.919 0.851 1.028 1.056 0.923 0.948 1.184 1.107 1.041 1.184 1.318 1.172 1.200 1.425 1.469 1.299 1.208 1.179 1.076 0.900 0.917 0.924 0.753 0.545 0.485 0.000 0.490 0.492 0.496 0.488 0.494 0.527 0.520 0.544 0.587 0.632 0.644 0.690 0.791 0.804 0.836 0.930 1.013 1.054 1.142 1.464 1.764 1.739 1.873 2.165 2.790 3.484 3.304 3.807 4.116 4.497 4.812 4.571 4.686 4.654 4.609 3.778 3.920 2.883 3.300 3.698 4.086 3.700 2.867 2.780 2.653 2.295 2.265 2.364 2.173 1.897 2.018 2.166 1.908 1.633 1.702 1.853 1.755 1.563 1.735 1.912 1.724 1.624 1.948 1.953 1.759 1.836 2.185 2.002 1.850 2.188 2.274 2.093 2.170 2.442 2.388 2.259 2.503 2.669 2.583 2.541 2.904 2.967 2.851 2.962 3.311 3.261 3.170 3.464 3.638 3.624 3.595 4.073 4.130 4.117 4.342 4.628 4.849
18.634 17.126 17.154 16.270 15.857 15.218 14.576 13.946 13.744 12.634 11.964 11.419 11.659 11.320 11.284 11.209 12.033 12.959 13.327 13.631 14.535 16.016 15.961 16.497 17.617 18.251 17.422 17.970 19.181 18.555 18.667 19.145 20.625 20.307 20.730 20.895 21.295 21.656 22.138 22.760 22.758 23.382 23.493 23.693 23.458 23.301 22.961 22.364 21.854 21.488 20.418 19.916 20.059 19.064 17.968 18.262 18.297 16.700 16.347 16.648 16.379 14.816 15.512 16.240 14.525 14.015 15.164 14.608 13.496 13.904 14.878 13.811 13.494 14.430 14.265 13.607 13.856 14.547 13.990 13.302 13.386 12.099 11.456 10.753 10.448 9.703 9.206 8.548 8.805 8.409 7.638 7.458 7.471 6.847 6.216 6.242 6.158 5.429 5.189 5.033 4.353 4.085 3.638 3.188 3.164 2.939 3.043 2.875 2.540 2.660 2.643 2.388 2.310 2.395 2.270 2.060 2.064 2.059 1.915 1.811 1.853 1.781 1.589 1.555 1.680 1.564 1.307 1.443 1.514 1.349 1.219 1.479 1.457 1.298 1.381 1.639 1.766 1.828 2.016 2.026 1.589 1.166 0.945 1.065 0.868 0.735 0.772 0.891 0.867 0.778 0.887 0.999 1.008 0.980 1.124 1.243 1.232 1.320 1.459 1.547 1.580 1.673 1.806 1.939 1.903 2.021 2.182 2.200 2.263 2.493 2.656 2.636 2.812 2.770 2.793 2.619 2.379 2.254 1.999 1.962 1.865 1.778 1.631 1.599 1.546 1.458 1.301 1.255 1.260 1.160 1.029 1.059 1.079 0.968 0.841 0.939 0.985 0.819 0.815 0.982 0.983 0.855 0.937 1.149 1.088 1.011 1.173 1.294 1.215 1.219 1.394 1.475 1.277 1.192 1.192 1.072 0.946 0.935 0.915 0.772 0.618 0.494 0.486 0.000 0.487 0.493 0.493 0.491 0.498 0.505 0.513 0.534 0.566 0.602 0.619 0.688 0.746 0.814 0.869 0.939 1.024 1.120 1.399 1.771 1.788 1.877 2.206 2.874 3.529 3.293 3.893 4.129 4.518 4.850 4.637 4.796 4.789 4.660 3.924 3.989 2.910 3.346 3.798 4.185 3.738 2.872 2.745 2.680 2.322 2.245 2.348 2.159 1.850 1.947 2.103 1.868 1.588 1.653 1.795 1.662 1.508 1.652 1.801 1.653 1.538 1.835 1.872 1.658 1.796 2.108 1.997 1.819 2.176 2.289 2.129 2.207 2.454 2.433 2.303 2.590 2.716 2.601 2.669 3.001 3.037 2.912 3.185 3.390 3.319 3.355 3.654 3.748 3.690 3.845 4.246 4.223 4.318 4.540 4.755 4.894
17.841 16.898 16.884 16.349 15.989 14.730 15.110 14.139 13.829 13.133 12.016 11.545 11.702 11.483 11.357 11.102 11.993 13.169 13.484 13.582 14.610 15.778 16.222 16.279 17.415 18.162 18.035 18.326 19.295 19.414 19.328 19.702 21.466 20.694 20.956 21.052 21.742 21.951 22.319 22.874 22.971 23.282 23.468 23.435 23.531 23.437 22.849 22.219 21.665 21.530 20.105 19.614 20.248 18.910 17.832 18.031 18.050 16.653 16.088 16.258 16.260 14.554 15.462 16.218 14.319 13.734 14.752 14.177 13.302 13.683 14.392 13.423 13.379 14.017 14.019 13.256 13.637 14.162 13.933 13.090 13.347 11.713 11.123 10.448 10.135 9.398 8.897 8.342 8.604 8.180 7.415 7.325 7.307 6.497 5.928 6.095 5.914 5.201 4.971 4.928 4.174 4.021 3.553 3.113 3.120 2.947 3.087 2.886 2.550 2.701 2.770 2.428 2.302 2.494 2.404 2.085 2.071 2.153 1.991 1.801 1.893 1.888 1.574 1.567 1.746 1.607 1.351 1.511 1.638 1.432 1.277 1.567 1.580 1.353 1.484 1.769 1.895 1.963 2.184 2.254 1.692 1.183 1.007 1.047 0.894 0.720 0.736 0.898 0.865 0.752 0.868 1.025 0.998 0.959 1.112 1.223 1.182 1.262 1.433 1.506 1.500 1.602 1.789 1.910 1.841 1.982 2.140 2.152 2.149 2.426 2.592 2.535 2.741 2.643 2.656 2.475 2.272 2.118 1.859 1.856 1.798 1.669 1.553 1.512 1.458 1.343 1.207 1.183 1.169 1.073 0.971 1.003 1.007 0.909 0.800 0.868 0.944 0.818 0.778 0.962 0.987 0.850 0.914 1.175 1.115 1.030 1.194 1.346 1.249 1.219 1.514 1.560 1.347 1.236 1.224 1.104 0.944 0.939 0.935 0.843 0.609 0.500 0.490 0.486 0.000 0.485 0.488 0.489 0.488 0.492 0.509 0.526 0.532 0.582 0.607 0.665 0.697 0.768 0.834 0.907 0.958 1.062 1.350 1.713 1.663 1.786 2.067 2.679 3.420 3.137 3.726 3.890 4.351 4.650 4.396 4.546 4.559 4.457 3.707 3.798 2.760 3.162 3.641 3.983 3.561 2.774 2.783 2.638 2.251 2.266 2.418 2.156 1.812 1.999 2.170 1.904 1.564 1.683 1.925 1.731 1.611 1.783 1.949 1.687 1.704 2.009 1.989 1.771 1.908 2.277 2.043 1.902 2.328 2.440 2.222 2.262 2.592 2.564 2.402 2.649 2.809 2.731 2.672 3.047 3.059 2.953 3.192 3.395 3.302 3.380 3.617 3.735 3.679 3.725 4.150 4.145 4.202 4.504 4.665 4.932
17.968 16.619 16.598 16.476 15.543 14.592 14.612 13.925 13.444 12.844 12.160 11.667 11.802 11.503 11.690 11.339 12.178 13.290 13.703 13.742 14.679 15.505 16.173 16.142 16.945 17.629 17.498 17.788 19.289 18.918 18.853 19.142 20.108 19.988 20.068 20.432 21.086 21.363 21.975 22.603 22.792 23.327 23.266 23.435 23.329 23.177 22.820 22.256 21.783 21.470 20.515 19.699 20.085 19.065 17.789 18.189 18.414 16.649 16.221 16.578 16.614 14.874 15.503 16.124 14.553 14.074 15.015 14.447 13.568 13.917 14.448 13.597 13.538 14.235 14.111 13.571 13.836 14.277 13.725 13.312 13.151 11.757 11.320 10.565 10.104 9.536 8.988 8.309 8.662 8.279 7.460 7.296 7.451 6.622 6.046 6.096 6.049 5.334 5.022 4.979 4.233 4.060 3.606 3.235 3.220 3.005 3.201 3.028 2.647 2.765 2.860 2.540 2.355 2.562 2.497 2.116 2.132 2.253 2.046 1.825 1.958 1.948 1.649 1.605 1.833 1.699 1.396 1.515 1.712 1.479 1.313 1.595 1.672 1.439 1.509 1.802 1.937 1.929 2.091 2.116 1.646 1.281 1.053 1.120 0.989 0.749 0.781 0.990 0.955 0.762 0.878 1.062 0.976 0.926 1.111 1.250 1.160 1.259 1.485 1.541 1.477 1.573 1.742 1.914 1.804 1.970 2.176 2.180 2.180 2.498 2.632 2.551 2.748 2.680 2.658 2.484 2.254 2.071 1.852 1.821 1.750 1.643 1.497 1.462 1.392 1.332 1.211 1.139 1.157 1.101 0.964 0.984 1.058 0.931 0.803 0.879 1.030 0.905 0.798 1.045 1.139 0.958 1.042 1.299 1.302 1.149 1.342 1.521 1.364 1.361 1.622 1.661 1.445 1.381 1.358 1.170 1.093 1.012 0.988 0.866 0.697 0.515 0.496 0.493 0.485 0.000 0.485 0.489 0.491 0.487 0.496 0.532 0.536 0.552 0.612 0.716 0.659 0.735 0.928 0.970 0.927 1.089 1.413 1.676 1.686 1.810 2.111 2.702 3.401 3.211 3.761 4.000 4.384 4.694 4.407 4.556 4.551 4.502 3.685 3.841 2.821 3.212 3.638 4.016 3.604 2.813 2.805 2.677 2.282 2.276 2.427 2.195 1.836 2.056 2.228 1.920 1.638 1.783 2.036 1.883 1.656 1.907 2.127 1.855 1.766 2.179 2.174 1.961 2.062 2.493 2.233 2.084 2.484 2.640 2.379 2.464 2.807 2.693 2.495 2.808 2.997 2.861 2.796 3.225 3.212 3.088 3.284 3.562 3.437 3.442 3.744 3.853 3.817 3.871 4.313 4.285 4.353 4.612 4.850 5.085
18.552 16.715 17.024 16.539 15.745 14.675 14.591 13.783 13.311 12.908 12.359 11.755 11.911 11.855 11.960 11.479 12.351 13.498 13.927 13.763 14.557 15.710 16.127 16.055 16.943 17.685 17.148 17.930 18.675 19.186 18.616 19.359 21.135 20.386 21.067 21.012 21.356 21.758 22.017 22.931 22.603 23.388 23.332 23.597 23.387 23.297 22.675 22.219 21.839 21.447 20.269 19.814 19.863 19.141 18.017 18.137 18.218 16.827 16.395 16.601 16.393 15.088 15.616 15.959 14.581 14.285 15.054 14.488 13.698 13.970 14.646 13.726 13.591 14.261 14.283 13.692 13.871 14.430 13.738 13.360 13.288 11.698 11.294 10.614 9.956 9.336 8.882 8.167 8.434 8.080 7.277 7.043 7.109 6.459 5.803 5.888 5.804 5.106 4.840 4.723 4.101 3.816 3.358 2.930 2.898 2.677 2.845 2.598 2.332 2.426 2.453 2.162 2.079 2.201 2.101 1.829 1.873 1.897 1.742 1.591 1.685 1.625 1.409 1.377 1.516 1.411 1.206 1.266 1.409 1.249 1.104 1.350 1.392 1.204 1.310 1.550 1.717 1.842 2.061 2.131 1.646 1.129 0.959 1.013 0.831 0.658 0.706 0.813 0.770 0.680 0.762 0.886 0.854 0.823 0.981 1.057 1.004 1.081 1.254 1.309 1.310 1.439 1.559 1.732 1.661 1.784 1.936 2.006 2.002 2.271 2.376 2.358 2.589 2.485 2.466 2.381 2.079 1.984 1.715 1.704 1.597 1.511 1.343 1.290 1.289 1.199 1.072 1.008 1.050 0.952 0.801 0.873 0.906 0.802 0.710 0.789 0.856 0.744 0.729 0.864 0.922 0.808 0.874 1.070 1.074 0.990 1.135 1.294 1.162 1.197 1.429 1.520 1.305 1.201 1.189 1.080 0.938 0.911 0.904 0.799 0.627 0.494 0.488 0.490 0.486 0.485 0.000 0.485 0.486 0.487 0.486 0.491 0.499 0.505 0.518 0.555 0.573 0.602 0.664 0.764 0.800 0.897 1.198 1.527 1.540 1.641 1.979 2.541 3.335 3.129 3.688 3.904 4.308 4.611 4.284 4.454 4.484 4.357 3.577 3.764 2.647 3.154 3.586 3.964 3.566 2.711 2.630 2.546 2.136 2.105 2.230 2.030 1.694 1.873 2.040 1.813 1.510 1.547 1.770 1.648 1.475 1.622 1.801 1.646 1.565 1.839 1.905 1.683 1.768 2.130 2.025 1.823 2.159 2.285 2.110 2.174 2.491 2.413 2.232 2.564 2.721 2.580 2.576 3.053 2.973 2.821 3.103 3.348 3.234 3.210 3.549 3.681 3.586 3.628 4.096 4.067 4.134 4.396 4.658 4.808
18.671 16.759 17.501 16.534 16.167 15.082 14.493 13.853 13.437 12.885 12.267 11.704 11.698 11.582 11.714 11.324 12.173 13.227 13.762 13.810 14.583 16.054 16.256 16.231 17.296 18.045 17.683 18.045 19.311 19.225 19.012 19.565 21.094 20.783 21.137 21.249 21.370 21.611 22.039 22.650 22.399 23.347 23.354 23.388 23.307 23.159 22.574 22.040 21.634 21.238 19.908 19.646 19.650 18.760 17.618 17.832 17.850 16.388 16.118 16.200 16.075 14.585 15.207 15.804 14.257 13.685 14.728 14.222 13.074 13.502 14.267 13.277 12.958 13.814 13.829 13.033 13.422 13.991 13.410 13.006 13.030 11.570 11.038 10.325 9.961 9.323 8.764 8.210 8.460 8.038 7.306 7.137 7.167 6.452 5.833 5.908 5.840 5.102 4.854 4.783 4.128 3.841 3.366 2.924 2.874 2.671 2.824 2.624 2.350 2.405 2.457 2.220 2.082 2.202 2.138 1.885 1.840 1.911 1.778 1.613 1.655 1.643 1.391 1.356 1.515 1.385 1.144 1.280 1.408 1.241 1.158 1.377 1.371 1.216 1.345 1.573 1.736 1.873 2.088 2.112 1.694 1.111 0.958 1.005 0.808 0.644 0.670 0.790 0.770 0.677 0.780 0.871 0.879 0.853 0.996 1.032 1.009 1.108 1.272 1.309 1.322 1.465 1.600 1.727 1.682 1.821 1.952 1.981 2.016 2.250 2.380 2.361 2.504 2.445 2.537 2.311 2.117 1.934 1.716 1.703 1.623 1.533 1.371 1.323 1.304 1.210 1.064 1.008 1.050 0.933 0.786 0.863 0.905 0.750 0.677 0.761 0.839 0.716 0.698 0.851 0.909 0.802 0.864 1.068 1.075 1.001 1.150 1.306 1.159 1.210 1.413 1.509 1.306 1.234 1.239 1.123 0.977 0.961 0.959 0.851 0.676 0.510 0.492 0.489 0.487 0.485 0.485 0.000 0.485 0.486 0.486 0.487 0.491 0.501 0.507 0.530 0.550 0.580 0.637 0.697 0.760 0.866 1.172 1.532 1.540 1.614 1.953 2.586 3.389 3.057 3.577 3.785 4.253 4.535 4.228 4.454 4.435 4.358 3.580 3.820 2.631 3.109 3.555 3.918 3.516 2.650 2.614 2.497 2.125 2.127 2.247 2.025 1.691 1.879 2.053 1.850 1.529 1.571 1.789 1.625 1.496 1.653 1.797 1.628 1.576 1.846 1.884 1.692 1.753 2.124 1.981 1.835 2.174 2.297 2.124 2.161 2.438 2.429 2.257 2.536 2.674 2.618 2.606 2.941 2.986 2.888 3.138 3.288 3.260 3.336 3.556 3.686 3.696 3.764 4.153 4.198 4.287 4.608 4.725 5.131
18.371 16.583 17.380 16.388 15.589 14.530 14.246 13.415 13.037 12.607 12.128 11.392 11.561 11.609 11.661 11.019 11.999 13.110 13.541 13.435 14.458 15.175 15.852 15.963 16.811 17.454 17.135 17.962 18.996 18.798 18.801 19.699 20.702 20.269 20.758 20.825 21.270 21.563 22.008 22.786 22.595 23.309 23.344 23.509 23.331 23.307 22.756 22.180 21.938 21.410 20.321 19.718 20.195 19.012 17.707 18.145 18.519 16.543 16.200 16.719 16.580 14.676 15.240 16.102 14.428 13.677 14.838 14.277 13.174 13.581 14.413 13.351 13.163 14.056 13.913 13.266 13.568 14.067 13.550 13.133 13.044 11.553 11.108 10.287 9.909 9.276 8.813 8.134 8.427 8.074 7.231 7.035 7.161 6.382 5.703 5.831 5.748 4.980 4.678 4.687 3.930 3.742 3.232 2.821 2.779 2.547 2.731 2.589 2.242 2.307 2.411 2.130 1.996 2.121 2.089 1.793 1.773 1.858 1.721 1.528 1.598 1.587 1.361 1.321 1.477 1.393 1.164 1.271 1.398 1.247 1.121 1.365 1.381 1.221 1.316 1.534 1.722 1.824 2.131 2.113 1.624 1.137 0.992 1.028 0.814 0.680 0.677 0.765 0.778 0.674 0.735 0.878 0.844 0.808 0.957 1.035 1.008 1.084 1.217 1.276 1.280 1.402 1.509 1.693 1.619 1.744 1.897 1.906 1.918 2.187 2.300 2.252 2.466 2.396 2.475 2.296 2.088 1.928 1.673 1.684 1.601 1.476 1.345 1.311 1.257 1.162 1.053 0.995 0.989 0.901 0.800 0.831 0.840 0.747 0.660 0.728 0.804 0.699 0.679 0.833 0.902 0.809 0.862 1.061 1.112 1.016 1.109 1.360 1.239 1.207 1.463 1.533 1.332 1.255 1.270 1.131 1.014 0.969 0.970 0.893 0.697 0.528 0.503 0.493 0.488 0.486 0.485 0.485 0.000 0.485 0.488 0.488 0.488 0.495 0.508 0.525 0.540 0.577 0.644 0.700 0.744 0.876 1.208 1.552 1.537 1.646 1.937 2.571 3.387 3.127 3.636 3.865 4.261 4.572 4.264 4.462 4.408 4.340 3.551 3.784 2.619 3.085 3.532 3.914 3.502 2.673 2.691 2.537 2.125 2.166 2.269 2.047 1.721 1.863 2.007 1.789 1.517 1.624 1.737 1.636 1.472 1.664 1.783 1.686 1.530 1.831 1.909 1.729 1.760 2.103 1.990 1.875 2.123 2.313 2.161 2.143 2.473 2.443 2.281 2.496 2.734 2.601 2.578 2.951 2.966 2.879 3.057 3.299 3.180 3.272 3.500 3.625 3.639 3.626 4.087 4.114 4.195 4.490 4.650 4.948
17.717 16.166 16.190 16.049 15.167 14.066 14.535 13.736 13.140 12.878 12.627 11.798 11.727 11.786 11.853 11.538 12.306 13.299 13.525 13.898 14.308 15.686 15.910 16.073 16.570 17.312 17.352 17.544 18.466 19.268 18.648 19.498 20.984 20.531 20.710 20.990 21.591 21.764 22.163 22.900 22.906 23.392 23.332 23.662 23.416 23.287 22.860 22.363 21.827 21.631 20.400 19.736 20.005 19.048 17.934 18.200 18.223 16.757 16.101 16.486 16.242 14.883 15.402 15.828 14.360 13.946 14.868 14.301 13.587 13.792 14.440 13.596 13.528 14.205 14.200 13.617 13.749 14.268 13.802 13.315 13.406 11.842 11.426 10.602 10.064 9.571 8.977 8.289 8.595 8.275 7.332 7.107 7.225 6.474 5.768 5.877 5.829 5.068 4.784 4.642 3.950 3.718 3.194 2.825 2.793 2.582 2.778 2.568 2.254 2.356 2.393 2.124 1.984 2.134 2.073 1.773 1.783 1.863 1.704 1.518 1.616 1.572 1.339 1.305 1.476 1.369 1.116 1.235 1.374 1.172 1.120 1.281 1.313 1.174 1.246 1.482 1.608 1.764 2.006 2.085 1.650 1.129 0.983 0.982 0.774 0.673 0.643 0.762 0.711 0.616 0.717 0.802 0.795 0.743 0.889 0.992 0.960 1.016 1.211 1.269 1.252 1.363 1.506 1.711 1.588 1.699 1.870 1.918 1.908 2.196 2.324 2.254 2.470 2.362 2.386 2.265 2.008 1.788 1.558 1.546 1.508 1.358 1.239 1.261 1.161 1.103 0.976 0.913 0.948 0.844 0.743 0.770 0.833 0.758 0.638 0.707 0.827 0.754 0.659 0.805 0.871 0.825 0.836 1.026 1.025 0.970 1.128 1.273 1.140 1.159 1.398 1.471 1.311 1.186 1.219 1.125 0.968 0.948 0.953 0.887 0.687 0.533 0.508 0.498 0.489 0.487 0.486 0.486 0.485 0.000 0.485 0.488 0.489 0.489 0.491 0.508 0.513 0.529 0.580 0.664 0.667 0.775 1.144 1.492 1.474 1.613 1.846 2.487 3.278 3.024 3.594 3.858 4.245 4.583 4.253 4.415 4.392 4.293 3.476 3.720 2.574 3.061 3.473 3.889 3.470 2.585 2.562 2.437 2.063 2.074 2.237 1.985 1.677 1.817 2.031 1.767 1.459 1.564 1.758 1.613 1.450 1.603 1.786 1.597 1.488 1.818 1.861 1.671 1.739 2.120 1.981 1.799 2.124 2.307 2.105 2.165 2.475 2.422 2.245 2.503 2.717 2.631 2.569 2.948 3.004 2.877 3.027 3.321 3.269 3.220 3.480 3.645 3.611 3.625 4.101 4.072 4.148 4.396 4.647 4.936
18.087 16.138 16.255 16.215 15.578 14.492 14.319 13.654 13.354 12.771 12.645 11.722 11.899 11.881 12.086 11.421 12.478 13.437 13.940 13.937 14.821 16.053 16.195 16.147 17.201 18.018 16.935 17.493 18.695 18.521 18.526 19.283 20.772 20.375 20.514 20.958 21.224 21.533 21.968 22.697 22.330 23.323 23.325 23.540 23.338 23.332 22.761 22.097 21.813 21.253 20.037 19.781 19.845 18.948 17.883 18.115 18.054 16.529 16.346 16.332 16.184 14.803 15.379 16.022 14.439 13.959 14.998 14.240 13.333 13.688 14.596 13.599 13.337 14.050 13.950 13.334 13.511 14.181 13.723 13.188 13.090 11.648 11.286 10.420 10.045 9.420 8.930 8.184 8.549 8.184 7.330 7.041 7.133 6.508 5.804 5.863 5.779 5.026 4.893 4.666 4.042 3.731 3.260 2.814 2.735 2.587 2.752 2.421 2.216 2.342 2.339 2.045 1.960 2.123 2.007 1.754 1.763 1.829 1.661 1.528 1.576 1.551 1.336 1.299 1.406 1.342 1.144 1.194 1.321 1.204 1.038 1.251 1.335 1.188 1.257 1.540 1.763 1.856 2.173 2.197 1.722 1.124 0.966 0.987 0.800 0.629 0.651 0.748 0.700 0.620 0.709 0.827 0.773 0.753 0.901 1.004 0.955 1.014 1.162 1.223 1.223 1.401 1.463 1.630 1.592 1.666 1.856 1.911 1.897 2.106 2.302 2.250 2.410 2.320 2.439 2.299 2.041 1.839 1.585 1.566 1.485 1.420 1.208 1.175 1.155 1.093 0.907 0.893 0.920 0.808 0.701 0.771 0.800 0.676 0.612 0.704 0.758 0.708 0.647 0.809 0.853 0.750 0.815 1.001 1.039 0.947 1.092 1.249 1.134 1.165 1.385 1.486 1.315 1.219 1.261 1.158 0.998 0.985 1.012 0.941 0.758 0.580 0.523 0.518 0.507 0.490 0.488 0.488 0.487 0.485 0.000 0.487 0.488 0.488 0.486 0.491 0.501 0.505 0.527 0.570 0.623 0.707 1.059 1.431 1.383 1.492 1.855 2.541 3.351 3.110 3.631 3.859 4.238 4.542 4.237 4.435 4.378 4.295 3.451 3.718 2.543 3.029 3.534 3.936 3.522 2.578 2.536 2.465 2.081 2.066 2.204 2.044 1.666 1.793 1.994 1.764 1.466 1.539 1.678 1.597 1.389 1.584 1.731 1.559 1.509 1.744 1.828 1.631 1.667 2.000 1.956 1.786 2.060 2.195 2.072 2.110 2.325 2.324 2.182 2.446 2.596 2.545 2.522 2.888 2.880 2.785 3.042 3.247 3.185 3.235 3.494 3.640 3.617 3.687 4.138 4.104 4.171 4.483 4.636 4.931
17.908 16.113 16.501 15.666 15.175 14.607 14.263 13.489 13.144 12.617 12.430 11.441 11.564 11.624 11.694 11.018 11.757 12.663 13.305 13.298 14.250 15.584 15.738 15.597 17.050 17.571 16.936 17.339 19.056 18.717 18.209 19.261 20.397 20.627 20.594 21.254 21.488 21.696 22.166 22.695 22.566 23.516 23.467 23.601 23.472 23.438 22.865 22.180 21.639 21.220 19.836 19.652 19.803 18.783 17.376 17.959 17.961 16.214 15.906 16.137 16.055 14.341 15.099 15.721 14.099 13.672 14.708 14.134 12.970 13.556 14.226 13.239 13.091 13.894 13.760 13.069 13.576 13.932 13.559 13.198 12.923 11.567 11.201 10.383 9.890 9.440 8.820 8.108 8.395 8.109 7.216 6.872 7.111 6.393 5.655 5.746 5.690 4.889 4.682 4.588 3.839 3.678 3.129 2.790 2.711 2.512 2.628 2.468 2.191 2.268 2.312 2.069 1.960 2.067 2.016 1.759 1.748 1.803 1.679 1.510 1.569 1.512 1.361 1.297 1.415 1.346 1.133 1.204 1.321 1.217 1.079 1.291 1.343 1.196 1.312 1.527 1.693 1.841 2.047 2.111 1.757 1.162 0.986 1.048 0.869 0.684 0.679 0.803 0.762 0.651 0.762 0.853 0.803 0.766 0.928 0.995 0.951 1.046 1.184 1.210 1.243 1.429 1.534 1.653 1.585 1.703 1.839 1.878 1.909 2.137 2.253 2.210 2.385 2.317 2.439 2.250 2.058 1.841 1.608 1.593 1.543 1.430 1.239 1.189 1.183 1.080 0.932 0.901 0.908 0.766 0.675 0.766 0.792 0.630 0.592 0.696 0.709 0.625 0.643 0.785 0.830 0.747 0.825 1.050 1.040 0.975 1.132 1.347 1.192 1.196 1.406 1.480 1.318 1.254 1.324 1.192 1.095 1.024 1.050 0.987 0.825 0.629 0.549 0.527 0.519 0.503 0.489 0.489 0.489 0.486 0.485 0.000 0.485 0.488 0.489 0.488 0.495 0.503 0.511 0.537 0.593 0.692 1.033 1.415 1.388 1.533 1.871 2.571 3.424 3.099 3.609 3.841 4.264 4.529 4.213 4.442 4.379 4.267 3.463 3.809 2.528 3.015 3.547 3.845 3.460 2.586 2.517 2.410 2.089 2.052 2.125 1.940 1.658 1.758 1.906 1.702 1.452 1.495 1.628 1.546 1.437 1.585 1.712 1.579 1.543 1.750 1.761 1.687 1.703 2.046 1.918 1.834 2.098 2.260 2.101 2.148 2.465 2.394 2.266 2.510 2.735 2.600 2.581 2.931 2.970 2.848 3.034 3.315 3.228 3.279 3.521 3.685 3.670 3.695 4.182 4.139 4.265 4.574 4.891 5.143
17.927 16.501 16.215 16.300 14.994 14.385 14.802 13.829 13.183 12.872 12.541 11.749 11.766 12.001 11.711 11.532 12.442 13.369 13.507 13.595 14.325 15.173 15.809 15.716 16.739 17.338 17.133 17.646 19.116 19.041 18.668 19.747 20.294 20.623 20.579 21.294 21.686 21.792 22.285 22.656 22.873 23.493 23.286 23.497 23.359 23.345 22.818 22.207 21.739 21.527 20.246 19.689 20.081 18.903 17.611 18.157 18.211 16.541 15.847 16.185 16.053 14.598 15.104 15.784 14.089 13.652 14.751 14.171 13.338 13.573 14.345 13.460 13.337 14.053 14.038 13.353 13.544 14.042 13.623 13.188 13.094 11.692 11.250 10.340 9.946 9.476 8.896 8.175 8.513 8.170 7.311 7.046 7.101 6.388 5.691 5.782 5.716 4.927 4.664 4.524 3.845 3.657 3.118 2.780 2.727 2.532 2.711 2.541 2.202 2.274 2.370 2.083 1.925 2.082 2.035 1.765 1.728 1.833 1.684 1.499 1.573 1.554 1.324 1.322 1.458 1.345 1.128 1.241 1.387 1.183 1.103 1.338 1.343 1.189 1.271 1.499 1.679 1.825 2.134 2.193 1.771 1.180 1.029 1.038 0.875 0.718 0.711 0.817 0.754 0.710 0.710 0.856 0.819 0.752 0.888 1.004 0.953 1.003 1.174 1.231 1.219 1.320 1.480 1.600 1.506 1.612 1.790 1.814 1.793 2.078 2.193 2.135 2.356 2.244 2.318 2.168 1.932 1.721 1.473 1.443 1.423 1.268 1.132 1.140 1.108 0.991 0.848 0.848 0.856 0.738 0.685 0.722 0.725 0.676 0.600 0.658 0.764 0.685 0.645 0.805 0.848 0.747 0.825 1.014 1.012 0.959 1.098 1.239 1.105 1.172 1.413 1.465 1.308 1.243 1.294 1.170 1.029 1.034 1.054 0.979 0.820 0.664 0.610 0.573 0.533 0.518 0.503 0.494 0.489 0.488 0.487 0.485 0.000 0.485 0.487 0.488 0.487 0.491 0.511 0.532 0.560 0.653 0.979 1.321 1.321 1.469 1.757 2.385 3.268 2.969 3.518 3.706 4.180 4.508 4.139 4.336 4.310 4.216 3.389 3.659 2.457 2.967 3.399 3.772 3.379 2.529 2.599 2.411 1.994 2.014 2.178 1.919 1.594 1.732 1.972 1.745 1.423 1.483 1.679 1.576 1.484 1.535 1.744 1.566 1.484 1.789 1.831 1.623 1.706 2.052 1.902 1.781 2.136 2.293 2.099 2.166 2.442 2.403 2.269 2.480 2.706 2.633 2.607 2.905 2.991 2.883 3.071 3.319 3.251 3.301 3.527 3.663 3.650 3.700 4.180 4.150 4.282 4.621 4.778 5.131
18.225 16.669 16.821 16.689 15.682 14.643 14.559 14.155 13.461 12.858 12.649 11.931 11.942 11.651 11.752 11.422 12.182 13.094 13.361 13.494 13.858 14.900 15.663 15.602 16.054 17.008 16.511 17.472 18.668 18.773 18.807 19.252 21.614 20.495 21.622 21.427 21.757 21.951 22.306 23.349 22.863 23.530 23.533 23.688 23.524 23.477 22.865 22.316 21.995 21.628 20.536 19.462 19.753 18.884 17.721 18.033 18.046 16.455 15.841 16.326 15.940 14.692 15.021 15.702 14.087 13.655 14.761 14.106 13.293 13.621 14.554 13.560 13.197 14.067 14.175 13.434 13.679 14.318 13.736 13.361 13.347 11.800 11.368 10.425 9.972 9.316 8.782 7.975 8.461 7.975 7.211 6.970 6.971 6.322 5.658 5.687 5.559 4.916 4.643 4.495 3.838 3.570 3.076 2.738 2.651 2.465 2.654 2.388 2.151 2.232 2.265 2.006 1.881 2.014 1.918 1.689 1.645 1.739 1.614 1.409 1.509 1.451 1.224 1.231 1.336 1.170 1.031 1.144 1.255 1.098 1.027 1.190 1.259 1.125 1.188 1.460 1.634 1.904 2.060 2.163 1.671 1.173 1.024 1.001 0.821 0.693 0.662 0.729 0.714 0.611 0.653 0.745 0.739 0.675 0.809 0.929 0.869 0.937 1.042 1.114 1.097 1.284 1.369 1.495 1.447 1.573 1.698 1.762 1.793 2.008 2.111 2.082 2.299 2.238 2.277 2.135 1.895 1.642 1.437 1.380 1.294 1.204 1.092 1.047 1.011 0.956 0.822 0.785 0.804 0.754 0.591 0.663 0.685 0.618 0.557 0.618 0.689 0.622 0.598 0.721 0.792 0.720 0.775 0.933 0.983 0.922 1.043 1.215 1.113 1.148 1.332 1.419 1.290 1.239 1.291 1.212 1.052 1.058 1.104 1.031 0.865 0.723 0.652 0.630 0.572 0.531 0.517 0.508 0.491 0.489 0.488 0.487 0.485 0.000 0.485 0.487 0.489 0.487 0.494 0.519 0.537 0.622 0.953 1.309 1.288 1.418 1.767 2.377 3.293 2.971 3.481 3.685 4.128 4.375 4.075 4.270 4.267 4.155 3.299 3.629 2.412 2.917 3.368 3.785 3.391 2.529 2.553 2.411 1.976 2.013 2.135 1.966 1.579 1.713 1.883 1.708 1.405 1.426 1.600 1.556 1.294 1.458 1.625 1.517 1.380 1.629 1.716 1.530 1.615 1.888 1.808 1.698 1.931 2.064 1.933 1.982 2.272 2.218 2.090 2.302 2.488 2.430 2.455 2.713 2.765 2.701 2.878 3.095 3.084 3.108 3.325 3.498 3.453 3.544 3.916 3.863 3.991 4.175 4.501 4.775
18.228 16.513 16.777 16.337 15.737 14.612 14.489 13.848 13.398 12.807 12.662 11.713 11.848 11.881 12.108 11.364 12.325 13.193 13.665 13.833 14.687 15.961 15.790 15.965 16.774 17.225 16.941 17.480 18.774 18.763 18.512 19.347 20.935 20.824 21.139 21.340 21.305 21.542 22.087 22.900 22.362 23.374 23.419 23.513 23.359 23.146 22.657 22.116 21.793 21.269 19.975 19.672 19.560 18.767 17.707 17.824 17.799 16.453 16.139 16.241 16.010 14.706 15.207 15.681 14.261 13.875 14.872 14.161 13.141 13.537 14.427 13.456 13.178 13.970 13.848 13.155 13.475 14.046 13.482 13.246 13.114 11.595 11.297 10.463 9.883 9.463 8.769 8.204 8.527 8.099 7.252 6.926 7.113 6.362 5.692 5.754 5.730 4.939 4.750 4.627 3.956 3.703 3.154 2.770 2.669 2.511 2.600 2.370 2.190 2.256 2.235 2.032 1.911 2.019 1.946 1.698 1.669 1.733 1.609 1.455 1.497 1.458 1.259 1.243 1.351 1.251 1.046 1.161 1.224 1.095 1.054 1.256 1.263 1.155 1.265 1.521 1.696 1.920 2.143 2.140 1.806 1.203 1.025 1.018 0.814 0.688 0.697 0.726 0.725 0.617 0.681 0.749 0.768 0.712 0.849 0.931 0.915 0.996 1.092 1.192 1.182 1.353 1.443 1.561 1.508 1.654 1.788 1.867 1.842 2.095 2.187 2.174 2.332 2.282 2.377 2.244 1.999 1.844 1.585 1.464 1.402 1.312 1.122 1.069 1.067 0.973 0.841 0.816 0.836 0.729 0.607 0.683 0.718 0.615 0.575 0.657 0.719 0.632 0.629 0.764 0.826 0.755 0.812 0.977 0.994 0.954 1.083 1.237 1.122 1.179 1.371 1.462 1.342 1.271 1.356 1.253 1.102 1.097 1.132 1.054 0.862 0.714 0.635 0.638 0.593 0.545 0.514 0.508 0.496 0.488 0.487 0.487 0.486 0.485 0.000 0.485 0.487 0.486 0.488 0.495 0.518 0.586 0.961 1.190 1.286 1.397 1.679 2.482 3.232 2.913 3.471 3.735 4.193 4.470 4.104 4.360 4.314 4.199 3.374 3.709 2.517 3.002 3.438 3.814 3.426 2.544 2.565 2.421 2.013 2.062 2.185 1.993 1.617 1.788 1.932 1.730 1.418 1.528 1.663 1.585 1.429 1.587 1.710 1.573 1.476 1.691 1.812 1.615 1.640 1.961 1.893 1.750 2.045 2.201 2.035 2.066 2.318 2.335 2.197 2.435 2.601 2.588 2.542 2.840 2.908 2.857 3.058 3.260 3.238 3.295 3.489 3.686 3.700 3.720 4.178 4.194 4.279 4.617 4.799 5.170
17.976 16.338 16.656 16.019 15.528 14.511 14.683 13.734 13.122 12.753 12.367 11.671 11.601 11.647 11.638 11.323 12.061 12.818 13.583 13.606 14.342 15.503 15.762 15.555 16.787 17.208 16.881 17.557 18.750 18.510 18.670 19.538 20.838 20.754 21.208 21.412 21.495 21.727 22.261 22.991 22.567 23.539 23.488 23.547 23.429 23.373 22.830 22.107 21.950 21.363 20.301 19.707 19.992 18.865 17.370 18.046 18.264 16.331 15.946 16.517 16.225 14.560 15.009 15.748 14.294 13.703 14.762 14.256 13.213 13.597 14.386 13.434 13.194 14.045 14.073 13.360 13.618 14.188 13.763 13.284 13.235 11.837 11.540 10.549 10.082 9.620 9.070 8.275 8.628 8.216 7.375 7.107 7.206 6.478 5.667 5.839 5.701 4.898 4.703 4.652 3.977 3.745 3.215 2.816 2.771 2.566 2.690 2.528 2.233 2.253 2.362 2.105 1.954 2.078 2.043 1.754 1.736 1.809 1.683 1.491 1.571 1.543 1.353 1.285 1.437 1.334 1.134 1.230 1.328 1.214 1.144 1.316 1.345 1.243 1.336 1.527 1.737 1.859 2.244 2.302 1.807 1.289 1.114 1.118 0.909 0.783 0.772 0.844 0.828 0.715 0.767 0.841 0.841 0.778 0.938 0.996 0.976 1.053 1.177 1.220 1.229 1.389 1.504 1.614 1.523 1.672 1.811 1.851 1.853 2.131 2.199 2.161 2.390 2.316 2.389 2.238 1.976 1.761 1.505 1.444 1.410 1.286 1.128 1.103 1.100 0.958 0.807 0.806 0.838 0.712 0.630 0.689 0.731 0.639 0.566 0.647 0.695 0.616 0.655 0.765 0.816 0.771 0.844 0.989 1.032 0.979 1.144 1.263 1.148 1.252 1.453 1.515 1.400 1.356 1.449 1.301 1.159 1.141 1.197 1.099 0.923 0.789 0.693 0.636 0.636 0.575 0.543 0.521 0.504 0.494 0.488 0.487 0.486 0.485 0.485 0.000 0.485 0.486 0.487 0.490 0.505 0.571 0.910 1.168 1.243 1.385 1.676 2.437 3.296 2.935 3.527 3.737 4.178 4.469 4.139 4.409 4.299 4.210 3.384 3.707 2.511 2.951 3.450 3.729 3.376 2.476 2.552 2.353 2.034 2.073 2.105 2.018 1.655 1.793 1.962 1.807 1.467 1.548 1.656 1.639 1.513 1.563 1.724 1.645 1.479 1.753 1.812 1.667 1.697 2.055 1.938 1.832 2.092 2.324 2.157 2.164 2.489 2.459 2.307 2.543 2.769 2.681 2.615 2.974 3.043 2.950 3.088 3.393 3.329 3.370 3.602 3.749 3.813 3.778 4.277 4.295 4.424 4.741 4.938 5.278
17.135 16.452 15.858 16.352 15.277 14.538 14.438 13.984 13.322 12.871 12.482 11.857 12.242 12.004 11.665 11.701 12.462 13.221 13.342 13.904 14.211 14.958 15.950 15.660 16.562 17.462 17.007 17.061 18.800 18.476 18.408 19.016 19.903 20.363 20.566 21.222 21.652 21.826 22.183 22.906 22.818 23.359 23.219 23.523 23.340 23.270 22.667 22.287 21.842 21.449 20.346 19.672 20.118 19.152 17.994 18.283 18.369 16.882 16.072 16.553 16.058 14.824 15.192 15.925 14.249 13.804 14.814 14.189 13.598 13.843 14.561 13.581 13.473 14.165 14.270 13.530 13.750 14.231 13.896 13.428 13.344 11.820 11.663 10.623 10.034 9.700 9.136 8.398 8.601 8.279 7.417 7.152 7.055 6.519 5.787 5.840 5.744 4.992 4.921 4.631 4.048 3.786 3.273 3.008 2.928 2.700 2.889 2.679 2.370 2.441 2.519 2.234 2.062 2.230 2.151 1.880 1.866 1.956 1.778 1.566 1.713 1.672 1.432 1.417 1.582 1.471 1.242 1.385 1.460 1.320 1.249 1.456 1.495 1.322 1.471 1.693 1.828 2.011 2.266 2.277 1.895 1.396 1.201 1.185 1.027 0.863 0.841 0.924 0.913 0.766 0.793 0.925 0.893 0.794 0.985 1.065 1.021 1.080 1.234 1.280 1.284 1.443 1.581 1.690 1.586 1.727 1.883 1.930 1.949 2.211 2.336 2.281 2.516 2.388 2.430 2.265 2.025 1.730 1.515 1.392 1.370 1.252 1.054 1.088 1.050 0.980 0.837 0.785 0.827 0.730 0.568 0.636 0.722 0.608 0.567 0.675 0.776 0.743 0.680 0.857 0.899 0.830 0.918 1.110 1.112 1.067 1.229 1.388 1.269 1.350 1.556 1.637 1.516 1.457 1.530 1.393 1.237 1.261 1.290 1.196 1.010 0.910 0.830 0.783 0.697 0.668 0.623 0.569 0.529 0.518 0.502 0.492 0.490 0.487 0.486 0.485 0.000 0.485 0.488 0.492 0.497 0.557 0.888 1.281 1.238 1.389 1.765 2.446 3.333 2.948 3.563 3.726 4.179 4.391 4.134 4.354 4.261 4.211 3.411 3.678 2.560 2.998 3.485 3.856 3.443 2.524 2.668 2.488 2.145 2.155 2.245 2.113 1.722 1.884 2.061 1.867 1.542 1.595 1.773 1.662 1.484 1.619 1.800 1.616 1.535 1.830 1.920 1.710 1.768 2.094 2.025 1.898 2.189 2.333 2.199 2.260 2.541 2.515 2.382 2.594 2.868 2.808 2.764 3.079 3.161 3.089 3.267 3.539 3.431 3.506 3.794 3.919 3.918 3.925 4.466 4.440 4.501 4.840 4.953 5.296
18.345 16.799 16.691 16.810 16.048 14.924 15.338 14.614 13.518 13.225 12.582 12.240 11.965 11.941 11.804 11.761 12.441 13.226 13.879 13.814 14.758 15.832 15.799 15.642 16.691 17.280 16.943 17.287 18.778 18.749 18.571 19.320 20.891 20.775 21.067 21.255 21.305 21.538 22.134 23.100 22.571 23.452 23.391 23.565 23.361 23.271 22.693 22.128 21.972 21.255 20.250 19.802 19.809 18.949 17.880 18.131 18.164 16.672 16.278 16.720 16.320 14.912 15.333 15.767 14.595 14.151 14.997 14.293 13.566 13.828 14.635 13.723 13.466 14.249 14.200 13.553 13.734 14.323 13.813 13.600 13.363 11.905 11.730 10.683 10.093 9.586 9.027 8.268 8.740 8.295 7.382 7.136 7.171 6.396 5.791 5.894 5.709 5.007 4.853 4.662 4.086 3.819 3.362 2.958 2.954 2.765 2.895 2.684 2.449 2.522 2.553 2.303 2.183 2.316 2.245 2.000 1.976 2.072 1.897 1.714 1.828 1.799 1.592 1.545 1.694 1.581 1.331 1.485 1.598 1.416 1.343 1.590 1.590 1.442 1.586 1.850 1.945 2.098 2.324 2.399 1.992 1.443 1.257 1.227 1.067 0.914 0.882 0.976 0.982 0.808 0.841 1.025 0.963 0.867 1.025 1.144 1.089 1.113 1.316 1.388 1.338 1.460 1.604 1.732 1.623 1.797 1.972 2.007 2.023 2.289 2.393 2.349 2.534 2.468 2.459 2.340 2.040 1.809 1.541 1.491 1.396 1.321 1.142 1.088 1.091 1.030 0.845 0.810 0.897 0.728 0.598 0.691 0.728 0.624 0.582 0.674 0.748 0.682 0.700 0.843 0.904 0.856 0.927 1.110 1.124 1.108 1.234 1.380 1.310 1.365 1.558 1.629 1.529 1.480 1.568 1.451 1.286 1.304 1.349 1.258 1.054 0.976 0.900 0.836 0.779 0.706 0.681 0.641 0.574 0.538 0.519 0.503 0.493 0.489 0.488 0.487 0.485 0.000 0.486 0.491 0.499 0.566 0.903 1.239 1.254 1.379 1.717 2.473 3.295 2.959 3.563 3.690 4.171 4.502 4.172 4.404 4.296 4.217 3.396 3.688 2.485 3.016 3.455 3.855 3.453 2.550 2.646 2.500 2.085 2.110 2.241 2.005 1.651 1.817 1.955 1.787 1.494 1.606 1.722 1.684 1.482 1.679 1.793 1.676 1.594 1.819 1.930 1.730 1.767 2.130 2.031 1.903 2.167 2.302 2.148 2.201 2.477 2.466 2.350 2.573 2.762 2.739 2.703 3.052 3.088 3.073 3.254 3.504 3.489 3.532 3.792 3.975 3.988 4.026 4.479 4.490 4.597 4.871 5.060 5.456
17.723 16.368 16.616 16.194 15.423 14.658 14.604 14.020 13.251 12.667 12.419 11.798 11.703 11.648 11.833 11.269 12.015 12.803 13.411 13.463 14.185 15.236 15.625 15.684 16.600 16.947 16.863 17.358 18.654 18.517 18.327 19.299 20.455 20.539 20.735 21.248 21.405 21.684 22.119 23.004 22.628 23.526 23.567 23.673 23.576 23.428 22.872 22.112 21.902 21.324 19.955 19.740 19.825 18.848 17.542 17.943 17.997 16.412 16.117 16.488 16.206 14.742 15.185 15.802 14.381 13.926 14.969 14.312 13.375 13.838 14.641 13.612 13.405 14.253 14.114 13.415 13.770 14.395 13.846 13.448 13.361 11.983 11.654 10.869 10.219 9.766 9.129 8.555 8.848 8.322 7.550 7.319 7.427 6.543 5.942 6.084 5.910 5.133 5.028 4.917 4.226 4.040 3.545 3.210 3.179 2.985 3.123 2.940 2.624 2.714 2.753 2.493 2.312 2.455 2.384 2.059 2.026 2.124 1.961 1.760 1.836 1.812 1.552 1.515 1.672 1.545 1.301 1.445 1.536 1.394 1.313 1.569 1.556 1.414 1.580 1.818 1.948 2.135 2.418 2.418 1.998 1.487 1.299 1.280 1.093 0.963 0.922 0.995 0.954 0.810 0.871 0.980 0.971 0.852 1.037 1.162 1.075 1.171 1.351 1.415 1.374 1.548 1.743 1.834 1.761 1.901 2.100 2.130 2.155 2.428 2.572 2.493 2.667 2.581 2.600 2.477 2.185 1.937 1.659 1.555 1.569 1.428 1.201 1.131 1.173 1.082 0.879 0.845 0.944 0.781 0.606 0.723 0.813 0.645 0.607 0.712 0.829 0.693 0.757 0.939 0.977 0.894 1.019 1.208 1.187 1.188 1.333 1.512 1.369 1.461 1.666 1.770 1.653 1.623 1.723 1.580 1.407 1.432 1.488 1.351 1.142 1.071 0.954 0.904 0.855 0.783 0.715 0.684 0.629 0.573 0.539 0.524 0.499 0.490 0.489 0.488 0.486 0.485 0.000 0.486 0.495 0.544 0.811 1.167 1.152 1.326 1.648 2.429 3.358 2.944 3.531 3.739 4.306 4.629 4.180 4.495 4.408 4.256 3.504 3.820 2.654 3.089 3.511 3.881 3.465 2.583 2.669 2.495 2.124 2.205 2.293 2.183 1.700 1.945 2.113 1.888 1.560 1.660 1.869 1.675 1.526 1.772 1.926 1.680 1.651 1.938 1.975 1.810 1.901 2.255 2.134 2.027 2.345 2.489 2.296 2.377 2.659 2.634 2.536 2.786 2.956 2.916 2.922 3.233 3.296 3.249 3.438 3.697 3.687 3.729 3.974 4.181 4.187 4.243 4.701 4.690 4.817 5.133 5.333 5.678
18.248 17.212 17.270 16.829 16.072 15.080 14.780 14.332 13.627 13.042 12.810 12.180 12.157 11.993 11.733 11.638 12.501 13.138 13.727 13.860 14.434 15.960 16.255 16.017 17.002 17.541 17.220 17.744 18.843 18.663 18.775 19.669 20.656 20.889 20.982 21.389 21.761 21.914 22.415 23.092 22.868 23.619 23.647 23.873 23.692 23.616 23.028 22.407 22.128 21.641 20.630 19.775 20.196 19.257 17.784 18.216 18.505 16.739 16.043 16.607 16.480 14.726 15.084 15.868 14.546 13.615 14.761 14.161 13.495 13.522 14.433 13.549 13.326 14.076 14.166 13.495 13.581 14.265 13.730 13.404 13.281 11.921 11.585 10.706 10.178 9.732 9.135 8.539 8.748 8.208 7.623 7.421 7.222 6.587 5.926 6.047 5.795 5.045 5.023 4.790 4.208 3.988 3.525 3.196 3.239 3.072 3.259 2.941 2.725 2.832 2.877 2.579 2.464 2.619 2.477 2.222 2.241 2.299 2.105 1.903 2.027 1.983 1.747 1.711 1.881 1.735 1.515 1.667 1.782 1.567 1.491 1.774 1.778 1.596 1.722 2.001 2.131 2.274 2.563 2.489 2.059 1.608 1.431 1.400 1.275 1.118 1.084 1.200 1.159 0.969 1.013 1.166 1.118 0.991 1.163 1.314 1.217 1.265 1.524 1.608 1.521 1.630 1.844 2.011 1.910 1.995 2.224 2.271 2.225 2.490 2.693 2.610 2.707 2.659 2.667 2.544 2.348 1.984 1.698 1.656 1.695 1.492 1.250 1.253 1.321 1.138 0.972 0.955 1.000 0.818 0.718 0.776 0.817 0.707 0.655 0.793 0.878 0.810 0.862 1.018 1.058 1.009 1.158 1.314 1.334 1.309 1.486 1.611 1.537 1.637 1.840 1.908 1.796 1.765 1.872 1.668 1.548 1.566 1.581 1.474 1.278 1.172 1.087 0.981 0.962 0.916 0.840 0.767 0.720 0.663 0.603 0.567 0.531 0.513 0.496 0.491 0.490 0.489 0.485 0.000 0.488 0.535 0.808 1.142 1.137 1.329 1.631 2.446 3.344 3.028 3.644 3.701 4.209 4.561 4.147 4.478 4.366 4.306 3.491 3.793 2.602 3.009 3.442 3.844 3.459 2.631 2.736 2.650 2.174 2.224 2.369 2.231 1.716 1.912 2.167 1.884 1.508 1.661 1.884 1.788 1.602 1.768 1.994 1.783 1.713 1.994 2.080 1.918 2.033 2.344 2.282 2.189 2.460 2.667 2.547 2.545 2.895 2.859 2.760 2.946 3.210 3.162 3.140 3.440 3.542 3.447 3.606 3.924 3.827 3.831 4.104 4.324 4.308 4.297 4.836 4.845 4.926 5.249 5.465 5.849
17.242 16.724 16.223 16.891 16.264 15.284 14.970 14.365 14.335 13.494 12.980 12.498 12.739 12.199 12.073 12.290 12.863 13.505 14.120 14.182 14.736 15.964 16.309 15.971 17.145 17.642 17.399 17.130 18.563 18.497 18.449 19.228 20.323 20.663 21.113 21.473 21.990 22.180 22.421 23.123 23.259 23.478 23.476 23.599 23.485 23.413 22.898 22.437 21.838 21.723 20.533 19.894 20.232 19.543 18.441 18.458 18.269 17.374 16.318 16.618 16.307 15.144 15.436 16.034 14.664 14.095 15.000 14.378 13.791 14.101 14.791 13.906 13.711 14.530 14.500 13.845 14.059 14.613 14.195 13.781 13.579 12.280 12.070 11.032 10.382 10.032 9.449 8.774 9.100 8.631 7.789 7.567 7.516 6.860 6.265 6.396 6.286 5.448 5.482 5.365 4.675 4.651 4.220 4.041 4.082 3.875 4.110 3.886 3.419 3.673 3.718 3.349 3.096 3.407 3.389 2.892 2.934 3.155 2.896 2.506 2.875 2.874 2.510 2.441 2.748 2.641 2.261 2.541 2.678 2.444 2.248 2.653 2.688 2.424 2.606 2.913 2.942 3.085 3.235 3.167 2.751 2.243 1.987 1.964 1.940 1.694 1.528 1.832 1.817 1.466 1.569 1.818 1.663 1.390 1.804 1.864 1.616 1.723 2.074 2.065 1.897 2.022 2.327 2.404 2.240 2.459 2.722 2.663 2.595 2.979 3.293 3.092 3.268 3.023 3.008 2.667 2.437 2.022 1.756 1.697 1.693 1.591 1.319 1.384 1.417 1.236 1.002 1.081 1.320 0.922 0.792 1.055 1.187 0.888 0.918 1.225 1.224 1.044 1.204 1.469 1.391 1.345 1.636 1.762 1.675 1.735 1.994 2.068 1.958 2.148 2.356 2.348 2.206 2.228 2.281 2.070 1.931 2.013 2.058 1.858 1.721 1.702 1.651 1.587 1.389 1.324 1.266 1.144 1.004 1.021 0.934 0.814 0.697 0.716 0.652 0.541 0.546 0.538 0.532 0.489 0.000 0.501 0.750 1.247 1.106 1.267 1.584 2.411 3.342 3.163 3.766 3.898 4.348 4.675 4.370 4.641 4.584 4.530 3.665 3.891 2.793 3.266 3.618 4.053 3.660 2.793 3.010 2.731 2.266 2.360 2.533 2.181 1.950 2.163 2.289 2.071 1.806 2.026 2.225 2.069 1.865 2.203 2.329 2.084 2.125 2.494 2.523 2.318 2.525 2.851 2.773 2.688 3.045 3.142 2.955 3.109 3.463 3.375 3.287 3.541 3.787 3.696 3.711 4.064 4.117 4.053 4.268 4.622 4.541 4.535 4.859 5.160 4.994 5.191 5.669 5.632 5.635 6.051 6.290 6.490
17.907 17.242 17.111 17.209 16.754 15.719 15.194 14.949 14.495 13.756 13.256 12.937 12.777 12.509 12.660 12.340 12.968 13.636 14.161 14.335 14.760 15.614 16.231 16.379 17.083 17.520 17.757 17.740 19.009 19.147 19.350 19.724 21.021 21.066 21.789 21.849 22.272 22.369 22.735 23.250 23.198 23.714 23.615 23.745 23.540 23.575 23.087 22.564 22.257 22.021 20.927 20.459 20.617 19.786 18.572 19.120 19.093 17.596 17.142 17.667 17.204 16.071 16.468 17.098 15.865 15.466 16.425 15.942 15.232 15.571 16.377 15.617 15.266 15.912 16.021 15.389 15.347 15.901 15.453 14.965 14.793 13.764 13.388 12.440 11.986 11.363 10.852 10.402 10.702 10.010 9.209 9.209 9.098 8.309 7.886 8.116 7.805 7.043 7.204 7.083 6.427 6.586 6.157 5.698 6.152 5.832 6.135 5.613 5.051 5.480 5.567 4.923 4.698 5.216 4.941 4.145 4.509 4.828 4.236 3.863 4.386 4.372 3.756 3.793 4.396 4.126 3.614 4.011 4.333 3.840 3.699 4.447 4.369 4.036 4.477 4.989 4.685 4.836 4.754 4.415 4.261 3.601 3.367 2.967 3.202 2.997 2.466 2.702 3.017 2.404 2.299 2.735 2.695 2.239 2.713 3.051 2.628 2.697 3.305 3.357 3.042 3.095 3.419 3.738 3.412 3.602 4.154 4.122 3.940 4.426 4.906 4.547 4.662 4.366 4.060 4.056 3.464 2.875 2.462 2.200 2.818 2.604 1.778 1.944 2.343 1.837 1.358 1.677 1.842 1.275 1.255 1.583 1.594 1.228 1.344 1.706 1.720 1.521 1.788 1.942 1.884 1.977 2.235 2.344 2.393 2.652 2.800 2.870 2.966 3.084 3.180 3.416 3.423 3.335 3.701 3.551 3.111 3.412 3.690 3.441 3.136 3.436 3.395 3.262 2.825 2.527 2.685 2.464 2.128 2.002 2.012 1.683 1.284 1.376 1.378 1.115 0.802 0.942 0.817 0.699 0.502 0.000 0.546 0.923 1.156 1.155 1.319 2.261 3.295 3.266 4.064 4.310 4.754 5.326 4.989 5.408 5.474 5.399 4.635 4.594 3.675 4.159 4.284 4.750 4.178 3.387 3.753 3.454 2.600 3.088 3.433 2.672 2.263 2.762 3.010 2.480 2.131 2.695 2.963 2.724 2.369 2.849 3.130 2.693 2.657 3.177 3.411 3.072 3.170 3.661 3.670 3.404 3.752 4.083 3.866 3.947 4.370 4.408 4.281 4.485 4.857 4.857 4.833 5.228 5.338 5.427 5.620 6.015 6.036 6.005 6.289 6.616 6.629 6.719 7.310 7.202 7.285 7.783 8.046 8.271
19.432 18.134 17.778 18.377 17.582 16.581 16.546 15.905 15.613 14.868 14.498 13.845 13.842 13.574 13.453 13.633 14.095 14.724 15.474 15.319 16.107 16.936 17.493 17.242 18.438 19.091 18.909 18.992 20.644 20.638 20.195 21.079 22.445 22.217 22.882 23.072 23.431 23.507 23.862 24.307 24.069 24.492 24.493 24.682 24.438 24.378 24.041 23.334 23.209 22.859 21.870 21.359 21.411 20.601 19.635 19.888 20.024 18.646 18.258 18.585 18.364 17.186 17.613 18.078 17.126 16.535 17.218 16.838 16.245 16.484 16.940 16.309 16.279 16.805 16.922 16.336 16.380 16.784 16.518 16.188 15.928 15.079 14.559 13.910 13.498 12.823 12.533 12.079 12.189 11.498 11.304 11.106 11.076 10.295 9.988 10.181 9.998 9.326 9.522 9.548 8.662 9.042 8.599 8.669 8.515 8.399 8.796 8.348 8.156 8.102 8.285 8.218 7.632 7.781 7.636 7.266 7.226 7.441 7.202 6.666 6.834 6.840 6.495 6.257 6.525 6.373 5.611 5.874 6.185 5.813 4.961 5.767 5.857 5.325 5.429 6.099 6.066 5.887 5.979 5.716 5.351 5.015 4.712 4.612 4.355 4.036 3.645 4.351 4.063 3.570 3.894 4.331 3.812 3.594 4.611 4.504 4.504 4.909 5.456 5.318 5.413 5.486 5.897 6.160 6.039 6.187 6.928 6.859 6.441 7.357 7.787 7.486 7.494 6.757 6.201 6.223 5.919 5.171 3.820 3.612 4.434 4.061 2.640 3.287 4.059 3.412 2.067 2.861 3.614 2.509 2.049 2.901 3.383 2.586 2.328 3.490 3.489 2.928 3.068 3.733 3.630 3.643 3.957 4.240 4.403 4.485 4.765 5.127 5.131 5.077 5.376 5.647 5.569 5.357 5.780 5.485 5.407 5.265 5.510 5.269 4.953 4.749 4.252 4.364 4.154 3.682 3.373 3.408 3.258 2.870 2.700 2.823 2.555 2.065 2.091 1.862 1.483 1.277 1.364 1.536 0.924 0.517 0.000 0.665 0.835 1.140 1.246 2.663 3.473 3.421 4.214 4.655 5.264 6.117 5.786 6.463 6.735 6.915 6.272 5.793 5.067 5.632 5.160 5.871 5.213 4.304 4.946 4.488 3.152 4.031 5.038 3.819 3.107 4.295 4.727 3.775 3.728 4.501 4.922 4.857 4.290 5.079 5.429 5.027 4.820 5.697 5.793 5.371 5.713 6.217 6.144 6.119 6.528 6.775 6.536 6.755 7.367 7.353 7.159 7.613 8.056 7.865 7.768 8.493 8.570 8.549 8.762 9.308 9.540 9.206 9.777 10.041 9.823 10.135 10.514 10.407 10.688 10.944 11.363 11.393
19.203 18.355 18.195 18.247 18.133 16.968 17.045 16.092 15.946 15.251 14.885 14.148 14.083 13.763 13.791 13.807 14.367 15.269 15.746 15.815 16.267 17.488 17.862 17.613 18.578 19.270 19.020 19.361 20.594 20.266 20.041 20.790 21.997 21.892 22.474 22.752 23.212 23.416 23.709 24.407 24.257 24.492 24.503 24.703 24.417 24.352 23.917 23.301 23.160 22.809 21.762 21.283 21.331 20.573 19.919 19.857 19.912 18.961 18.232 18.505 18.404 17.484 17.703 18.113 17.190 16.433 17.127 16.817 16.446 16.391 17.039 16.513 16.209 16.829 16.958 16.362 16.480 17.004 16.662 16.253 16.191 15.214 14.776 13.853 13.571 13.069 12.547 11.732 12.121 11.608 11.043 10.811 10.962 10.127 9.590 9.665 9.840 9.052 8.859 9.268 8.163 8.541 7.959 8.101 8.081 7.909 8.188 8.009 7.339 7.665 8.054 7.320 7.117 7.293 7.591 6.585 7.003 7.192 6.997 6.547 6.762 6.922 6.458 6.418 6.623 6.525 5.992 6.386 6.428 6.103 5.954 6.431 6.564 6.187 6.565 6.822 7.012 6.913 7.176 6.892 6.422 6.137 5.789 5.515 5.434 5.167 4.858 4.964 5.036 5.056 5.042 4.939 5.155 4.552 5.255 5.328 5.043 5.121 5.411 5.695 5.119 5.077 5.582 5.729 5.574 6.135 6.354 6.313 5.968 6.593 7.192 6.689 6.485 6.174 5.554 5.662 5.568 4.867 3.934 3.494 4.024 3.616 2.731 3.093 3.605 3.179 2.191 2.895 3.505 2.498 2.756 3.378 3.405 3.059 3.384 4.053 3.939 3.890 4.153 4.464 4.297 4.475 4.575 4.715 4.791 5.235 5.300 5.669 5.589 5.870 6.172 6.355 6.347 6.312 6.515 6.196 6.148 6.202 6.175 6.041 5.870 5.732 5.430 5.321 5.105 4.712 4.550 4.450 3.925 4.229 4.376 3.876 3.740 3.755 3.295 2.542 2.243 2.176 1.656 1.488 1.490 0.917 0.505 0.000 0.556 0.850 1.215 2.573 3.738 3.718 4.573 5.151 5.825 6.466 6.181 6.554 6.887 6.932 6.026 5.647 5.078 5.725 5.358 5.955 5.306 4.324 5.073 4.550 3.440 4.252 4.834 3.600 3.410 4.409 4.325 3.608 3.746 4.535 4.814 4.713 4.543 5.110 5.345 5.152 5.246 6.045 6.070 5.716 6.124 6.661 6.709 6.536 6.864 7.103 7.025 7.233 7.693 7.548 7.472 7.923 8.258 8.111 8.122 8.857 8.705 8.750 9.164 9.683 9.662 9.653 10.144 10.526 10.347 10.743 11.107 11.051 11.312 11.708 12.110 12.256
19.645 18.710 18.848 18.978 17.929 17.323 16.926 16.380 16.087 15.348 14.771 14.571 14.223 13.856 13.969 14.006 14.438 15.117 15.479 15.676 16.240 16.990 17.427 17.404 18.374 18.897 18.718 19.043 20.197 20.097 19.826 20.566 21.667 21.694 22.120 22.366 22.936 23.097 23.459 24.114 23.896 24.386 24.218 24.403 24.117 24.035 23.457 23.140 22.972 22.505 21.612 21.295 21.143 20.439 19.743 19.817 19.713 18.503 18.089 18.673 17.999 17.221 17.553 17.886 16.907 16.497 17.266 16.697 16.302 16.353 17.095 16.401 16.232 16.797 16.929 16.207 16.380 16.909 16.337 15.897 15.722 14.748 14.317 13.360 13.113 12.542 11.951 11.290 11.719 11.049 10.359 10.374 10.334 9.467 9.093 9.297 9.050 8.345 8.463 8.551 7.875 8.046 7.732 7.443 7.859 7.507 7.923 7.516 7.025 7.452 7.501 6.859 6.646 7.073 7.079 6.109 6.360 6.771 6.265 5.793 6.289 6.310 5.782 5.551 6.063 6.026 5.433 5.762 5.991 5.763 5.441 6.071 6.052 5.910 6.149 6.658 6.651 6.817 6.989 6.497 6.149 5.686 5.292 5.107 4.969 4.676 4.253 4.559 4.679 4.140 4.053 4.466 4.000 3.794 4.187 4.380 4.051 4.078 4.781 4.613 4.091 4.301 4.626 5.087 4.772 4.796 5.640 5.511 5.245 6.002 6.663 6.105 6.291 5.757 5.249 5.232 4.774 4.040 3.486 2.825 3.324 3.172 2.171 2.473 3.224 2.477 1.814 2.592 2.727 1.928 2.251 2.948 2.987 2.658 2.717 3.358 3.159 3.037 3.367 3.725 3.612 3.815 4.236 4.253 4.487 4.893 4.872 5.238 5.246 5.392 5.644 5.906 6.058 5.814 6.219 5.955 5.712 5.813 6.026 5.641 5.285 5.291 4.924 4.763 4.479 4.139 3.947 3.858 3.482 3.433 3.252 3.242 2.833 2.660 2.442 2.185 1.876 1.644 1.488 1.502 1.187 0.813 0.617 0.506 0.000 0.508 0.900 2.175 3.068 3.347 4.319 4.771 5.534 5.964 5.674 6.137 6.329 6.341 5.734 5.256 4.387 5.157 4.879 5.698 5.140 4.179 4.779 4.317 3.151 3.863 4.493 3.463 2.948 4.075 4.195 3.548 3.350 4.001 4.303 4.131 4.006 4.506 4.957 4.625 4.657 5.376 5.575 5.339 5.481 6.175 6.204 5.967 6.469 6.652 6.503 6.665 7.181 7.103 6.928 7.377 7.726 7.777 7.633 8.347 8.337 8.380 8.644 9.163 9.220 9.079 9.565 9.967 9.718 10.004 10.433 10.483 10.472 11.137 11.471 11.562
19.784 18.909 19.102 18.763 18.228 17.242 16.641 16.293 15.930 15.146 14.276 14.261 13.874 13.528 13.568 13.662 13.972 14.369 14.956 15.477 15.871 16.655 17.207 17.402 18.244 18.552 18.790 19.360 20.405 20.377 20.702 21.283 22.304 22.689 23.120 23.491 23.481 23.545 23.920 24.347 23.973 24.604 24.565 24.686 24.519 24.356 23.890 23.391 23.128 22.591 21.791 21.341 21.500 20.381 19.579 19.896 19.869 18.564 18.084 18.671 18.176 17.337 17.682 18.297 17.033 16.589 17.572 17.139 16.455 16.682 17.550 16.682 16.556 17.335 17.427 16.681 16.942 17.483 17.028 16.614 16.935 15.639 15.264 14.561 14.108 13.494 12.973 12.392 12.672 11.967 11.210 11.323 11.162 10.082 9.817 10.080 9.767 8.954 9.158 9.342 8.496 8.819 8.413 8.308 8.757 8.595 8.764 8.408 7.618 8.071 8.145 7.379 7.197 7.589 7.376 6.373 6.833 6.958 6.387 5.877 6.527 6.370 5.961 5.864 6.450 6.181 5.635 6.197 6.456 5.963 5.852 6.677 6.673 6.443 6.786 7.418 7.420 7.666 7.792 7.276 7.134 6.622 6.187 5.800 5.706 5.375 4.842 5.006 5.122 4.502 4.271 4.651 4.427 3.974 4.498 4.670 4.229 4.250 4.913 4.929 4.578 4.496 4.975 5.525 5.186 5.256 6.064 6.438 5.937 6.736 7.186 6.855 6.923 6.525 5.985 6.024 5.324 4.686 3.936 3.191 4.025 3.641 2.490 2.702 3.454 2.740 1.883 2.720 3.125 2.491 2.365 2.993 3.341 2.830 3.080 3.528 3.493 3.630 3.868 4.139 4.301 4.566 4.791 5.091 5.435 5.795 6.057 6.365 6.404 6.655 6.852 7.263 7.426 7.357 7.795 7.462 6.962 7.259 7.702 7.052 6.478 6.384 5.990 5.982 5.858 5.036 4.861 4.965 4.436 3.949 4.103 3.890 3.415 3.117 2.988 2.607 2.363 1.994 1.957 2.207 1.423 0.965 1.063 1.035 0.543 0.000 0.674 2.294 2.939 3.623 4.494 5.149 6.002 6.575 6.195 6.740 6.982 6.999 6.112 5.835 5.038 5.589 5.369 5.901 5.524 4.635 5.364 4.851 3.663 4.407 5.157 4.146 3.735 4.546 4.985 4.264 4.109 4.499 5.090 5.132 4.825 5.291 5.918 5.549 5.678 6.427 6.658 6.601 6.649 7.420 7.561 7.272 7.722 8.172 8.030 7.955 8.746 8.976 8.724 8.911 9.551 9.585 9.381 9.941 10.370 10.178 10.407 10.826 11.161 10.929 11.306 11.839 11.702 11.886 12.182 12.225 12.477 12.871 13.295 13.479
21.642 20.624 20.633 20.459 20.252 19.503 18.982 18.854 18.886 18.070 17.708 17.889 17.834 17.571 17.732 17.714 17.673 17.813 18.333 18.733 19.063 19.712 20.116 20.285 20.981 21.304 21.526 21.737 22.518 22.787 22.938 23.391 24.277 24.543 24.976 25.310 25.477 25.560 25.766 25.996 25.801 26.223 26.205 26.204 26.116 25.999 25.762 25.207 25.018 24.808 24.215 23.712 23.686 22.984 22.416 22.596 22.507 21.358 21.229 21.574 21.240 20.142 20.638 21.067 19.961 19.433 20.276 20.040 19.154 19.351 19.822 19.195 18.682 19.229 19.368 18.707 18.609 19.126 18.815 17.897 18.129 17.972 17.113 16.656 16.647 16.339 15.422 15.719 15.991 15.120 14.682 15.302 15.149 14.038 14.152 14.755 14.337 13.832 14.176 14.061 13.457 13.608 13.364 13.642 13.765 13.540 14.408 13.531 12.941 13.099 13.431 13.651 12.573 12.971 12.849 12.527 12.480 12.870 12.513 12.051 12.232 12.649 12.277 12.010 12.392 13.031 11.928 11.889 12.528 11.850 11.015 11.853 12.535 11.408 11.111 12.280 12.389 11.877 12.580 12.247 11.566 11.379 10.895 11.362 10.860 9.615 10.131 10.802 10.005 9.483 9.701 10.334 9.570 9.777 10.406 10.599 9.420 10.506 11.112 11.072 9.854 10.790 11.409 11.201 10.894 11.889 11.886 11.733 12.240 12.443 12.570 12.244 12.712 11.688 11.474 11.473 10.648 10.105 8.425 7.099 8.665 7.873 6.958 6.374 8.072 7.697 5.705 7.643 9.177 8.486 7.041 9.115 10.350 8.965 8.767 10.070 10.478 10.241 9.847 11.139 10.787 10.342 11.056 12.048 11.611 11.722 12.642 13.219 12.566 12.661 13.763 13.723 13.243 13.113 13.375 12.765 12.493 12.634 12.427 11.410 11.397 10.445 9.733 9.217 9.542 9.274 8.096 8.390 8.535 7.967 7.013 7.929 7.926 6.689 5.930 6.923 6.925 4.455 5.726 6.296 5.502 2.667 3.240 2.653 1.554 0.876 0.000 0.999 2.736 3.713 5.439 5.440 7.053 8.047 8.314 9.527 10.768 11.257 10.726 9.708 8.724 9.418 8.845 9.576 8.370 7.342 8.848 7.727 6.750 8.868 9.569 8.579 9.074 10.598 10.677 9.741 10.793 11.132 11.359 11.496 11.167 11.795 12.192 11.847 12.103 12.997 13.252 12.669 13.152 14.096 14.441 13.810 14.410 14.824 14.239 14.672 15.264 15.430 14.955 15.520 16.165 15.787 15.690 16.514 16.579 16.078 16.528 17.066 16.886 16.632 17.392 17.699 17.255 17.375 17.915 17.736 17.732 18.367 18.737 18.893
22.377 22.041 22.082 21.547 21.500 20.677 20.389 20.196 20.142 19.412 18.897 19.184 19.175 18.775 18.762 19.060 19.300 19.257 19.733 19.976 20.077 20.599 21.035 21.109 21.597 21.948 22.189 22.446 23.152 23.307 23.712 24.090 24.650 25.311 25.572 25.860 26.052 26.130 26.340 26.622 26.401 26.509 26.570 26.597 26.396 26.250 25.976 25.583 25.580 25.287 24.779 24.154 24.412 23.899 23.086 23.388 23.432 22.425 22.112 22.726 22.278 21.483 21.726 22.096 21.460 20.884 21.753 21.569 20.765 21.040 21.775 21.212 20.433 21.223 21.348 20.629 20.451 21.076 20.497 19.771 19.941 19.894 19.060 18.867 19.101 19.028 18.118 18.514 18.764 17.856 17.326 17.920 17.673 16.431 16.715 17.451 16.689 15.677 16.903 16.663 15.704 16.271 16.255 16.001 17.495 16.477 17.171 16.249 15.638 16.135 16.810 15.681 15.287 16.002 16.019 14.861 14.890 15.765 15.439 14.244 14.798 15.273 14.331 14.068 14.705 14.903 13.554 14.022 14.657 14.097 13.244 14.126 14.515 14.101 14.048 14.905 15.044 15.068 15.538 14.887 14.108 14.432 13.285 13.898 13.532 12.152 12.073 13.127 12.275 11.525 11.997 12.160 11.744 11.035 12.529 12.497 11.261 11.429 13.009 13.188 11.857 11.702 13.445 13.792 12.908 13.484 14.121 14.198 13.566 14.938 14.999 14.461 15.033 13.915 12.824 12.979 12.521 11.475 8.880 8.228 9.548 9.339 7.180 7.789 8.855 7.948 6.986 8.304 9.165 8.549 8.177 9.335 10.618 9.460 9.781 11.507 11.251 10.770 11.592 12.683 12.182 11.896 12.938 13.441 12.946 13.457 14.423 14.452 13.997 14.724 15.179 15.409 15.111 15.153 15.269 14.767 14.401 14.657 14.465 13.813 13.410 12.690 12.415 11.790 11.554 11.504 10.527 9.781 10.281 9.996 9.145 8.908 9.145 8.291 7.760 7.614 7.128 6.629 6.451 6.840 6.076 4.125 3.256 3.335 2.670 2.192 0.659 0.000 0.984 3.498 4.882 6.075 7.794 8.628 8.663 10.415 11.468 12.273 12.214 10.838 10.301 10.767 10.688 11.214 9.411 8.160 9.369 8.345 7.597 9.769 10.531 8.849 9.221 10.815 11.264 10.302 10.571 11.992 12.475 12.149 12.158 13.230 13.748 13.515 13.762 14.750 14.693 14.522 14.999 15.553 15.472 15.684 16.025 16.239 16.395 16.365 17.151 17.065 17.033 17.024 17.876 17.450 17.667 18.045 18.297 18.017 18.560 19.309 19.115 19.135 19.698 20.253 19.923 20.295 20.738 20.739 20.663 20.923 21.543 21.203
23.890 23.566 23.351 23.206 23.189 22.867 22.282 22.246 22.514 21.836 22.127 22.222 22.202 22.036 22.497 22.461 22.431 22.722 23.330 23.326 23.156 23.953 24.202 24.112 24.308 24.661 24.861 25.087 25.423 25.761 25.901 26.230 26.591 27.074 27.092 27.400 27.625 27.742 27.908 27.943 27.750 27.941 27.855 27.877 27.720 27.595 27.407 27.069 27.042 26.915 26.366 26.083 26.347 25.812 25.185 25.405 25.347 24.591 24.404 24.620 24.459 23.675 23.915 24.168 23.504 22.844 23.617 23.505 22.795 22.834 23.448 23.003 22.058 22.919 23.103 22.254 22.015 22.667 22.302 21.394 21.441 21.151 20.160 19.468 19.926 19.414 18.186 18.342 19.440 18.316 17.308 18.930 18.930 17.427 18.063 19.189 18.419 17.736 18.863 19.023 17.930 18.679 19.048 19.131 20.183 19.919 20.903 19.798 19.482 19.987 20.486 19.672 19.321 20.400 19.934 19.428 19.771 20.392 19.491 19.310 19.925 20.206 19.623 19.360 20.245 20.231 19.575 19.847 20.214 19.768 19.436 20.118 20.372 19.736 19.779 20.582 20.115 20.319 20.582 19.850 19.051 19.086 17.877 18.887 18.894 17.639 17.734 18.487 18.262 17.240 17.684 18.437 17.595 16.852 17.796 18.222 17.580 17.026 18.202 18.219 17.290 16.623 18.000 18.225 17.271 17.586 18.269 18.285 17.234 18.372 18.617 18.174 18.208 16.745 16.567 16.788 16.418 15.274 12.364 12.683 14.404 13.524 10.091 12.966 14.140 12.895 11.580 14.160 14.542 13.868 12.993 15.788 15.281 13.270 14.445 16.528 16.244 15.007 16.556 17.434 16.743 16.453 17.837 17.923 17.567 17.932 18.852 18.878 18.151 18.886 19.179 19.029 18.167 18.557 17.822 16.826 17.497 17.345 16.334 15.476 16.165 15.340 15.638 14.959 13.681 15.259 14.742 12.860 13.414 14.078 12.675 11.260 12.289 12.120 10.206 9.752 10.120 9.467 7.159 8.294 9.351 6.670 4.659 5.959 6.693 3.797 2.974 0.921 0.000 1.262 3.881 4.424 6.306 7.034 8.328 10.153 11.574 13.077 13.581 13.415 13.197 12.530 12.291 12.776 10.608 8.921 11.370 10.641 9.233 12.230 12.719 10.913 12.410 14.555 14.656 13.312 14.483 16.703 16.972 16.365 16.304 17.858 18.000 17.617 18.248 19.154 18.881 18.878 19.625 19.933 19.988 20.040 20.505 20.357 20.575 20.910 21.132 21.309 21.468 21.794 22.274 22.184 22.274 22.762 22.909 22.586 23.126 23.777 23.588 23.290 23.961 24.194 23.782 24.017 24.398 24.418 24.118 24.782 24.875 24.999
22.846 22.462 22.117 21.481 21.917 21.413 20.378 20.610 20.788 20.215 19.564 20.187 20.491 20.095 20.298 20.958 20.951 21.190 21.989 22.218 22.376 23.036 23.464 23.545 24.028 24.526 24.736 24.866 25.508 25.771 26.102 26.321 26.672 27.030 27.082 27.218 27.451 27.470 27.656 27.483 27.543 27.522 27.664 27.481 27.505 27.413 27.141 26.562 26.500 26.450 25.599 25.346 25.665 24.810 24.196 24.475 24.327 23.246 23.102 23.617 22.893 22.027 22.479 23.001 21.854 21.213 22.177 21.897 20.827 21.385 21.961 21.305 20.592 21.639 21.650 20.741 20.906 21.501 21.326 20.393 20.558 20.155 19.050 18.366 18.415 17.747 16.730 16.614 17.409 16.286 14.860 16.203 16.220 13.914 14.557 16.227 15.277 13.873 15.485 16.080 14.938 16.366 16.406 16.779 18.156 18.091 19.030 18.009 17.237 18.294 18.730 17.621 17.506 18.803 18.437 17.593 18.225 18.973 18.182 17.764 18.837 19.125 18.237 18.626 19.517 19.549 18.700 19.693 20.171 19.702 19.496 20.418 20.760 20.338 20.591 21.309 21.360 21.655 21.308 20.809 20.568 20.199 19.489 19.397 19.725 18.671 18.155 18.536 18.387 17.505 17.197 17.638 17.094 16.143 16.569 16.981 16.435 15.800 16.577 16.685 15.672 14.491 15.891 16.082 14.961 14.803 16.129 15.783 14.261 15.609 16.281 15.644 14.968 13.045 12.390 13.342 13.022 11.571 8.911 10.296 11.728 10.108 8.320 10.632 11.707 9.675 9.497 12.435 12.139 10.976 12.231 14.242 14.078 12.882 14.593 15.439 15.352 15.137 16.105 16.553 16.497 16.556 17.628 17.517 17.251 18.364 18.728 18.687 18.698 19.387 19.354 19.390 19.230 19.526 19.420 18.953 19.291 19.494 19.050 18.589 18.955 18.526 18.599 17.867 17.346 17.551 17.211 16.353 16.073 15.882 15.711 14.385 14.429 14.271 13.126 11.996 11.920 11.058 9.814 9.170 9.100 7.876 5.173 5.568 6.958 6.360 4.659 3.046 1.085 0.000 1.134 2.571 3.933 4.427 4.213 6.468 7.215 8.036 8.573 8.167 8.056 8.040 8.103 8.986 7.476 7.038 8.798 8.301 7.257 9.209 10.563 9.079 9.844 12.100 12.309 11.828 12.580 14.157 14.682 14.307 14.838 16.203 16.404 16.416 16.918 17.621 17.726 17.890 18.581 19.165 19.167 19.485 19.885 20.296 20.242 20.676 21.023 21.238 21.240 21.499 21.915 21.927 21.844 22.300 22.342 22.310 22.566 22.905 23.203 22.984 23.467 23.895 23.676 24.031 24.040 24.227 24.226 24.800 25.043 25.012
21.401 21.071 20.275 20.403 19.822 19.332 19.414 18.579 18.559 17.983 17.527 17.385 17.489 17.374 17.535 17.903 18.344 18.686 19.272 19.705 19.956 20.492 21.273 21.517 22.148 22.513 22.812 23.135 23.687 24.198 24.452 24.978 25.550 25.978 26.145 26.287 26.535 26.677 26.838 26.962 26.692 26.837 26.748 26.570 26.451 26.237 25.837 25.263 25.078 24.762 24.022 23.438 23.718 22.788 22.024 22.264 22.140 20.981 20.587 21.225 20.530 19.631 20.010 20.542 19.413 19.033 19.950 19.602 18.867 19.122 20.008 19.324 18.802 19.743 20.006 19.039 19.108 19.977 19.418 18.504 18.719 17.928 17.071 16.145 15.859 15.589 14.196 13.986 14.614 13.699 12.374 13.205 13.414 11.851 11.712 12.731 12.154 11.344 11.885 12.348 11.444 12.075 11.725 12.787 13.481 13.416 14.545 13.605 12.855 13.816 14.424 13.394 13.130 14.362 14.346 13.305 13.836 14.583 14.206 13.340 14.332 14.622 14.023 13.839 14.966 14.946 14.055 14.632 15.485 14.958 14.597 15.766 15.945 15.722 15.960 17.030 16.862 17.247 17.298 16.736 16.064 15.683 14.669 14.809 14.675 13.772 12.893 13.642 13.469 12.041 11.905 12.645 12.198 11.079 11.815 12.316 11.361 10.920 12.064 12.273 11.335 10.533 11.555 11.937 11.197 10.991 12.065 11.673 11.169 11.774 12.544 11.704 10.977 10.241 9.283 10.326 10.125 8.863 6.896 7.766 8.658 7.619 6.390 7.952 7.938 7.025 7.336 8.673 8.292 7.960 8.690 9.369 9.268 9.328 9.617 10.452 10.524 10.554 11.227 12.142 11.937 11.985 13.382 13.826 13.479 14.262 15.019 15.058 14.890 15.782 16.312 16.331 15.956 16.450 16.662 15.860 15.948 16.123 15.936 14.843 15.017 14.534 14.372 13.921 12.947 13.308 12.812 11.975 11.595 11.412 10.893 10.144 9.907 9.578 9.152 8.456 8.084 8.025 7.239 7.120 6.867 6.279 5.104 4.847 5.559 4.939 4.158 3.545 2.407 0.839 0.000 0.726 1.485 2.264 2.908 4.512 5.320 6.208 6.775 6.668 6.827 6.902 7.423 8.107 6.906 6.398 7.888 7.668 6.698 7.984 9.096 8.597 8.625 9.665 10.009 9.811 9.840 10.847 11.488 11.477 11.818 12.652 13.193 13.070 13.776 14.487 14.670 14.837 15.591 16.109 16.093 16.462 17.200 17.269 17.201 17.648 18.362 18.340 18.432 18.927 19.470 19.037 19.386 19.866 20.156 19.943 20.371 21.044 21.207 20.847 21.273 21.987 21.575 22.195 22.360 22.530 22.428 22.814 23.470 23.151
21.731 20.945 20.210 19.938 19.753 19.407 18.803 18.749 18.535 17.978 17.406 17.694 17.910 17.512 17.639 18.012 18.312 18.624 19.369 19.707 19.964 20.918 21.384 21.560 22.134 22.645 22.934 23.205 23.848 24.294 24.591 24.918 25.398 25.852 25.998 26.004 26.418 26.384 26.761 26.830 26.612 26.739 26.721 26.854 26.573 26.501 26.106 25.659 25.543 25.196 24.609 23.960 23.957 23.305 22.444 22.697 22.525 21.388 21.053 21.494 20.896 19.713 20.061 20.423 19.476 18.755 19.664 19.385 18.130 18.886 19.513 18.759 18.300 19.187 19.283 18.462 18.547 19.211 18.815 18.147 18.292 17.713 16.592 15.806 15.681 14.959 13.792 13.789 14.458 13.244 12.021 13.173 13.114 11.400 11.566 12.634 12.187 11.057 12.012 12.446 11.579 12.605 12.536 12.964 13.627 13.908 14.920 13.726 13.217 14.266 14.851 13.481 13.329 14.852 14.422 13.331 13.985 15.098 13.906 13.365 14.899 15.096 13.931 14.226 15.634 15.284 14.242 15.433 16.105 15.344 15.104 16.426 16.681 16.065 16.557 17.686 17.336 17.772 17.570 16.799 16.575 16.035 15.176 14.948 15.025 14.181 13.313 13.873 13.993 12.590 12.496 13.222 12.622 11.662 12.185 12.826 11.908 11.395 12.368 12.594 11.655 10.876 11.643 12.232 10.898 11.007 12.219 12.089 10.806 11.827 12.717 11.928 11.552 9.530 9.323 9.498 9.455 8.023 6.394 6.901 8.433 7.311 6.530 7.816 8.382 7.258 7.092 8.871 8.608 8.106 8.582 9.697 9.794 9.505 10.008 10.794 10.832 10.692 11.379 12.115 12.112 12.113 13.270 13.504 13.442 14.195 14.740 14.815 14.965 15.638 15.943 15.827 15.760 16.093 16.239 15.676 15.782 15.965 15.887 15.130 14.999 14.794 14.598 14.150 13.425 13.283 12.984 12.346 11.961 11.649 11.356 10.723 10.193 9.934 9.572 8.897 8.413 8.246 7.679 7.201 6.718 6.261 5.219 4.940 5.765 5.204 4.226 3.711 2.765 1.640 0.609 0.000 0.726 1.500 2.436 3.589 4.549 5.457 6.239 6.216 6.250 6.427 6.721 7.726 6.516 5.775 7.529 7.032 6.066 7.786 8.458 8.003 7.871 9.257 9.678 9.513 9.462 10.264 10.993 10.847 11.293 12.153 12.557 12.568 13.057 13.824 14.022 14.252 14.617 15.308 15.430 15.869 16.140 16.627 16.534 17.135 17.499 17.732 17.867 18.252 18.558 18.480 18.770 19.209 19.273 19.267 19.660 20.222 20.207 20.272 20.660 21.015 20.848 21.052 21.658 21.795 21.889 22.220 22.538 22.639
21.122 20.766 20.220 19.355 19.683 19.287 18.677 18.356 18.143 17.760 17.146 17.417 17.430 17.309 17.529 17.745 18.100 18.743 19.320 19.514 19.902 20.777 21.277 21.588 22.230 22.827 23.021 23.455 23.998 24.498 24.897 25.301 25.571 26.049 25.968 26.131 26.424 26.582 26.832 26.793 26.610 26.831 26.832 26.616 26.649 26.498 25.976 25.494 25.347 24.912 24.142 23.810 24.070 22.873 22.335 22.450 22.164 20.861 20.594 21.229 20.220 19.199 19.702 20.285 18.843 18.441 19.428 18.844 17.959 18.612 19.242 18.288 18.014 19.088 18.980 18.093 18.659 19.190 18.936 18.391 18.747 18.027 17.121 16.379 16.281 15.468 14.063 14.029 14.492 13.323 11.829 13.124 12.885 11.090 11.049 12.276 11.519 10.296 11.434 11.797 11.061 12.008 12.025 12.342 13.342 13.406 14.046 13.397 12.719 13.750 13.923 13.009 13.061 14.142 13.860 12.799 13.687 14.452 13.743 13.270 14.501 14.672 13.880 14.106 15.215 15.238 14.359 15.132 15.915 15.575 15.313 16.265 16.633 16.473 16.747 17.647 17.664 17.996 17.989 17.433 17.022 16.669 16.096 15.767 15.599 14.992 14.071 14.522 14.563 13.174 12.946 13.728 12.913 11.757 12.475 12.866 11.758 11.137 12.475 12.312 11.396 10.400 11.480 11.835 10.568 10.336 11.760 11.564 10.025 10.902 11.771 11.073 10.377 8.598 8.274 8.833 9.168 7.789 6.475 7.327 8.701 7.379 6.932 8.265 8.380 7.567 7.846 9.119 8.894 8.780 9.381 10.015 9.861 10.087 10.778 11.257 11.168 11.439 12.362 12.889 12.916 13.284 14.264 14.552 14.492 15.630 15.970 15.957 15.958 16.519 16.691 16.993 16.945 17.061 17.159 16.743 16.712 16.810 16.753 16.269 15.992 15.711 15.499 14.949 14.462 14.559 13.845 13.250 13.077 12.710 12.059 11.529 11.169 10.689 10.306 9.817 9.313 8.985 8.549 8.299 8.082 7.612 6.291 5.948 6.792 6.454 5.277 4.980 3.386 2.452 1.451 0.651 0.000 0.718 1.520 2.841 3.841 4.684 5.415 6.039 6.075 6.273 6.723 7.568 6.612 6.117 7.547 7.449 6.964 7.851 8.984 8.435 8.833 9.837 10.376 10.192 10.293 10.781 11.605 11.639 12.145 12.838 13.509 13.499 14.054 14.658 14.948 15.299 15.562 16.183 16.615 16.797 17.140 17.834 17.747 18.058 18.469 18.690 18.641 19.067 19.482 19.449 19.476 19.946 20.118 19.938 20.218 20.946 20.979 20.756 21.207 21.785 21.397 21.698 22.375 22.105 22.369 22.944 23.347 23.433
21.971 21.301 20.535 19.775 20.129 19.790 19.093 19.017 19.013 18.809 18.194 18.426 18.993 18.710 18.831 19.229 19.709 20.086 20.635 21.061 21.228 22.063 22.635 22.838 23.304 23.837 24.070 24.428 25.014 25.443 25.651 25.922 26.263 26.564 26.577 26.619 26.892 26.968 27.129 27.178 27.005 27.095 27.260 27.034 27.069 26.882 26.338 25.865 25.691 25.140 24.482 24.084 24.255 23.194 22.639 22.818 22.331 21.072 21.029 21.384 20.334 19.307 19.986 20.323 18.882 18.583 19.567 19.039 17.986 18.795 19.456 18.546 18.360 19.450 19.486 18.546 19.010 19.777 19.391 18.835 19.234 18.474 17.662 16.619 16.666 15.959 14.094 13.945 14.758 13.388 11.658 12.566 12.750 10.634 10.270 11.433 10.945 9.512 10.207 10.913 10.347 11.194 11.065 12.074 12.786 13.014 14.016 13.921 12.996 14.255 14.949 14.324 13.912 15.611 15.619 14.452 15.351 16.439 15.927 15.125 16.733 17.052 16.327 16.439 17.595 17.911 17.130 17.715 18.490 18.281 17.873 18.723 19.295 18.977 19.247 20.125 20.070 20.515 20.463 19.832 19.472 19.077 18.381 18.456 18.401 17.417 16.967 17.409 17.134 15.931 15.702 16.402 15.577 14.287 15.074 15.317 13.935 13.354 14.525 14.472 13.014 12.294 12.854 13.229 11.712 11.502 12.707 12.059 10.185 11.360 11.767 10.583 9.543 8.117 8.420 8.857 9.478 8.360 6.749 8.075 9.622 7.946 7.675 9.773 9.882 9.074 9.573 11.221 11.210 11.110 11.423 12.281 12.736 12.747 13.172 14.056 14.144 13.988 15.091 15.693 15.578 16.053 16.894 17.147 17.102 17.887 18.267 18.195 18.237 18.795 19.134 19.354 19.315 19.434 19.581 19.099 18.698 19.222 19.069 18.550 18.123 18.035 17.859 17.494 16.948 16.966 16.460 15.971 15.835 15.332 14.979 14.232 13.770 13.142 12.639 12.255 11.617 11.124 10.568 10.427 9.938 9.367 8.011 7.196 7.874 7.553 6.510 6.090 4.602 3.397 2.563 1.769 0.652 0.000 0.755 2.535 3.386 4.182 4.830 5.759 6.120 6.365 7.288 8.459 7.295 7.206 9.609 9.049 8.251 9.743 10.826 10.440 10.559 11.864 12.315 12.233 12.216 13.184 14.116 13.837 14.211 15.148 15.802 15.629 16.109 17.100 17.122 17.362 17.662 18.338 18.736 18.593 19.146 19.875 19.649 20.049 20.424 20.571 20.502 20.899 21.220 21.509 21.314 21.830 21.823 21.892 22.120 22.537 22.439 22.461 22.705 23.136 23.010 23.075 23.558 23.413 23.666 24.382 24.419 24.734
22.057 21.620 20.710 20.806 20.421 20.435 20.383 19.812 20.014 19.761 19.553 19.773 19.804 19.913 20.139 20.324 20.681 21.064 21.603 21.778 22.109 22.754 23.144 23.249 23.880 24.364 24.556 24.789 25.438 25.772 26.083 26.501 26.890 27.211 27.191 27.226 27.393 27.430 27.597 27.579 27.489 27.481 27.395 27.296 27.105 26.861 26.446 26.006 25.744 25.372 24.763 24.270 24.268 23.482 22.887 22.985 22.736 21.643 21.309 21.815 21.018 20.042 20.646 20.962 19.827 19.509 20.479 20.032 19.185 19.715 20.543 19.574 19.459 20.380 20.675 19.660 19.956 20.828 20.521 19.617 20.071 19.560 18.590 17.610 17.688 17.043 15.490 15.350 15.933 14.523 13.102 14.119 13.769 12.057 11.645 12.912 11.950 10.429 11.504 12.180 11.025 11.718 11.295 12.201 12.688 12.789 14.128 13.933 13.374 14.185 15.279 15.018 14.532 15.857 16.394 15.815 16.362 17.545 17.220 16.941 18.127 18.477 18.033 18.160 19.454 19.592 19.147 19.637 20.261 19.984 20.041 20.796 21.123 20.753 21.351 21.990 21.918 22.517 22.515 21.805 21.910 21.489 20.969 20.685 20.605 19.955 19.074 19.306 19.310 18.354 17.743 18.317 17.758 16.582 16.810 17.135 16.260 15.333 16.152 16.196 15.042 13.852 14.323 14.355 12.370 12.132 13.037 12.147 10.643 11.475 11.686 10.573 9.557 8.247 8.341 9.325 10.241 9.286 7.832 10.281 11.317 9.545 9.692 11.506 11.424 11.061 11.914 13.233 12.727 12.966 14.006 14.846 14.935 15.213 15.771 16.470 16.615 16.617 17.468 17.873 17.960 18.479 19.134 19.419 19.412 20.126 20.545 20.457 20.524 21.265 21.453 21.479 21.783 22.031 22.107 21.688 21.257 21.804 21.724 21.095 21.015 20.853 20.558 20.138 19.709 19.575 19.289 18.563 18.287 18.007 17.660 17.037 16.628 16.049 15.558 15.223 14.732 14.130 13.670 13.384 12.488 12.151 10.954 9.688 10.430 10.459 8.807 8.555 6.763 5.161 3.619 2.362 1.684 0.784 0.000 1.204 2.968 4.005 4.747 6.189 7.238 7.159 8.699 9.546 7.848 8.826 10.717 11.228 10.729 11.910 13.066 12.789 12.857 13.773 14.677 14.928 14.904 15.636 16.207 16.530 16.959 17.289 17.893 17.997 18.545 19.234 19.497 19.735 20.140 20.418 20.840 20.938 21.353 21.750 21.883 22.212 22.765 22.960 23.174 23.143 23.740 23.600 23.938 24.120 24.470 24.149 24.437 25.038 24.982 24.787 25.125 25.474 25.162 25.543 25.910 25.757 25.802 25.889 26.310 26.219
23.164 22.665 21.631 21.170 21.259 21.570 21.046 20.826 21.239 21.292 21.159 21.431 21.768 22.173 22.392 22.322 22.501 23.261 23.657 23.608 24.045 24.728 24.943 24.960 25.516 25.934 26.086 26.330 26.799 27.050 27.270 27.519 27.816 27.985 28.008 28.057 28.112 28.205 28.396 28.330 28.312 28.295 28.184 28.141 28.055 27.830 27.456 27.208 27.021 26.705 26.018 25.746 25.725 24.772 24.482 24.569 24.262 23.315 23.230 23.463 22.611 22.045 22.492 22.884 21.631 21.479 22.485 22.044 21.029 21.859 22.626 21.805 21.544 22.656 22.983 21.886 22.311 23.118 23.102 22.422 22.772 22.642 21.531 20.793 20.938 19.673 18.283 17.931 18.438 16.822 14.973 15.947 15.614 13.342 12.580 14.246 13.441 11.337 11.883 13.053 11.838 12.669 12.090 13.201 14.050 13.893 15.692 15.522 14.260 15.757 16.886 16.492 16.146 17.856 17.940 17.649 18.416 19.209 18.877 18.870 19.738 20.074 19.981 20.204 20.974 21.174 21.233 21.558 22.075 22.101 22.111 22.495 22.957 23.127 23.199 23.829 23.904 24.583 24.457 23.968 24.390 23.833 23.708 23.284 23.050 22.651 22.148 21.971 21.758 21.326 20.539 20.591 20.244 19.346 19.246 19.251 18.937 18.095 18.070 18.404 17.791 16.392 16.242 16.267 14.637 13.998 14.735 13.972 11.965 12.953 12.926 11.543 10.118 8.770 8.948 9.965 12.279 10.522 9.339 12.433 14.403 11.585 12.644 14.879 14.664 14.136 15.731 16.523 15.909 16.529 17.737 17.789 18.092 18.881 19.196 19.437 19.759 20.081 20.734 20.881 21.230 21.716 22.076 22.150 22.675 23.093 23.190 23.241 23.533 23.763 23.950 24.289 24.513 24.601 24.809 24.536 24.206 24.460 24.577 24.415 23.996 23.936 23.437 23.209 23.235 22.890 22.355 22.284 21.904 21.533 21.237 20.915 20.151 19.940 19.633 19.218 18.799 18.368 17.954 17.286 16.551 16.346 14.483 13.062 14.353 14.028 11.853 11.637 9.095 6.958 5.381 4.092 3.656 2.816 0.877 0.000 1.083 3.813 5.031 6.837 7.856 7.716 10.145 10.969 9.670 10.625 13.029 13.715 13.676 14.194 15.841 16.330 16.569 16.906 18.024 18.545 18.769 18.724 19.387 19.997 20.070 20.482 21.075 21.446 21.719 22.017 22.553 22.741 22.742 23.166 23.654 23.561 23.638 24.226 24.278 24.285 24.811 25.185 25.008 24.998 25.450 25.420 25.456 25.477 25.820 25.614 25.769 25.958 26.097 26.050 26.085 26.410 26.177 26.350 26.534 26.455 26.678 26.659 26.979 26.911
22.185 21.713 21.070 20.311 20.448 20.647 19.983 19.774 20.236 20.334 20.113 20.369 20.961 21.294 21.476 21.540 22.139 22.701 23.052 23.197 23.673 24.395 24.604 24.756 25.364 25.702 25.810 26.189 26.743 27.022 27.156 27.475 27.828 27.985 28.086 28.059 28.160 28.223 28.399 28.326 28.129 28.135 27.926 27.886 27.660 27.429 26.978 26.617 26.401 25.875 25.097 24.823 24.704 23.796 23.243 23.576 23.133 21.931 22.049 22.327 21.361 20.668 21.369 21.628 20.439 20.512 21.701 21.212 20.365 21.408 22.065 21.220 21.292 22.426 22.644 21.689 22.231 23.026 23.058 22.455 22.953 22.768 21.821 21.012 20.907 20.164 18.344 17.754 18.343 16.605 14.308 15.090 14.928 12.159 11.360 12.183 11.460 9.526 10.183 10.446 8.914 9.702 9.419 10.333 11.268 11.879 13.171 12.613 11.807 13.435 14.489 13.840 13.942 16.092 16.385 15.745 16.953 18.139 17.769 17.568 19.067 19.581 19.279 19.532 20.654 20.896 20.777 21.191 21.906 21.850 21.818 22.393 22.973 22.965 23.116 23.754 23.903 24.665 24.729 23.939 24.268 23.915 23.595 23.278 23.134 22.582 22.129 21.948 21.587 21.066 20.453 20.493 19.921 18.964 18.756 18.826 17.992 16.972 17.474 17.534 16.447 14.978 14.954 15.046 12.796 12.024 12.900 12.266 10.097 10.464 11.288 10.484 8.119 7.512 7.829 9.443 10.930 10.023 8.515 11.647 12.607 9.958 11.193 13.557 12.888 12.278 14.474 15.675 14.862 15.693 16.877 17.261 17.510 18.348 18.912 19.143 19.654 20.029 20.666 21.028 21.304 21.695 22.057 22.437 22.686 23.127 23.418 23.495 23.695 23.968 24.099 24.471 24.618 24.893 25.090 24.761 24.144 24.761 24.727 24.487 23.802 24.022 23.408 23.647 23.408 22.836 22.390 22.325 21.983 21.401 21.250 21.081 20.322 19.756 19.580 19.310 18.532 18.023 18.051 17.328 16.411 16.351 15.104 13.148 14.096 14.682 13.134 13.077 10.834 9.545 7.332 6.387 4.904 4.571 2.852 1.046 0.000 1.227 3.134 5.295 6.985 6.764 9.468 10.161 10.106 11.027 14.087 14.536 13.802 14.562 16.124 16.492 16.111 16.951 18.302 18.317 18.232 18.649 19.709 20.205 20.181 20.556 21.454 21.484 21.729 22.292 22.738 22.730 22.895 23.483 23.825 23.511 24.020 24.407 24.303 24.421 24.902 25.148 25.010 25.107 25.570 25.476 25.534 25.740 26.002 25.978 25.922 26.164 26.429 26.256 26.331 26.744 26.621 26.684 26.854 26.872 27.047 26.964 27.478 27.394
23.668 22.598 21.808 20.761 20.760 21.127 20.565 20.001 19.607 19.707 19.243 18.930 19.639 20.086 19.977 19.904 20.936 21.579 21.649 21.884 22.616 23.397 23.337 23.667 24.546 24.827 24.800 25.347 26.070 26.317 26.653 26.984 27.500 27.798 27.982 28.001 28.226 28.290 28.427 28.449 28.176 28.240 28.197 28.078 27.913 27.691 27.292 27.040 26.867 26.238 25.826 25.576 25.470 24.662 24.261 24.746 24.265 23.232 23.516 23.883 22.961 22.332 23.106 23.236 22.065 22.083 23.110 22.568 21.678 22.604 23.214 22.430 22.241 23.340 23.331 22.431 22.973 23.540 23.051 22.690 22.800 22.041 21.075 19.905 19.794 19.404 17.168 16.370 18.138 16.536 13.883 14.923 15.669 12.752 12.075 14.110 13.173 10.684 11.994 13.100 10.641 12.582 12.240 12.482 13.744 14.038 15.194 13.677 12.692 13.752 14.255 12.983 12.868 14.357 14.253 13.197 14.271 15.505 15.052 14.795 16.360 17.024 16.800 17.260 18.491 19.111 19.142 19.741 20.308 20.929 21.110 21.513 21.721 22.583 22.457 22.578 22.716 23.549 23.841 23.649 23.626 23.694 23.849 23.538 22.810 22.914 22.818 21.933 21.467 21.624 20.766 19.728 19.825 19.099 17.595 17.650 17.400 15.001 14.799 15.491 14.493 12.345 12.191 12.794 9.900 9.416 11.162 10.891 8.147 9.635 11.527 10.246 8.568 7.151 6.684 8.670 9.859 9.736 9.178 12.207 11.568 8.853 12.071 14.038 11.567 11.837 15.959 15.818 14.923 17.523 18.918 17.984 18.789 20.398 20.687 20.308 21.400 21.857 22.037 22.140 22.904 23.109 23.226 23.518 23.922 24.246 24.122 24.414 24.756 24.828 24.857 25.127 25.301 25.431 25.679 25.404 25.170 25.276 25.379 25.223 24.649 24.752 24.286 24.409 24.458 24.186 23.703 23.826 23.600 23.130 23.093 23.101 22.468 21.966 22.266 22.040 21.398 21.246 21.509 21.408 19.659 20.185 19.677 17.388 18.042 19.507 18.512 18.430 17.012 16.484 12.485 11.184 9.537 7.242 5.495 3.615 1.120 0.000 1.664 3.871 5.835 6.409 10.542 11.050 11.889 14.038 17.924 19.556 19.021 18.530 20.312 20.136 19.563 20.137 21.456 21.430 21.052 21.429 22.199 22.482 22.598 22.575 23.305 23.462 23.347 23.777 24.201 24.425 24.137 24.689 24.855 24.849 24.681 25.297 25.360 25.347 25.571 25.920 25.793 25.857 26.301 26.234 26.065 26.272 26.608 26.455 26.257 26.734 26.933 26.566 26.649 27.052 26.932 26.948 27.121 27.049 27.074 27.220 27.559 27.512
22.776 21.787 21.492 20.521 21.184 20.976 20.053 19.912 20.480 20.151 19.731 19.852 20.518 20.335 20.233 20.766 21.294 21.371 21.834 22.396 22.778 23.354 23.634 23.911 24.374 24.652 24.985 25.359 25.850 26.245 26.413 26.768 27.035 27.521 27.580 27.748 27.940 27.964 28.176 28.116 27.817 28.089 27.930 28.010 27.811 27.663 27.307 27.008 26.845 26.480 25.948 25.558 25.572 24.887 24.254 24.538 24.428 23.250 23.246 23.478 22.699 21.666 22.272 22.666 21.431 21.048 22.153 21.724 20.646 21.533 22.007 21.056 20.900 21.961 22.007 21.154 21.576 22.232 22.011 21.388 21.771 21.070 20.212 19.631 18.515 18.276 16.752 15.646 16.657 15.673 13.071 13.180 14.195 11.796 10.962 12.655 12.472 9.950 11.459 12.860 11.106 12.972 13.285 14.944 16.981 16.935 18.292 17.656 15.593 17.249 18.238 17.075 15.925 18.150 18.246 16.427 17.367 18.831 18.243 16.885 18.734 19.303 18.145 18.042 19.776 19.798 18.906 19.535 20.491 20.296 19.660 20.585 21.135 20.999 20.921 21.700 21.882 22.562 22.621 21.801 21.607 21.484 20.987 20.864 20.468 19.546 19.172 19.750 19.118 17.648 17.648 18.090 16.874 15.557 16.206 16.267 14.454 13.918 15.403 15.080 12.790 11.062 13.146 13.328 10.799 10.911 13.543 12.210 9.848 12.526 13.843 12.244 10.183 8.214 7.491 8.869 9.300 8.062 6.570 8.651 8.653 5.533 6.790 8.939 8.165 7.347 8.522 10.213 10.117 10.225 11.646 12.924 13.875 13.722 14.354 15.956 16.933 16.531 17.328 18.636 18.686 18.807 19.805 20.190 20.253 20.462 21.045 21.346 21.469 21.787 22.220 22.347 22.460 22.542 22.738 22.312 21.792 22.209 22.023 21.457 21.063 20.891 20.283 20.055 19.770 19.632 18.771 18.603 18.449 17.626 17.087 16.759 16.100 14.898 14.908 14.590 13.348 12.608 13.078 12.495 10.881 11.258 10.788 8.605 10.172 12.299 11.526 11.998 10.720 11.385 9.537 9.860 9.323 7.733 5.679 5.607 3.221 1.344 0.000 1.231 2.589 4.027 5.825 7.324 7.848 8.002 10.786 11.643 9.945 10.593 12.978 12.682 11.774 13.823 15.262 14.728 14.440 16.226 17.539 17.529 17.676 18.885 19.404 19.393 19.840 20.689 20.994 21.009 21.317 21.976 22.171 22.116 22.420 22.956 22.966 22.931 23.504 23.898 23.796 23.944 24.495 24.353 24.262 24.601 24.832 24.509 24.793 25.233 25.217 25.003 25.307 25.837 25.381 25.739 26.086 25.949 26.066 26.263 26.660 26.534
23.091 21.927 21.791 21.675 21.055 21.029 20.459 20.142 20.267 19.849 19.115 19.699 20.369 19.631 19.870 20.805 20.803 20.795 21.646 22.063 22.195 22.684 23.213 23.276 23.570 23.975 24.274 24.424 24.899 25.268 25.351 25.860 26.185 26.572 26.689 26.913 27.214 27.296 27.573 27.673 27.404 27.587 27.669 27.594 27.556 27.448 27.129 26.686 26.702 26.379 25.833 25.383 25.470 24.800 24.165 24.430 24.320 23.242 23.200 23.579 22.933 22.024 22.552 22.933 21.748 21.408 22.266 21.971 21.227 21.571 22.033 21.544 21.200 21.936 22.025 21.500 21.772 22.029 21.987 21.457 21.924 21.270 20.723 20.495 19.672 19.489 18.640 17.172 17.716 17.299 14.729 14.494 15.630 13.453 12.114 13.799 13.942 10.935 12.685 14.363 12.481 15.154 14.865 17.032 17.869 17.645 18.354 18.020 17.224 18.457 18.739 17.746 16.840 18.581 18.815 17.266 17.730 18.137 18.228 16.752 17.506 18.097 17.442 16.824 17.690 17.681 17.181 17.542 18.218 17.940 17.559 18.129 18.726 18.187 18.339 18.882 18.890 19.449 19.667 18.871 18.543 18.128 17.471 17.435 17.197 16.656 16.209 16.799 16.640 15.054 15.141 15.955 15.160 13.259 14.360 15.318 12.928 11.593 14.430 14.380 11.645 9.978 12.586 13.195 10.818 11.285 13.735 13.492 9.956 13.255 15.450 12.666 10.866 7.696 6.961 9.099 8.928 8.323 7.058 8.903 8.231 4.391 5.290 7.297 6.636 4.860 6.301 7.950 7.405 7.192 8.277 10.002 10.157 10.557 11.725 13.583 13.557 13.195 14.581 15.822 15.602 15.657 16.846 17.153 16.990 17.490 17.799 18.153 18.289 18.527 19.012 19.136 19.257 19.470 19.410 19.006 18.568 18.751 18.679 17.968 17.346 17.246 16.749 16.463 15.976 15.910 15.461 15.010 14.535 14.192 13.698 12.987 12.397 11.599 11.478 10.943 9.654 9.208 10.029 8.769 7.201 8.229 8.493 6.731 9.181 10.956 10.962 10.927 10.162 12.472 9.974 11.254 11.436 10.259 7.548 7.072 4.851 2.906 0.775 0.000 1.072 2.630 3.798 5.420 6.174 5.862 8.400 9.176 6.936 7.606 10.127 9.521 8.533 10.267 12.009 11.062 11.199 12.822 14.251 14.003 14.136 15.503 16.282 16.337 16.681 17.613 17.874 17.935 18.245 18.977 18.875 19.018 19.450 20.011 19.929 20.228 20.475 21.015 20.908 21.093 21.559 21.437 21.474 21.837 22.002 21.932 21.978 22.444 22.618 22.368 22.704 22.970 22.819 23.050 23.294 23.281 23.378 23.604 24.050 24.197
20.184 19.289 19.070 18.811 19.157 18.216 18.209 17.456 17.609 17.377 16.563 16.698 17.225 17.178 17.349 17.960 18.555 19.188 19.966 20.364 20.551 21.453 22.044 22.147 22.751 23.294 23.241 23.627 24.158 24.435 24.742 25.255 25.877 26.042 26.296 26.259 26.595 26.631 26.748 26.846 26.625 26.695 26.472 26.509 26.207 25.987 25.530 25.244 24.994 24.350 23.765 23.226 23.267 22.699 21.686 22.169 22.005 20.710 20.254 20.979 20.096 18.878 19.450 19.935 18.968 18.088 19.280 19.165 17.990 18.478 19.405 18.717 18.344 19.292 19.489 18.812 19.060 19.865 19.930 19.424 19.717 19.306 18.477 18.227 17.409 16.355 15.792 15.639 15.165 14.069 13.186 13.567 12.797 10.917 10.988 11.839 10.787 9.442 10.904 11.192 9.292 10.956 11.154 11.608 13.340 13.538 14.722 13.746 12.068 13.535 14.254 12.583 11.958 13.873 13.983 12.429 13.126 14.740 13.911 12.900 14.408 15.178 14.227 14.117 15.542 15.887 15.003 15.635 16.823 16.694 16.128 17.327 17.830 17.718 17.887 18.623 18.813 19.848 20.058 19.382 19.272 19.075 18.735 18.447 17.901 17.239 16.407 16.318 16.031 14.770 14.254 14.453 13.600 12.488 12.807 12.612 11.285 10.315 11.350 10.790 9.350 8.222 9.044 9.119 7.350 7.579 9.013 8.543 6.657 8.398 9.853 8.732 7.700 6.042 5.414 6.229 5.652 5.278 4.845 5.907 5.679 3.722 4.948 6.304 5.532 5.021 6.843 8.591 7.642 8.414 9.761 10.382 10.395 11.429 12.661 13.351 13.757 14.450 14.967 15.947 16.295 16.789 17.364 17.565 17.903 18.876 18.824 19.253 19.346 19.938 20.085 20.460 20.893 20.861 21.302 20.968 20.094 20.525 20.785 19.818 19.283 18.944 18.165 18.420 17.952 17.481 16.898 16.753 16.116 15.420 14.989 15.027 14.172 13.472 13.381 13.049 11.692 11.149 11.777 10.988 9.368 9.699 9.038 6.932 8.554 9.671 8.797 9.018 7.831 8.851 7.675 8.028 8.648 8.391 6.184 6.106 5.258 4.384 2.234 0.936 0.000 1.222 2.959 3.892 4.629 4.466 6.239 7.075 6.500 6.389 8.248 8.952 8.838 9.136 11.100 11.593 11.711 12.307 12.945 13.925 14.515 14.840 15.512 16.176 16.468 16.883 17.612 18.052 18.198 18.860 19.644 19.438 19.664 20.196 20.468 20.474 21.045 21.507 21.560 21.500 22.196 22.250 22.481 22.552 22.782 22.873 22.984 23.095 23.193 23.190 23.323 23.580 23.790 23.773 23.962 24.074 24.397 24.568 24.826 25.081
19.713 19.752 19.058 18.878 19.486 18.850 17.683 17.647 18.142 17.540 16.887 17.366 17.831 17.390 17.663 18.248 18.782 19.169 20.070 20.499 20.638 21.618 22.235 22.321 22.921 23.369 23.544 23.766 24.228 24.581 24.667 25.044 25.584 25.931 26.214 26.225 26.659 26.792 26.773 27.019 26.620 26.844 26.827 26.658 26.608 26.342 25.817 25.292 25.200 24.563 24.057 23.367 23.718 22.871 21.917 22.246 22.223 20.968 20.731 21.184 20.667 19.352 19.878 20.477 19.449 18.536 19.640 19.580 18.417 18.879 19.546 19.042 18.310 19.372 19.648 18.824 19.078 19.740 19.644 19.246 19.803 19.412 18.435 18.216 17.575 16.512 15.745 15.691 15.504 14.467 13.381 14.066 13.493 11.713 11.583 12.697 11.466 9.988 11.061 11.683 10.036 11.269 11.583 12.396 13.886 13.377 14.551 14.315 13.119 13.758 14.662 14.048 12.991 14.511 14.514 13.333 14.089 15.102 14.665 13.932 14.945 15.559 14.851 14.675 15.923 15.921 15.271 15.647 16.785 16.518 16.126 17.000 17.944 17.752 17.614 18.453 18.833 19.605 19.782 18.894 18.765 18.529 18.111 17.733 17.235 16.500 15.959 15.936 15.673 14.775 14.250 14.563 13.954 12.907 13.346 13.324 12.303 11.303 12.594 12.125 10.567 9.220 10.576 10.715 8.220 8.858 10.238 9.112 7.676 9.751 10.457 8.933 8.014 6.303 5.518 5.940 5.687 5.321 4.913 6.244 5.650 3.917 4.996 6.625 6.120 5.663 6.966 8.696 8.184 8.334 9.821 10.565 11.032 10.917 12.081 12.870 12.889 13.266 14.132 14.392 14.665 15.202 15.735 15.791 16.182 16.954 17.225 17.247 17.585 18.323 18.433 18.457 18.833 19.123 19.438 19.085 18.678 19.268 19.241 18.730 18.339 18.087 17.826 17.680 17.132 16.717 16.066 15.893 15.489 14.823 14.378 14.119 13.400 12.997 12.755 12.171 11.356 10.957 10.934 9.737 8.829 9.154 8.310 7.162 8.566 9.688 8.747 8.574 7.682 8.564 7.884 8.136 8.739 8.511 7.108 6.920 5.936 4.749 2.785 2.510 0.805 0.000 1.197 2.817 3.608 3.441 4.418 5.362 5.184 5.375 6.381 7.021 7.243 8.054 9.082 9.582 10.072 10.751 10.996 11.345 12.445 12.919 13.110 14.030 14.240 14.569 15.325 15.847 15.866 16.554 17.102 17.328 17.550 18.426 18.695 18.721 19.102 19.682 19.821 19.945 20.432 20.542 20.377 20.867 21.016 21.046 21.174 21.693 21.751 21.606 21.758 22.299 22.304 22.085 22.740 22.832 22.675 23.275 23.306 23.631
20.527 20.146 19.430 19.318 19.371 19.041 17.974 17.945 18.712 18.252 17.699 18.241 18.554 18.507 18.679 18.961 19.530 19.816 20.618 21.240 21.539 22.143 22.914 22.912 23.480 23.891 24.060 24.270 24.701 25.146 25.267 25.719 26.221 26.521 26.595 26.749 27.020 27.192 27.277 27.369 27.160 27.175 27.188 27.024 26.947 26.743 26.364 25.973 25.919 25.539 24.986 24.444 24.573 24.005 23.416 23.439 23.295 22.314 21.839 22.479 21.617 20.608 21.337 21.720 20.671 20.039 21.209 21.035 19.990 20.195 21.507 20.876 20.058 21.059 21.457 20.879 20.744 21.575 21.515 20.818 21.430 21.019 20.320 20.298 19.870 19.131 18.451 18.662 18.394 16.997 16.108 16.675 16.199 13.520 13.927 14.573 13.279 11.469 12.830 13.192 11.142 12.332 11.936 12.898 14.053 13.606 15.180 14.736 13.432 14.284 15.603 14.247 13.754 15.566 15.885 14.565 15.320 16.649 16.179 15.697 16.548 17.237 16.647 16.568 17.652 17.893 17.159 17.680 18.416 18.059 17.802 18.637 19.200 18.969 19.223 19.842 19.989 20.633 20.667 19.868 19.916 19.510 18.856 18.613 18.488 18.023 17.082 17.250 17.062 16.788 16.210 16.455 16.128 15.028 15.296 15.432 14.937 13.734 14.632 14.715 12.923 11.372 12.009 12.044 9.606 9.631 11.438 10.025 8.079 10.013 10.925 9.091 8.310 6.671 6.480 7.502 8.451 8.305 7.068 9.445 9.267 6.498 7.602 10.022 8.893 7.445 9.848 11.484 10.008 10.191 12.895 13.456 12.610 13.041 14.652 15.069 14.921 14.987 15.602 16.120 15.513 16.278 16.865 16.900 16.917 17.963 17.929 17.864 18.128 18.847 18.669 18.739 19.160 19.531 20.047 19.644 19.156 19.753 20.046 19.479 18.933 19.164 18.650 18.989 18.271 17.659 17.652 17.491 16.546 16.397 16.898 16.404 15.075 15.296 15.151 14.574 13.521 13.902 13.828 12.062 11.152 12.041 10.298 9.098 11.526 12.337 10.612 9.826 8.399 9.718 9.000 9.872 11.175 10.563 8.740 9.463 8.517 6.391 4.421 4.970 2.644 0.887 0.000 0.978 2.061 2.868 3.465 4.458 5.062 5.142 5.968 7.202 7.502 8.111 9.545 10.909 11.323 11.751 12.374 12.966 13.877 14.391 14.203 14.884 15.414 16.020 16.026 16.261 16.864 17.340 17.313 17.620 18.133 18.111 18.359 18.796 19.049 19.332 19.621 19.717 20.285 20.490 20.775 20.875 21.205 21.463 21.551 22.001 22.355 22.185 22.460 22.940 22.894 23.116 23.349 23.252 23.415 23.662 24.043 24.214
20.308 20.430 19.875 18.945 19.417 19.195 17.821 18.166 18.716 18.375 18.023 18.350 19.017 18.573 18.888 19.380 19.876 20.126 20.868 21.236 21.546 22.625 23.008 23.102 23.709 24.248 24.374 24.691 25.215 25.540 25.659 26.149 26.451 26.963 26.998 27.262 27.504 27.592 27.703 27.546 27.423 27.614 27.340 27.242 27.123 26.870 26.496 26.019 25.751 25.508 24.819 24.429 24.322 23.643 23.043 23.103 23.213 22.248 21.868 22.069 21.817 20.841 21.140 21.678 20.947 19.973 20.997 21.076 20.114 20.341 20.950 20.679 19.915 20.749 21.386 20.543 20.489 21.412 21.404 20.638 21.397 21.166 20.208 20.249 20.068 18.819 18.254 18.369 18.267 16.927 16.026 16.934 16.014 14.378 14.765 15.378 14.100 12.749 14.026 14.341 12.412 13.542 14.036 14.038 15.456 14.857 16.180 15.736 14.024 15.227 16.196 14.963 14.281 16.247 16.386 15.021 15.760 17.037 16.593 16.058 17.070 17.540 17.016 17.251 18.228 18.143 17.829 18.416 19.079 18.824 18.836 19.640 20.205 19.954 20.100 21.115 21.166 21.972 21.966 20.872 21.066 20.887 20.284 19.870 19.635 18.852 18.117 18.105 18.009 17.385 16.770 17.090 16.602 15.719 15.966 16.102 15.611 14.015 15.003 15.037 13.791 11.797 12.510 12.884 10.442 10.219 11.998 11.025 9.134 10.841 12.032 10.765 9.931 8.585 7.707 8.881 9.085 9.097 7.846 9.837 9.519 6.786 7.875 10.282 8.650 7.844 9.666 11.632 10.260 10.636 13.380 13.913 13.825 14.111 15.464 15.854 15.378 15.873 16.595 16.764 16.469 17.134 17.800 17.556 17.809 18.757 18.792 18.622 19.176 19.826 19.787 19.867 20.334 20.784 21.136 20.710 20.821 21.061 21.192 20.700 20.563 20.578 20.281 20.034 19.514 18.945 18.559 18.380 17.832 17.421 17.447 17.279 16.151 15.989 15.961 15.847 14.811 14.908 15.142 12.918 11.768 12.243 10.434 9.111 11.248 12.587 10.709 10.004 8.304 9.671 8.928 9.742 10.798 10.910 9.638 10.318 9.445 7.667 5.403 5.483 3.319 2.181 0.697 0.000 0.755 1.812 3.343 4.483 4.653 5.083 6.285 8.171 8.520 8.896 10.407 12.224 13.273 13.120 13.119 14.209 15.426 14.863 14.838 15.695 16.166 16.088 16.461 16.918 17.257 17.569 17.799 18.337 18.549 18.858 19.279 19.740 19.793 20.276 20.625 20.745 21.169 21.431 21.570 21.902 22.018 22.293 22.489 22.874 23.059 22.977 23.279 23.705 23.212 23.563 23.894 23.656 23.786 23.989 24.551 24.342
20.958 20.380 20.104 19.678 19.912 19.480 18.446 18.778 18.940 18.576 18.185 18.712 19.169 18.840 19.406 19.824 20.212 20.625 21.379 21.558 21.701 22.654 23.099 23.157 23.711 24.276 24.417 24.691 25.317 25.669 25.649 26.151 26.663 26.946 27.126 27.316 27.446 27.510 27.657 27.709 27.492 27.542 27.331 27.400 27.142 26.907 26.549 25.989 25.955 25.530 24.948 24.333 24.317 23.763 23.067 23.173 22.948 21.927 21.678 21.896 21.606 20.287 20.800 21.236 20.344 19.541 20.557 20.605 19.600 19.996 20.613 20.471 19.601 20.535 20.962 20.315 20.225 21.014 20.928 20.376 20.830 20.843 19.949 19.702 19.532 18.602 17.739 17.857 17.735 16.513 15.656 16.247 15.432 13.527 14.039 14.317 13.041 11.827 12.993 13.236 11.581 12.883 13.185 13.521 14.834 14.827 16.152 15.304 14.237 15.490 16.088 14.851 14.876 16.343 16.304 15.021 16.357 17.062 16.417 16.263 17.242 17.626 17.188 17.373 18.243 18.209 17.798 18.424 19.193 18.680 18.766 19.694 20.244 19.833 20.145 21.107 21.041 21.835 21.568 20.835 21.047 20.506 19.877 19.276 19.324 18.643 17.740 18.010 17.861 17.000 16.442 16.975 16.543 15.190 15.620 16.040 15.374 13.824 14.915 15.152 14.269 12.642 12.852 13.622 11.736 11.203 12.745 12.447 10.276 11.737 12.680 11.923 10.535 9.581 9.317 10.722 10.658 10.835 9.164 10.750 10.753 8.663 8.904 11.080 9.968 8.308 10.031 12.066 10.444 10.112 12.948 13.511 12.975 13.043 14.822 14.967 14.651 14.937 16.195 16.338 15.945 16.790 17.456 17.276 17.406 18.476 18.745 18.330 18.806 19.597 19.486 19.358 19.967 20.247 20.845 20.359 20.222 20.700 20.744 20.118 19.919 20.218 19.737 19.677 18.788 18.395 18.243 17.956 17.197 16.885 17.033 16.421 15.278 15.468 15.456 14.434 13.854 14.303 13.584 11.788 11.144 11.890 9.631 8.626 10.927 11.474 10.093 8.873 7.704 8.387 8.501 9.112 10.543 10.795 9.652 10.823 10.042 8.206 6.191 6.798 4.422 2.709 1.528 0.650 0.000 0.804 2.754 3.647 3.872 4.095 5.280 7.268 7.584 8.154 9.043 10.487 11.442 11.700 12.375 12.916 13.635 14.395 14.397 15.067 15.656 15.885 16.237 16.641 17.040 17.348 17.806 18.189 18.374 18.853 18.916 19.407 19.704 19.926 20.202 20.514 20.698 21.001 21.213 21.511 21.740 21.959 22.046 22.318 22.543 22.598 23.000 23.143 23.212 23.271 23.538 23.517 23.848 23.966 24.377 24.263
21.106 20.015 20.053 19.846 19.778 19.274 18.694 18.912 18.756 18.344 17.904 18.253 18.736 18.207 18.771 19.085 19.332 19.711 20.748 20.997 20.864 21.996 22.506 22.400 22.850 23.467 23.629 23.795 24.269 24.847 24.936 25.118 25.796 26.175 26.367 26.466 26.655 26.670 26.758 26.897 26.668 26.623 26.611 26.611 26.405 26.307 25.909 25.288 25.302 25.038 24.517 23.789 24.033 23.605 22.758 22.861 22.872 22.066 21.572 22.074 21.713 20.362 20.970 21.698 20.716 19.487 21.046 21.007 19.652 20.064 21.131 20.679 19.656 20.805 21.207 20.493 20.322 21.125 21.098 20.429 20.844 20.719 19.680 19.542 19.289 18.277 17.473 17.435 17.356 15.846 14.735 15.757 14.741 12.698 13.272 14.513 13.059 11.878 13.623 13.721 12.458 13.806 14.303 14.743 16.441 16.389 17.367 16.634 15.544 16.468 17.074 15.983 15.811 17.014 16.919 15.619 16.609 17.307 16.686 16.117 17.137 17.554 16.787 16.766 18.062 17.856 17.064 18.056 18.866 18.071 17.883 19.198 19.640 18.945 19.519 20.327 20.372 20.947 20.899 19.930 19.962 19.405 18.804 18.175 18.406 17.592 16.377 16.778 16.868 15.853 15.265 15.942 15.577 14.354 15.031 15.362 14.414 13.517 14.827 14.887 13.756 12.293 13.433 14.114 12.092 12.027 13.753 13.295 11.241 12.625 13.590 12.164 11.741 9.816 9.147 9.989 10.330 9.358 8.163 9.791 10.570 8.651 8.847 10.821 10.365 8.210 9.969 11.320 10.362 9.727 11.854 12.486 11.581 11.929 13.246 13.513 12.706 12.902 14.178 14.267 13.420 14.776 15.385 14.618 15.013 16.654 16.749 15.837 16.726 17.499 17.167 16.866 17.695 18.818 19.235 18.950 18.546 19.610 19.873 19.143 18.995 19.257 18.831 19.279 18.361 17.452 17.618 17.454 16.214 15.731 16.427 15.398 14.223 14.390 14.559 13.254 12.613 12.885 12.774 10.833 10.242 10.303 9.122 8.315 10.339 10.037 9.116 8.412 7.059 7.941 7.229 7.735 9.004 8.927 7.500 8.429 8.153 6.908 5.902 6.237 5.223 3.544 3.275 1.723 0.883 0.000 1.515 2.877 3.159 2.905 2.674 5.583 6.055 5.542 5.606 8.596 9.198 8.907 7.455 8.855 10.878 10.009 8.926 11.493 12.080 10.675 10.994 13.194 13.557 12.555 13.862 15.121 15.145 14.539 15.526 16.628 16.139 15.990 17.045 17.458 16.957 17.679 18.439 18.425 18.518 19.254 19.663 19.473 19.931 20.542 20.552 20.672 21.004 21.207 21.179 21.070 21.476 21.841 21.756 21.858
19.946 18.398 17.519 16.779 17.396 16.132 15.872 15.327 15.202 14.256 13.544 13.564 13.602 12.975 13.193 13.349 13.759 14.163 15.008 15.337 15.477 16.630 17.477 17.655 18.522 19.151 19.192 19.505 20.219 20.339 20.307 21.060 21.566 22.178 22.279 22.842 23.227 23.450 23.644 23.954 23.761 24.063 24.072 23.915 24.011 23.723 23.283 22.705 22.517 22.081 21.538 20.827 21.074 20.272 19.079 19.376 19.636 18.107 17.567 18.151 17.905 16.305 16.587 17.669 16.328 15.273 16.545 16.314 15.373 15.580 16.444 15.795 15.099 16.082 16.261 15.527 15.663 16.262 16.008 15.572 15.717 14.934 14.490 13.883 13.164 12.331 11.756 11.373 11.495 10.640 9.957 10.002 9.526 8.711 8.518 8.862 8.294 7.505 8.130 8.018 7.334 7.507 7.596 7.784 8.606 8.845 9.368 8.409 7.903 8.765 8.813 7.721 7.796 8.912 8.222 7.062 8.082 8.640 7.633 7.331 8.481 8.159 7.280 7.723 8.478 8.026 7.300 8.064 8.488 7.795 7.577 8.631 8.704 8.077 8.542 9.534 9.398 9.454 9.049 8.453 8.229 7.556 6.788 6.480 6.828 6.275 5.529 6.282 6.445 5.613 5.162 6.298 6.096 5.130 5.718 6.570 5.839 5.446 6.464 6.894 6.095 5.511 6.149 7.002 6.017 5.857 6.906 7.091 6.182 6.651 7.668 7.093 6.761 6.268 6.002 6.516 6.260 5.904 5.250 5.416 5.708 4.693 4.389 4.950 4.708 3.885 3.794 4.330 3.782 3.339 3.755 4.069 3.712 3.410 3.807 4.169 3.657 3.715 4.204 4.283 3.979 4.347 4.784 4.547 4.664 5.277 5.559 5.437 5.545 5.928 6.108 6.156 6.376 6.564 7.088 6.775 6.444 6.990 7.298 6.801 6.616 6.969 6.905 6.982 6.293 5.842 5.955 5.827 5.105 5.054 5.237 4.656 4.127 4.461 4.539 3.851 3.616 4.112 3.961 3.297 3.357 3.940 3.581 3.805 4.833 4.957 4.842 4.724 5.114 5.192 5.567 5.912 6.613 6.995 6.380 6.676 6.387 5.874 5.068 5.480 4.300 3.656 3.510 3.562 2.620 0.666 0.000 0.670 0.741 0.886 0.779 0.853 1.195 1.492 1.454 1.663 2.079 2.217 2.338 2.516 2.587 3.002 3.438 3.295 3.434 4.043 4.188 4.198 4.329 4.972 5.034 5.233 5.421 5.993 5.978 6.035 6.636 6.762 6.608 7.145 7.574 7.488 7.626 8.419 8.589 8.521 8.963 9.668 9.487 9.617 10.164 10.406 10.271 10.594 11.208 10.988 11.349 11.917 12.225 12.862
19.514 17.482 16.765 16.729 16.458 15.499 15.324 15.046 14.573 13.874 13.199 13.180 13.017 12.614 12.607 12.716 13.297 13.774 14.454 14.753 15.226 16.146 16.952 17.321 18.284 18.719 18.999 19.326 20.223 20.422 20.183 21.044 21.781 22.342 22.591 23.114 23.425 23.543 23.568 24.029 23.634 24.189 23.938 24.130 23.923 23.807 23.437 22.839 22.535 22.276 21.416 20.655 20.942 20.275 18.875 19.265 19.339 17.850 17.232 17.780 17.387 15.857 16.487 17.178 15.839 15.073 16.260 15.941 14.985 15.261 16.123 15.223 14.625 15.495 15.596 14.794 14.847 15.660 15.333 14.381 14.808 13.996 13.236 12.844 12.355 11.538 11.047 10.744 10.989 10.164 9.736 9.726 9.484 8.832 8.458 8.815 8.299 7.796 8.044 7.906 7.294 7.486 7.430 7.448 7.927 8.009 8.737 7.887 7.493 8.124 8.237 7.429 7.226 8.165 7.364 6.647 7.204 7.725 6.556 6.463 7.379 6.988 6.342 6.548 7.255 6.830 6.087 6.727 7.070 6.455 6.290 7.099 7.082 6.547 6.977 7.678 7.537 7.542 7.410 6.845 6.699 6.057 5.561 5.189 5.375 4.998 4.403 4.901 5.138 4.405 4.215 5.013 4.845 4.358 4.654 5.291 5.007 4.688 5.476 5.788 5.344 4.845 5.524 6.216 5.567 5.431 6.428 6.479 5.894 6.376 7.135 6.759 6.579 6.033 5.714 5.953 5.750 5.258 4.694 4.758 4.820 4.351 3.953 4.201 4.091 3.371 3.285 3.553 3.247 2.712 2.991 3.269 2.862 2.550 3.019 3.343 2.811 2.823 3.323 3.468 3.378 3.623 3.957 3.892 4.040 4.340 4.646 4.623 4.851 5.175 5.310 5.512 5.702 5.702 6.182 6.008 5.663 5.941 6.197 5.902 5.611 5.854 5.679 5.766 5.332 4.730 4.837 4.903 4.201 3.970 4.235 4.040 3.395 3.514 3.798 3.171 2.869 3.335 3.358 2.530 2.547 3.210 2.963 3.323 4.296 4.495 4.341 4.328 4.589 4.970 5.073 5.429 6.412 6.568 6.040 6.438 6.384 6.067 5.326 5.298 4.181 3.861 3.718 3.847 2.648 0.943 0.520 0.000 0.503 0.635 0.668 0.692 0.702 0.982 1.059 1.262 1.499 1.786 1.992 2.057 2.173 2.451 2.905 3.007 2.984 3.446 3.838 3.827 3.842 4.309 4.736 4.759 4.905 5.361 5.358 5.387 5.836 6.067 5.916 6.297 6.768 6.735 6.720 7.249 7.524 7.513 7.817 8.223 8.277 8.410 8.790 9.126 9.162 9.176 9.808 9.777 9.964 10.388 10.684 11.117
18.748 17.191 16.879 16.695 16.770 15.392 15.239 14.743 14.318 14.027 13.314 13.222 12.922 12.617 12.909 12.680 12.977 13.901 14.528 14.610 14.873 16.031 16.769 16.932 17.742 18.151 18.355 18.642 19.668 19.774 19.783 20.676 21.957 21.838 22.723 22.553 22.781 22.967 23.169 23.911 23.429 23.841 23.751 23.970 23.723 23.611 23.121 22.541 22.597 22.136 21.506 20.596 20.950 20.080 18.858 19.294 19.349 17.869 17.312 18.237 17.714 16.013 16.689 17.541 16.427 15.447 16.715 16.569 15.391 15.809 16.683 15.964 15.294 16.169 16.406 15.601 15.724 16.393 16.032 15.484 15.529 14.735 14.067 13.391 13.045 12.273 11.575 11.346 11.481 10.762 10.187 10.415 9.965 9.279 9.085 9.307 8.888 8.063 8.547 8.498 7.724 7.929 7.937 7.998 8.741 8.639 8.971 8.517 7.812 8.536 8.451 7.769 7.494 8.275 7.765 6.891 7.602 7.963 7.000 6.629 7.557 7.350 6.548 6.754 7.353 6.899 6.244 7.020 7.224 6.507 6.433 7.182 7.219 6.648 7.155 7.795 7.721 7.609 7.423 6.838 6.574 6.104 5.476 5.057 5.302 5.101 4.430 4.845 5.227 4.541 4.274 5.084 4.982 4.428 4.795 5.528 5.098 4.902 5.697 5.904 5.423 5.192 5.567 6.374 5.706 5.658 6.565 6.648 5.944 6.549 7.378 6.998 6.700 6.205 5.899 6.160 5.913 5.442 4.649 4.819 5.033 4.323 3.823 4.373 4.123 3.129 3.301 3.713 3.125 2.466 2.998 3.369 2.656 2.432 3.042 3.121 2.683 2.899 3.262 3.210 3.026 3.562 3.773 3.462 3.763 4.171 4.232 4.187 4.533 4.751 4.864 5.047 5.376 5.327 5.999 5.895 5.147 5.727 6.279 5.864 5.441 5.965 5.842 5.851 5.586 4.915 5.180 5.271 4.439 4.255 4.491 4.236 3.688 3.727 4.076 3.593 3.050 3.656 3.733 2.940 2.662 3.703 3.201 3.495 4.610 4.611 4.378 4.717 4.626 4.742 5.141 5.366 6.300 6.549 5.833 6.335 6.309 5.969 5.358 5.298 4.220 4.057 3.725 4.051 2.917 1.190 0.704 0.499 0.000 0.507 0.572 0.615 0.589 0.722 0.916 1.052 1.239 1.413 1.607 1.735 1.926 2.103 2.542 2.556 2.524 3.106 3.330 3.262 3.355 3.834 3.961 3.925 4.282 4.668 4.579 4.629 5.160 5.357 5.066 5.547 5.962 6.077 6.030 6.451 6.851 6.940 7.087 7.561 7.830 7.901 8.171 8.571 8.736 8.841 9.352 9.299 9.631 10.023 10.425 10.782
18.119 17.203 16.854 16.348 17.032 15.673 14.498 14.888 14.475 13.467 13.554 13.263 12.885 12.776 12.776 12.993 13.191 13.830 14.439 14.614 15.088 16.291 16.877 16.554 17.695 18.263 18.273 18.577 19.642 19.709 19.505 20.388 21.073 21.365 21.502 21.987 22.306 22.694 22.921 23.505 23.199 23.711 23.688 23.746 23.667 23.512 23.102 22.447 22.222 21.948 21.173 20.391 20.629 19.873 18.732 18.862 19.071 17.732 17.229 17.602 17.469 16.236 16.331 16.879 15.989 15.114 15.931 15.553 14.792 15.047 15.682 15.038 14.505 15.366 15.470 14.904 15.006 15.526 15.216 15.003 14.948 14.117 13.797 13.226 12.318 11.782 11.250 10.956 10.807 10.101 9.592 9.548 9.323 8.618 8.356 8.567 8.070 7.333 7.868 7.854 7.045 7.274 7.231 7.302 7.964 7.977 8.661 7.674 7.254 8.044 8.178 7.075 7.001 8.080 7.436 6.541 7.288 7.770 6.656 6.468 7.341 7.151 6.407 6.643 7.200 6.850 6.072 6.890 6.933 6.366 6.440 6.998 6.912 6.530 6.952 7.676 7.459 7.522 7.242 6.739 6.531 5.916 5.401 4.978 5.194 5.085 4.288 4.811 5.258 4.510 4.144 5.074 5.116 4.314 4.617 5.435 4.917 4.768 5.543 5.856 5.264 5.128 5.333 6.078 5.430 5.333 6.261 6.318 5.702 6.180 6.919 6.528 6.201 5.899 5.710 5.824 5.688 5.338 4.544 4.697 4.867 4.274 3.842 4.213 4.170 3.184 3.227 3.581 3.264 2.592 3.083 3.369 2.849 2.477 2.936 3.161 2.644 2.689 3.212 3.063 2.856 3.378 3.616 3.245 3.566 3.919 3.928 3.912 4.270 4.513 4.478 4.609 4.952 5.056 5.699 5.503 5.051 5.584 6.026 5.588 5.297 5.790 5.733 5.925 5.290 4.759 5.077 5.087 4.257 4.210 4.640 4.085 3.512 3.867 4.161 3.353 3.018 3.617 3.581 2.785 2.696 3.414 3.148 3.499 4.369 4.618 4.400 4.393 4.686 4.841 5.126 5.287 6.150 6.330 5.799 6.167 6.081 5.762 5.116 4.971 3.996 3.782 3.840 3.876 2.852 1.167 0.682 0.592 0.490 0.000 0.499 0.552 0.562 0.583 0.727 0.966 1.137 1.222 1.463 1.551 1.649 1.852 2.188 2.267 2.280 2.664 2.980 2.888 3.101 3.416 3.473 3.533 3.831 4.138 4.186 4.127 4.645 4.898 4.749 5.003 5.450 5.533 5.587 5.939 6.208 6.338 6.562 6.956 7.106 7.170 7.536 7.852 7.903 8.154 8.637 8.487 8.858 9.302 9.490 10.090
18.530 17.443 17.051 16.441 16.189 15.028 15.424 14.707 14.454 13.956 13.028 12.963 12.826 12.218 12.391 12.530 13.095 13.377 14.299 14.701 15.097 16.080 16.833 17.032 17.755 18.471 18.482 18.908 19.748 20.066 19.843 20.690 21.725 21.947 22.086 22.511 22.609 22.869 23.049 23.596 23.118 23.839 23.816 23.938 23.818 23.592 23.277 22.735 22.511 22.108 21.628 20.757 20.804 20.180 19.077 19.102 19.292 18.017 17.427 17.805 17.469 16.182 16.340 17.126 16.071 15.073 16.072 15.697 14.956 15.203 15.910 15.154 14.545 15.353 15.486 14.978 15.057 15.521 15.400 15.048 15.096 14.094 13.640 13.047 12.270 11.640 11.160 10.772 10.865 10.121 9.567 9.573 9.267 8.581 8.135 8.566 8.111 7.319 7.760 7.679 7.186 7.077 7.178 7.185 7.816 7.887 8.263 7.640 7.027 7.809 7.651 6.865 6.819 7.707 6.971 6.190 6.769 7.163 6.299 6.080 6.825 6.545 5.870 6.097 6.702 6.237 5.597 6.241 6.553 5.851 5.981 6.582 6.523 6.079 6.623 7.168 7.099 7.159 6.844 6.395 6.222 5.493 4.991 4.503 4.829 4.603 3.836 4.246 4.698 4.119 3.689 4.603 4.591 3.889 4.187 4.986 4.587 4.280 5.203 5.514 4.974 4.656 5.181 5.942 5.262 5.262 6.067 6.266 5.590 6.163 6.840 6.393 6.154 5.662 5.531 5.751 5.542 4.996 4.377 4.636 4.777 4.101 3.822 4.191 4.001 3.355 3.324 3.465 3.047 2.487 2.990 2.959 2.693 2.273 2.611 2.736 2.382 2.418 2.852 2.728 2.555 3.080 3.228 3.025 3.227 3.471 3.580 3.479 3.829 4.179 4.061 4.125 4.444 4.686 5.254 5.054 4.704 5.236 5.728 5.271 4.964 5.375 5.352 5.567 4.864 4.271 4.556 4.584 3.832 3.796 4.075 3.673 3.191 3.501 3.646 3.057 2.896 3.343 3.387 2.565 2.547 3.285 3.044 3.350 4.448 4.544 4.402 4.462 4.665 4.877 5.073 5.263 6.174 6.252 5.708 6.116 6.006 5.791 5.067 5.065 4.181 3.757 3.779 3.782 2.697 1.147 0.674 0.588 0.522 0.488 0.000 0.498 0.522 0.550 0.652 0.851 1.029 1.168 1.361 1.499 1.522 1.688 2.026 2.143 2.131 2.414 2.798 2.750 2.870 3.196 3.428 3.355 3.592 3.853 3.902 3.998 4.444 4.568 4.532 4.852 5.241 5.235 5.353 5.745 5.931 5.987 6.230 6.651 6.742 6.745 7.229 7.572 7.679 7.751 8.407 8.375 8.512 9.012 9.286 9.826
18.613 17.482 17.385 16.963 16.673 15.722 15.615 14.941 14.643 14.095 12.982 13.205 12.979 12.506 12.625 12.772 13.337 13.939 14.540 14.880 15.422 16.144 17.041 17.216 17.953 18.338 18.718 18.461 19.636 19.897 19.822 20.725 21.599 21.895 22.314 22.716 22.855 23.118 23.223 23.713 23.572 24.008 23.950 24.059 23.940 23.795 23.387 22.736 22.670 22.393 21.394 20.623 20.875 20.200 18.975 19.261 19.251 17.998 17.099 17.781 17.334 15.996 16.473 17.030 15.922 15.216 16.123 15.917 15.105 15.230 16.174 15.446 14.963 15.556 15.673 15.188 15.012 15.752 15.361 14.831 14.737 13.846 13.249 12.375 12.174 11.584 10.792 10.217 10.795 10.223 9.455 9.489 9.292 8.626 8.185 8.386 8.111 7.443 7.547 7.705 7.065 7.214 7.143 7.126 7.845 7.689 8.171 7.569 7.019 7.678 7.748 6.976 6.755 7.479 7.091 6.297 6.679 7.136 6.369 6.022 6.793 6.583 5.957 6.114 6.593 6.164 5.489 6.169 6.445 5.854 5.678 6.413 6.398 5.976 6.346 6.855 6.763 6.759 6.491 6.166 5.920 5.389 4.872 4.368 4.649 4.489 3.883 4.322 4.597 4.102 3.823 4.597 4.516 3.986 4.356 4.975 4.656 4.311 5.101 5.457 4.975 4.715 5.217 5.880 5.288 5.127 6.107 6.208 5.563 6.004 6.761 6.373 5.937 5.645 5.466 5.659 5.426 4.983 4.404 4.525 4.547 4.059 3.695 4.004 3.967 3.093 2.975 3.381 2.885 2.295 2.531 2.903 2.487 2.069 2.498 2.746 2.333 2.377 2.715 2.746 2.602 2.979 3.240 3.043 3.335 3.519 3.625 3.606 3.900 4.172 4.245 4.338 4.432 4.620 5.285 5.046 4.675 5.074 5.617 5.173 4.915 5.382 5.346 5.320 4.772 4.257 4.577 4.365 3.840 3.767 4.031 3.808 3.030 3.244 3.880 2.928 2.364 3.048 3.330 2.241 2.264 3.028 2.918 3.287 3.981 4.171 4.158 4.373 4.465 4.839 4.712 5.088 6.045 6.236 5.418 5.947 5.910 5.737 4.961 4.977 4.064 3.700 3.737 3.815 2.616 1.190 0.762 0.581 0.567 0.526 0.491 0.000 0.499 0.547 0.623 0.743 1.011 1.154 1.410 1.472 1.489 1.742 2.011 2.283 2.181 2.498 2.801 2.911 2.972 3.240 3.569 3.617 3.769 4.069 4.083 4.266 4.643 4.685 4.611 5.070 5.299 5.353 5.381 5.747 6.090 6.146 6.249 6.765 6.978 6.950 7.177 7.681 7.843 7.895 8.407 8.427 8.685 9.087 9.361 9.822
18.086 16.765 16.455 16.808 16.371 15.018 15.112 14.793 14.226 13.651 12.864 13.112 12.799 12.406 12.594 12.736 12.938 13.735 14.398 14.485 15.170 16.257 16.671 16.727 18.034 18.434 18.212 18.574 19.776 19.609 19.745 20.428 21.258 21.241 21.682 22.036 22.299 22.546 22.697 23.372 23.159 23.484 23.425 23.527 23.384 23.400 22.999 22.480 22.347 22.013 21.207 20.325 20.780 19.938 18.840 19.148 19.159 17.697 16.966 17.665 17.173 15.829 16.293 17.081 15.609 15.093 16.009 15.781 14.918 15.032 16.032 15.283 14.915 15.369 15.762 15.091 14.961 15.648 15.561 14.975 15.079 14.057 13.532 12.720 12.205 11.856 10.901 10.598 10.786 10.246 9.369 9.523 9.355 8.530 8.216 8.530 8.149 7.498 7.783 7.783 7.074 7.293 7.399 7.180 7.811 7.856 8.236 7.569 6.987 7.636 7.518 6.804 6.767 7.419 6.913 6.162 6.827 7.109 6.168 5.827 6.828 6.598 5.725 6.120 6.625 6.205 5.621 6.397 6.469 5.831 5.840 6.465 6.450 6.207 6.792 7.030 6.858 6.937 6.647 6.324 6.197 5.570 5.271 4.511 4.801 4.841 4.180 4.304 4.897 4.273 3.941 4.668 4.704 4.338 4.266 4.971 4.765 4.602 5.112 5.343 5.048 4.701 5.085 5.661 5.210 5.053 5.825 5.892 5.340 5.767 6.696 6.250 5.946 5.579 5.353 5.416 5.118 4.695 4.081 4.256 4.510 3.891 3.510 4.043 4.018 3.024 2.992 3.500 3.075 2.373 2.803 3.249 2.514 2.121 2.771 2.837 2.316 2.577 2.896 2.769 2.602 3.109 3.312 2.996 3.328 3.843 3.815 3.723 4.240 4.368 4.395 4.709 4.927 4.857 5.591 5.476 4.984 5.382 5.911 5.712 5.391 5.780 5.549 5.762 5.296 4.623 5.001 4.926 4.110 3.997 4.346 3.977 3.477 3.800 4.188 3.374 2.887 3.477 3.513 2.687 2.432 3.346 3.050 3.289 4.105 4.148 3.896 4.089 4.320 4.375 4.700 4.880 5.742 5.870 5.387 5.876 5.720 5.434 4.801 4.801 3.914 3.790 3.669 3.749 2.705 1.262 0.880 0.626 0.607 0.558 0.555 0.494 0.000 0.503 0.613 0.759 1.038 1.154 1.366 1.523 1.449 1.686 2.033 2.131 2.173 2.526 2.743 2.835 2.939 3.290 3.562 3.548 3.754 4.119 4.081 4.072 4.522 4.656 4.591 4.803 5.058 5.291 5.160 5.476 5.739 5.904 5.976 6.372 6.646 6.734 6.932 7.380 7.619 7.636 8.094 8.268 8.430 8.809 8.982 9.493
18.428 17.474 17.318 16.599 16.862 16.005 15.281 14.683 14.681 13.811 13.327 12.998 13.019 12.639 12.512 12.807 13.147 13.869 14.290 14.714 15.055 16.025 16.642 16.550 17.511 18.395 18.159 18.510 19.737 19.623 19.413 20.196 21.005 21.210 21.482 21.924 22.108 22.488 22.735 23.408 23.074 23.693 23.656 23.573 23.571 23.459 23.070 22.403 22.133 21.920 21.034 20.511 20.652 19.956 18.739 18.968 19.206 17.597 17.061 17.430 17.286 15.779 16.032 16.817 15.661 14.714 15.648 15.372 14.418 14.760 15.371 14.705 14.306 14.925 15.205 14.573 14.547 15.190 15.095 14.524 14.616 13.659 13.132 12.402 11.823 11.309 10.496 10.224 10.265 9.705 8.974 9.102 8.920 8.018 7.632 8.069 7.562 6.732 7.227 7.316 6.515 6.738 6.731 6.617 7.176 7.191 7.687 6.859 6.233 7.131 7.110 6.190 6.180 7.049 6.428 5.620 6.278 6.690 5.691 5.472 6.333 6.121 5.347 5.737 6.208 5.824 5.196 5.970 6.056 5.539 5.626 6.207 6.101 5.795 6.296 6.764 6.610 6.528 6.340 5.966 5.766 5.129 4.812 4.164 4.511 4.414 3.663 4.040 4.635 3.915 3.492 4.392 4.396 3.793 3.954 4.712 4.318 4.169 4.793 5.157 4.685 4.318 4.561 5.305 4.719 4.702 5.499 5.627 4.925 5.458 6.355 5.900 5.444 5.188 4.929 5.207 4.962 4.645 3.959 4.268 4.213 3.425 3.362 3.739 3.542 2.762 2.954 3.238 2.741 2.285 2.600 2.804 2.321 2.091 2.533 2.657 2.217 2.251 2.585 2.620 2.378 2.711 2.913 2.589 2.912 3.333 3.237 3.184 3.505 3.704 3.617 3.743 4.113 4.164 4.845 4.641 4.265 4.804 5.258 4.921 4.614 5.102 5.058 5.202 4.557 4.130 4.380 4.378 3.719 3.579 3.982 3.573 2.881 3.324 3.575 3.132 2.592 3.317 3.304 2.461 2.360 3.028 2.915 3.040 3.959 4.157 3.904 4.065 4.325 4.390 4.662 4.742 5.535 5.653 5.208 5.634 5.519 5.287 4.497 4.565 3.623 3.548 3.534 3.721 2.788 1.329 1.007 0.747 0.617 0.643 0.575 0.541 0.491 0.000 0.512 0.664 0.855 1.046 1.150 1.277 1.327 1.496 1.743 1.746 1.747 2.176 2.290 2.304 2.399 2.716 2.874 2.905 3.173 3.310 3.311 3.321 3.753 3.858 3.918 4.094 4.425 4.672 4.585 4.852 5.108 5.218 5.407 5.712 5.888 5.979 6.311 6.616 6.803 6.986 7.498 7.505 7.682 8.008 8.288 8.689
18.957 17.313 17.240 16.966 16.513 15.244 15.314 14.884 14.564 13.723 12.793 13.071 12.871 12.359 12.402 12.467 12.932 13.349 14.209 14.532 14.910 15.992 16.729 17.024 17.562 18.446 18.525 18.900 19.846 19.958 19.928 20.782 21.482 21.794 22.081 22.662 22.586 22.835 22.955 23.541 23.123 23.770 23.838 23.854 23.806 23.605 23.287 22.758 22.517 22.116 21.432 20.642 20.767 20.124 18.851 19.056 19.251 17.843 17.168 17.653 17.273 16.031 16.317 16.927 15.774 15.090 15.958 15.577 14.986 15.005 15.834 15.053 14.739 15.264 15.549 15.003 14.899 15.534 15.308 14.800 14.801 13.810 13.258 12.647 11.965 11.405 10.752 10.403 10.581 9.903 9.230 9.311 9.166 8.316 7.800 8.311 7.739 7.059 7.460 7.320 6.777 6.837 6.972 6.620 7.445 7.369 7.611 6.814 6.415 7.186 7.016 6.314 6.267 7.011 6.146 5.647 6.061 6.432 5.517 5.411 6.037 5.664 5.239 5.290 5.884 5.534 4.825 5.513 5.727 5.066 5.192 5.840 5.843 5.358 5.991 6.442 6.300 6.432 6.262 5.753 5.658 4.890 4.556 3.914 4.166 4.132 3.492 3.669 4.105 3.725 3.277 3.983 4.084 3.421 3.820 4.317 4.193 3.833 4.724 4.928 4.573 4.288 4.798 5.386 4.786 4.708 5.527 5.709 5.135 5.603 6.381 5.948 5.750 5.390 5.170 5.397 5.100 4.641 4.048 4.262 4.365 3.898 3.429 3.827 3.633 3.048 2.973 3.159 2.807 2.390 2.637 2.747 2.430 2.074 2.387 2.500 2.173 2.176 2.448 2.387 2.258 2.628 2.750 2.509 2.792 3.044 3.127 2.979 3.286 3.551 3.446 3.550 3.858 4.089 4.765 4.490 4.149 4.711 5.276 4.805 4.557 5.000 4.978 5.240 4.403 4.021 4.270 4.303 3.629 3.658 3.904 3.556 2.903 3.333 3.613 3.127 2.570 3.113 3.357 2.485 2.525 3.088 3.028 3.242 3.949 4.152 3.878 4.179 4.387 4.420 4.660 4.769 5.614 5.797 5.260 5.728 5.678 5.524 4.810 4.774 4.043 3.775 3.853 3.700 2.745 1.499 1.225 1.059 0.845 0.753 0.726 0.719 0.553 0.491 0.000 0.515 0.615 0.907 0.976 1.268 1.149 1.342 1.651 1.754 1.723 1.857 2.389 2.340 2.296 2.423 2.782 2.883 3.005 3.290 3.387 3.299 3.839 3.934 3.947 4.213 4.522 4.612 4.716 5.140 5.119 5.335 5.526 5.830 5.907 6.028 6.413 6.697 6.867 6.910 7.446 7.521 7.726 7.966 8.400 8.533
18.447 16.664 16.864 16.593 16.153 15.177 14.934 14.485 14.068 13.404 12.476 12.812 12.516 12.259 12.228 12.286 12.717 13.614 14.028 14.192 15.000 16.120 16.789 16.955 17.922 18.546 18.574 18.623 19.746 19.790 19.648 20.476 21.359 21.511 21.890 22.447 22.556 22.726 22.909 23.300 23.151 23.592 23.649 23.722 23.730 23.709 23.390 22.859 22.457 22.214 21.162 20.651 20.989 20.120 18.813 19.226 19.307 17.631 16.750 17.506 17.026 15.816 16.123 16.754 15.430 14.824 15.666 15.359 14.686 14.590 15.610 14.763 14.415 14.897 15.204 14.552 14.457 15.329 14.979 14.361 14.518 13.364 12.862 12.064 11.722 11.222 10.378 10.075 10.356 9.701 8.979 9.188 9.139 8.198 7.838 8.325 7.830 7.246 7.540 7.520 6.832 7.026 6.958 6.661 7.206 7.123 7.568 6.766 6.363 6.944 6.819 6.111 5.978 6.629 5.954 5.454 5.757 6.122 5.435 5.110 5.781 5.417 4.939 5.033 5.561 5.148 4.602 5.172 5.371 4.780 4.715 5.358 5.314 4.963 5.334 5.823 5.608 5.657 5.550 5.162 4.971 4.375 3.990 3.500 3.685 3.603 3.135 3.254 3.743 3.218 2.963 3.662 3.768 3.363 3.454 4.052 3.978 3.664 4.295 4.495 4.187 3.965 4.396 4.873 4.530 4.427 5.182 5.361 4.951 5.320 6.063 5.739 5.644 5.208 4.985 5.181 4.832 4.508 4.004 4.064 4.154 3.711 3.421 3.736 3.595 2.952 3.061 3.300 2.712 2.181 2.547 2.705 2.138 1.868 2.213 2.205 1.793 1.895 2.285 2.039 2.006 2.575 2.512 2.411 2.672 2.991 2.942 2.891 3.486 3.622 3.598 3.886 4.169 3.956 4.811 4.696 4.064 4.381 4.909 4.759 4.145 4.682 4.433 4.722 4.143 3.594 3.975 4.055 3.311 3.154 3.670 3.438 2.635 2.985 3.431 2.820 2.468 3.069 3.100 2.529 2.460 3.153 3.093 3.230 4.101 4.295 4.118 4.402 4.545 4.641 4.851 4.987 5.691 5.876 5.323 5.836 5.741 5.565 4.787 4.796 3.911 3.837 3.910 3.813 2.902 1.833 1.521 1.328 1.145 0.956 0.890 0.814 0.686 0.603 0.515 0.000 0.500 0.754 1.092 1.086 0.972 1.203 1.625 1.630 1.621 1.989 2.254 2.240 2.357 2.475 2.731 2.936 3.079 3.463 3.589 3.629 3.955 4.169 4.199 4.476 4.728 4.766 4.927 5.148 5.277 5.385 5.525 5.731 6.041 5.966 6.083 6.652 6.785 6.715 7.050 7.301 7.404 7.469 7.948 8.134
18.020 16.683 16.715 17.266 16.416 15.130 15.191 14.962 14.098 13.522 12.611 12.784 12.310 12.176 12.048 12.368 12.660 13.430 14.011 14.155 14.672 15.793 16.407 16.476 17.775 18.274 17.937 18.499 19.906 19.378 19.450 20.124 20.996 21.003 21.471 21.990 22.303 22.559 22.564 23.236 23.077 23.277 23.342 23.294 23.285 23.274 22.997 22.391 22.221 21.896 21.140 20.298 20.758 19.864 18.785 19.111 19.087 17.605 16.702 17.388 17.053 15.786 16.125 16.876 15.395 14.839 15.808 15.599 14.818 14.812 15.910 15.166 14.736 15.260 15.716 15.026 14.763 15.548 15.321 14.744 14.769 13.765 13.306 12.426 11.966 11.515 10.682 10.424 10.725 10.060 9.211 9.337 9.318 8.455 8.015 8.350 8.010 7.360 7.514 7.463 6.786 6.845 6.720 6.550 7.121 6.964 7.435 6.695 6.128 6.846 6.764 5.867 5.884 6.520 6.005 5.266 5.833 6.157 5.257 4.937 5.886 5.687 4.917 5.283 5.872 5.342 4.780 5.632 5.797 4.993 5.194 5.915 5.863 5.293 6.127 6.390 6.242 6.269 6.011 5.797 5.668 5.092 4.584 3.991 4.323 4.206 3.726 3.875 4.329 3.916 3.457 4.003 4.113 3.468 3.725 4.297 4.062 3.729 4.536 4.709 4.369 4.006 4.430 5.029 4.479 4.462 5.221 5.346 4.794 5.235 6.042 5.815 5.623 5.272 5.045 5.234 4.894 4.742 4.091 4.168 4.301 3.698 3.341 3.727 3.597 3.051 2.961 3.252 2.811 2.223 2.452 2.664 2.159 1.785 2.206 2.280 1.915 2.042 2.461 2.293 2.139 2.817 2.899 2.664 3.149 3.277 3.203 3.262 3.725 4.030 4.004 4.164 4.542 4.492 5.280 5.048 4.497 4.977 5.512 5.106 4.676 5.369 5.166 5.239 4.538 4.109 4.441 4.404 3.756 3.546 4.049 3.636 2.820 3.278 3.532 2.959 2.366 3.089 3.091 2.412 2.351 3.103 2.790 3.199 3.800 3.846 3.842 3.931 4.371 4.575 4.905 5.091 5.848 5.930 5.585 5.952 5.909 5.658 4.924 4.901 3.949 3.999 4.015 4.057 3.208 2.217 1.891 1.572 1.417 1.360 1.123 1.041 1.004 0.830 0.793 0.519 0.000 0.549 0.993 1.065 0.938 1.006 1.641 1.747 1.448 1.896 2.389 2.331 2.298 2.562 2.923 2.917 3.062 3.409 3.596 3.522 3.728 3.958 4.006 4.135 4.457 4.662 4.463 4.695 5.037 5.117 5.112 5.468 5.745 5.769 5.836 6.297 6.502 6.462 6.875 7.000 7.134 7.255 7.650 8.076
18.007 17.019 17.231 16.608 16.581 15.566 15.191 14.474 13.975 13.551 12.893 12.137 12.344 11.965 11.989 11.920 12.630 13.237 13.535 13.757 14.304 14.974 15.803 15.688 16.631 17.706 17.149 17.657 19.081 18.827 18.806 19.994 20.787 20.847 21.280 21.960 22.226 22.519 22.692 23.154 22.741 23.363 23.571 23.555 23.468 23.304 22.953 22.504 22.109 21.686 21.093 20.278 20.338 19.562 18.373 18.486 18.596 17.004 16.508 16.603 16.511 14.952 15.345 15.799 14.792 13.931 14.780 14.580 13.776 14.098 14.566 14.032 13.696 14.381 14.475 14.005 14.036 14.630 14.302 14.106 13.947 12.989 12.620 11.780 11.184 10.843 9.985 9.515 9.768 9.293 8.502 8.490 8.473 7.534 7.030 7.322 7.180 6.262 6.325 6.428 5.573 5.540 5.249 5.113 5.482 5.271 5.709 5.145 4.612 5.084 5.129 4.552 4.271 4.859 4.524 4.094 4.263 4.527 4.108 3.703 4.287 4.031 3.624 3.795 4.191 3.760 3.438 3.986 4.077 3.568 3.714 4.165 4.075 3.829 4.199 4.662 4.599 4.652 4.540 4.283 4.120 3.503 3.166 2.833 2.964 2.916 2.563 2.703 2.990 2.569 2.395 2.805 2.907 2.434 2.688 3.026 2.744 2.713 3.174 3.162 2.927 2.914 3.260 3.471 3.216 3.477 3.783 3.815 3.681 4.120 4.409 4.215 4.216 4.129 3.946 3.923 3.588 3.385 3.161 3.014 2.961 2.790 2.560 2.597 2.522 2.265 2.196 2.176 2.123 1.761 1.833 1.899 1.725 1.437 1.698 1.734 1.416 1.553 1.760 1.701 1.560 1.947 2.037 1.811 1.963 2.182 2.113 2.030 2.307 2.519 2.401 2.400 2.694 2.781 3.363 3.121 2.832 3.196 3.568 3.262 3.044 3.483 3.352 3.381 3.042 2.770 2.969 3.050 2.631 2.543 2.724 2.564 2.159 2.283 2.552 2.244 1.844 2.247 2.376 2.068 1.902 2.351 2.456 2.651 3.021 3.321 3.338 3.676 4.091 4.140 4.475 4.667 5.271 5.555 5.033 5.350 5.251 5.125 4.282 4.299 3.380 3.543 3.677 3.866 3.234 2.278 1.942 1.744 1.494 1.393 1.323 1.143 0.993 0.976 0.866 0.760 0.525 0.000 0.506 0.601 0.646 0.600 0.636 0.884 0.866 0.897 1.046 1.185 1.218 1.266 1.429 1.563 1.618 1.768 1.946 2.068 2.076 2.217 2.355 2.494 2.500 2.786 2.819 2.891 3.060 3.308 3.315 3.461 3.700 3.760 3.923 4.079 4.257 4.512 4.702 4.722 5.095 5.255 5.521 5.890
18.817 17.148 17.403 16.908 16.066 15.370 15.019 14.479 13.988 13.348 12.587 12.306 12.151 11.996 11.564 11.898 12.469 13.035 13.632 13.902 14.491 15.560 16.128 16.290 17.315 17.934 17.574 17.989 18.954 18.917 19.061 20.090 20.773 21.019 21.345 22.149 22.229 22.619 22.773 23.215 23.108 23.479 23.727 23.542 23.590 23.389 23.107 22.781 22.231 22.028 21.295 20.667 20.539 19.821 18.568 18.859 18.754 17.349 16.684 16.938 16.769 15.320 15.403 16.233 15.251 14.078 15.105 14.829 14.086 14.115 14.830 14.170 13.795 14.430 14.673 14.156 14.259 14.793 14.466 14.306 14.019 12.969 12.675 11.709 11.157 10.625 10.044 9.438 9.696 9.051 8.395 8.375 8.262 7.573 6.857 7.195 6.771 6.029 6.123 5.990 5.272 5.073 4.917 4.595 4.991 4.787 5.212 4.532 4.139 4.617 4.485 3.957 3.882 4.466 3.961 3.556 3.779 3.997 3.595 3.368 3.795 3.553 3.252 3.306 3.717 3.449 3.052 3.456 3.596 3.173 3.204 3.721 3.574 3.340 3.724 4.084 4.004 4.070 3.991 3.825 3.569 2.873 2.593 2.350 2.506 2.415 2.136 2.308 2.558 2.293 2.107 2.498 2.551 2.250 2.442 2.694 2.623 2.488 2.874 3.040 2.846 2.856 3.029 3.330 3.058 3.181 3.485 3.606 3.358 3.703 4.102 3.854 3.962 3.845 3.729 3.791 3.516 3.329 3.056 3.047 2.971 2.615 2.499 2.600 2.496 2.142 2.152 2.136 1.969 1.707 1.797 1.804 1.544 1.437 1.586 1.589 1.336 1.376 1.530 1.440 1.249 1.450 1.550 1.329 1.349 1.673 1.565 1.421 1.676 1.825 1.733 1.709 1.873 2.018 2.376 2.224 2.144 2.389 2.676 2.518 2.437 2.740 2.776 2.914 2.472 2.308 2.501 2.502 2.173 2.191 2.366 2.212 1.872 2.069 2.259 2.104 1.797 2.133 2.214 1.984 1.914 2.285 2.350 2.663 3.018 3.192 3.257 3.538 4.032 4.004 4.305 4.567 5.172 5.415 4.878 5.225 5.097 4.930 4.143 4.281 3.302 3.464 3.694 3.811 3.198 2.190 2.070 1.762 1.483 1.400 1.330 1.154 1.003 0.952 0.962 0.801 0.631 0.490 0.000 0.489 0.509 0.515 0.501 0.519 0.585 0.625 0.660 0.741 0.851 0.858 0.928 1.066 1.137 1.208 1.318 1.414 1.518 1.573 1.658 1.784 1.862 1.958 2.084 2.163 2.211 2.383 2.520 2.537 2.662 2.757 2.897 2.968 3.036 3.215 3.434 3.417 3.643 3.808 4.029 4.253
18.238 16.468 16.871 16.730 15.954 15.041 14.708 14.396 13.806 13.050 12.025 12.055 12.044 11.506 11.436 11.573 12.491 12.701 13.478 13.918 14.605 15.426 16.011 16.302 17.078 17.780 17.663 17.880 19.159 19.273 19.051 20.040 20.998 21.198 21.356 22.090 21.896 22.046 22.231 22.804 22.478 22.954 23.329 23.122 23.286 23.161 22.969 22.428 22.009 21.772 20.831 19.781 20.105 19.425 17.919 18.179 18.497 16.887 15.981 16.576 16.248 15.014 15.065 15.775 14.797 14.000 14.793 14.479 13.778 13.910 14.806 13.940 13.702 14.268 14.423 13.829 13.718 14.568 14.066 13.662 13.654 12.445 12.000 11.238 10.751 10.078 9.502 9.057 9.321 8.775 8.038 8.022 8.014 7.059 6.626 6.827 6.525 5.783 5.823 5.747 5.039 4.958 4.644 4.425 4.714 4.522 4.754 4.397 4.029 4.346 4.362 3.949 3.806 4.188 3.844 3.470 3.581 3.790 3.451 3.174 3.519 3.335 3.102 3.092 3.450 3.123 2.839 3.133 3.320 2.883 2.892 3.343 3.206 2.929 3.332 3.647 3.585 3.517 3.530 3.398 3.137 2.501 2.261 2.036 2.154 2.128 1.881 1.988 2.268 2.031 1.913 2.240 2.307 2.089 2.209 2.486 2.383 2.310 2.704 2.846 2.676 2.663 2.952 3.245 2.962 3.077 3.406 3.478 3.296 3.651 4.016 3.821 3.849 3.699 3.636 3.688 3.427 3.158 2.901 2.953 2.889 2.620 2.398 2.511 2.401 2.065 2.030 2.064 1.893 1.665 1.769 1.777 1.540 1.326 1.468 1.430 1.253 1.143 1.343 1.207 1.036 1.251 1.307 1.059 1.122 1.384 1.255 1.176 1.402 1.526 1.425 1.422 1.585 1.708 2.068 2.008 1.833 2.047 2.328 2.304 2.162 2.498 2.517 2.698 2.324 2.108 2.302 2.352 1.978 1.992 2.192 2.079 1.688 1.924 2.222 1.923 1.614 2.026 2.136 1.844 1.819 2.137 2.258 2.478 2.793 2.998 3.093 3.325 3.862 3.761 4.104 4.337 4.959 5.190 4.736 5.085 4.897 4.793 4.016 4.182 3.212 3.399 3.605 3.790 3.153 2.091 2.035 1.786 1.461 1.396 1.422 1.197 0.970 0.956 1.048 0.835 0.669 0.521 0.486 0.000 0.490 0.490 0.492 0.490 0.501 0.533 0.556 0.588 0.651 0.712 0.756 0.823 0.896 0.941 0.994 1.092 1.137 1.216 1.295 1.379 1.445 1.537 1.656 1.739 1.789 1.893 2.041 2.080 2.136 2.270 2.371 2.433 2.543 2.625 2.864 2.870 3.081 3.257 3.354 3.671
18.218 16.661 16.892 16.897 16.055 15.038 14.880 14.561 13.668 12.739 12.196 12.023 11.600 11.766 11.404 11.638 12.129 13.025 13.496 13.640 14.308 14.987 16.167 15.805 16.785 17.730 17.243 17.652 19.010 19.145 19.116 19.711 20.974 20.954 21.585 22.128 22.263 22.399 22.711 23.089 22.705 23.095 23.191 23.360 23.091 23.238 22.949 22.332 22.084 21.762 20.961 19.649 20.267 19.281 17.832 18.077 18.452 16.819 15.718 16.293 16.203 15.117 15.083 15.896 14.502 14.218 14.844 14.611 14.019 14.057 14.777 14.046 14.005 14.381 14.695 14.107 13.950 14.640 14.387 13.905 13.933 12.600 12.294 11.350 10.975 10.413 9.702 9.067 9.586 9.143 8.142 8.136 8.322 7.393 6.758 7.059 6.858 6.090 5.983 5.994 5.225 5.138 4.861 4.767 4.984 4.821 5.192 4.802 4.284 4.595 4.767 4.209 4.018 4.485 4.254 3.754 3.892 4.209 3.646 3.451 3.840 3.804 3.213 3.423 3.779 3.420 3.025 3.458 3.677 3.024 3.157 3.540 3.544 3.116 3.539 3.852 3.814 3.733 3.701 3.628 3.365 2.726 2.510 2.209 2.356 2.397 2.013 2.173 2.504 2.197 2.003 2.453 2.500 2.176 2.399 2.685 2.549 2.468 2.870 3.013 2.761 2.726 3.055 3.410 3.078 3.183 3.620 3.587 3.442 3.801 4.131 3.913 4.100 3.798 3.778 3.686 3.441 3.251 2.897 2.961 2.939 2.589 2.365 2.498 2.404 2.174 2.080 2.136 1.975 1.682 1.798 1.829 1.539 1.348 1.531 1.531 1.351 1.294 1.478 1.324 1.114 1.381 1.425 1.122 1.278 1.529 1.383 1.242 1.573 1.676 1.553 1.598 1.804 1.899 2.276 2.247 2.039 2.308 2.603 2.502 2.357 2.763 2.774 2.925 2.521 2.290 2.494 2.583 2.114 2.116 2.382 2.219 1.811 2.015 2.321 1.943 1.724 2.116 2.155 1.844 1.816 2.195 2.303 2.509 2.761 3.001 3.023 3.438 3.891 3.855 4.294 4.566 5.030 5.378 4.942 5.213 5.111 4.944 4.187 4.236 3.200 3.480 3.680 3.829 3.290 2.268 2.146 1.881 1.665 1.567 1.487 1.248 1.106 1.074 1.006 0.828 0.691 0.585 0.512 0.486 0.000 0.486 0.495 0.504 0.497 0.514 0.598 0.628 0.644 0.733 0.812 0.852 0.888 1.046 1.105 1.112 1.197 1.314 1.394 1.418 1.533 1.648 1.749 1.764 1.884 1.966 2.060 2.121 2.240 2.342 2.389 2.509 2.637 2.726 2.954 3.011 3.218 3.361 3.504 3.880
17.638 16.825 16.774 16.516 16.018 15.047 14.629 14.167 13.807 13.087 12.472 11.947 12.134 11.870 11.549 11.830 12.479 13.307 13.320 13.817 14.274 15.148 15.787 15.496 16.249 17.411 17.035 17.053 18.825 19.076 18.859 19.891 20.680 20.778 21.258 21.731 21.976 22.378 22.538 22.987 22.563 23.152 23.465 23.379 23.385 23.256 23.053 22.539 22.157 21.561 21.002 20.208 20.365 19.409 17.978 18.371 18.428 16.781 16.226 16.562 16.367 14.934 15.183 15.866 14.705 13.992 14.824 14.650 13.746 14.078 14.654 14.120 13.737 14.265 14.578 14.113 14.032 14.594 14.308 13.984 13.906 12.801 12.525 11.610 11.068 10.664 9.911 9.303 9.551 9.175 8.294 8.237 8.351 7.329 6.779 6.993 6.804 5.969 5.914 5.980 5.094 5.066 4.761 4.534 4.718 4.579 4.931 4.359 3.978 4.328 4.351 3.791 3.714 4.138 3.829 3.410 3.631 3.838 3.463 3.185 3.567 3.396 3.073 3.117 3.481 3.165 2.833 3.155 3.276 2.884 2.952 3.297 3.160 2.934 3.235 3.634 3.530 3.545 3.487 3.378 3.136 2.499 2.294 2.100 2.165 2.199 1.923 2.024 2.342 2.116 1.981 2.374 2.420 2.152 2.303 2.540 2.461 2.386 2.717 2.794 2.645 2.664 2.902 3.124 2.917 3.014 3.329 3.364 3.246 3.548 3.902 3.738 3.770 3.674 3.659 3.640 3.364 3.181 2.842 2.892 2.840 2.549 2.349 2.427 2.316 2.061 2.021 1.976 1.874 1.641 1.760 1.758 1.553 1.376 1.484 1.477 1.198 1.283 1.393 1.226 1.113 1.314 1.330 1.072 1.200 1.371 1.248 1.116 1.376 1.486 1.357 1.434 1.609 1.633 1.979 2.004 1.793 2.002 2.305 2.297 2.115 2.471 2.469 2.634 2.350 2.122 2.325 2.402 2.048 2.060 2.296 2.178 1.825 1.940 2.165 1.976 1.711 1.992 2.140 1.898 1.801 2.191 2.303 2.505 2.787 3.018 3.006 3.440 3.920 3.891 4.270 4.516 5.126 5.432 4.921 5.215 5.081 4.907 4.071 4.203 3.160 3.372 3.608 3.749 3.215 2.269 2.063 1.935 1.626 1.507 1.474 1.291 1.090 1.002 0.943 0.845 0.665 0.543 0.494 0.489 0.485 0.000 0.486 0.490 0.489 0.487 0.495 0.518 0.529 0.556 0.605 0.654 0.687 0.744 0.828 0.877 0.931 1.013 1.098 1.179 1.211 1.324 1.409 1.496 1.561 1.656 1.745 1.776 1.918 2.008 2.038 2.134 2.277 2.351 2.484 2.574 2.778 2.915 3.024 3.465
18.514 17.054 16.896 16.763 15.836 14.969 15.072 14.358 13.906 13.043 12.313 11.990 11.881 11.421 11.552 11.465 12.065 12.603 13.300 13.639 14.248 15.394 16.030 16.147 17.047 17.920 17.683 17.711 19.048 19.418 18.951 19.880 20.827 20.999 21.227 21.810 21.667 22.159 22.187 22.789 22.517 23.085 23.368 23.287 23.345 23.062 22.837 22.364 21.886 21.603 20.802 19.920 20.070 19.451 17.930 18.125 18.284 16.881 16.067 16.401 16.440 15.122 15.055 15.919 14.835 14.053 14.938 14.643 13.941 13.963 14.950 14.225 13.910 14.424 14.820 14.238 14.260 14.876 14.531 14.190 14.092 12.868 12.462 11.601 10.987 10.431 9.928 9.274 9.513 9.038 8.205 8.140 8.198 7.309 6.625 6.928 6.664 5.776 5.811 5.752 5.045 4.874 4.625 4.423 4.605 4.433 4.738 4.170 3.805 4.167 4.124 3.662 3.530 3.988 3.600 3.257 3.342 3.566 3.271 2.956 3.318 3.140 2.905 2.843 3.251 3.023 2.653 2.936 3.064 2.787 2.711 3.103 2.971 2.774 3.049 3.369 3.365 3.356 3.351 3.335 3.003 2.317 2.098 1.960 2.028 1.968 1.758 1.903 2.118 1.916 1.792 2.113 2.135 1.982 2.193 2.334 2.247 2.267 2.544 2.642 2.477 2.497 2.774 3.009 2.778 2.944 3.222 3.256 3.185 3.515 3.859 3.663 3.764 3.652 3.591 3.611 3.289 3.104 2.782 2.842 2.722 2.506 2.336 2.354 2.294 2.036 1.974 1.970 1.848 1.627 1.694 1.711 1.545 1.374 1.418 1.454 1.194 1.178 1.314 1.198 0.974 1.144 1.192 0.985 1.018 1.203 1.101 0.986 1.157 1.311 1.184 1.190 1.406 1.453 1.738 1.768 1.589 1.768 2.018 2.044 1.898 2.177 2.220 2.383 2.093 1.880 2.067 2.109 1.860 1.822 2.008 1.945 1.602 1.791 2.000 1.845 1.637 1.899 2.047 1.896 1.762 2.102 2.185 2.467 2.671 2.897 2.976 3.300 3.874 3.824 4.108 4.435 4.953 5.235 4.850 5.138 4.987 4.861 4.082 4.244 3.169 3.417 3.613 3.786 3.237 2.270 2.071 1.897 1.639 1.574 1.539 1.351 1.112 1.043 1.006 0.887 0.672 0.517 0.491 0.487 0.486 0.485 0.000 0.485 0.487 0.487 0.486 0.492 0.506 0.514 0.543 0.569 0.619 0.648 0.706 0.773 0.827 0.890 0.982 1.045 1.111 1.188 1.265 1.338 1.425 1.502 1.640 1.649 1.720 1.902 1.927 1.968 2.106 2.200 2.360 2.394 2.604 2.774 2.822 3.176
18.100 16.704 16.940 16.486 15.736 15.148 14.881 14.288 13.493 13.154 12.240 11.882 11.786 11.265 11.510 11.467 12.345 12.591 13.463 13.581 14.336 15.087 15.958 15.958 16.669 17.577 17.447 17.541 18.824 19.166 18.845 19.777 20.918 20.843 21.294 21.660 21.728 22.011 22.172 22.950 22.459 22.973 23.266 23.352 23.287 23.196 22.999 22.488 22.207 21.679 20.894 19.751 20.212 19.429 17.918 18.182 18.383 16.944 16.019 16.565 16.366 15.254 15.207 15.800 14.804 14.233 14.944 14.660 14.040 14.135 14.973 14.222 13.994 14.535 14.757 14.170 14.247 14.862 14.447 13.988 14.030 12.721 12.275 11.544 10.964 10.378 9.621 9.077 9.468 8.975 8.003 7.984 8.112 7.148 6.541 6.790 6.638 5.751 5.700 5.708 4.960 4.836 4.486 4.270 4.478 4.282 4.579 4.247 3.805 4.068 4.156 3.694 3.590 3.912 3.678 3.240 3.389 3.550 3.202 2.990 3.278 3.152 2.882 2.887 3.178 3.016 2.670 2.907 3.097 2.759 2.709 3.071 3.051 2.724 3.039 3.311 3.319 3.214 3.267 3.208 2.892 2.321 2.121 1.900 1.964 1.977 1.696 1.829 2.109 1.834 1.721 2.113 2.136 1.885 2.031 2.364 2.207 2.145 2.519 2.649 2.500 2.419 2.738 3.024 2.751 2.820 3.257 3.239 3.118 3.457 3.805 3.631 3.695 3.523 3.508 3.463 3.197 2.957 2.673 2.738 2.661 2.374 2.214 2.313 2.187 1.932 1.874 1.921 1.730 1.568 1.615 1.644 1.449 1.312 1.407 1.329 1.154 1.111 1.197 1.050 0.965 1.060 1.117 0.925 0.974 1.168 1.057 0.948 1.130 1.230 1.106 1.183 1.354 1.455 1.719 1.709 1.586 1.736 1.990 1.987 1.909 2.172 2.214 2.379 2.058 1.903 2.092 2.087 1.750 1.756 2.015 1.908 1.507 1.669 1.950 1.771 1.572 1.863 1.943 1.763 1.702 1.997 2.106 2.342 2.614 2.752 2.858 3.176 3.750 3.670 4.060 4.291 4.838 5.143 4.762 5.018 4.933 4.766 4.013 4.168 3.100 3.340 3.552 3.760 3.155 2.198 2.003 1.802 1.546 1.422 1.433 1.252 1.052 0.992 0.982 0.814 0.682 0.539 0.492 0.488 0.487 0.486 0.485 0.000 0.485 0.487 0.487 0.487 0.492 0.502 0.517 0.533 0.571 0.615 0.659 0.712 0.771 0.836 0.900 0.967 1.002 1.075 1.157 1.217 1.296 1.364 1.509 1.541 1.595 1.722 1.798 1.852 1.935 2.059 2.181 2.216 2.398 2.580 2.663 2.976
17.951 16.753 16.310 16.455 15.638 14.830 14.744 14.241 13.701 12.941 12.149 11.991 11.798 11.789 11.656 11.675 12.501 13.307 13.793 13.928 14.343 15.466 16.011 16.116 17.070 17.381 17.254 17.038 18.785 19.357 19.251 19.594 20.889 20.845 21.379 22.046 22.314 22.643 22.882 23.289 23.006 23.217 23.507 23.430 23.426 23.295 23.024 22.549 22.032 21.818 20.826 19.901 20.270 19.412 18.080 18.205 18.247 16.974 15.991 16.249 16.128 15.119 15.275 15.985 14.477 14.162 14.963 14.722 14.029 14.179 14.964 14.342 13.981 14.503 14.880 14.278 14.188 14.851 14.593 13.989 14.245 12.779 12.339 11.554 11.034 10.533 9.704 9.138 9.486 8.950 8.102 8.097 8.093 7.244 6.624 6.856 6.682 5.889 5.774 5.740 4.985 4.815 4.478 4.279 4.436 4.277 4.647 4.179 3.748 4.002 4.141 3.622 3.521 3.906 3.704 3.250 3.426 3.618 3.216 2.965 3.283 3.205 2.846 2.895 3.190 2.925 2.598 2.922 3.064 2.644 2.674 3.026 2.996 2.686 2.976 3.337 3.313 3.260 3.339 3.286 2.905 2.371 2.192 1.927 2.009 2.004 1.671 1.869 2.137 1.869 1.744 2.102 2.140 1.924 2.129 2.313 2.195 2.157 2.493 2.599 2.485 2.415 2.703 3.000 2.776 2.783 3.215 3.198 3.072 3.414 3.720 3.557 3.654 3.544 3.525 3.478 3.211 3.012 2.676 2.707 2.678 2.394 2.206 2.321 2.212 1.960 1.877 1.914 1.791 1.588 1.621 1.680 1.449 1.268 1.401 1.352 1.174 1.085 1.213 1.183 1.002 1.135 1.148 1.024 1.063 1.206 1.115 0.985 1.194 1.303 1.173 1.221 1.460 1.545 1.753 1.800 1.600 1.822 1.979 2.016 1.947 2.200 2.234 2.335 2.095 1.896 2.047 2.115 1.836 1.754 1.982 1.909 1.595 1.742 1.928 1.833 1.624 1.789 1.998 1.792 1.713 1.997 2.129 2.395 2.592 2.793 2.840 3.243 3.789 3.741 4.158 4.431 4.982 5.244 4.854 5.140 5.047 4.860 4.068 4.182 3.139 3.360 3.571 3.815 3.248 2.257 2.078 1.874 1.598 1.499 1.488 1.292 1.176 1.094 1.051 0.889 0.742 0.583 0.524 0.497 0.492 0.490 0.488 0.485 0.000 0.485 0.489 0.492 0.491 0.497 0.523 0.536 0.570 0.622 0.685 0.710 0.772 0.855 0.923 0.940 1.013 1.108 1.149 1.203 1.289 1.361 1.472 1.505 1.568 1.684 1.726 1.774 1.896 1.968 2.091 2.162 2.320 2.451 2.538 2.819
18.385 16.935 16.809 16.604 16.087 14.988 15.048 14.365 13.928 13.282 12.538 11.948 11.944 11.662 11.438 11.507 12.256 12.988 13.410 13.772 14.386 15.398 16.127 16.267 16.760 17.955 17.637 17.636 19.184 19.551 18.991 20.054 21.213 21.262 21.534 22.000 22.057 22.436 22.464 23.024 22.569 23.264 23.559 23.423 23.468 23.331 23.047 22.501 21.968 21.510 20.806 19.936 20.159 19.320 17.803 18.094 18.405 16.577 16.131 16.400 16.360 14.911 15.104 16.023 14.978 13.976 15.019 14.759 14.034 14.207 15.062 14.461 14.187 14.578 14.860 14.474 14.416 14.927 14.507 14.165 13.961 12.783 12.552 11.510 11.041 10.782 9.942 9.244 9.672 9.288 8.263 8.210 8.337 7.403 6.731 6.983 6.713 5.941 5.891 5.873 5.064 4.970 4.666 4.483 4.599 4.485 4.764 4.148 3.835 4.243 4.187 3.558 3.555 4.043 3.598 3.207 3.403 3.640 3.181 3.005 3.442 3.217 2.866 2.877 3.316 2.974 2.556 2.981 3.082 2.742 2.662 3.205 3.007 2.671 3.070 3.450 3.330 3.291 3.295 3.202 2.892 2.260 2.042 1.936 1.973 1.920 1.755 1.903 2.078 1.878 1.829 2.100 2.140 2.011 2.170 2.350 2.224 2.231 2.486 2.682 2.516 2.473 2.736 2.972 2.787 2.809 3.235 3.265 3.129 3.403 3.865 3.705 3.620 3.612 3.630 3.554 3.290 3.074 2.783 2.798 2.749 2.455 2.263 2.365 2.229 2.047 1.957 1.981 1.824 1.602 1.676 1.675 1.520 1.339 1.395 1.395 1.247 1.213 1.280 1.154 1.029 1.160 1.157 0.915 1.009 1.175 1.050 0.980 1.126 1.181 1.073 1.121 1.340 1.369 1.631 1.648 1.488 1.660 1.908 1.922 1.783 2.113 2.085 2.296 1.953 1.799 1.984 2.040 1.784 1.775 1.971 1.896 1.613 1.699 1.962 1.841 1.592 1.875 2.005 1.869 1.741 2.047 2.174 2.459 2.681 2.902 2.943 3.355 3.843 3.826 4.266 4.517 5.031 5.314 4.966 5.147 4.993 4.852 4.079 4.301 3.211 3.460 3.619 3.849 3.275 2.342 2.097 1.953 1.692 1.554 1.520 1.361 1.175 1.122 1.125 0.959 0.772 0.607 0.533 0.510 0.493 0.491 0.487 0.487 0.485 0.000 0.485 0.487 0.488 0.486 0.491 0.502 0.508 0.527 0.567 0.606 0.646 0.708 0.775 0.829 0.868 0.954 1.017 1.080 1.138 1.194 1.305 1.360 1.448 1.543 1.590 1.626 1.781 1.846 1.921 2.008 2.201 2.300 2.347 2.703
18.906 16.984 17.218 16.760 15.951 14.859 15.009 14.183 13.587 12.834 12.160 11.774 11.656 11.472 11.241 11.331 12.050 12.418 13.130 13.567 14.248 15.316 16.011 16.474 16.913 17.941 17.929 17.967 19.086 19.624 19.285 19.888 21.289 21.222 21.664 21.944 21.925 22.320 22.164 22.960 22.566 22.996 23.466 23.366 23.446 23.181 22.878 22.311 21.986 21.480 20.781 19.653 20.048 19.317 17.974 17.945 18.285 16.857 15.979 16.449 16.498 15.224 15.078 16.063 14.979 14.139 14.917 14.780 14.096 13.950 15.060 14.323 13.942 14.555 14.832 14.367 14.337 15.011 14.527 14.155 14.075 12.641 12.362 11.615 11.013 10.383 9.733 9.122 9.425 8.902 8.023 7.992 8.075 7.146 6.534 6.826 6.656 5.737 5.669 5.685 4.934 4.829 4.483 4.192 4.402 4.312 4.510 4.107 3.710 4.013 4.075 3.559 3.490 3.846 3.554 3.185 3.295 3.476 3.157 2.929 3.250 3.128 2.852 2.823 3.196 2.963 2.585 2.865 2.991 2.703 2.558 3.031 2.921 2.601 2.878 3.219 3.190 3.169 3.159 3.110 2.794 2.177 1.933 1.812 1.873 1.830 1.608 1.796 1.980 1.800 1.736 2.015 2.061 1.901 2.112 2.286 2.203 2.182 2.470 2.611 2.470 2.429 2.702 2.987 2.740 2.846 3.199 3.195 3.092 3.417 3.747 3.602 3.667 3.535 3.535 3.479 3.192 3.014 2.691 2.769 2.678 2.409 2.265 2.314 2.180 2.034 1.968 1.936 1.823 1.602 1.679 1.660 1.531 1.315 1.406 1.363 1.258 1.207 1.187 1.121 0.922 1.097 1.078 0.851 0.848 1.057 0.970 0.828 0.995 1.098 0.991 1.030 1.239 1.235 1.498 1.538 1.374 1.515 1.757 1.772 1.655 1.943 1.979 2.136 1.916 1.681 1.901 1.932 1.707 1.667 1.882 1.785 1.503 1.680 1.843 1.734 1.552 1.834 1.880 1.777 1.695 2.006 2.088 2.392 2.616 2.792 2.904 3.265 3.837 3.723 4.184 4.378 4.915 5.201 4.879 5.090 4.977 4.815 4.074 4.241 3.196 3.398 3.639 3.880 3.263 2.333 2.171 1.966 1.717 1.649 1.579 1.400 1.207 1.131 1.129 0.973 0.775 0.611 0.541 0.515 0.499 0.489 0.487 0.486 0.485 0.485 0.000 0.485 0.486 0.487 0.487 0.489 0.498 0.504 0.518 0.552 0.601 0.632 0.697 0.746 0.794 0.842 0.926 0.978 1.008 1.099 1.175 1.209 1.297 1.397 1.445 1.491 1.595 1.688 1.744 1.811 1.981 2.107 2.173 2.410
18.545 16.687 16.592 16.384 15.525 14.747 14.775 14.193 13.466 12.848 11.840 11.622 11.524 11.277 11.346 11.254 12.012 12.577 13.394 13.603 14.494 15.238 15.967 15.984 17.127 17.555 17.418 17.623 19.027 19.212 18.905 19.880 20.957 20.911 21.365 21.749 21.902 22.254 22.285 23.039 22.594 22.891 23.389 23.428 23.430 23.366 23.011 22.458 21.990 21.513 20.583 19.538 20.048 19.323 17.811 18.009 18.322 16.985 15.986 16.441 16.428 15.252 15.218 15.915 14.718 14.259 14.971 14.650 13.884 14.141 14.784 14.146 13.987 14.471 14.603 14.140 14.279 14.653 14.336 13.945 13.975 12.570 12.131 11.370 10.880 10.277 9.626 8.954 9.339 8.933 7.933 7.875 8.049 7.157 6.490 6.683 6.660 5.759 5.605 5.668 4.872 4.768 4.399 4.176 4.345 4.154 4.443 4.132 3.686 3.959 4.074 3.533 3.491 3.839 3.582 3.167 3.381 3.527 3.066 2.929 3.277 3.201 2.749 2.873 3.156 2.981 2.616 2.899 3.131 2.638 2.667 3.042 3.021 2.612 2.916 3.220 3.215 3.095 3.182 3.160 2.764 2.211 2.026 1.814 1.934 1.918 1.587 1.795 2.063 1.773 1.707 2.079 2.149 1.907 2.032 2.415 2.263 2.129 2.504 2.687 2.581 2.403 2.673 3.038 2.802 2.802 3.258 3.229 3.109 3.372 3.713 3.623 3.675 3.550 3.631 3.556 3.262 3.076 2.729 2.791 2.763 2.450 2.282 2.415 2.220 1.995 1.967 2.013 1.798 1.575 1.658 1.682 1.496 1.317 1.392 1.388 1.152 1.105 1.217 1.057 0.912 1.019 1.060 0.890 0.910 1.081 0.951 0.801 1.000 1.047 0.964 1.059 1.238 1.273 1.564 1.595 1.401 1.568 1.765 1.821 1.688 1.952 2.053 2.177 1.910 1.704 1.932 1.933 1.654 1.671 1.898 1.829 1.520 1.664 1.874 1.699 1.543 1.851 1.930 1.763 1.704 2.026 2.126 2.406 2.697 2.883 2.920 3.333 3.810 3.772 4.245 4.426 4.988 5.252 4.882 5.137 5.051 4.887 4.169 4.279 3.241 3.442 3.719 3.832 3.297 2.318 2.116 1.977 1.722 1.644 1.611 1.471 1.248 1.175 1.152 0.988 0.847 0.697 0.581 0.540 0.525 0.503 0.490 0.488 0.487 0.486 0.485 0.000 0.485 0.486 0.488 0.486 0.489 0.503 0.508 0.521 0.564 0.630 0.653 0.701 0.775 0.833 0.858 0.920 0.985 1.034 1.085 1.164 1.240 1.312 1.361 1.424 1.508 1.563 1.681 1.721 1.838 1.957 2.058 2.228
18.159 16.956 16.792 16.686 15.644 15.229 14.955 14.223 13.954 13.358 12.176 11.932 12.092 11.478 11.456 11.674 12.280 12.974 13.354 13.726 14.618 15.597 16.020 16.604 17.122 17.604 17.825 18.577 19.375 19.751 19.463 20.466 21.547 21.364 21.872 22.406 22.593 22.935 22.966 23.446 23.347 23.563 24.026 23.915 23.977 23.712 23.381 22.888 22.190 21.820 21.034 20.199 20.202 19.521 18.188 18.268 18.253 16.793 16.220 16.317 16.284 14.998 15.276 15.953 14.749 14.104 15.103 14.855 14.073 14.240 14.982 14.504 14.246 14.692 14.785 14.484 14.400 14.860 14.549 14.062 14.191 12.692 12.396 11.480 11.000 10.648 9.799 9.105 9.417 9.095 8.076 8.058 8.162 7.208 6.582 6.821 6.710 5.796 5.777 5.751 4.935 4.830 4.467 4.389 4.410 4.261 4.584 4.069 3.638 3.958 4.062 3.467 3.424 3.844 3.408 3.103 3.370 3.546 3.034 2.906 3.294 3.050 2.790 2.806 3.167 2.816 2.525 2.888 2.937 2.572 2.578 3.003 2.822 2.563 2.835 3.264 3.110 3.141 3.142 3.096 2.718 2.188 1.959 1.804 1.918 1.804 1.584 1.791 1.991 1.748 1.727 2.042 2.080 1.883 2.126 2.311 2.177 2.114 2.438 2.599 2.509 2.408 2.674 2.972 2.760 2.777 3.162 3.159 3.065 3.374 3.688 3.568 3.701 3.562 3.570 3.469 3.241 3.044 2.693 2.737 2.682 2.405 2.249 2.323 2.213 2.036 1.929 1.954 1.786 1.578 1.637 1.643 1.456 1.311 1.342 1.329 1.170 1.167 1.156 1.093 0.955 1.050 1.009 0.835 0.858 1.018 0.929 0.832 1.040 1.065 0.981 1.080 1.281 1.330 1.523 1.611 1.419 1.594 1.729 1.775 1.672 1.902 1.948 2.109 1.883 1.716 1.827 1.926 1.761 1.662 1.836 1.856 1.547 1.605 1.827 1.733 1.524 1.746 1.894 1.763 1.684 1.909 2.092 2.375 2.589 2.757 2.912 3.291 3.828 3.828 4.280 4.518 5.099 5.311 4.924 5.144 5.043 4.868 4.118 4.258 3.227 3.505 3.720 3.894 3.393 2.390 2.146 1.973 1.729 1.616 1.599 1.409 1.240 1.230 1.206 1.062 0.900 0.732 0.654 0.578 0.555 0.523 0.512 0.492 0.492 0.490 0.488 0.485 0.000 0.485 0.488 0.489 0.487 0.493 0.512 0.513 0.540 0.589 0.653 0.654 0.731 0.803 0.846 0.873 0.955 1.023 1.058 1.097 1.167 1.255 1.302 1.335 1.452 1.492 1.582 1.703 1.799 1.880 1.971 2.191
19.052 17.243 17.066 16.800 15.900 14.709 15.032 14.247 13.610 12.921 11.962 11.671 11.528 11.346 11.185 11.254 11.885 12.378 13.116 13.456 14.145 15.200 16.201 16.092 16.877 17.909 17.954 17.635 19.371 19.551 19.245 20.050 21.378 21.295 21.897 22.199 22.314 22.678 22.619 23.357 22.756 23.366 23.780 23.655 23.779 23.545 23.249 22.569 22.145 21.715 21.058 20.081 20.496 19.667 18.089 18.129 18.687 17.080 16.173 16.719 16.768 15.432 15.167 16.450 15.285 14.378 15.205 15.046 14.289 14.275 15.239 14.597 14.297 14.863 15.165 14.675 14.717 15.152 14.613 14.368 14.224 12.682 12.473 11.702 10.965 10.447 9.862 9.237 9.490 9.038 8.082 8.030 8.083 7.214 6.621 6.829 6.706 5.799 5.784 5.673 4.970 4.818 4.494 4.284 4.455 4.382 4.645 4.116 3.730 4.119 4.054 3.534 3.467 3.900 3.459 3.163 3.313 3.490 3.060 2.894 3.223 3.088 2.766 2.758 3.100 2.918 2.480 2.797 2.897 2.635 2.481 2.930 2.880 2.514 2.764 3.138 3.143 3.036 3.100 3.114 2.660 2.075 1.820 1.705 1.820 1.684 1.568 1.785 1.864 1.641 1.705 1.936 1.954 1.793 2.023 2.205 2.096 2.118 2.437 2.554 2.411 2.404 2.721 2.949 2.735 2.863 3.204 3.197 3.065 3.407 3.757 3.621 3.677 3.595 3.604 3.527 3.258 3.110 2.782 2.826 2.694 2.446 2.291 2.325 2.174 2.053 1.944 1.891 1.845 1.634 1.646 1.625 1.477 1.307 1.316 1.318 1.186 1.130 1.141 1.122 0.971 1.043 1.075 0.847 0.905 1.015 0.923 0.805 0.960 1.007 0.998 0.992 1.125 1.151 1.374 1.415 1.265 1.369 1.579 1.637 1.559 1.766 1.804 1.952 1.733 1.579 1.754 1.812 1.614 1.543 1.751 1.717 1.461 1.582 1.800 1.727 1.520 1.750 1.934 1.745 1.711 1.954 2.157 2.417 2.612 2.832 2.964 3.396 3.896 3.884 4.345 4.553 5.077 5.358 4.978 5.215 5.082 4.883 4.146 4.289 3.302 3.447 3.731 3.921 3.382 2.423 2.248 2.142 1.791 1.736 1.648 1.505 1.287 1.264 1.230 1.081 0.884 0.732 0.641 0.588 0.545 0.517 0.504 0.494 0.488 0.487 0.487 0.485 0.485 0.000 0.485 0.486 0.487 0.486 0.489 0.497 0.508 0.527 0.557 0.595 0.636 0.691 0.722 0.784 0.840 0.899 0.958 1.004 1.081 1.128 1.189 1.253 1.343 1.375 1.441 1.534 1.649 1.689 1.785 1.984
18.599 16.853 16.908 16.794 15.516 14.893 15.037 14.267 13.519 12.947 11.764 11.467 11.444 11.099 10.779 10.953 12.002 12.393 12.954 13.493 14.077 15.071 16.089 16.354 17.043 17.939 17.965 17.918 18.665 19.129 19.397 19.773 21.269 21.044 22.002 22.128 22.277 22.723 22.914 23.777 23.130 23.498 23.739 23.768 23.703 23.542 23.099 22.581 22.286 21.809 21.028 19.669 20.115 19.400 18.305 17.967 18.264 17.275 15.930 16.553 16.463 15.367 15.129 15.945 14.854 14.320 14.789 14.565 14.064 13.881 14.938 14.173 14.029 14.465 14.544 14.191 14.276 14.795 14.300 14.032 14.015 12.614 11.996 11.447 10.765 9.983 9.436 8.918 9.231 8.672 7.736 7.804 7.818 6.917 6.361 6.649 6.521 5.633 5.564 5.574 4.807 4.713 4.389 4.045 4.304 4.209 4.469 4.027 3.617 3.857 3.889 3.487 3.402 3.702 3.419 3.110 3.277 3.362 3.039 2.837 3.126 3.032 2.693 2.722 2.984 2.834 2.418 2.735 2.882 2.574 2.441 2.849 2.872 2.479 2.728 3.119 3.099 3.067 3.144 3.031 2.728 2.110 1.922 1.716 1.815 1.788 1.535 1.753 1.989 1.737 1.659 1.996 2.080 1.823 2.047 2.282 2.176 2.119 2.422 2.584 2.492 2.406 2.663 2.952 2.745 2.807 3.103 3.129 3.067 3.337 3.612 3.540 3.642 3.497 3.560 3.526 3.230 3.013 2.728 2.764 2.707 2.402 2.285 2.363 2.235 2.022 1.967 1.973 1.822 1.646 1.689 1.679 1.514 1.380 1.459 1.396 1.240 1.185 1.245 1.115 0.989 1.099 1.054 0.851 0.805 0.957 0.884 0.829 0.897 0.970 0.908 0.994 1.130 1.149 1.443 1.444 1.242 1.454 1.643 1.669 1.550 1.800 1.855 2.064 1.791 1.627 1.896 1.892 1.638 1.628 1.883 1.772 1.507 1.714 1.842 1.683 1.573 1.853 1.897 1.748 1.756 2.021 2.180 2.480 2.700 2.837 2.935 3.362 3.923 3.833 4.230 4.453 5.013 5.237 4.891 5.135 5.040 4.852 4.165 4.241 3.284 3.471 3.702 3.917 3.381 2.436 2.201 2.109 1.819 1.714 1.726 1.536 1.402 1.321 1.311 1.160 0.978 0.824 0.697 0.668 0.620 0.545 0.527 0.515 0.498 0.489 0.487 0.487 0.485 0.485 0.000 0.485 0.487 0.489 0.487 0.492 0.512 0.518 0.531 0.582 0.648 0.661 0.706 0.777 0.832 0.849 0.943 0.995 1.044 1.112 1.178 1.214 1.302 1.347 1.459 1.520 1.627 1.752 1.789 1.989
18.397 17.278 16.887 16.966 16.002 15.140 15.026 14.340 13.752 13.260 12.140 11.986 11.916 11.684 11.497 11.608 12.225 12.830 13.456 13.833 14.531 15.318 16.186 16.465 17.355 17.681 18.131 18.501 19.844 19.962 19.701 20.575 22.021 21.760 22.282 22.755 22.824 23.029 23.095 23.683 23.091 23.377 23.834 23.747 23.663 23.430 23.121 22.704 22.177 21.685 20.972 19.899 20.148 19.311 18.130 18.103 18.272 17.059 16.064 16.416 16.434 15.248 15.375 16.007 14.738 14.456 15.042 14.573 14.159 14.167 14.830 14.111 14.006 14.493 14.696 14.254 14.296 14.861 14.497 14.044 14.319 12.713 12.250 11.527 10.946 10.364 9.654 9.048 9.296 8.829 7.918 7.884 8.048 7.032 6.458 6.660 6.669 5.733 5.581 5.605 4.766 4.660 4.241 4.068 4.120 3.982 4.277 3.956 3.514 3.747 3.914 3.408 3.332 3.668 3.454 3.063 3.237 3.396 2.992 2.810 3.139 3.016 2.695 2.700 3.034 2.779 2.509 2.731 2.948 2.470 2.515 2.918 2.726 2.443 2.736 3.131 3.053 3.006 3.100 3.086 2.625 2.107 1.875 1.706 1.822 1.802 1.559 1.729 1.911 1.740 1.670 1.969 2.022 1.841 2.022 2.243 2.150 2.113 2.408 2.553 2.477 2.389 2.623 2.941 2.767 2.751 3.143 3.132 3.096 3.318 3.603 3.543 3.585 3.545 3.619 3.513 3.293 3.103 2.811 2.829 2.750 2.449 2.330 2.401 2.252 2.026 1.998 1.967 1.827 1.650 1.691 1.658 1.489 1.375 1.387 1.368 1.192 1.165 1.185 1.117 0.942 1.050 1.034 0.818 0.847 0.987 0.894 0.785 0.926 0.979 0.936 1.007 1.094 1.173 1.426 1.422 1.281 1.435 1.674 1.679 1.546 1.806 1.852 2.057 1.806 1.642 1.804 1.865 1.725 1.610 1.852 1.863 1.537 1.657 1.889 1.776 1.572 1.844 2.020 1.797 1.784 2.064 2.206 2.497 2.759 2.927 3.044 3.466 3.959 3.899 4.450 4.643 5.121 5.383 5.050 5.228 5.089 4.895 4.223 4.293 3.383 3.540 3.811 3.940 3.452 2.487 2.260 2.073 1.831 1.744 1.697 1.552 1.366 1.310 1.322 1.192 1.009 0.874 0.769 0.687 0.655 0.598 0.546 0.521 0.505 0.494 0.489 0.487 0.486 0.486 0.485 0.000 0.485 0.487 0.487 0.487 0.494 0.508 0.523 0.537 0.585 0.628 0.649 0.703 0.780 0.808 0.855 0.921 0.976 1.020 1.062 1.131 1.197 1.255 1.334 1.416 1.513 1.583 1.690 1.833
17.723 16.974 16.847 16.747 15.821 14.611 14.556 13.810 13.214 12.775 11.557 11.606 11.502 11.265 10.880 11.096 11.866 12.196 12.806 13.359 13.796 14.884 15.613 15.781 16.842 17.515 17.762 18.227 18.810 19.147 19.162 19.796 20.899 21.181 21.928 22.283 22.624 22.963 22.877 23.545 22.743 23.595 23.702 23.758 23.635 23.428 22.960 22.436 22.206 21.519 20.812 19.801 20.260 19.320 17.866 18.079 18.495 16.714 16.051 16.556 16.474 14.925 15.298 16.054 14.893 14.160 15.114 14.762 14.076 14.200 15.035 14.315 14.024 14.655 14.830 14.408 14.411 14.903 14.500 14.075 14.136 12.718 12.347 11.381 10.886 10.256 9.680 8.962 9.281 8.829 7.957 7.891 7.964 7.111 6.515 6.663 6.739 5.794 5.648 5.768 4.946 4.870 4.509 4.371 4.437 4.350 4.657 4.151 3.750 4.054 4.028 3.594 3.527 3.894 3.530 3.229 3.406 3.549 3.121 2.957 3.310 3.091 2.771 2.840 3.168 2.845 2.539 2.862 2.947 2.598 2.582 3.002 2.818 2.579 2.872 3.210 3.110 3.100 3.095 2.979 2.701 2.179 1.877 1.799 1.910 1.793 1.672 1.844 2.016 1.782 1.783 2.062 2.167 1.893 2.083 2.355 2.240 2.187 2.505 2.702 2.566 2.499 2.754 2.995 2.850 2.895 3.203 3.247 3.163 3.417 3.733 3.671 3.616 3.647 3.721 3.537 3.357 3.115 2.890 2.897 2.839 2.536 2.403 2.467 2.318 2.134 2.058 2.042 1.933 1.738 1.742 1.737 1.535 1.432 1.447 1.408 1.242 1.205 1.236 1.138 1.057 1.057 1.046 0.879 0.933 1.002 0.878 0.775 0.957 1.025 0.906 1.057 1.182 1.228 1.436 1.461 1.303 1.456 1.651 1.679 1.568 1.850 1.878 2.048 1.786 1.656 1.864 1.907 1.700 1.626 1.907 1.793 1.515 1.712 1.942 1.771 1.625 1.877 1.992 1.853 1.836 2.095 2.277 2.504 2.761 2.955 2.977 3.492 3.973 3.883 4.362 4.596 5.088 5.331 4.969 5.190 5.030 4.888 4.158 4.312 3.446 3.528 3.815 4.010 3.490 2.566 2.330 2.176 1.931 1.827 1.738 1.617 1.433 1.374 1.330 1.190 1.040 0.887 0.793 0.738 0.663 0.622 0.571 0.543 0.515 0.501 0.500 0.489 0.488 0.486 0.486 0.485 0.000 0.485 0.486 0.487 0.488 0.492 0.503 0.509 0.536 0.568 0.601 0.621 0.693 0.733 0.780 0.833 0.902 0.947 0.993 1.047 1.111 1.138 1.236 1.336 1.407 1.491 1.553 1.710
18.962 17.035 17.580 16.738 16.047 14.648 15.008 14.228 13.592 12.586 11.672 11.565 11.294 11.095 10.972 11.157 11.706 12.464 12.931 13.148 14.057 15.535 15.806 15.924 17.089 17.964 18.237 17.927 19.783 19.961 19.545 20.114 21.223 21.261 21.766 22.192 22.278 22.758 22.588 23.383 22.804 23.282 23.469 23.468 23.521 23.262 23.097 22.371 22.037 21.711 21.110 19.914 20.224 19.412 18.133 17.910 18.477 17.100 16.164 16.436 16.770 15.264 15.223 16.133 15.057 14.274 14.982 14.824 14.261 14.213 14.950 14.262 14.137 14.691 14.843 14.322 14.371 14.988 14.481 14.059 14.048 12.684 12.216 11.510 10.885 10.112 9.531 8.999 9.234 8.772 7.881 7.903 7.897 7.095 6.477 6.768 6.604 5.769 5.665 5.667 4.864 4.776 4.442 4.168 4.382 4.406 4.527 4.042 3.779 4.068 4.053 3.528 3.570 3.889 3.557 3.194 3.447 3.480 3.146 2.928 3.267 3.127 2.770 2.835 3.139 2.896 2.537 2.883 2.996 2.653 2.564 3.011 2.956 2.602 2.916 3.224 3.231 3.200 3.232 3.139 2.771 2.183 1.911 1.753 1.876 1.832 1.597 1.828 1.993 1.779 1.725 2.014 2.080 1.927 2.132 2.313 2.226 2.221 2.473 2.681 2.556 2.512 2.784 3.071 2.822 2.909 3.249 3.260 3.166 3.408 3.752 3.655 3.720 3.623 3.640 3.629 3.356 3.157 2.856 2.934 2.823 2.551 2.420 2.486 2.314 2.139 2.101 2.050 1.936 1.760 1.756 1.722 1.614 1.463 1.475 1.414 1.288 1.223 1.229 1.177 1.039 1.139 1.070 0.921 0.957 1.021 0.915 0.777 0.967 0.990 0.871 0.926 1.115 1.146 1.411 1.466 1.265 1.427 1.670 1.698 1.577 1.845 1.905 2.107 1.847 1.625 1.891 1.974 1.718 1.644 1.925 1.877 1.505 1.699 1.955 1.766 1.630 1.897 2.054 1.852 1.844 2.130 2.274 2.560 2.794 2.983 3.009 3.501 3.973 3.895 4.369 4.548 5.050 5.270 5.030 5.187 5.079 4.927 4.228 4.295 3.437 3.508 3.830 3.999 3.483 2.592 2.341 2.217 1.953 1.843 1.789 1.650 1.462 1.413 1.345 1.202 1.085 0.906 0.829 0.782 0.716 0.648 0.617 0.571 0.529 0.508 0.502 0.493 0.487 0.486 0.486 0.485 0.485 0.000 0.485 0.486 0.488 0.487 0.490 0.499 0.510 0.520 0.551 0.603 0.618 0.657 0.715 0.780 0.826 0.872 0.924 0.986 1.042 1.073 1.153 1.251 1.310 1.351 1.466 1.553
18.937 17.376 17.213 17.058 16.509 15.110 15.065 14.496 13.646 12.947 11.709 11.706 11.262 11.127 11.061 11.186 11.877 12.422 12.962 13.385 14.070 15.048 16.009 16.131 16.736 17.657 17.825 17.657 18.591 18.895 19.076 19.789 20.654 20.716 21.539 22.144 21.979 22.624 22.506 23.507 22.786 23.163 23.445 23.450 23.436 23.314 22.976 22.252 21.862 21.637 20.522 19.514 20.084 19.294 18.095 17.836 18.330 17.128 15.990 16.196 16.535 15.118 15.262 16.037 14.757 14.298 14.988 14.666 14.038 14.227 14.786 14.112 14.002 14.533 14.523 14.171 14.274 14.693 14.332 13.838 14.083 12.553 12.072 11.361 10.994 10.148 9.648 9.010 9.327 8.940 7.960 7.931 8.067 7.200 6.599 6.803 6.790 5.898 5.726 5.734 4.980 4.857 4.547 4.326 4.433 4.315 4.568 4.143 3.795 3.999 4.037 3.614 3.580 3.845 3.610 3.264 3.385 3.520 3.133 3.020 3.258 3.125 2.795 2.880 3.143 2.834 2.524 2.873 2.965 2.611 2.550 2.983 2.947 2.541 2.854 3.216 3.240 3.157 3.238 3.109 2.802 2.195 1.942 1.789 1.905 1.865 1.629 1.809 2.042 1.804 1.746 2.093 2.189 1.945 2.154 2.395 2.314 2.282 2.568 2.739 2.656 2.640 2.859 3.132 2.949 3.019 3.354 3.324 3.304 3.534 3.812 3.741 3.818 3.795 3.828 3.723 3.495 3.276 2.980 2.993 2.934 2.662 2.556 2.563 2.453 2.216 2.182 2.129 1.989 1.808 1.824 1.788 1.622 1.503 1.530 1.495 1.318 1.267 1.331 1.176 1.066 1.128 1.121 0.927 0.945 1.050 0.951 0.776 0.975 1.012 0.913 0.925 1.147 1.173 1.451 1.515 1.351 1.468 1.723 1.738 1.583 1.890 1.938 2.151 1.855 1.664 1.965 1.986 1.728 1.720 1.980 1.899 1.620 1.826 2.006 1.850 1.744 2.018 2.116 1.938 1.978 2.237 2.384 2.719 2.982 3.103 3.132 3.653 4.088 4.003 4.537 4.715 5.183 5.403 5.150 5.311 5.234 5.059 4.406 4.362 3.572 3.645 3.923 4.063 3.601 2.675 2.404 2.237 2.057 1.895 1.823 1.723 1.503 1.440 1.405 1.266 1.153 0.988 0.863 0.841 0.803 0.711 0.627 0.620 0.565 0.522 0.507 0.501 0.494 0.487 0.487 0.486 0.485 0.485 0.000 0.485 0.487 0.488 0.486 0.490 0.499 0.501 0.510 0.545 0.595 0.587 0.650 0.722 0.781 0.802 0.869 0.921 0.980 1.005 1.086 1.194 1.271 1.354 1.413 1.530
18.054 16.851 16.949 16.854 16.256 14.897 14.667 13.966 13.345 12.709 11.825 11.646 11.751 11.386 11.175 11.473 12.247 12.755 13.221 13.772 14.224 15.068 15.912 16.024 16.921 17.454 18.127 18.393 19.251 19.821 19.833 20.429 21.304 21.683 21.953 22.547 22.755 22.796 23.092 23.399 23.227 23.460 23.674 23.536 23.392 23.222 23.012 22.409 21.764 21.552 20.776 19.910 19.908 19.297 18.267 18.089 18.271 16.914 16.123 16.354 16.357 15.172 15.430 16.136 14.972 14.548 15.180 14.825 14.322 14.375 14.938 14.343 14.341 14.635 14.830 14.467 14.472 14.903 14.650 14.132 14.347 12.911 12.372 11.617 11.080 10.527 9.786 9.372 9.600 9.096 8.167 8.210 8.319 7.378 6.836 7.066 6.918 6.033 5.972 5.954 5.131 5.022 4.699 4.561 4.582 4.553 4.817 4.322 4.028 4.245 4.232 3.768 3.758 4.060 3.735 3.397 3.589 3.701 3.324 3.131 3.476 3.286 2.962 3.002 3.336 2.932 2.678 2.996 3.182 2.744 2.685 3.186 2.968 2.672 3.022 3.477 3.330 3.319 3.315 3.273 2.871 2.337 2.101 1.918 2.039 1.981 1.763 1.941 2.166 1.947 1.847 2.170 2.315 2.041 2.255 2.496 2.428 2.415 2.699 2.875 2.810 2.749 3.015 3.208 3.105 3.078 3.495 3.513 3.443 3.720 3.988 3.938 3.961 3.937 3.967 3.840 3.639 3.464 3.196 3.182 3.118 2.799 2.684 2.728 2.574 2.319 2.312 2.262 2.114 1.908 1.935 1.900 1.706 1.577 1.597 1.572 1.384 1.309 1.343 1.230 1.124 1.217 1.144 0.966 1.008 1.092 0.974 0.859 1.032 1.059 0.977 1.096 1.218 1.292 1.557 1.588 1.451 1.601 1.881 1.857 1.745 2.015 2.077 2.283 2.015 1.876 2.069 2.129 1.907 1.807 2.080 2.001 1.704 1.891 2.115 1.955 1.819 2.090 2.245 2.054 2.063 2.353 2.501 2.785 3.123 3.243 3.250 3.732 4.209 4.103 4.659 4.859 5.280 5.501 5.282 5.397 5.284 5.153 4.467 4.473 3.689 3.758 4.028 4.158 3.668 2.776 2.500 2.303 2.153 1.998 1.926 1.823 1.595 1.525 1.460 1.319 1.214 1.043 0.941 0.890 0.823 0.760 0.700 0.637 0.604 0.559 0.534 0.511 0.502 0.497 0.488 0.488 0.488 0.487 0.485 0.000 0.485 0.488 0.488 0.487 0.492 0.499 0.503 0.516 0.558 0.580 0.603 0.679 0.716 0.758 0.806 0.881 0.925 0.965 1.036 1.116 1.190 1.313 1.364 1.462
18.744 17.246 17.463 16.995 16.634 14.924 15.341 14.431 13.716 13.081 11.951 11.792 11.650 11.252 10.953 11.174 11.880 12.512 12.976 13.317 14.366 15.192 15.914 15.777 17.220 18.009 17.917 17.979 19.251 19.665 19.521 20.438 21.291 21.497 22.150 22.700 22.790 22.939 23.279 23.499 22.832 23.431 23.237 23.199 23.087 22.903 22.432 22.093 21.920 21.599 20.944 20.178 20.466 19.724 18.508 18.632 18.817 17.587 16.568 17.098 16.914 15.593 15.917 16.720 15.571 14.823 15.604 15.185 14.493 14.651 15.444 14.789 14.534 15.138 15.181 14.708 14.755 15.337 15.104 14.425 14.574 13.066 12.686 11.726 11.364 10.690 10.011 9.310 9.701 9.251 8.249 8.350 8.334 7.490 6.908 7.121 7.005 6.111 6.055 6.076 5.310 5.155 4.853 4.651 4.810 4.792 5.036 4.431 4.243 4.450 4.298 3.928 3.936 4.163 3.804 3.523 3.773 3.721 3.479 3.283 3.556 3.359 3.073 3.110 3.338 3.081 2.761 3.125 3.218 2.828 2.777 3.239 3.114 2.744 3.141 3.476 3.272 3.329 3.234 3.096 2.866 2.257 2.005 1.916 2.002 1.994 1.720 1.962 2.158 1.960 1.871 2.218 2.306 2.092 2.309 2.515 2.456 2.459 2.724 2.907 2.818 2.782 3.057 3.295 3.146 3.189 3.539 3.518 3.490 3.780 4.131 3.964 3.993 3.984 3.926 3.866 3.607 3.409 3.135 3.153 3.074 2.759 2.700 2.709 2.584 2.354 2.354 2.312 2.147 1.984 1.981 1.939 1.801 1.662 1.644 1.625 1.446 1.413 1.413 1.313 1.190 1.238 1.181 1.010 1.048 1.096 0.955 0.860 1.038 1.069 0.937 0.995 1.160 1.263 1.536 1.554 1.390 1.569 1.799 1.834 1.703 1.988 2.036 2.236 1.986 1.795 2.042 2.081 1.888 1.813 2.083 2.016 1.724 1.880 2.126 2.011 1.829 2.104 2.233 2.135 2.085 2.389 2.548 2.823 3.063 3.265 3.226 3.741 4.233 4.098 4.554 4.797 5.333 5.553 5.340 5.443 5.364 5.206 4.515 4.515 3.692 3.772 4.039 4.227 3.724 2.858 2.602 2.412 2.200 2.080 2.052 1.930 1.704 1.688 1.596 1.480 1.331 1.170 1.050 1.010 0.951 0.867 0.789 0.747 0.679 0.630 0.583 0.544 0.521 0.511 0.500 0.489 0.489 0.487 0.486 0.485 0.000 0.486 0.487 0.487 0.488 0.491 0.500 0.506 0.522 0.554 0.603 0.613 0.665 0.727 0.751 0.812 0.882 0.922 0.981 1.058 1.100 1.195 1.271 1.330
19.511 17.832 17.819 17.557 16.717 15.554 15.718 14.768 14.070 13.114 11.750 11.498 11.310 10.893 10.714 11.111 11.586 12.257 12.929 13.197 14.195 14.912 15.870 16.196 17.306 18.276 18.579 18.052 19.335 19.634 20.301 20.047 21.410 21.638 22.280 22.772 22.712 22.947 23.369 23.687 22.895 23.220 23.390 23.380 23.288 23.116 22.960 22.245 22.062 21.916 20.861 19.897 20.082 19.589 18.519 18.270 18.482 17.333 16.288 16.663 16.677 15.333 15.794 16.362 15.215 14.496 15.342 15.082 14.169 14.482 15.267 14.506 14.220 14.953 15.165 14.503 14.561 15.298 14.807 14.240 14.467 12.956 12.382 11.571 11.237 10.473 9.756 9.286 9.575 8.968 8.183 8.315 8.178 7.455 6.866 7.152 6.874 6.104 6.086 6.018 5.255 5.148 4.858 4.569 4.765 4.776 4.990 4.307 4.157 4.410 4.270 3.858 3.884 4.135 3.847 3.529 3.697 3.735 3.427 3.232 3.518 3.353 3.041 3.111 3.328 3.050 2.789 3.118 3.171 2.830 2.845 3.222 3.091 2.804 3.133 3.424 3.384 3.381 3.375 3.208 2.967 2.366 2.104 1.899 2.078 2.068 1.823 2.004 2.213 2.088 1.993 2.237 2.350 2.204 2.365 2.579 2.532 2.531 2.740 2.964 2.849 2.855 3.070 3.323 3.155 3.243 3.540 3.559 3.532 3.791 4.111 4.017 4.121 4.019 4.004 3.968 3.704 3.518 3.226 3.263 3.097 2.862 2.806 2.782 2.628 2.454 2.421 2.364 2.188 2.054 2.056 2.006 1.876 1.745 1.745 1.672 1.524 1.482 1.509 1.347 1.227 1.315 1.263 1.028 1.041 1.170 1.003 0.870 1.020 1.033 0.924 0.932 1.146 1.205 1.491 1.520 1.377 1.536 1.788 1.854 1.732 2.033 2.111 2.307 2.026 1.844 2.095 2.169 1.914 1.933 2.130 2.068 1.818 1.976 2.159 2.058 1.942 2.185 2.290 2.190 2.184 2.460 2.619 2.919 3.171 3.368 3.362 3.850 4.258 4.169 4.653 4.809 5.350 5.602 5.415 5.509 5.399 5.244 4.584 4.519 3.766 3.813 4.119 4.204 3.715 2.919 2.646 2.546 2.336 2.138 2.103 2.018 1.784 1.750 1.678 1.551 1.408 1.245 1.126 1.077 1.012 0.928 0.855 0.799 0.729 0.672 0.627 0.574 0.537 0.523 0.506 0.496 0.492 0.488 0.486 0.485 0.485 0.000 0.485 0.486 0.488 0.486 0.489 0.497 0.504 0.510 0.544 0.586 0.594 0.638 0.698 0.755 0.786 0.843 0.919 0.997 1.037 1.105 1.199 1.277
18.828 17.563 17.074 17.185 16.758 15.375 15.947 14.875 14.166 13.362 12.002 12.104 11.744 11.282 11.229 11.524 12.079 12.592 13.297 13.699 14.234 15.213 15.902 15.783 16.871 17.500 17.669 17.593 19.083 19.113 19.013 19.999 21.442 21.046 21.853 21.967 22.155 22.361 22.813 23.186 23.005 22.812 23.103 23.133 23.091 23.063 22.795 22.165 21.803 21.539 20.423 19.660 20.099 19.408 18.175 18.120 18.304 17.269 16.094 16.456 16.672 15.391 15.688 16.326 15.077 14.659 15.229 14.865 14.273 14.424 15.014 14.453 14.336 14.817 14.723 14.393 14.599 15.033 14.920 13.979 14.415 12.812 12.388 11.626 11.296 10.570 9.913 9.496 9.677 9.096 8.219 8.298 8.294 7.464 6.905 7.076 6.897 6.081 6.120 5.936 5.224 5.073 4.769 4.575 4.653 4.613 4.841 4.304 4.130 4.283 4.279 3.843 3.812 4.046 3.794 3.484 3.590 3.708 3.332 3.220 3.479 3.366 2.987 3.085 3.328 3.011 2.758 3.096 3.230 2.756 2.770 3.275 3.094 2.699 3.080 3.478 3.374 3.361 3.370 3.207 2.916 2.331 2.059 1.885 2.023 1.976 1.742 1.950 2.182 1.974 1.882 2.225 2.314 2.100 2.317 2.557 2.437 2.468 2.733 2.895 2.797 2.781 3.063 3.275 3.113 3.197 3.521 3.486 3.498 3.766 4.006 3.926 4.058 3.946 3.928 3.847 3.617 3.470 3.137 3.176 3.069 2.803 2.725 2.723 2.593 2.365 2.352 2.322 2.129 1.978 1.977 1.939 1.802 1.703 1.676 1.640 1.472 1.448 1.445 1.377 1.223 1.272 1.235 1.074 1.058 1.153 0.988 0.884 1.037 1.109 0.982 1.040 1.217 1.325 1.570 1.607 1.445 1.599 1.868 1.876 1.736 2.003 2.087 2.261 2.028 1.783 2.081 2.162 1.879 1.839 2.097 2.050 1.771 1.946 2.144 2.034 1.882 2.149 2.271 2.139 2.146 2.428 2.586 2.905 3.128 3.254 3.344 3.771 4.310 4.088 4.531 4.799 5.263 5.525 5.294 5.391 5.350 5.220 4.499 4.415 3.690 3.791 4.069 4.171 3.720 2.911 2.605 2.479 2.298 2.128 2.045 1.988 1.766 1.718 1.679 1.558 1.398 1.239 1.143 1.087 1.013 0.938 0.886 0.831 0.755 0.709 0.635 0.601 0.568 0.535 0.510 0.504 0.497 0.489 0.487 0.486 0.486 0.485 0.000 0.485 0.487 0.487 0.486 0.490 0.499 0.499 0.511 0.558 0.587 0.589 0.651 0.699 0.729 0.780 0.871 0.927 0.977 1.053 1.104 1.185
18.271 16.766 17.121 17.062 16.432 14.926 14.888 14.176 13.544 12.951 12.020 11.916 11.723 11.244 11.215 11.520 12.195 12.446 13.255 13.654 14.397 15.069 15.651 15.839 16.725 17.277 17.662 17.815 19.190 19.580 19.757 20.288 21.667 21.892 22.639 22.991 23.228 22.859 23.458 23.421 22.820 23.468 23.436 23.359 23.265 23.142 22.808 22.170 21.892 21.632 20.937 20.279 20.330 19.511 18.567 18.346 18.604 17.314 16.474 16.753 16.738 15.471 15.852 16.643 15.301 14.708 15.445 15.136 14.509 14.672 15.337 14.665 14.527 15.102 15.315 14.814 14.884 15.412 14.938 14.461 14.631 13.177 12.688 11.737 11.357 10.701 10.020 9.395 9.778 9.198 8.308 8.405 8.422 7.515 6.977 7.234 7.076 6.174 6.156 6.149 5.369 5.226 4.943 4.743 4.825 4.885 5.104 4.565 4.276 4.469 4.436 4.002 3.978 4.267 3.968 3.588 3.800 3.885 3.555 3.347 3.629 3.564 3.188 3.213 3.523 3.216 2.874 3.257 3.389 2.898 2.916 3.403 3.204 2.818 3.220 3.615 3.449 3.442 3.388 3.207 3.004 2.399 2.116 2.009 2.063 2.129 1.817 2.004 2.265 2.087 1.949 2.326 2.395 2.192 2.467 2.636 2.558 2.547 2.851 3.023 2.928 2.881 3.150 3.356 3.232 3.328 3.618 3.628 3.637 3.932 4.170 4.076 4.180 4.103 4.084 4.044 3.769 3.625 3.357 3.330 3.227 2.940 2.877 2.847 2.716 2.468 2.459 2.380 2.230 2.048 2.061 2.025 1.875 1.752 1.737 1.716 1.515 1.473 1.487 1.325 1.213 1.274 1.255 1.046 1.097 1.171 1.032 0.938 1.072 1.050 0.981 1.017 1.179 1.259 1.572 1.595 1.434 1.608 1.876 1.870 1.743 2.076 2.114 2.318 2.037 1.873 2.140 2.206 1.926 1.929 2.152 2.075 1.849 1.987 2.236 2.116 1.967 2.221 2.389 2.273 2.224 2.519 2.707 2.991 3.223 3.393 3.434 3.882 4.391 4.275 4.711 4.947 5.429 5.667 5.455 5.534 5.434 5.324 4.618 4.603 3.840 3.937 4.157 4.328 3.832 2.981 2.702 2.552 2.353 2.189 2.113 2.040 1.814 1.742 1.725 1.585 1.422 1.253 1.165 1.114 1.024 0.918 0.886 0.835 0.761 0.711 0.664 0.596 0.573 0.543 0.524 0.503 0.496 0.493 0.487 0.486 0.486 0.485 0.485 0.000 0.485 0.486 0.487 0.486 0.488 0.492 0.496 0.510 0.533 0.563 0.578 0.631 0.672 0.715 0.790 0.867 0.905 1.011 1.060 1.120
19.042 17.631 17.568 17.098 16.621 15.272 15.525 14.569 14.042 12.976 11.608 11.510 11.227 10.658 10.734 11.089 11.514 12.208 12.947 13.174 14.053 14.749 15.821 15.635 16.969 17.841 17.988 17.093 19.127 19.461 19.533 20.002 21.451 21.560 22.133 22.419 22.643 22.769 23.054 23.274 22.649 22.904 23.339 23.178 23.298 23.149 23.000 22.230 21.931 21.689 20.802 20.164 20.389 19.716 18.613 18.463 18.647 17.523 16.495 16.981 16.822 15.707 16.058 16.811 15.581 14.875 15.660 15.239 14.521 14.709 15.510 14.818 14.548 15.226 15.352 14.745 14.896 15.568 15.288 14.401 14.820 13.151 12.640 11.771 11.576 10.715 10.162 9.498 9.821 9.277 8.382 8.525 8.403 7.576 6.992 7.292 7.020 6.193 6.199 6.161 5.352 5.226 4.923 4.741 4.867 4.948 5.137 4.453 4.333 4.561 4.411 3.994 3.998 4.253 3.949 3.638 3.830 3.854 3.547 3.363 3.636 3.529 3.151 3.236 3.428 3.174 2.879 3.230 3.282 2.874 2.867 3.309 3.172 2.818 3.174 3.499 3.441 3.438 3.371 3.188 2.991 2.359 2.108 1.944 2.107 2.054 1.903 2.070 2.212 2.070 2.027 2.266 2.389 2.256 2.467 2.646 2.598 2.613 2.848 3.065 2.955 2.913 3.171 3.412 3.240 3.323 3.655 3.655 3.627 3.856 4.236 4.082 4.158 4.120 4.075 4.046 3.780 3.614 3.348 3.415 3.206 2.976 2.912 2.891 2.742 2.526 2.545 2.482 2.272 2.146 2.141 2.088 1.970 1.832 1.817 1.757 1.647 1.562 1.525 1.430 1.310 1.359 1.302 1.099 1.138 1.210 1.060 0.935 1.100 1.072 0.933 0.982 1.104 1.238 1.541 1.603 1.434 1.625 1.858 1.911 1.772 2.079 2.133 2.330 2.120 1.891 2.127 2.197 1.995 1.940 2.183 2.144 1.916 2.036 2.253 2.204 2.008 2.290 2.428 2.343 2.292 2.587 2.772 3.033 3.238 3.471 3.418 3.955 4.365 4.258 4.726 4.914 5.429 5.676 5.510 5.545 5.441 5.341 4.631 4.625 3.853 3.969 4.199 4.366 3.873 3.093 2.787 2.672 2.465 2.271 2.236 2.164 1.934 1.851 1.815 1.693 1.536 1.366 1.276 1.205 1.133 1.020 0.970 0.920 0.832 0.781 0.738 0.679 0.610 0.605 0.550 0.522 0.512 0.499 0.493 0.488 0.487 0.485 0.485 0.485 0.000 0.485 0.486 0.486 0.486 0.487 0.494 0.501 0.506 0.530 0.569 0.577 0.607 0.665 0.727 0.782 0.836 0.908 0.972 1.033
18.770 17.479 17.286 17.168 16.314 15.468 15.491 14.636 13.964 13.134 11.791 11.749 11.472 10.914 10.917 11.308 11.671 12.122 12.883 13.218 14.116 14.734 15.681 15.839 16.757 17.490 17.652 17.263 18.505 18.835 18.962 19.582 20.696 20.982 21.694 22.111 22.169 22.646 22.527 23.395 22.585 22.974 23.083 23.106 23.010 23.031 22.804 22.018 21.781 21.617 20.377 19.639 19.966 19.245 18.344 17.953 18.171 17.382 16.289 16.360 16.566 15.541 15.782 16.223 15.070 14.637 15.383 15.090 14.306 14.617 15.185 14.524 14.341 14.948 15.153 14.593 14.699 15.162 14.752 14.327 14.442 13.004 12.560 11.732 11.343 10.641 9.971 9.510 9.758 9.203 8.304 8.371 8.412 7.530 7.002 7.280 7.111 6.266 6.245 6.149 5.417 5.336 5.018 4.770 4.914 4.969 5.116 4.547 4.313 4.548 4.390 3.982 3.973 4.216 3.864 3.645 3.792 3.787 3.482 3.337 3.567 3.420 3.135 3.164 3.364 3.070 2.855 3.128 3.193 2.846 2.843 3.244 3.156 2.796 3.076 3.488 3.435 3.476 3.384 3.221 2.999 2.335 2.101 1.882 2.077 2.057 1.837 1.988 2.232 2.067 2.017 2.289 2.362 2.232 2.464 2.645 2.565 2.604 2.856 3.040 2.933 2.926 3.175 3.411 3.253 3.358 3.645 3.677 3.615 3.942 4.255 4.172 4.285 4.143 4.126 4.088 3.816 3.667 3.319 3.365 3.229 2.989 2.867 2.867 2.743 2.517 2.495 2.443 2.291 2.113 2.115 2.074 1.914 1.794 1.811 1.759 1.577 1.527 1.551 1.401 1.284 1.339 1.318 1.109 1.128 1.266 1.085 0.979 1.072 1.078 0.962 0.981 1.174 1.236 1.541 1.580 1.416 1.589 1.833 1.868 1.741 2.056 2.140 2.287 2.044 1.834 2.055 2.151 1.905 1.918 2.079 2.037 1.871 1.977 2.153 2.088 1.994 2.225 2.338 2.241 2.276 2.521 2.697 3.000 3.204 3.380 3.481 3.924 4.374 4.296 4.759 4.877 5.434 5.692 5.483 5.600 5.507 5.382 4.701 4.619 3.893 4.006 4.212 4.347 3.861 3.065 2.715 2.627 2.440 2.262 2.165 2.118 1.927 1.844 1.770 1.662 1.538 1.373 1.281 1.212 1.144 1.041 0.992 0.927 0.870 0.794 0.759 0.708 0.666 0.610 0.566 0.537 0.518 0.503 0.493 0.491 0.487 0.486 0.486 0.485 0.485 0.000 0.485 0.486 0.487 0.485 0.488 0.497 0.502 0.509 0.542 0.590 0.581 0.624 0.692 0.753 0.819 0.912 0.964 1.062
18.493 17.360 16.813 17.160 16.659 15.353 15.642 14.681 14.234 13.283 12.060 11.912 11.707 11.180 11.207 11.505 12.050 12.505 13.244 13.750 14.329 15.069 15.711 15.703 16.716 17.040 17.480 17.642 18.720 19.245 19.406 19.890 21.545 21.574 22.184 22.272 22.485 22.507 22.934 22.818 23.060 22.642 23.113 22.998 23.136 23.020 22.821 22.203 21.633 21.673 20.342 19.786 19.962 19.440 18.380 18.142 18.267 17.329 16.186 16.521 16.590 15.528 15.766 16.441 15.252 14.785 15.377 15.061 14.399 14.529 15.270 14.695 14.453 15.015 15.230 14.730 14.883 15.341 15.244 14.288 14.628 13.201 12.545 11.712 11.575 10.841 10.182 9.648 9.891 9.267 8.429 8.549 8.473 7.693 7.097 7.312 7.082 6.246 6.245 6.140 5.381 5.208 4.879 4.773 4.813 4.834 5.086 4.449 4.286 4.475 4.412 3.984 3.935 4.154 3.913 3.637 3.724 3.773 3.492 3.350 3.559 3.481 3.144 3.157 3.372 3.183 2.845 3.102 3.295 2.810 2.802 3.239 3.199 2.745 3.127 3.559 3.462 3.448 3.433 3.257 2.970 2.357 2.092 1.933 2.031 2.042 1.873 2.018 2.220 2.072 2.033 2.314 2.357 2.243 2.466 2.611 2.566 2.608 2.877 3.000 2.910 2.936 3.200 3.362 3.230 3.343 3.639 3.594 3.612 3.924 4.175 4.060 4.163 4.077 4.054 4.002 3.773 3.637 3.314 3.371 3.203 2.977 2.893 2.857 2.736 2.516 2.496 2.436 2.264 2.139 2.140 2.063 1.925 1.826 1.809 1.764 1.604 1.562 1.541 1.423 1.303 1.355 1.273 1.114 1.127 1.224 1.054 0.991 1.084 1.045 0.970 1.028 1.183 1.292 1.567 1.633 1.472 1.611 1.885 1.939 1.773 2.095 2.194 2.364 2.106 1.871 2.136 2.266 1.953 1.946 2.155 2.125 1.941 2.049 2.250 2.205 2.044 2.280 2.431 2.335 2.312 2.566 2.769 3.075 3.248 3.424 3.484 3.935 4.433 4.237 4.690 4.931 5.371 5.640 5.462 5.526 5.414 5.328 4.611 4.571 3.849 3.935 4.188 4.315 3.870 3.088 2.838 2.697 2.463 2.307 2.228 2.176 1.948 1.882 1.849 1.721 1.545 1.374 1.308 1.257 1.176 1.052 1.030 0.953 0.857 0.817 0.773 0.720 0.678 0.652 0.582 0.555 0.530 0.518 0.498 0.492 0.492 0.487 0.486 0.485 0.485 0.485 0.000 0.485 0.486 0.486 0.486 0.490 0.498 0.498 0.511 0.540 0.567 0.576 0.634 0.688 0.726 0.819 0.895 0.975
18.141 16.682 16.849 16.946 16.136 15.017 14.970 14.191 13.563 12.838 11.797 11.677 11.506 10.921 11.148 11.387 11.732 12.261 13.072 13.328 14.031 14.977 15.622 15.241 16.536 17.191 17.094 17.292 18.420 18.947 19.299 20.470 21.250 21.717 22.313 22.901 22.717 22.679 22.776 23.007 22.420 22.982 22.904 23.085 22.963 22.869 22.518 22.073 21.748 21.681 20.556 20.205 20.433 19.426 18.472 18.334 18.776 17.399 16.588 16.787 17.068 15.565 15.991 16.826 15.333 14.658 15.619 15.280 14.440 14.666 15.364 14.696 14.345 15.128 15.293 14.685 14.842 15.417 15.113 14.468 14.660 13.263 12.685 11.850 11.603 10.720 10.241 9.633 9.902 9.314 8.499 8.608 8.520 7.699 7.191 7.423 7.220 6.324 6.351 6.350 5.507 5.401 5.197 4.950 5.142 5.220 5.322 4.689 4.484 4.764 4.645 4.141 4.160 4.460 4.134 3.840 3.979 4.011 3.677 3.550 3.791 3.730 3.372 3.397 3.597 3.378 3.024 3.322 3.449 3.054 3.022 3.379 3.366 2.913 3.260 3.609 3.580 3.508 3.437 3.357 3.060 2.408 2.155 1.936 2.181 2.112 1.955 2.115 2.341 2.172 2.148 2.437 2.522 2.384 2.640 2.811 2.710 2.763 3.029 3.185 3.056 3.058 3.327 3.511 3.329 3.441 3.800 3.752 3.734 4.014 4.363 4.226 4.334 4.287 4.202 4.247 3.904 3.785 3.472 3.510 3.347 3.087 3.026 2.975 2.847 2.632 2.634 2.531 2.391 2.245 2.255 2.199 2.026 1.937 1.905 1.830 1.698 1.636 1.610 1.483 1.376 1.395 1.339 1.137 1.150 1.194 1.108 0.996 1.079 1.102 0.992 1.013 1.166 1.263 1.540 1.553 1.412 1.598 1.817 1.851 1.733 2.082 2.190 2.343 2.051 1.893 2.158 2.211 1.992 2.010 2.247 2.166 2.013 2.104 2.369 2.274 2.138 2.373 2.540 2.434 2.389 2.678 2.863 3.125 3.304 3.508 3.539 4.043 4.514 4.406 4.820 5.040 5.518 5.802 5.575 5.658 5.588 5.465 4.722 4.735 3.914 4.060 4.260 4.432 3.958 3.168 2.886 2.756 2.559 2.366 2.295 2.264 2.050 1.940 1.921 1.813 1.646 1.436 1.351 1.315 1.238 1.150 1.086 1.013 0.936 0.879 0.811 0.768 0.720 0.680 0.641 0.584 0.569 0.532 0.517 0.498 0.491 0.490 0.486 0.485 0.485 0.485 0.485 0.000 0.485 0.485 0.486 0.486 0.489 0.495 0.499 0.508 0.530 0.561 0.573 0.632 0.680 0.739 0.831 0.922
18.647 17.428 17.225 16.959 16.421 15.232 15.402 14.521 14.012 13.095 11.680 11.438 11.346 10.700 10.820 11.130 11.635 12.187 12.769 13.120 14.010 14.585 15.602 15.598 16.712 17.517 17.473 17.076 18.493 18.983 19.437 19.528 20.888 21.406 21.933 22.297 22.475 22.728 22.883 23.039 22.490 22.728 23.025 22.975 22.997 22.843 22.536 21.883 21.904 21.640 20.488 19.955 20.330 19.528 18.466 18.413 18.672 17.432 16.486 16.801 16.845 15.620 16.088 16.707 15.401 14.731 15.521 15.220 14.260 14.634 15.352 14.761 14.356 15.056 15.334 14.692 14.710 15.386 15.083 14.263 14.654 13.123 12.525 11.787 11.547 10.811 10.172 9.618 9.829 9.321 8.483 8.602 8.466 7.701 7.167 7.378 7.158 6.370 6.360 6.278 5.527 5.446 5.162 4.908 5.132 5.200 5.393 4.631 4.531 4.772 4.609 4.133 4.147 4.401 4.103 3.790 3.924 3.961 3.682 3.480 3.732 3.628 3.292 3.346 3.525 3.298 2.969 3.323 3.380 3.018 2.998 3.388 3.268 2.971 3.300 3.597 3.600 3.608 3.480 3.326 3.126 2.427 2.226 1.986 2.166 2.162 2.019 2.121 2.331 2.225 2.176 2.408 2.529 2.406 2.616 2.800 2.728 2.757 3.009 3.174 3.059 3.049 3.315 3.529 3.354 3.474 3.769 3.817 3.754 4.045 4.409 4.298 4.410 4.322 4.224 4.211 3.883 3.797 3.487 3.558 3.316 3.104 3.053 2.984 2.869 2.636 2.648 2.586 2.396 2.276 2.274 2.221 2.079 1.974 1.962 1.892 1.716 1.648 1.657 1.557 1.436 1.461 1.397 1.197 1.235 1.302 1.151 1.051 1.180 1.169 1.011 1.056 1.244 1.288 1.636 1.691 1.462 1.700 1.954 1.989 1.846 2.194 2.241 2.422 2.206 1.962 2.204 2.285 2.087 2.034 2.240 2.243 2.038 2.145 2.337 2.314 2.123 2.388 2.556 2.458 2.434 2.709 2.916 3.147 3.345 3.594 3.601 4.049 4.452 4.358 4.814 4.991 5.527 5.802 5.575 5.628 5.545 5.477 4.722 4.711 3.911 4.047 4.297 4.452 3.973 3.239 2.999 2.894 2.618 2.448 2.417 2.368 2.108 2.027 1.987 1.865 1.699 1.521 1.424 1.356 1.298 1.213 1.148 1.071 0.988 0.917 0.867 0.807 0.752 0.724 0.676 0.641 0.605 0.575 0.536 0.515 0.501 0.492 0.490 0.487 0.486 0.485 0.485 0.485 0.000 0.485 0.486 0.486 0.486 0.490 0.499 0.504 0.511 0.539 0.582 0.594 0.661 0.728 0.797 0.895
18.497 17.324 17.060 17.199 16.480 15.349 15.240 14.377 13.940 12.987 11.806 11.819 11.481 10.901 11.127 11.394 11.580 12.160 12.918 13.178 13.951 14.904 15.853 15.746 16.926 17.349 17.241 17.019 18.398 18.587 18.805 19.488 20.482 20.929 21.516 22.146 22.040 22.434 22.275 22.848 22.380 22.477 22.869 22.722 22.819 22.826 22.518 21.985 21.628 21.569 20.209 19.761 20.104 19.452 18.327 18.056 18.408 17.330 16.222 16.307 16.674 15.386 15.674 16.389 15.070 14.573 15.369 15.127 14.366 14.519 15.273 14.638 14.281 14.988 15.285 14.681 14.646 15.383 14.939 14.235 14.536 13.317 12.576 11.756 11.495 10.727 10.126 9.616 9.926 9.272 8.439 8.553 8.459 7.581 7.114 7.318 7.174 6.372 6.341 6.263 5.506 5.446 5.161 4.920 5.075 5.103 5.331 4.777 4.414 4.716 4.613 4.126 4.078 4.383 4.067 3.772 3.868 3.960 3.588 3.469 3.697 3.614 3.269 3.308 3.524 3.293 2.941 3.236 3.354 2.983 2.969 3.312 3.319 2.895 3.173 3.581 3.619 3.551 3.531 3.378 3.079 2.455 2.203 1.955 2.184 2.148 2.014 2.111 2.357 2.210 2.166 2.444 2.544 2.406 2.621 2.812 2.734 2.771 3.033 3.172 3.070 3.091 3.346 3.538 3.365 3.495 3.801 3.804 3.760 4.077 4.405 4.311 4.430 4.322 4.247 4.274 3.935 3.881 3.490 3.540 3.366 3.144 3.069 3.033 2.912 2.685 2.674 2.605 2.451 2.297 2.323 2.242 2.040 1.991 1.999 1.890 1.731 1.678 1.662 1.560 1.440 1.456 1.414 1.218 1.244 1.307 1.163 1.111 1.187 1.171 1.088 1.103 1.267 1.354 1.652 1.700 1.554 1.700 1.947 1.978 1.830 2.218 2.299 2.452 2.206 2.008 2.236 2.327 2.108 2.080 2.274 2.246 2.101 2.196 2.376 2.347 2.219 2.428 2.574 2.490 2.479 2.724 2.901 3.195 3.369 3.591 3.661 4.052 4.545 4.472 4.830 5.013 5.556 5.805 5.534 5.660 5.569 5.532 4.759 4.767 3.942 4.102 4.293 4.452 4.019 3.254 2.955 2.852 2.632 2.471 2.374 2.334 2.129 2.022 1.969 1.879 1.729 1.521 1.449 1.404 1.309 1.228 1.201 1.121 1.026 0.949 0.884 0.839 0.781 0.745 0.694 0.674 0.640 0.577 0.554 0.532 0.514 0.497 0.490 0.490 0.487 0.485 0.485 0.485 0.485 0.000 0.485 0.486 0.487 0.486 0.491 0.501 0.503 0.513 0.550 0.590 0.605 0.686 0.762 0.849
17.968 17.095 16.770 16.993 16.285 15.005 15.078 14.431 13.942 13.110 11.815 11.980 11.611 11.031 11.317 11.654 12.005 12.350 13.329 13.816 14.302 15.004 16.011 15.838 16.354 17.155 17.358 17.428 18.449 19.241 19.650 20.077 21.257 21.745 22.243 22.548 22.473 22.576 22.662 22.784 22.744 22.696 23.063 22.978 22.946 23.003 22.735 21.999 21.525 21.674 20.374 19.994 20.302 19.566 18.430 18.321 18.536 17.453 16.496 16.577 16.904 15.650 16.038 16.651 15.167 14.842 15.540 15.242 14.527 14.591 15.364 14.774 14.541 15.195 15.489 14.863 14.822 15.534 15.291 14.633 14.698 13.453 12.745 11.966 11.738 11.090 10.397 9.812 10.044 9.404 8.652 8.722 8.618 7.827 7.222 7.484 7.262 6.517 6.424 6.400 5.651 5.544 5.259 5.117 5.242 5.281 5.408 4.859 4.627 4.835 4.754 4.253 4.254 4.515 4.216 3.955 3.994 4.063 3.707 3.644 3.800 3.676 3.397 3.429 3.565 3.431 3.084 3.282 3.444 3.116 3.041 3.391 3.485 2.990 3.311 3.742 3.704 3.648 3.587 3.502 3.143 2.514 2.293 2.027 2.227 2.219 2.097 2.242 2.414 2.276 2.267 2.522 2.588 2.483 2.702 2.873 2.792 2.853 3.127 3.249 3.146 3.180 3.434 3.619 3.459 3.555 3.930 3.855 3.878 4.179 4.502 4.364 4.497 4.384 4.313 4.308 4.023 3.939 3.601 3.622 3.420 3.222 3.135 3.089 2.964 2.774 2.736 2.646 2.494 2.376 2.355 2.322 2.148 2.061 2.046 1.955 1.790 1.754 1.703 1.615 1.480 1.497 1.458 1.251 1.255 1.328 1.176 1.113 1.184 1.205 1.076 1.111 1.244 1.371 1.644 1.700 1.481 1.715 1.980 2.030 1.857 2.259 2.344 2.480 2.236 2.040 2.239 2.360 2.135 2.124 2.302 2.281 2.138 2.223 2.457 2.375 2.252 2.480 2.666 2.559 2.521 2.777 2.977 3.239 3.390 3.597 3.708 4.112 4.579 4.455 4.862 5.000 5.510 5.754 5.600 5.703 5.596 5.521 4.812 4.763 4.001 4.155 4.381 4.512 4.063 3.308 3.042 2.918 2.706 2.529 2.480 2.398 2.189 2.085 2.049 1.953 1.787 1.563 1.490 1.466 1.354 1.265 1.249 1.186 1.092 1.005 0.957 0.911 0.826 0.811 0.750 0.706 0.682 0.645 0.581 0.560 0.534 0.515 0.496 0.492 0.492 0.486 0.486 0.486 0.486 0.485 0.000 0.485 0.487 0.488 0.487 0.494 0.505 0.513 0.523 0.564 0.621 0.651 0.742 0.840
18.393 17.063 17.110 16.930 16.394 15.247 15.295 14.567 14.171 13.228 11.604 11.716 11.698 10.981 11.148 11.485 11.894 12.340 12.982 13.491 14.252 14.932 16.030 15.415 16.783 17.542 17.423 16.865 18.506 19.197 19.084 19.668 21.065 21.288 21.791 22.482 22.236 22.432 22.470 22.746 22.199 22.554 23.014 22.874 23.056 23.139 22.855 22.157 21.785 21.851 20.573 20.307 20.749 19.530 18.693 18.627 18.818 17.467 16.792 17.040 17.056 15.798 16.427 17.126 15.449 15.004 15.927 15.470 14.587 14.833 15.624 14.881 14.596 15.255 15.575 14.865 14.914 15.681 15.453 14.779 15.069 13.599 13.005 12.192 12.074 11.130 10.668 10.012 10.201 9.627 8.906 9.061 8.844 7.989 7.555 7.804 7.511 6.658 6.707 6.662 5.850 5.766 5.602 5.355 5.548 5.592 5.748 4.960 4.883 5.117 4.923 4.477 4.442 4.761 4.394 4.139 4.190 4.226 3.911 3.759 3.986 3.869 3.594 3.539 3.749 3.561 3.267 3.473 3.614 3.322 3.207 3.530 3.567 3.140 3.416 3.767 3.715 3.653 3.504 3.494 3.208 2.521 2.312 2.093 2.390 2.327 2.233 2.432 2.528 2.438 2.423 2.635 2.748 2.647 2.856 2.990 2.949 3.023 3.243 3.363 3.269 3.303 3.586 3.775 3.591 3.718 4.069 4.085 4.030 4.322 4.737 4.594 4.713 4.664 4.550 4.574 4.190 4.183 3.769 3.863 3.602 3.375 3.309 3.236 3.106 2.922 2.913 2.792 2.632 2.525 2.524 2.474 2.315 2.231 2.220 2.095 1.968 1.909 1.906 1.787 1.626 1.680 1.596 1.403 1.393 1.415 1.255 1.200 1.253 1.232 1.096 1.163 1.315 1.346 1.596 1.703 1.523 1.734 1.970 2.046 1.905 2.257 2.343 2.573 2.295 2.095 2.376 2.426 2.257 2.255 2.493 2.445 2.273 2.380 2.609 2.533 2.385 2.614 2.846 2.712 2.668 2.948 3.199 3.364 3.487 3.791 3.873 4.292 4.673 4.617 5.013 5.155 5.675 5.951 5.739 5.816 5.761 5.720 4.967 4.913 4.099 4.306 4.506 4.626 4.205 3.503 3.274 3.200 2.865 2.712 2.658 2.590 2.354 2.280 2.248 2.155 1.977 1.766 1.676 1.624 1.537 1.428 1.384 1.324 1.246 1.160 1.094 1.039 0.941 0.911 0.869 0.812 0.773 0.723 0.681 0.624 0.599 0.548 0.523 0.505 0.495 0.492 0.488 0.486 0.486 0.485 0.485 0.000 0.485 0.487 0.488 0.488 0.492 0.503 0.511 0.530 0.571 0.632 0.676 0.790
18.465 17.596 17.398 17.133 16.464 15.552 15.313 14.583 13.819 13.237 11.672 11.833 11.580 10.981 11.062 11.397 11.830 12.282 12.887 13.314 14.126 15.002 15.891 16.017 17.022 17.653 17.478 17.224 18.354 19.060 19.142 19.656 20.679 21.308 21.857 22.268 22.238 22.465 22.647 22.929 22.385 22.587 22.794 22.957 22.672 22.816 22.416 21.951 21.827 21.649 20.510 19.934 20.098 19.580 18.513 18.030 18.559 17.294 16.344 16.403 16.713 15.527 15.858 16.446 15.140 14.766 15.404 15.090 14.448 14.472 15.276 14.736 14.346 14.867 15.311 14.737 14.504 15.346 14.918 14.224 14.460 13.205 12.547 11.748 11.515 10.691 10.008 9.605 9.857 9.182 8.407 8.584 8.338 7.482 7.145 7.276 7.109 6.346 6.369 6.242 5.523 5.505 5.298 5.008 5.200 5.252 5.483 4.821 4.601 4.825 4.639 4.223 4.220 4.475 4.134 3.857 3.961 4.021 3.702 3.545 3.772 3.699 3.412 3.430 3.600 3.417 3.108 3.391 3.472 3.174 3.127 3.445 3.413 3.088 3.377 3.655 3.703 3.618 3.511 3.405 3.157 2.516 2.333 2.081 2.286 2.271 2.194 2.321 2.464 2.384 2.324 2.568 2.693 2.577 2.810 2.949 2.885 2.901 3.180 3.317 3.218 3.208 3.444 3.681 3.497 3.606 3.882 3.978 3.873 4.177 4.506 4.429 4.558 4.497 4.418 4.391 4.097 4.033 3.648 3.727 3.510 3.277 3.229 3.170 3.040 2.811 2.845 2.743 2.620 2.455 2.476 2.419 2.241 2.182 2.186 2.065 1.921 1.873 1.854 1.733 1.608 1.614 1.575 1.387 1.379 1.446 1.249 1.204 1.290 1.261 1.161 1.197 1.314 1.371 1.677 1.690 1.548 1.728 2.022 2.068 1.946 2.314 2.337 2.534 2.307 2.142 2.325 2.403 2.248 2.215 2.405 2.408 2.221 2.373 2.549 2.504 2.367 2.608 2.777 2.679 2.648 2.899 3.065 3.326 3.533 3.747 3.826 4.202 4.628 4.513 4.922 4.996 5.537 5.769 5.586 5.673 5.552 5.513 4.788 4.826 4.002 4.154 4.370 4.529 4.087 3.374 3.136 3.083 2.808 2.632 2.565 2.542 2.305 2.235 2.185 2.085 1.909 1.722 1.636 1.612 1.518 1.408 1.394 1.301 1.233 1.158 1.114 1.063 0.944 0.910 0.862 0.836 0.764 0.717 0.689 0.652 0.602 0.572 0.539 0.518 0.500 0.492 0.492 0.487 0.486 0.486 0.485 0.485 0.000 0.485 0.487 0.488 0.487 0.492 0.505 0.513 0.530 0.585 0.673 0.725
18.054 17.417 16.965 17.115 16.438 15.579 15.453 14.691 14.233 13.328 11.919 11.980 11.682 11.013 11.278 11.635 11.969 12.321 13.272 13.731 14.332 14.937 16.391 16.143 17.100 17.590 17.531 17.246 18.450 18.933 18.754 19.706 20.906 21.114 21.717 22.123 21.986 22.357 22.377 22.662 22.593 22.574 22.889 22.859 22.792 22.839 22.592 21.997 21.547 21.602 20.219 19.918 20.207 19.745 18.486 18.304 18.707 17.581 16.397 16.607 16.952 15.710 16.083 16.689 15.349 14.787 15.616 15.397 14.635 14.610 15.517 14.991 14.518 15.185 15.534 14.896 14.795 15.551 15.264 14.461 14.633 13.552 12.717 12.069 11.811 11.162 10.473 10.039 10.216 9.459 8.813 8.902 8.670 7.889 7.388 7.621 7.326 6.646 6.615 6.468 5.753 5.718 5.424 5.232 5.455 5.439 5.662 5.061 4.777 5.028 4.947 4.453 4.404 4.704 4.410 4.099 4.175 4.267 3.909 3.779 3.988 3.857 3.591 3.587 3.775 3.559 3.277 3.472 3.589 3.266 3.183 3.561 3.555 3.139 3.418 3.867 3.829 3.711 3.665 3.551 3.237 2.596 2.367 2.140 2.356 2.336 2.223 2.361 2.555 2.435 2.379 2.690 2.786 2.661 2.874 3.085 3.000 3.069 3.321 3.443 3.323 3.351 3.619 3.828 3.612 3.744 4.091 4.057 4.025 4.353 4.712 4.591 4.730 4.589 4.489 4.535 4.202 4.203 3.773 3.821 3.592 3.380 3.342 3.278 3.167 2.964 2.950 2.862 2.717 2.575 2.571 2.533 2.327 2.262 2.255 2.117 1.970 1.937 1.890 1.764 1.668 1.669 1.631 1.458 1.443 1.484 1.339 1.268 1.327 1.287 1.238 1.261 1.386 1.423 1.711 1.786 1.625 1.756 2.064 2.133 1.966 2.389 2.429 2.628 2.382 2.168 2.408 2.527 2.293 2.289 2.481 2.460 2.302 2.437 2.632 2.552 2.445 2.692 2.881 2.769 2.742 2.982 3.182 3.412 3.578 3.797 3.935 4.235 4.689 4.620 4.986 5.096 5.639 5.841 5.686 5.821 5.747 5.652 4.931 4.915 4.087 4.287 4.468 4.623 4.195 3.486 3.232 3.141 2.901 2.741 2.686 2.599 2.403 2.299 2.261 2.157 1.997 1.767 1.700 1.632 1.552 1.443 1.431 1.346 1.264 1.200 1.159 1.112 0.998 0.961 0.882 0.850 0.819 0.764 0.715 0.691 0.649 0.591 0.560 0.534 0.519 0.499 0.493 0.493 0.488 0.486 0.486 0.486 0.485 0.000 0.485 0.487 0.488 0.487 0.494 0.511 0.525 0.556 0.642 0.732
18.187 17.125 16.915 16.971 16.456 15.432 15.071 14.341 14.076 13.079 11.880 11.916 11.860 11.115 11.394 11.851 12.085 12.308 13.306 13.929 14.518 15.265 16.445 16.060 16.695 17.617 17.783 17.428 18.355 19.244 19.389 19.999 21.060 21.685 22.126 22.656 22.473 22.517 22.727 22.889 22.750 22.949 23.127 23.050 23.013 23.068 22.822 22.293 21.854 21.887 20.774 20.343 20.818 20.036 18.744 18.611 19.193 17.705 16.640 16.986 17.269 15.876 16.245 17.087 15.540 14.995 15.862 15.594 14.856 14.874 15.760 15.194 14.807 15.478 15.867 15.263 15.145 15.947 15.719 14.818 15.127 13.693 13.133 12.266 12.211 11.302 10.828 10.225 10.409 9.713 9.111 9.217 9.009 8.097 7.737 7.955 7.705 6.878 6.928 6.831 6.031 5.953 5.761 5.611 5.708 5.774 5.920 5.289 5.087 5.356 5.202 4.736 4.690 4.983 4.693 4.399 4.427 4.513 4.208 4.016 4.231 4.137 3.836 3.804 3.975 3.811 3.547 3.680 3.828 3.548 3.471 3.732 3.754 3.354 3.626 3.953 3.933 3.778 3.668 3.654 3.311 2.676 2.517 2.230 2.525 2.479 2.407 2.609 2.743 2.640 2.624 2.901 2.975 2.881 3.121 3.240 3.167 3.299 3.515 3.649 3.522 3.529 3.822 4.030 3.834 3.947 4.347 4.326 4.276 4.607 4.997 4.814 4.967 4.813 4.672 4.732 4.408 4.407 3.922 4.003 3.795 3.536 3.509 3.447 3.320 3.145 3.127 3.031 2.877 2.752 2.718 2.715 2.513 2.419 2.401 2.308 2.170 2.127 2.062 1.964 1.819 1.865 1.767 1.568 1.583 1.586 1.406 1.364 1.412 1.350 1.208 1.267 1.383 1.418 1.697 1.766 1.673 1.823 2.090 2.176 2.057 2.415 2.514 2.693 2.401 2.300 2.529 2.624 2.406 2.461 2.633 2.636 2.469 2.559 2.814 2.709 2.583 2.810 3.046 2.923 2.873 3.140 3.349 3.538 3.705 3.959 4.070 4.391 4.835 4.757 5.114 5.265 5.858 6.090 5.869 5.991 5.959 5.885 5.145 5.094 4.264 4.492 4.648 4.774 4.330 3.627 3.419 3.302 3.043 2.891 2.854 2.769 2.563 2.480 2.460 2.352 2.164 1.932 1.850 1.828 1.716 1.612 1.562 1.534 1.381 1.296 1.275 1.226 1.115 1.055 1.000 0.955 0.890 0.853 0.813 0.762 0.706 0.668 0.604 0.574 0.541 0.527 0.503 0.496 0.495 0.488 0.487 0.486 0.486 0.485 0.000 0.485 0.488 0.489 0.489 0.497 0.515 0.532 0.579 0.703
18.376 17.691 17.464 17.157 16.717 15.714 15.191 14.611 13.994 13.177 11.703 11.666 11.549 10.912 11.034 11.357 11.780 12.205 12.775 13.262 14.161 14.914 15.691 15.970 17.154 17.606 17.644 17.575 18.783 19.598 19.297 20.094 21.331 21.615 22.189 22.635 22.349 22.741 22.612 23.222 22.644 22.807 23.065 23.156 22.947 22.869 22.682 22.331 22.132 21.755 20.854 20.336 20.525 19.719 18.644 18.441 18.774 17.268 16.631 16.824 17.002 15.657 16.050 16.810 15.462 14.847 15.676 15.352 14.538 14.758 15.374 14.832 14.509 15.098 15.542 14.918 14.754 15.507 15.178 14.620 14.777 13.406 12.870 12.085 11.843 11.042 10.505 9.987 10.044 9.491 8.832 8.901 8.620 7.783 7.443 7.550 7.334 6.570 6.606 6.437 5.705 5.665 5.464 5.229 5.368 5.479 5.647 4.977 4.790 5.062 4.908 4.431 4.422 4.685 4.342 4.058 4.140 4.215 3.879 3.694 3.939 3.882 3.559 3.548 3.716 3.508 3.250 3.489 3.607 3.277 3.253 3.544 3.484 3.163 3.480 3.727 3.825 3.630 3.516 3.498 3.228 2.657 2.409 2.158 2.389 2.427 2.290 2.458 2.638 2.551 2.440 2.744 2.869 2.754 2.965 3.094 3.071 3.093 3.317 3.497 3.402 3.367 3.588 3.852 3.695 3.762 4.053 4.191 4.068 4.348 4.719 4.638 4.736 4.659 4.575 4.558 4.310 4.302 3.875 3.980 3.734 3.476 3.454 3.393 3.237 3.039 3.056 2.928 2.794 2.664 2.655 2.590 2.418 2.366 2.344 2.223 2.100 2.066 2.025 1.894 1.766 1.814 1.720 1.499 1.500 1.579 1.381 1.297 1.365 1.317 1.190 1.233 1.409 1.390 1.665 1.775 1.629 1.748 2.053 2.114 2.003 2.384 2.457 2.673 2.428 2.222 2.525 2.595 2.357 2.371 2.612 2.587 2.372 2.545 2.770 2.659 2.527 2.780 2.991 2.864 2.818 3.096 3.264 3.496 3.695 3.949 3.995 4.370 4.755 4.687 5.115 5.208 5.756 5.961 5.796 5.864 5.767 5.694 4.966 4.960 4.170 4.342 4.563 4.680 4.266 3.586 3.363 3.333 3.055 2.860 2.814 2.786 2.531 2.436 2.437 2.312 2.130 1.910 1.833 1.813 1.720 1.585 1.569 1.482 1.396 1.314 1.257 1.206 1.106 1.072 0.999 0.968 0.883 0.823 0.800 0.757 0.710 0.668 0.631 0.585 0.561 0.533 0.522 0.503 0.494 0.492 0.487 0.486 0.487 0.486 0.485 0.000 0.485 0.488 0.489 0.490 0.499 0.528 0.553 0.624
18.399 17.329 17.035 17.199 16.486 15.705 15.516 14.652 14.116 13.259 11.899 11.997 11.626 10.966 11.228 11.581 11.915 12.309 13.152 13.487 14.272 15.207 16.119 16.037 17.343 17.974 17.511 17.394 18.552 18.986 19.172 19.586 20.527 21.299 21.468 22.210 22.176 22.635 22.363 22.460 22.476 22.433 22.831 22.759 22.738 22.802 22.539 22.235 21.497 21.571 20.219 19.732 20.015 19.532 18.441 18.008 18.457 17.352 16.228 16.424 16.725 15.490 15.887 16.518 15.229 14.752 15.535 15.282 14.580 14.568 15.452 14.956 14.421 15.110 15.516 14.854 14.745 15.573 15.239 14.288 14.796 13.540 12.828 12.154 11.894 11.104 10.547 10.074 10.341 9.549 8.876 9.001 8.744 7.818 7.511 7.636 7.399 6.684 6.736 6.526 5.759 5.742 5.518 5.247 5.409 5.515 5.717 5.154 4.844 5.066 4.948 4.507 4.453 4.754 4.456 4.094 4.215 4.314 3.961 3.761 4.046 3.945 3.625 3.627 3.823 3.553 3.299 3.560 3.643 3.307 3.281 3.627 3.551 3.194 3.492 3.821 3.879 3.668 3.619 3.531 3.216 2.709 2.445 2.248 2.414 2.387 2.299 2.439 2.644 2.565 2.457 2.763 2.924 2.781 2.976 3.165 3.106 3.129 3.369 3.529 3.415 3.403 3.614 3.927 3.702 3.796 4.105 4.226 4.105 4.414 4.774 4.668 4.831 4.722 4.581 4.650 4.318 4.334 3.866 3.984 3.735 3.481 3.442 3.401 3.248 3.052 3.079 2.971 2.833 2.700 2.716 2.630 2.422 2.400 2.397 2.208 2.098 2.088 2.034 1.861 1.793 1.811 1.685 1.561 1.554 1.557 1.430 1.391 1.418 1.386 1.272 1.327 1.460 1.495 1.730 1.863 1.725 1.859 2.167 2.198 2.088 2.453 2.486 2.711 2.477 2.342 2.537 2.641 2.470 2.447 2.657 2.675 2.487 2.607 2.828 2.755 2.614 2.872 3.051 2.947 2.895 3.167 3.335 3.522 3.735 3.988 4.074 4.373 4.825 4.784 5.081 5.232 5.817 6.012 5.751 5.905 5.846 5.773 4.983 5.016 4.121 4.371 4.533 4.657 4.256 3.604 3.373 3.297 3.035 2.881 2.829 2.785 2.546 2.447 2.439 2.337 2.144 1.917 1.853 1.822 1.723 1.601 1.577 1.520 1.414 1.341 1.305 1.231 1.140 1.113 1.049 1.007 0.922 0.878 0.843 0.801 0.745 0.705 0.669 0.630 0.577 0.564 0.539 0.530 0.501 0.493 0.494 0.489 0.486 0.486 0.486 0.485 0.000 0.485 0.488 0.491 0.498 0.519 0.577 0.622
18.316 17.827 17.267 17.120 16.829 15.803 15.229 14.458 14.064 13.162 12.032 11.887 11.801 11.158 11.401 11.611 11.996 12.390 13.325 13.777 14.278 15.362 16.345 16.205 16.960 17.690 17.745 17.640 18.248 19.321 19.358 20.162 21.221 21.780 22.507 23.021 22.845 22.942 22.950 23.160 22.963 22.969 23.395 23.272 23.204 23.228 23.021 22.580 22.037 22.022 20.676 20.401 20.707 20.038 18.702 18.571 19.028 17.517 16.405 16.939 17.001 15.567 16.072 17.038 15.413 14.826 15.824 15.477 14.674 14.732 15.723 15.053 14.614 15.444 15.792 15.183 15.043 15.846 15.407 14.697 15.038 13.739 13.093 12.250 11.983 11.237 10.747 10.170 10.429 9.688 9.068 9.159 8.869 7.996 7.743 7.814 7.524 6.847 6.882 6.667 5.978 5.928 5.761 5.518 5.610 5.747 6.010 5.302 5.069 5.290 5.171 4.738 4.684 4.967 4.646 4.347 4.445 4.490 4.174 3.994 4.190 4.108 3.792 3.769 3.967 3.750 3.440 3.665 3.809 3.512 3.408 3.752 3.833 3.363 3.664 4.079 4.114 3.894 3.825 3.783 3.412 2.760 2.590 2.357 2.564 2.539 2.453 2.629 2.751 2.692 2.622 2.928 3.025 2.920 3.121 3.281 3.249 3.312 3.549 3.683 3.579 3.586 3.811 4.068 3.854 4.018 4.307 4.362 4.310 4.641 4.981 4.832 5.047 4.910 4.793 4.810 4.470 4.529 4.046 4.132 3.859 3.619 3.593 3.520 3.435 3.207 3.205 3.098 2.981 2.839 2.821 2.784 2.591 2.536 2.505 2.356 2.235 2.210 2.132 1.986 1.909 1.900 1.804 1.658 1.661 1.671 1.530 1.459 1.494 1.437 1.317 1.375 1.520 1.536 1.816 1.923 1.761 1.920 2.277 2.296 2.164 2.577 2.633 2.844 2.574 2.413 2.625 2.734 2.511 2.524 2.753 2.749 2.551 2.705 2.911 2.807 2.699 2.946 3.156 3.043 3.003 3.272 3.445 3.661 3.852 4.111 4.227 4.531 4.962 4.906 5.266 5.361 5.965 6.159 5.904 6.071 5.991 5.925 5.171 5.171 4.300 4.542 4.675 4.837 4.430 3.745 3.547 3.460 3.163 3.005 2.969 2.917 2.653 2.596 2.586 2.485 2.263 2.037 1.988 1.929 1.809 1.684 1.671 1.618 1.490 1.419 1.423 1.337 1.227 1.217 1.152 1.103 1.032 0.972 0.925 0.869 0.823 0.773 0.739 0.690 0.649 0.592 0.569 0.543 0.526 0.505 0.495 0.496 0.489 0.487 0.488 0.487 0.485 0.000 0.486 0.490 0.499 0.512 0.545 0.635
18.365 17.920 17.152 17.217 17.003 16.183 15.661 15.128 14.813 13.598 11.940 12.047 11.969 11.304 11.399 11.800 12.345 12.618 13.257 13.886 14.754 15.139 16.452 16.381 17.330 17.852 18.131 17.488 18.523 19.390 19.257 19.653 21.006 21.526 21.805 22.610 22.675 22.934 23.116 23.175 23.202 23.205 23.487 23.353 23.456 23.420 23.185 22.711 22.072 22.170 21.107 20.748 21.168 20.007 19.093 18.938 19.325 17.819 16.946 17.249 17.378 16.228 16.657 17.454 15.591 15.406 16.132 15.683 14.992 15.024 15.977 15.256 14.924 15.542 15.831 15.186 15.246 16.056 15.729 15.026 15.311 13.806 13.363 12.474 12.428 11.538 11.076 10.425 10.690 10.043 9.316 9.436 9.146 8.269 7.942 8.032 7.720 7.096 7.023 6.923 6.185 6.116 5.943 5.801 5.953 6.009 6.264 5.455 5.289 5.560 5.394 4.983 4.887 5.183 4.846 4.535 4.610 4.658 4.336 4.109 4.368 4.266 3.996 3.878 4.080 3.906 3.628 3.761 3.939 3.604 3.508 3.815 3.839 3.448 3.707 4.019 4.080 3.895 3.760 3.748 3.429 2.885 2.603 2.434 2.640 2.620 2.532 2.740 2.860 2.801 2.745 3.042 3.129 3.050 3.252 3.376 3.335 3.438 3.652 3.821 3.727 3.686 3.960 4.204 3.986 4.148 4.480 4.536 4.447 4.753 5.161 5.052 5.148 5.050 4.911 4.955 4.615 4.673 4.206 4.339 4.026 3.750 3.810 3.671 3.541 3.361 3.349 3.205 3.072 2.993 2.946 2.885 2.742 2.703 2.632 2.518 2.388 2.344 2.276 2.116 2.037 2.045 1.903 1.740 1.754 1.742 1.629 1.522 1.599 1.512 1.352 1.442 1.555 1.520 1.735 1.939 1.794 1.937 2.202 2.319 2.211 2.608 2.698 2.928 2.651 2.426 2.739 2.862 2.598 2.605 2.874 2.873 2.657 2.823 3.065 2.991 2.811 3.055 3.318 3.192 3.116 3.403 3.606 3.793 3.931 4.202 4.349 4.728 5.047 5.047 5.427 5.482 6.113 6.284 6.112 6.193 6.117 6.036 5.289 5.251 4.432 4.697 4.874 4.975 4.560 3.923 3.743 3.684 3.369 3.219 3.233 3.128 2.868 2.781 2.836 2.701 2.476 2.220 2.156 2.118 1.995 1.832 1.829 1.763 1.639 1.567 1.503 1.471 1.330 1.296 1.238 1.181 1.137 1.053 1.014 0.945 0.892 0.841 0.798 0.757 0.701 0.664 0.610 0.599 0.557 0.535 0.510 0.501 0.497 0.491 0.488 0.487 0.487 0.485 0.000 0.486 0.491 0.502 0.517 0.572
18.162 17.473 16.993 17.328 16.709 15.840 15.812 14.814 14.531 13.615 12.255 12.045 11.940 11.381 11.457 11.618 12.247 12.507 13.019 13.564 14.800 15.065 15.894 16.328 17.573 17.642 17.638 17.826 18.482 19.009 19.260 19.753 20.806 21.388 21.740 22.511 22.474 22.683 22.792 22.685 22.974 22.639 23.303 23.083 23.244 23.193 23.130 22.726 21.944 21.874 20.749 20.316 20.647 19.842 19.144 18.585 18.896 17.939 16.711 16.882 16.988 16.016 16.405 17.061 15.616 15.251 16.054 15.798 14.997 15.123 15.991 15.366 14.896 15.733 16.070 15.401 15.299 16.073 15.627 14.927 15.184 14.046 13.350 12.564 12.498 11.600 11.003 10.471 10.656 9.833 9.356 9.519 9.028 8.198 7.929 8.084 7.716 7.052 7.094 6.942 6.247 6.204 6.037 5.830 5.979 6.096 6.282 5.598 5.369 5.576 5.398 4.977 4.946 5.170 4.859 4.510 4.661 4.697 4.381 4.116 4.439 4.316 4.005 3.984 4.190 3.947 3.706 3.925 4.034 3.721 3.693 4.031 3.895 3.589 3.965 4.295 4.293 4.163 3.892 3.882 3.645 3.138 2.850 2.631 2.803 2.856 2.706 2.900 3.089 3.041 2.908 3.215 3.307 3.187 3.417 3.488 3.486 3.495 3.771 3.941 3.879 3.837 4.010 4.408 4.172 4.212 4.565 4.700 4.608 4.876 5.292 5.219 5.330 5.159 5.085 5.138 4.823 4.853 4.333 4.462 4.214 3.914 3.909 3.860 3.666 3.523 3.504 3.350 3.220 3.138 3.097 3.017 2.879 2.839 2.824 2.672 2.543 2.526 2.468 2.254 2.191 2.225 2.081 1.937 1.913 1.945 1.822 1.726 1.766 1.732 1.592 1.644 1.810 1.752 2.038 2.192 2.049 2.192 2.547 2.544 2.456 2.905 2.957 3.188 2.918 2.697 2.986 3.115 2.845 2.858 3.104 3.135 2.878 2.989 3.255 3.188 3.014 3.219 3.500 3.387 3.301 3.592 3.805 3.959 4.184 4.522 4.556 4.920 5.236 5.265 5.533 5.687 6.291 6.479 6.243 6.332 6.247 6.107 5.382 5.421 4.578 4.805 4.982 5.069 4.655 4.060 3.832 3.823 3.497 3.326 3.340 3.301 3.001 2.934 2.942 2.856 2.638 2.384 2.312 2.282 2.143 1.984 1.961 1.901 1.798 1.710 1.693 1.600 1.514 1.481 1.437 1.373 1.301 1.277 1.214 1.112 1.055 1.010 0.958 0.883 0.824 0.798 0.717 0.670 0.673 0.621 0.575 0.541 0.516 0.516 0.499 0.493 0.492 0.489 0.485 0.000 0.487 0.497 0.524 0.571
18.293 17.541 16.879 17.315 16.792 15.942 15.738 15.081 14.446 13.452 12.344 12.246 11.899 11.367 11.638 11.787 12.214 12.557 13.444 13.802 14.597 15.364 16.557 16.351 17.660 18.487 18.147 18.137 19.168 19.813 19.424 20.365 21.353 21.700 22.105 22.666 22.585 22.921 22.665 22.898 22.812 22.658 23.231 23.108 23.154 23.186 23.012 22.466 21.881 21.879 20.687 20.160 20.396 19.984 18.833 18.415 18.824 17.786 16.545 16.797 16.889 15.887 16.276 16.776 15.513 15.056 15.800 15.582 14.896 14.856 15.719 15.221 14.763 15.454 15.794 15.209 15.088 15.822 15.611 14.670 15.109 13.784 13.167 12.314 12.241 11.453 10.951 10.429 10.636 9.899 9.369 9.481 9.063 8.252 7.968 8.038 7.821 7.107 7.106 6.919 6.242 6.210 6.004 5.818 5.920 6.158 6.297 5.696 5.423 5.675 5.463 5.030 5.004 5.290 4.926 4.616 4.763 4.817 4.548 4.272 4.582 4.465 4.150 4.140 4.332 4.075 3.860 4.037 4.195 3.834 3.790 4.159 4.040 3.705 4.032 4.401 4.375 4.159 3.982 3.944 3.649 3.098 2.881 2.650 2.809 2.910 2.809 2.968 3.190 3.103 3.068 3.350 3.466 3.303 3.568 3.701 3.619 3.638 3.918 4.099 3.944 3.909 4.117 4.470 4.238 4.336 4.661 4.753 4.671 4.954 5.349 5.239 5.375 5.201 5.100 5.209 4.908 4.903 4.420 4.527 4.317 3.998 3.971 3.939 3.753 3.572 3.555 3.475 3.325 3.193 3.202 3.160 2.940 2.893 2.920 2.770 2.601 2.594 2.556 2.305 2.250 2.272 2.115 1.968 1.972 1.980 1.830 1.759 1.784 1.714 1.609 1.641 1.780 1.757 2.014 2.157 2.026 2.154 2.476 2.568 2.427 2.893 2.999 3.167 2.921 2.759 3.043 3.144 2.905 2.950 3.166 3.158 2.961 3.132 3.325 3.250 3.100 3.338 3.553 3.409 3.369 3.644 3.809 4.012 4.240 4.519 4.600 4.894 5.257 5.272 5.568 5.650 6.320 6.466 6.256 6.364 6.310 6.157 5.431 5.504 4.674 4.872 5.011 5.096 4.709 4.077 3.835 3.785 3.539 3.369 3.312 3.281 3.044 2.976 2.955 2.834 2.669 2.434 2.377 2.291 2.164 2.024 1.983 1.923 1.796 1.716 1.701 1.626 1.514 1.496 1.459 1.349 1.305 1.248 1.217 1.129 1.073 1.005 0.963 0.929 0.857 0.811 0.780 0.721 0.664 0.658 0.606 0.568 0.536 0.517 0.513 0.497 0.493 0.494 0.490 0.486 0.000 0.489 0.504 0.549
18.686 18.101 17.628 17.673 17.169 16.559 15.624 15.270 14.847 13.685 12.262 12.475 12.233 11.669 11.791 12.222 12.544 12.798 13.637 14.136 14.835 15.486 16.789 16.522 17.514 18.293 18.666 18.139 18.904 19.951 19.821 20.449 21.699 22.356 22.541 23.130 23.233 23.413 23.071 23.736 23.396 23.445 23.881 23.708 23.741 23.714 23.484 22.853 22.307 22.354 20.942 20.592 21.065 20.098 19.094 18.860 19.255 17.946 16.882 17.184 17.496 16.264 16.803 17.135 15.641 15.408 16.100 15.726 15.237 15.132 15.958 15.335 15.067 15.688 15.879 15.512 15.539 16.113 15.778 15.077 15.287 14.091 13.463 12.647 12.797 11.838 11.451 10.658 10.881 10.275 9.677 9.643 9.423 8.613 8.315 8.298 8.066 7.423 7.322 7.210 6.498 6.454 6.266 6.194 6.180 6.322 6.593 5.793 5.700 5.960 5.739 5.382 5.326 5.547 5.215 4.957 5.049 5.011 4.797 4.560 4.782 4.619 4.431 4.341 4.442 4.298 3.987 4.164 4.310 3.973 3.927 4.253 4.221 3.861 4.133 4.497 4.463 4.269 3.997 4.058 3.773 3.190 2.913 2.723 2.922 2.978 2.870 3.052 3.262 3.162 3.108 3.449 3.503 3.393 3.665 3.801 3.683 3.793 4.117 4.224 4.063 4.073 4.336 4.617 4.381 4.545 4.917 4.930 4.900 5.213 5.590 5.490 5.536 5.408 5.316 5.314 5.032 5.009 4.517 4.608 4.389 4.120 4.073 3.979 3.878 3.657 3.590 3.519 3.431 3.270 3.207 3.227 3.041 2.973 2.933 2.864 2.699 2.636 2.572 2.367 2.300 2.312 2.170 2.010 2.007 2.034 1.845 1.781 1.836 1.755 1.646 1.670 1.824 1.734 1.938 2.169 2.038 2.162 2.489 2.550 2.433 2.895 3.040 3.189 2.879 2.750 3.056 3.109 2.884 2.898 3.145 3.199 2.915 3.104 3.308 3.261 3.114 3.309 3.579 3.463 3.397 3.643 3.858 4.077 4.259 4.517 4.671 4.995 5.307 5.350 5.741 5.793 6.391 6.563 6.476 6.559 6.454 6.336 5.619 5.595 4.770 4.983 5.175 5.231 4.834 4.199 3.944 3.950 3.662 3.480 3.443 3.349 3.109 3.051 3.072 2.962 2.735 2.523 2.473 2.385 2.219 2.086 2.101 1.990 1.861 1.809 1.760 1.690 1.586 1.557 1.554 1.430 1.368 1.310 1.273 1.218 1.136 1.049 1.010 0.970 0.901 0.850 0.803 0.760 0.709 0.665 0.657 0.604 0.563 0.542 0.519 0.512 0.497 0.497 0.493 0.491 0.486 0.000 0.491 0.509
18.699 18.356 17.700 17.738 17.287 16.605 16.105 15.271 14.681 13.733 12.373 12.454 12.025 11.529 11.700 11.944 12.381 12.709 13.306 13.766 14.583 14.963 15.864 16.175 17.393 17.460 17.723 17.969 18.844 19.557 19.466 20.054 21.489 21.797 22.345 22.912 22.892 23.335 23.015 23.642 23.494 23.340 23.870 23.694 23.768 23.623 23.502 23.080 22.439 22.394 21.364 20.940 21.009 20.521 19.406 18.937 19.391 18.008 16.985 17.332 17.401 16.315 16.651 17.350 15.774 15.450 16.155 15.886 15.225 15.178 16.066 15.533 15.110 15.641 16.120 15.627 15.431 16.200 15.793 14.957 15.351 14.160 13.514 12.622 12.686 11.644 11.377 10.748 10.927 10.200 9.691 9.773 9.304 8.503 8.338 8.293 7.927 7.373 7.339 7.183 6.457 6.459 6.301 6.109 6.143 6.320 6.539 5.774 5.716 5.943 5.553 5.247 5.311 5.457 5.061 4.827 4.982 4.908 4.629 4.382 4.710 4.527 4.225 4.206 4.365 4.122 3.878 4.105 4.195 3.901 3.818 4.174 4.008 3.746 4.037 4.276 4.306 4.090 4.026 3.949 3.719 3.227 2.969 2.724 2.938 3.090 2.995 3.088 3.291 3.245 3.157 3.422 3.524 3.417 3.627 3.752 3.768 3.773 4.026 4.281 4.230 4.146 4.310 4.697 4.527 4.544 4.860 5.056 4.956 5.153 5.574 5.524 5.591 5.490 5.397 5.410 5.133 5.141 4.680 4.809 4.562 4.301 4.287 4.226 4.061 3.854 3.809 3.712 3.510 3.423 3.366 3.277 3.111 3.104 3.056 2.911 2.803 2.806 2.717 2.498 2.471 2.493 2.253 2.144 2.156 2.146 1.957 1.923 1.956 1.857 1.747 1.794 1.951 1.889 2.101 2.273 2.202 2.275 2.641 2.688 2.608 3.032 3.115 3.303 3.059 2.870 3.179 3.303 3.024 3.023 3.331 3.300 3.077 3.264 3.523 3.426 3.220 3.553 3.761 3.631 3.564 3.907 4.133 4.342 4.511 4.767 4.839 5.196 5.428 5.453 5.799 5.902 6.436 6.650 6.466 6.580 6.438 6.338 5.668 5.708 4.913 5.087 5.264 5.340 4.940 4.349 4.135 4.094 3.884 3.655 3.603 3.610 3.310 3.228 3.242 3.161 2.926 2.725 2.690 2.647 2.434 2.292 2.327 2.223 2.039 2.007 1.972 1.870 1.763 1.777 1.707 1.596 1.577 1.502 1.422 1.344 1.322 1.247 1.161 1.120 1.076 1.037 0.924 0.887 0.856 0.815 0.722 0.741 0.679 0.602 0.576 0.554 0.542 0.510 0.505 0.507 0.497 0.488 0.001 0.506
18.486 18.154 17.455 18.145 17.120 16.768 16.762 15.689 14.999 14.377 12.982 13.087 12.178 11.791 11.882 12.420 12.715 13.050 13.888 14.072 14.659 15.365 16.577 16.419 17.656 18.598 18.343 18.307 19.340 20.226 19.987 20.604 21.678 22.325 22.190 22.955 22.781 22.787 22.602 22.927 22.812 23.154 23.584 23.572 23.549 23.498 23.294 22.816 22.286 22.153 21.191 20.609 20.792 20.317 19.270 18.801 19.211 18.268 17.117 17.494 17.509 16.594 16.803 17.110 16.244 15.725 16.155 15.871 15.702 15.479 16.141 15.828 15.430 15.930 16.040 16.022 15.944 16.253 16.019 15.652 15.887 14.816 14.179 13.979 13.525 12.510 12.324 11.864 11.720 10.963 10.484 10.563 10.125 9.337 9.061 9.004 8.748 8.141 8.092 7.873 7.132 7.102 6.961 6.796 6.756 7.044 7.341 6.360 6.422 6.679 6.255 5.889 6.054 6.208 5.635 5.510 5.756 5.577 5.134 5.181 5.462 5.032 4.661 4.954 5.023 4.566 4.336 4.850 4.753 4.360 4.521 4.864 4.576 4.325 4.815 5.076 4.943 4.795 4.487 4.450 4.304 3.683 3.490 3.167 3.342 3.597 3.423 3.544 3.858 3.692 3.581 3.962 4.165 3.946 4.106 4.407 4.436 4.426 4.640 5.069 4.928 4.832 4.968 5.348 5.230 5.198 5.621 5.744 5.678 5.865 6.278 6.246 6.229 6.081 6.140 6.138 5.915 5.855 5.498 5.600 5.317 4.987 4.984 4.975 4.697 4.528 4.404 4.362 4.098 4.057 4.019 3.797 3.608 3.590 3.529 3.350 3.244 3.278 3.177 2.926 2.887 2.978 2.690 2.528 2.639 2.557 2.317 2.353 2.440 2.249 2.109 2.217 2.341 2.329 2.467 2.728 2.611 2.684 3.049 3.142 2.961 3.642 3.699 3.983 3.568 3.360 3.792 3.952 3.589 3.564 3.890 3.875 3.564 3.806 4.193 3.996 3.755 4.251 4.428 4.217 4.190 4.515 4.643 4.924 5.199 5.457 5.459 5.930 6.015 6.052 6.543 6.483 7.048 7.309 7.170 7.224 7.129 7.000 6.287 6.323 5.649 5.692 5.890 5.827 5.465 4.951 4.714 4.649 4.463 4.231 4.099 4.074 3.782 3.676 3.677 3.555 3.325 3.122 3.106 3.080 2.785 2.711 2.754 2.652 2.380 2.408 2.433 2.197 2.061 2.130 2.136 1.860 1.843 1.878 1.760 1.648 1.639 1.604 1.488 1.420 1.408 1.392 1.243 1.168 1.156 1.071 0.960 0.895 0.937 0.806 0.703 0.729 0.658 0.611 0.560 0.593 0.539 0.521 0.498 0.002
