0.004 1.506 3.070 3.946 5.510 7.755 9.369 10.989 11.776 13.138 14.698 15.567 17.675 19.037 19.721 20.558 21.723 22.322 22.822 23.504 23.970 24.222 24.299 25.274 25.595 25.947 26.736 27.017 27.040 27.567 27.649 27.837 28.025 28.285 28.655 28.773 28.843 29.116 29.314 29.476 29.525 29.658 29.732 29.845 29.821 29.958 30.010 30.022 30.052 30.096 30.096 30.100 30.145 30.195 30.212 30.249 30.249 30.233 30.245 30.178 30.194 30.191 30.164 30.132 30.042 29.937 29.921 29.822 29.784 29.678 29.552 29.508 29.341 29.296 29.115 29.180 29.181 29.090 29.103 29.200 29.184 29.271 29.231 29.319 29.366 29.386 29.330 29.554 29.554 29.585 29.604 29.646 29.786 29.789 29.818 29.902 29.912 29.948 29.902 30.045 30.009 30.047 29.982 29.980 29.982 29.976 30.011 30.078 30.116 30.094 30.136 30.117 30.129 30.159 30.136 30.189 30.217 30.207 30.200 30.231 30.249 30.184 30.216 30.145 30.248 30.238 30.243 30.224 30.228 30.223 30.223 30.215 30.191 30.190 30.086 30.084 30.056 30.027 30.058 29.991 29.973 29.930 29.912 29.856 29.747 29.613 29.546 29.530 29.415 29.243 29.163 29.128 29.084 28.958 29.089 29.100 29.035 29.128 29.131 29.162 29.257 29.327 29.375 29.475 29.531 29.659 29.678 29.772 29.789 29.967 29.977 29.948 30.046 29.938 29.964 29.920 29.899 29.970 29.881 29.955 29.905 29.845 29.855 29.932 29.930 29.783 29.846 29.792 29.568 29.523 29.604 29.504 29.262 29.329 29.348 29.259 29.088 29.184 29.131 29.062 28.940 29.085 28.891 28.818 28.959 28.926 28.692 28.758 28.942 28.806 28.782 28.889 28.836 28.752 28.876 28.992 28.874 28.874 28.913 28.924 28.956 29.058 29.125 29.170 29.020 29.125 29.091 29.273 29.158 29.172 29.235 29.378 29.458 29.514 29.431 29.537 29.564 29.617 29.592 29.587 29.552 29.589 29.622 29.592 29.524 29.502 29.439 29.386 29.252 29.445 29.311 29.235 29.273 29.227 29.114 29.273 29.251 29.130 29.107 29.191 29.145 29.201 29.225 29.210 29.227 29.158 29.197 29.288 29.229 29.249 29.371 29.472 29.344 29.426 29.639 29.680 29.569 29.642 29.836 29.827 29.977
1.214 0.001 1.236 2.496 3.051 4.582 6.205 7.243 8.770 9.638 10.798 12.182 13.785 15.341 16.019 17.058 18.077 18.937 19.439 20.311 21.092 21.580 22.142 23.024 23.273 23.872 25.010 25.457 25.684 26.111 26.506 26.951 26.905 27.380 27.816 28.156 28.152 28.468 28.733 28.879 29.049 29.157 29.409 29.498 29.531 29.748 29.799 29.880 29.879 29.923 29.986 29.983 30.007 30.103 30.116 30.149 30.186 30.124 30.130 30.098 30.092 30.032 30.003 29.937 29.881 29.704 29.684 29.602 29.463 29.375 29.176 29.138 29.000 28.928 28.789 28.817 28.792 28.869 28.847 29.016 28.965 29.088 29.117 29.201 29.309 29.300 29.309 29.425 29.588 29.531 29.602 29.671 29.814 29.771 29.812 29.915 29.908 29.939 29.890 29.993 29.978 29.991 29.934 29.866 29.964 29.866 29.869 29.957 30.054 30.008 30.048 30.031 30.041 30.068 30.042 30.073 30.118 30.148 30.127 30.170 30.183 30.140 30.176 30.132 30.159 30.171 30.168 30.163 30.167 30.170 30.168 30.150 30.137 30.128 30.062 30.038 30.016 29.968 30.004 29.934 29.917 29.852 29.783 29.750 29.660 29.513 29.474 29.394 29.264 29.152 29.088 28.924 28.864 28.826 28.812 28.903 28.831 28.999 29.062 29.043 29.109 29.257 29.271 29.321 29.474 29.596 29.645 29.712 29.769 29.912 29.956 29.944 30.032 29.929 29.951 29.882 29.869 29.916 29.818 29.836 29.803 29.648 29.712 29.726 29.652 29.466 29.551 29.423 29.150 29.109 29.164 28.947 28.824 28.920 28.907 28.728 28.562 28.662 28.549 28.437 28.292 28.521 28.299 28.218 28.262 28.198 27.966 28.009 28.148 28.080 27.944 28.167 28.049 28.018 28.021 28.307 28.132 28.146 28.226 28.195 28.391 28.421 28.517 28.569 28.646 28.486 28.643 28.760 28.704 28.733 28.837 28.904 29.108 29.138 29.014 29.276 29.385 29.163 29.269 29.190 29.066 29.246 29.093 29.103 29.075 29.046 28.941 28.832 28.719 28.885 28.737 28.674 28.745 28.604 28.506 28.703 28.719 28.590 28.497 28.637 28.530 28.633 28.569 28.623 28.664 28.607 28.593 28.644 28.681 28.738 28.989 29.029 28.930 29.012 29.219 29.270 29.293 29.273 29.518 29.598 29.690
2.076 1.349 0.000 1.180 2.439 2.960 4.317 5.945 6.746 8.672 9.381 10.702 12.404 13.940 15.058 16.200 17.699 18.479 19.299 20.572 21.290 21.832 22.415 23.422 23.764 24.308 25.273 25.667 25.986 26.578 26.771 27.191 27.278 27.711 28.048 28.269 28.402 28.624 28.846 28.981 29.111 29.243 29.363 29.505 29.494 29.705 29.770 29.827 29.867 29.909 29.940 29.934 30.003 30.096 30.111 30.139 30.170 30.117 30.141 30.063 30.083 30.028 29.993 29.948 29.851 29.678 29.700 29.550 29.496 29.381 29.164 29.133 29.013 28.946 28.768 28.827 28.869 28.849 28.844 29.011 28.965 29.127 29.073 29.187 29.219 29.275 29.260 29.358 29.480 29.447 29.530 29.570 29.678 29.672 29.711 29.764 29.789 29.844 29.817 29.925 29.918 29.959 29.925 29.844 29.907 29.809 29.896 29.939 30.012 29.994 30.028 30.036 30.019 30.057 30.061 30.067 30.099 30.125 30.097 30.149 30.173 30.115 30.168 30.095 30.152 30.154 30.160 30.158 30.147 30.144 30.143 30.133 30.113 30.113 30.018 30.031 29.981 29.935 29.997 29.867 29.874 29.814 29.753 29.738 29.570 29.436 29.482 29.389 29.212 29.063 29.025 28.945 28.891 28.851 28.849 28.973 28.929 29.036 29.072 29.114 29.178 29.278 29.338 29.350 29.545 29.601 29.666 29.771 29.820 29.947 29.978 29.967 30.062 29.933 29.969 29.873 29.857 29.934 29.805 29.830 29.762 29.701 29.716 29.741 29.705 29.507 29.588 29.462 29.232 29.188 29.286 29.096 28.963 28.920 28.983 28.896 28.666 28.783 28.686 28.547 28.425 28.572 28.524 28.318 28.456 28.467 28.184 28.099 28.382 28.206 28.105 28.220 28.236 28.139 28.132 28.360 28.300 28.277 28.291 28.352 28.346 28.566 28.620 28.638 28.619 28.541 28.631 28.811 28.737 28.722 28.776 28.898 29.051 29.054 28.951 29.156 29.270 29.152 29.267 29.177 29.084 29.215 29.259 29.130 29.070 29.121 28.988 28.884 28.943 28.971 28.773 28.752 28.872 28.739 28.549 28.772 28.849 28.674 28.528 28.646 28.749 28.728 28.648 28.735 28.704 28.735 28.783 28.684 28.807 28.850 28.996 29.095 28.947 29.007 29.348 29.354 29.366 29.411 29.571 29.604 29.637
2.501 2.018 1.294 0.000 1.012 2.055 2.620 3.724 4.948 5.878 7.012 7.926 9.230 10.448 11.646 12.915 14.138 14.997 15.850 17.083 18.120 18.946 19.240 20.453 21.016 21.844 23.029 23.853 24.125 24.794 25.212 25.783 25.942 26.570 27.077 27.291 27.623 27.760 28.225 28.373 28.620 28.805 28.992 29.226 29.221 29.585 29.639 29.729 29.788 29.808 29.906 29.883 29.977 30.066 30.089 30.142 30.163 30.105 30.133 30.041 30.058 30.004 29.932 29.854 29.788 29.488 29.552 29.328 29.198 29.068 28.802 28.749 28.567 28.465 28.359 28.375 28.500 28.437 28.434 28.620 28.597 28.832 28.760 28.959 29.063 29.077 29.078 29.282 29.392 29.365 29.513 29.510 29.677 29.628 29.670 29.773 29.820 29.824 29.790 29.909 29.864 29.904 29.862 29.775 29.895 29.749 29.847 29.887 29.981 29.934 29.980 29.967 29.992 30.056 30.044 30.072 30.104 30.114 30.086 30.142 30.176 30.083 30.174 30.073 30.160 30.150 30.155 30.145 30.131 30.135 30.117 30.113 30.076 30.067 29.961 29.910 29.911 29.792 29.938 29.750 29.784 29.689 29.629 29.585 29.438 29.241 29.243 29.128 28.918 28.658 28.701 28.461 28.516 28.345 28.493 28.530 28.528 28.707 28.780 28.796 28.908 29.041 29.058 29.169 29.259 29.463 29.466 29.555 29.727 29.859 29.891 29.853 29.945 29.764 29.831 29.679 29.592 29.770 29.525 29.661 29.492 29.395 29.533 29.475 29.471 29.256 29.367 29.197 28.881 28.886 28.983 28.681 28.507 28.609 28.640 28.501 28.190 28.423 28.199 28.063 27.922 28.252 28.066 27.839 28.003 28.012 27.564 27.632 27.977 27.737 27.484 27.792 27.763 27.639 27.641 27.968 27.870 27.822 27.851 28.055 28.052 28.209 28.318 28.415 28.397 28.398 28.545 28.672 28.628 28.647 28.842 28.920 28.996 29.235 29.017 29.277 29.410 29.215 29.341 29.192 29.213 29.279 29.252 29.136 29.109 28.988 28.960 28.727 28.713 28.976 28.610 28.519 28.735 28.572 28.339 28.449 28.623 28.435 28.242 28.290 28.395 28.384 28.319 28.398 28.436 28.414 28.435 28.440 28.474 28.547 28.753 28.832 28.677 28.813 29.147 29.112 29.124 29.246 29.456 29.433 29.519
3.548 2.680 2.018 1.203 0.001 1.072 1.958 2.806 3.543 5.070 5.843 7.128 8.078 9.487 10.871 11.755 13.309 14.704 15.817 16.737 18.124 19.245 19.899 21.380 21.922 22.868 24.023 24.552 25.138 25.690 25.926 26.423 26.528 27.013 27.546 27.777 27.918 28.158 28.483 28.679 28.855 29.001 29.183 29.258 29.312 29.593 29.667 29.754 29.751 29.827 29.890 29.856 29.970 30.045 30.082 30.126 30.142 30.096 30.092 30.007 30.027 29.964 29.929 29.855 29.732 29.536 29.567 29.397 29.276 29.103 28.925 28.799 28.722 28.555 28.480 28.473 28.578 28.604 28.624 28.817 28.692 28.963 28.898 29.051 29.099 29.201 29.214 29.342 29.459 29.406 29.538 29.575 29.698 29.671 29.710 29.804 29.824 29.833 29.863 29.930 29.896 29.959 29.920 29.850 29.946 29.729 29.891 29.912 30.011 29.994 30.028 30.035 30.026 30.050 30.056 30.063 30.084 30.114 30.089 30.131 30.169 30.122 30.180 30.093 30.153 30.155 30.155 30.134 30.138 30.144 30.138 30.131 30.098 30.099 30.024 30.005 29.933 29.887 29.946 29.834 29.804 29.750 29.672 29.639 29.461 29.308 29.380 29.210 29.060 28.852 28.881 28.748 28.677 28.596 28.674 28.751 28.693 28.801 28.830 28.932 29.060 29.145 29.164 29.238 29.392 29.529 29.502 29.577 29.781 29.844 29.889 29.891 29.985 29.835 29.878 29.772 29.689 29.789 29.646 29.670 29.641 29.486 29.559 29.493 29.496 29.280 29.400 29.327 28.897 28.951 29.066 28.783 28.575 28.685 28.727 28.512 28.302 28.427 28.299 28.144 28.014 28.263 28.108 27.812 28.011 27.999 27.638 27.611 27.919 27.722 27.473 27.702 27.722 27.535 27.617 27.868 27.722 27.702 27.764 27.947 27.909 28.033 28.091 28.179 28.262 28.152 28.273 28.414 28.465 28.372 28.433 28.574 28.771 28.916 28.730 29.053 29.128 28.974 29.197 28.894 28.919 29.032 29.085 28.843 28.874 28.980 28.766 28.476 28.664 28.704 28.408 28.364 28.644 28.406 28.141 28.420 28.550 28.256 28.257 28.292 28.452 28.303 28.283 28.450 28.454 28.398 28.400 28.417 28.505 28.564 28.663 28.818 28.704 28.752 29.084 29.116 29.105 29.174 29.446 29.467 29.516
4.244 3.663 2.508 1.951 1.144 0.001 0.806 1.796 2.262 3.297 4.347 5.308 6.361 7.470 8.730 9.953 11.083 12.193 13.423 14.517 15.591 16.800 17.475 18.513 19.004 19.927 21.166 21.814 22.546 23.384 23.762 24.402 24.729 25.259 26.141 26.592 26.813 27.045 27.621 27.817 28.142 28.360 28.629 28.716 28.767 29.223 29.283 29.437 29.466 29.537 29.645 29.627 29.735 29.825 29.886 29.967 29.985 29.963 29.914 29.860 29.824 29.747 29.673 29.534 29.415 29.150 29.182 28.956 28.805 28.577 28.358 28.235 28.091 27.896 27.836 27.854 27.965 27.991 28.033 28.243 28.294 28.476 28.487 28.666 28.815 28.949 29.018 29.189 29.305 29.261 29.446 29.467 29.604 29.589 29.602 29.724 29.760 29.750 29.764 29.810 29.782 29.822 29.785 29.657 29.763 29.561 29.651 29.680 29.832 29.798 29.847 29.849 29.841 29.920 29.913 29.920 29.969 29.961 29.961 30.021 30.063 29.989 30.063 29.968 30.035 30.041 30.042 30.032 30.032 30.020 29.991 29.983 29.978 29.939 29.846 29.821 29.799 29.646 29.776 29.595 29.630 29.498 29.415 29.359 29.160 29.030 28.922 28.817 28.547 28.310 28.243 28.021 27.983 27.745 28.016 27.921 27.994 28.021 28.230 28.319 28.545 28.631 28.801 28.876 29.029 29.223 29.286 29.415 29.565 29.694 29.745 29.770 29.872 29.711 29.809 29.639 29.549 29.635 29.467 29.521 29.400 29.254 29.328 29.288 29.277 28.986 29.073 28.938 28.588 28.472 28.612 28.395 28.112 28.198 28.257 28.035 27.752 27.909 27.814 27.481 27.361 27.652 27.502 27.197 27.338 27.389 26.955 26.977 27.308 27.114 26.786 27.062 27.180 26.919 27.001 27.312 27.332 27.206 27.318 27.560 27.600 27.639 27.943 28.152 27.998 27.966 28.343 28.449 28.220 28.366 28.631 28.687 28.737 29.003 28.970 29.123 29.200 29.090 29.205 29.036 29.040 29.080 29.062 28.899 28.774 28.878 28.761 28.445 28.495 28.601 28.283 28.154 28.358 28.167 27.851 28.093 28.263 28.006 27.705 27.909 27.913 27.922 27.776 28.005 28.031 28.021 27.903 27.907 28.077 28.124 28.298 28.373 28.314 28.449 28.768 28.759 28.858 28.955 29.203 29.253 29.242
4.577 4.026 3.147 2.258 1.697 0.916 0.001 0.982 2.052 2.521 3.608 4.849 5.713 7.003 8.719 9.615 10.703 12.340 13.715 14.511 15.644 16.836 17.443 18.906 19.315 20.530 21.722 22.566 23.168 23.883 24.395 24.862 25.315 25.751 26.302 26.798 26.860 27.256 27.714 27.942 28.170 28.257 28.603 28.749 28.756 29.186 29.304 29.432 29.483 29.586 29.669 29.710 29.762 29.879 29.915 29.956 29.961 29.961 29.950 29.879 29.866 29.774 29.709 29.624 29.512 29.268 29.199 29.065 28.774 28.679 28.400 28.225 28.193 27.886 27.947 27.933 28.131 28.200 28.140 28.456 28.318 28.638 28.509 28.827 28.963 29.028 28.994 29.243 29.390 29.378 29.468 29.472 29.605 29.652 29.671 29.694 29.751 29.772 29.742 29.848 29.799 29.873 29.777 29.732 29.800 29.592 29.733 29.804 29.879 29.810 29.887 29.878 29.873 29.972 29.934 29.994 30.003 30.025 30.011 30.045 30.100 30.036 30.076 29.995 30.075 30.078 30.088 30.051 30.071 30.072 30.073 30.046 30.007 30.010 29.901 29.849 29.835 29.671 29.824 29.577 29.630 29.579 29.429 29.459 29.191 29.004 29.093 28.814 28.723 28.272 28.414 28.013 28.150 27.919 28.098 28.166 27.984 28.387 28.430 28.458 28.609 28.801 28.808 28.922 29.083 29.249 29.259 29.367 29.610 29.710 29.790 29.794 29.904 29.720 29.769 29.658 29.507 29.687 29.413 29.461 29.362 29.205 29.315 29.240 29.232 28.996 29.170 29.012 28.601 28.670 28.717 28.381 28.156 28.312 28.308 28.000 27.720 27.937 27.799 27.565 27.500 27.799 27.520 27.264 27.523 27.564 26.988 27.127 27.562 27.317 26.893 27.243 27.409 27.170 27.051 27.529 27.521 27.299 27.354 27.759 27.754 27.794 27.867 28.120 27.993 28.006 28.062 28.327 28.300 28.334 28.367 28.449 28.812 28.855 28.723 29.075 29.126 29.032 29.171 28.850 28.985 29.068 29.010 28.843 28.741 28.870 28.761 28.396 28.477 28.653 28.333 28.176 28.340 28.300 28.042 28.132 28.304 28.143 27.896 28.017 28.098 28.104 28.032 28.109 28.131 28.095 28.087 28.023 28.144 28.322 28.378 28.457 28.361 28.535 28.846 28.868 28.960 29.009 29.227 29.237 29.320
5.896 5.054 4.140 3.196 2.351 1.731 1.012 0.001 0.871 1.977 2.445 3.691 4.846 6.403 7.731 8.742 10.251 11.851 12.986 14.220 15.380 16.505 17.005 18.179 18.682 19.484 20.659 21.415 22.104 22.823 23.377 23.993 24.269 24.841 25.602 26.240 26.460 26.844 27.401 27.695 28.052 28.210 28.553 28.660 28.757 29.126 29.255 29.367 29.434 29.518 29.635 29.599 29.710 29.805 29.859 29.930 29.931 29.878 29.866 29.808 29.732 29.674 29.553 29.459 29.367 29.173 29.048 28.913 28.572 28.471 28.181 28.041 27.867 27.680 27.593 27.676 27.720 27.790 27.956 28.001 28.253 28.329 28.459 28.642 28.838 28.932 28.964 29.181 29.382 29.319 29.468 29.545 29.647 29.639 29.659 29.740 29.818 29.816 29.808 29.864 29.817 29.874 29.781 29.682 29.786 29.662 29.708 29.719 29.838 29.804 29.820 29.811 29.800 29.899 29.897 29.909 29.944 29.939 29.941 29.973 30.006 29.884 29.989 29.903 29.992 29.991 30.000 29.967 29.990 29.998 29.983 29.967 29.921 29.940 29.799 29.757 29.761 29.615 29.683 29.500 29.539 29.456 29.322 29.320 29.074 28.949 28.914 28.662 28.439 28.080 28.134 27.810 27.876 27.627 27.969 27.828 27.957 28.125 28.298 28.349 28.532 28.609 28.785 28.863 29.018 29.196 29.282 29.418 29.584 29.694 29.763 29.779 29.861 29.735 29.718 29.628 29.513 29.588 29.365 29.477 29.368 29.106 29.249 29.225 29.217 28.954 29.056 28.882 28.560 28.411 28.661 28.325 27.983 28.130 28.187 27.874 27.449 27.829 27.581 27.214 27.051 27.453 27.160 26.621 27.016 27.034 26.351 26.332 26.923 26.586 25.987 26.300 26.734 26.243 26.031 26.689 26.670 26.371 26.578 27.090 27.011 27.085 27.403 27.518 27.578 27.544 27.826 28.010 27.917 27.936 28.098 28.346 28.488 28.587 28.572 28.882 28.991 28.932 28.964 28.726 28.803 28.784 28.864 28.590 28.441 28.569 28.441 27.986 28.069 28.230 27.660 27.534 27.804 27.747 27.150 27.445 27.774 27.370 26.926 27.333 27.525 27.313 27.166 27.588 27.674 27.438 27.379 27.566 27.529 27.625 27.980 28.036 27.877 28.072 28.450 28.471 28.562 28.691 28.929 29.046 29.036
6.734 5.911 4.875 3.982 3.203 2.300 1.784 1.123 0.000 0.999 2.353 2.716 3.907 4.980 6.677 8.225 9.185 10.553 12.492 13.500 14.331 15.555 16.596 17.832 18.566 19.727 20.897 21.838 22.610 23.193 23.736 24.462 24.707 25.232 25.980 26.498 26.804 27.097 27.605 27.822 28.025 28.237 28.512 28.689 28.717 29.066 29.173 29.313 29.333 29.490 29.542 29.561 29.658 29.775 29.791 29.868 29.872 29.859 29.820 29.752 29.728 29.639 29.522 29.462 29.323 29.133 29.018 28.922 28.625 28.548 28.264 28.147 27.993 27.852 27.702 27.772 27.900 27.849 27.971 28.151 28.230 28.434 28.379 28.682 28.851 28.944 28.908 29.161 29.291 29.281 29.410 29.452 29.548 29.576 29.593 29.662 29.731 29.743 29.756 29.799 29.777 29.828 29.767 29.679 29.755 29.641 29.678 29.725 29.795 29.798 29.810 29.837 29.839 29.899 29.891 29.926 29.935 29.925 29.935 29.971 30.007 29.915 29.973 29.900 29.980 29.981 29.984 29.941 29.959 29.969 29.974 29.954 29.919 29.923 29.790 29.768 29.775 29.670 29.725 29.567 29.544 29.506 29.353 29.359 29.063 28.946 28.963 28.776 28.579 28.200 28.275 27.941 28.047 27.741 28.003 28.005 27.991 28.273 28.387 28.495 28.623 28.759 28.860 29.001 29.110 29.298 29.313 29.421 29.647 29.743 29.801 29.809 29.927 29.731 29.786 29.680 29.553 29.680 29.435 29.510 29.386 29.214 29.321 29.277 29.258 29.047 29.170 29.032 28.707 28.604 28.789 28.548 28.205 28.311 28.446 28.109 27.846 28.108 27.957 27.513 27.489 27.828 27.622 27.166 27.448 27.553 26.883 26.792 27.362 27.096 26.571 26.827 27.193 26.750 26.458 27.113 27.148 26.764 26.928 27.418 27.266 27.204 27.581 27.628 27.648 27.598 27.970 28.161 27.973 28.000 28.287 28.479 28.617 28.778 28.697 28.919 28.972 28.894 29.002 28.751 28.834 28.842 28.858 28.640 28.454 28.612 28.445 28.112 28.198 28.345 27.912 27.618 28.021 27.937 27.490 27.740 28.074 27.762 27.358 27.816 27.912 27.766 27.617 27.925 27.994 27.886 27.843 27.986 28.069 28.028 28.353 28.446 28.220 28.423 28.766 28.753 28.827 28.907 29.129 29.193 29.181
8.016 7.013 6.140 5.019 4.285 3.289 2.389 2.004 1.105 0.000 1.080 2.459 2.850 4.384 6.004 7.284 8.881 10.701 12.268 13.360 14.424 15.904 16.715 18.028 19.110 20.142 21.309 22.364 22.927 23.913 24.367 24.847 25.252 25.678 26.200 26.703 26.942 27.279 27.740 27.906 28.210 28.337 28.637 28.678 28.794 29.104 29.221 29.397 29.391 29.529 29.571 29.551 29.684 29.762 29.828 29.894 29.883 29.853 29.834 29.743 29.704 29.635 29.505 29.445 29.277 29.135 28.995 28.905 28.655 28.621 28.302 28.161 28.078 27.827 27.780 27.943 27.984 27.913 28.077 28.120 28.311 28.486 28.488 28.732 28.893 29.022 28.989 29.229 29.362 29.316 29.483 29.513 29.592 29.602 29.614 29.675 29.753 29.746 29.750 29.812 29.778 29.834 29.784 29.678 29.780 29.587 29.686 29.681 29.785 29.770 29.798 29.817 29.823 29.884 29.898 29.927 29.922 29.926 29.937 29.971 30.033 29.917 29.993 29.902 29.995 29.988 29.995 29.977 29.999 29.991 29.985 29.972 29.933 29.949 29.815 29.806 29.810 29.710 29.743 29.588 29.579 29.510 29.349 29.360 29.041 28.950 28.931 28.711 28.597 28.204 28.321 28.008 28.132 27.846 28.067 27.963 28.046 28.264 28.446 28.517 28.642 28.786 28.899 29.040 29.128 29.285 29.349 29.431 29.625 29.716 29.785 29.790 29.892 29.735 29.780 29.712 29.585 29.694 29.466 29.532 29.420 29.263 29.393 29.370 29.355 29.124 29.283 29.127 28.807 28.718 28.909 28.676 28.256 28.406 28.504 28.188 27.788 28.142 27.954 27.445 27.282 27.728 27.514 26.863 27.218 27.313 26.592 26.425 27.096 26.798 25.940 26.295 26.822 26.182 25.745 26.497 26.629 26.100 26.365 26.885 26.731 26.627 26.963 27.266 27.175 27.090 27.359 27.576 27.482 27.464 27.724 27.955 28.132 28.145 28.314 28.528 28.744 28.687 28.595 28.352 28.513 28.517 28.526 28.225 28.062 28.266 28.086 27.553 27.722 27.905 27.429 27.189 27.604 27.543 26.977 27.313 27.649 27.393 26.820 27.423 27.665 27.387 27.215 27.713 27.739 27.614 27.493 27.824 27.773 27.807 28.112 28.283 28.035 28.236 28.644 28.660 28.652 28.773 29.055 29.107 29.129
10.143 8.739 7.477 6.627 5.535 4.613 3.515 2.690 2.091 1.276 0.000 1.127 2.661 3.364 4.978 6.061 7.792 9.067 10.569 11.875 12.489 13.342 14.831 16.155 17.164 18.386 19.245 20.626 21.616 22.125 22.940 23.828 23.991 24.726 25.600 25.879 26.381 26.655 27.242 27.547 27.729 28.032 28.334 28.463 28.556 28.928 29.047 29.201 29.227 29.331 29.441 29.415 29.538 29.671 29.728 29.813 29.827 29.778 29.713 29.641 29.554 29.505 29.406 29.329 29.210 28.967 28.906 28.778 28.530 28.394 28.068 27.992 27.769 27.626 27.485 27.626 27.667 27.787 27.906 27.953 28.244 28.317 28.467 28.579 28.825 29.001 28.972 29.214 29.279 29.319 29.420 29.516 29.612 29.600 29.632 29.733 29.777 29.806 29.776 29.830 29.820 29.834 29.792 29.621 29.744 29.561 29.634 29.657 29.708 29.729 29.742 29.779 29.800 29.820 29.830 29.860 29.870 29.856 29.875 29.908 29.981 29.854 29.912 29.795 29.908 29.910 29.929 29.877 29.937 29.913 29.900 29.900 29.888 29.882 29.740 29.721 29.705 29.586 29.665 29.457 29.477 29.389 29.234 29.256 28.967 28.786 28.798 28.578 28.428 28.069 28.113 27.823 27.888 27.590 27.902 27.759 27.892 28.106 28.191 28.382 28.590 28.683 28.825 28.914 29.076 29.246 29.255 29.380 29.621 29.726 29.794 29.775 29.826 29.716 29.747 29.674 29.543 29.602 29.420 29.464 29.349 29.200 29.289 29.265 29.173 29.032 29.094 28.907 28.633 28.500 28.707 28.455 28.046 28.204 28.256 27.970 27.558 27.898 27.702 27.306 27.117 27.555 27.314 26.741 26.975 27.173 26.410 26.258 26.844 26.710 25.909 26.106 26.569 26.038 25.675 26.415 26.535 26.050 26.355 26.898 26.774 26.594 27.099 27.213 27.169 27.175 27.599 27.750 27.712 27.788 28.096 28.208 28.431 28.642 28.543 28.823 28.877 28.877 28.959 28.618 28.702 28.703 28.636 28.429 28.245 28.339 28.229 27.796 27.862 27.968 27.509 27.096 27.621 27.483 26.944 27.339 27.590 27.251 26.808 27.329 27.414 27.276 27.205 27.652 27.560 27.498 27.458 27.733 27.730 27.650 28.002 28.208 27.930 28.010 28.516 28.595 28.525 28.601 28.992 29.019 29.068
12.838 11.409 9.715 8.227 7.331 6.163 5.076 3.984 2.913 2.324 1.261 0.000 1.141 2.488 4.163 4.675 5.685 7.530 8.996 9.612 10.635 12.739 13.234 14.199 15.824 17.079 17.949 19.133 19.957 20.779 21.590 22.788 23.018 23.909 24.916 25.418 25.851 26.166 26.714 27.164 27.482 27.693 28.119 28.280 28.303 28.845 28.976 29.135 29.215 29.343 29.459 29.452 29.576 29.700 29.797 29.874 29.861 29.848 29.800 29.697 29.688 29.622 29.485 29.391 29.245 29.005 28.868 28.751 28.463 28.336 27.914 27.767 27.569 27.389 27.329 27.482 27.537 27.485 27.728 27.756 27.966 28.177 28.194 28.487 28.686 28.880 28.841 29.102 29.280 29.211 29.393 29.438 29.558 29.557 29.591 29.702 29.739 29.779 29.747 29.845 29.811 29.837 29.766 29.579 29.749 29.488 29.623 29.597 29.696 29.670 29.701 29.692 29.725 29.792 29.834 29.832 29.841 29.845 29.858 29.898 29.965 29.823 29.937 29.819 29.931 29.945 29.963 29.947 29.978 29.958 29.944 29.921 29.882 29.853 29.763 29.656 29.735 29.517 29.673 29.448 29.457 29.398 29.212 29.257 28.963 28.800 28.829 28.534 28.337 27.921 28.037 27.642 27.762 27.391 27.787 27.518 27.723 27.953 28.233 28.316 28.474 28.722 28.709 28.979 29.025 29.281 29.312 29.375 29.667 29.749 29.846 29.786 29.879 29.698 29.741 29.700 29.422 29.673 29.260 29.420 29.283 29.043 29.302 29.103 29.026 28.906 29.036 28.732 28.302 28.264 28.404 28.116 27.685 27.926 27.938 27.535 26.986 27.363 27.075 26.646 26.237 26.895 26.412 25.683 25.919 26.022 25.051 25.063 25.661 25.226 24.296 24.798 25.169 24.283 24.271 25.170 25.013 24.485 25.139 25.761 25.457 25.603 26.175 26.351 26.400 26.494 26.902 27.236 27.206 27.060 27.532 27.803 28.013 28.037 28.116 28.381 28.527 28.425 28.562 28.136 28.224 28.154 28.058 27.723 27.600 27.601 27.411 26.853 26.996 27.202 26.349 26.069 26.704 26.521 25.537 26.243 26.645 26.176 25.426 26.162 26.422 26.082 25.762 26.539 26.590 26.355 26.281 26.822 26.894 26.789 27.244 27.454 27.124 27.450 27.886 27.917 28.000 28.175 28.552 28.487 28.656
16.010 14.566 13.170 11.171 9.627 8.652 7.058 5.775 4.388 3.345 2.576 1.142 0.000 1.279 3.015 3.696 4.686 5.028 6.815 8.164 8.612 9.453 10.802 12.132 12.761 13.849 15.006 16.526 17.273 17.830 18.831 20.050 20.258 21.295 22.830 23.446 24.221 24.716 25.685 26.207 26.736 27.157 27.531 27.848 27.866 28.464 28.613 28.891 28.926 29.078 29.231 29.197 29.394 29.550 29.587 29.723 29.747 29.689 29.628 29.530 29.460 29.383 29.261 29.146 29.001 28.758 28.599 28.503 28.192 27.976 27.512 27.388 27.074 27.040 26.851 26.942 27.002 27.164 27.223 27.267 27.772 27.844 28.115 28.190 28.615 28.790 28.832 29.003 29.119 29.136 29.297 29.410 29.490 29.509 29.547 29.650 29.689 29.722 29.721 29.787 29.761 29.807 29.767 29.577 29.733 29.492 29.614 29.567 29.642 29.613 29.655 29.688 29.722 29.770 29.808 29.818 29.793 29.840 29.829 29.840 29.909 29.790 29.862 29.766 29.848 29.858 29.867 29.845 29.900 29.860 29.838 29.825 29.819 29.793 29.706 29.611 29.653 29.458 29.522 29.368 29.366 29.243 29.088 29.082 28.896 28.608 28.602 28.341 28.031 27.560 27.671 27.193 27.296 26.947 27.421 27.156 27.323 27.745 27.882 28.089 28.339 28.449 28.616 28.701 28.936 29.143 29.132 29.217 29.518 29.606 29.709 29.723 29.768 29.637 29.688 29.638 29.436 29.542 29.317 29.370 29.250 29.076 29.183 29.047 28.960 28.806 28.836 28.613 28.185 28.049 28.270 27.997 27.465 27.653 27.735 27.308 26.727 27.107 26.891 26.179 26.003 26.538 26.162 25.288 25.651 25.739 24.788 24.799 25.248 24.829 24.035 24.422 24.572 23.710 23.701 24.688 24.401 23.867 24.728 25.217 24.785 24.893 25.697 25.942 25.849 25.997 26.641 26.768 26.766 26.930 27.465 27.576 27.929 28.075 28.111 28.317 28.405 28.385 28.453 28.030 27.987 27.947 27.716 27.477 27.257 27.251 27.020 26.424 26.529 26.643 25.878 25.496 26.094 25.842 25.026 25.801 26.088 25.502 24.948 25.860 25.916 25.628 25.500 26.179 26.107 25.895 25.943 26.410 26.546 26.437 26.771 27.232 26.988 27.103 27.604 27.795 27.804 27.884 28.393 28.362 28.502
19.213 17.785 16.585 14.726 13.088 11.141 10.314 8.611 6.119 5.465 3.489 2.767 1.247 0.000 1.267 2.548 3.551 4.023 4.552 6.058 7.214 7.823 8.456 10.194 11.231 11.554 12.398 14.272 15.485 15.500 16.616 18.232 18.659 19.426 21.106 22.047 22.578 23.642 24.525 25.237 26.015 26.404 26.969 27.204 27.402 28.046 28.242 28.579 28.638 28.869 29.074 29.065 29.294 29.443 29.464 29.635 29.641 29.577 29.521 29.409 29.344 29.257 29.131 29.009 28.860 28.582 28.416 28.318 27.885 27.764 27.228 27.159 26.909 26.847 26.809 27.021 27.156 27.313 27.492 27.626 27.976 28.212 28.236 28.579 28.828 28.962 28.953 29.242 29.349 29.268 29.520 29.581 29.666 29.626 29.651 29.785 29.810 29.789 29.804 29.828 29.797 29.821 29.794 29.638 29.775 29.523 29.665 29.579 29.719 29.660 29.710 29.701 29.734 29.819 29.803 29.804 29.806 29.863 29.800 29.835 29.927 29.761 29.870 29.768 29.841 29.862 29.880 29.867 29.925 29.869 29.867 29.849 29.826 29.824 29.704 29.559 29.626 29.364 29.484 29.283 29.275 29.182 28.959 28.958 28.706 28.457 28.368 28.122 27.786 27.291 27.441 26.894 27.073 26.592 27.125 26.844 27.086 27.439 27.724 28.049 28.272 28.500 28.602 28.874 28.930 29.233 29.169 29.346 29.611 29.674 29.766 29.765 29.819 29.683 29.706 29.637 29.485 29.616 29.330 29.449 29.265 29.150 29.283 29.192 29.121 28.917 28.933 28.697 28.260 28.156 28.328 27.988 27.416 27.681 27.772 27.194 26.653 27.073 26.867 26.086 25.992 26.479 25.975 25.098 25.558 25.710 24.455 24.561 25.011 24.692 23.410 24.247 24.545 23.385 23.093 24.271 24.212 23.248 24.364 24.688 24.362 24.224 25.173 25.504 25.281 25.438 26.109 26.384 26.439 26.562 26.957 27.047 27.624 27.494 27.697 28.063 28.269 28.007 28.043 27.546 27.680 27.776 27.407 27.035 26.877 26.915 26.577 26.051 26.031 26.190 25.355 24.849 25.621 25.395 24.450 25.178 25.621 25.059 24.328 25.381 25.511 25.138 24.981 25.769 25.804 25.541 25.418 26.204 26.149 25.904 26.312 26.897 26.424 26.639 27.189 27.401 27.176 27.457 27.977 27.862 28.137
21.959 20.851 20.084 18.798 17.344 15.297 14.263 12.145 10.175 7.624 5.764 4.297 3.073 1.167 0.000 1.297 2.913 3.479 3.690 3.872 5.273 6.356 6.730 7.619 9.280 10.069 10.743 11.991 13.402 14.279 14.815 16.711 17.509 18.294 20.157 20.966 21.887 22.933 23.774 24.695 25.258 26.023 26.534 26.894 27.153 27.877 28.135 28.440 28.572 28.705 28.948 29.052 29.138 29.335 29.449 29.581 29.593 29.609 29.511 29.411 29.326 29.310 29.096 29.050 28.825 28.600 28.391 28.231 27.868 27.718 27.123 27.092 26.708 26.787 26.527 26.761 26.906 27.059 27.342 27.295 27.941 28.028 28.177 28.417 28.723 28.937 28.993 29.141 29.262 29.267 29.441 29.507 29.574 29.573 29.637 29.748 29.737 29.786 29.783 29.853 29.821 29.853 29.811 29.614 29.777 29.521 29.571 29.616 29.705 29.636 29.637 29.653 29.673 29.733 29.729 29.764 29.770 29.788 29.787 29.825 29.884 29.729 29.792 29.723 29.805 29.828 29.845 29.795 29.867 29.847 29.839 29.821 29.768 29.755 29.665 29.575 29.612 29.406 29.432 29.274 29.267 29.136 28.961 28.908 28.710 28.452 28.303 28.098 27.812 27.407 27.332 26.998 27.065 26.734 27.143 26.862 27.214 27.611 27.893 28.045 28.295 28.464 28.659 28.767 28.944 29.178 29.116 29.287 29.519 29.616 29.725 29.738 29.811 29.681 29.713 29.647 29.486 29.531 29.267 29.396 29.181 29.023 29.154 28.945 28.876 28.660 28.648 28.458 27.959 27.906 28.009 27.775 27.217 27.394 27.411 26.830 26.334 26.744 26.439 25.537 25.475 26.020 25.246 24.299 24.709 24.903 23.317 23.559 24.061 23.346 22.344 23.081 23.355 21.745 22.116 23.291 22.741 21.912 23.114 23.882 23.063 23.270 24.471 24.736 24.622 24.725 25.613 25.857 26.194 26.083 26.584 26.872 27.281 27.322 27.338 27.875 28.041 27.771 27.824 27.363 27.215 27.337 27.020 26.652 26.293 26.353 26.093 25.328 25.594 25.564 24.455 23.853 24.967 24.591 23.124 24.171 24.802 24.039 22.959 24.419 24.614 24.080 23.745 24.873 24.929 24.601 24.539 25.361 25.259 25.188 25.727 26.287 25.813 26.088 26.735 26.927 26.924 27.039 27.798 27.483 27.832
22.361 21.228 20.205 19.403 18.143 16.554 14.659 12.926 11.137 8.763 6.856 5.213 4.184 2.530 0.961 0.000 1.040 1.836 2.517 2.722 2.912 4.045 4.787 5.689 6.185 7.623 8.830 9.497 10.364 11.282 12.519 13.346 14.752 15.701 17.201 18.525 19.556 20.859 22.183 23.207 23.896 24.651 25.422 25.952 26.228 27.074 27.403 27.975 28.131 28.410 28.725 28.783 28.970 29.229 29.286 29.485 29.537 29.547 29.468 29.346 29.231 29.176 29.010 28.833 28.623 28.335 28.173 27.954 27.396 27.160 26.534 26.446 26.052 26.059 25.960 26.201 26.402 26.383 26.744 27.014 27.208 27.707 27.668 28.207 28.343 28.641 28.809 29.061 29.187 29.120 29.309 29.357 29.539 29.494 29.510 29.682 29.676 29.647 29.698 29.755 29.720 29.789 29.779 29.625 29.735 29.450 29.591 29.538 29.623 29.553 29.612 29.639 29.646 29.748 29.773 29.777 29.776 29.762 29.775 29.829 29.856 29.767 29.854 29.728 29.855 29.877 29.878 29.894 29.895 29.882 29.861 29.833 29.753 29.706 29.600 29.465 29.553 29.258 29.309 29.101 29.167 28.965 28.881 28.810 28.477 28.205 28.107 27.883 27.311 26.909 26.951 26.348 26.660 26.310 26.859 26.707 26.939 27.337 27.540 27.915 28.180 28.195 28.367 28.754 28.691 29.052 28.917 29.043 29.333 29.449 29.556 29.618 29.705 29.558 29.615 29.519 29.304 29.392 29.050 29.214 28.970 28.827 28.923 28.837 28.720 28.410 28.476 28.259 27.739 27.519 27.824 27.361 26.820 26.999 27.292 26.467 25.925 26.412 26.040 24.936 25.048 25.648 24.890 23.741 24.511 24.509 23.014 23.196 23.793 22.953 22.180 22.602 23.019 21.665 21.901 22.971 22.639 21.845 22.875 23.726 22.987 23.486 24.187 24.850 24.716 24.852 25.661 25.976 25.988 26.252 26.867 26.913 27.535 27.594 27.571 27.947 28.086 27.878 27.842 27.370 27.336 27.398 27.002 26.639 26.261 26.365 26.035 25.188 25.399 25.670 24.449 23.980 24.843 24.451 23.058 24.268 24.719 23.797 22.841 24.178 24.419 23.737 23.442 24.494 24.639 24.045 24.051 25.013 24.797 25.055 25.670 26.168 25.828 26.205 26.707 26.954 26.928 27.178 27.710 27.508 27.730
22.671 21.749 20.960 19.906 19.249 17.637 16.116 14.085 12.169 10.796 8.565 6.183 5.102 3.646 2.101 0.870 0.000 0.879 2.032 2.928 2.590 2.531 4.191 5.315 5.621 6.613 8.416 9.102 9.793 10.304 12.034 13.435 13.895 15.065 16.723 18.041 18.972 20.555 21.709 22.949 23.844 24.696 25.461 26.019 26.244 27.165 27.464 27.939 28.093 28.249 28.651 28.730 28.927 29.151 29.217 29.404 29.426 29.416 29.318 29.301 29.095 29.041 28.851 28.711 28.473 28.200 27.953 27.792 27.327 27.039 26.426 26.299 25.888 26.002 25.744 25.904 26.160 26.313 26.634 26.893 27.307 27.680 27.772 28.194 28.550 28.749 28.849 29.084 29.200 29.256 29.426 29.511 29.645 29.640 29.654 29.779 29.760 29.792 29.778 29.815 29.786 29.812 29.770 29.644 29.739 29.483 29.605 29.586 29.644 29.615 29.654 29.687 29.696 29.779 29.789 29.817 29.818 29.847 29.843 29.850 29.907 29.832 29.853 29.789 29.851 29.881 29.885 29.855 29.900 29.857 29.838 29.807 29.756 29.707 29.630 29.500 29.543 29.299 29.295 29.117 29.128 28.990 28.774 28.753 28.526 28.225 28.055 27.761 27.295 26.937 26.689 26.251 26.423 26.113 26.510 26.393 26.625 27.141 27.511 27.819 27.951 28.124 28.314 28.500 28.648 28.901 28.972 29.068 29.346 29.492 29.607 29.613 29.708 29.570 29.617 29.545 29.392 29.442 29.148 29.251 29.013 28.907 28.977 28.835 28.736 28.423 28.551 28.341 27.774 27.628 27.907 27.614 26.945 27.180 27.403 26.547 25.820 26.491 26.265 24.906 25.102 25.750 25.015 23.918 24.606 24.741 23.173 23.247 23.919 23.132 21.966 22.816 23.097 21.580 21.494 22.914 22.481 21.544 22.498 23.396 22.790 22.909 23.958 24.533 24.340 24.399 25.305 25.528 25.608 25.874 26.334 26.453 27.058 26.945 27.142 27.830 27.960 27.644 27.692 27.090 27.092 27.181 26.746 26.368 26.024 26.142 25.697 24.758 24.902 25.265 24.068 23.647 24.488 24.291 22.794 23.863 24.597 23.689 22.663 24.193 24.350 23.549 23.359 24.583 24.650 24.098 24.117 25.057 24.902 24.867 25.558 26.171 25.787 25.945 26.637 27.027 26.774 27.013 27.623 27.479 27.816
23.355 22.340 21.536 20.483 19.998 18.450 17.287 15.252 13.618 12.199 9.728 8.122 5.743 4.527 3.053 2.255 0.724 0.000 0.876 1.733 2.170 2.008 2.406 3.803 4.345 5.144 6.254 7.793 8.923 9.149 10.447 12.518 13.642 14.044 15.855 17.153 18.334 19.571 20.990 22.360 23.008 24.004 24.821 25.267 25.872 26.662 27.166 27.634 27.829 28.196 28.470 28.662 28.774 29.027 29.133 29.335 29.419 29.390 29.297 29.228 29.094 28.988 28.862 28.665 28.436 28.102 27.881 27.570 27.166 26.868 26.147 26.122 25.783 25.804 25.632 25.990 26.167 26.389 26.703 27.075 27.351 27.766 27.865 28.296 28.466 28.685 28.836 29.120 29.235 29.145 29.394 29.407 29.591 29.508 29.546 29.752 29.709 29.725 29.720 29.770 29.732 29.772 29.755 29.542 29.705 29.426 29.529 29.540 29.587 29.520 29.558 29.621 29.648 29.718 29.740 29.735 29.778 29.801 29.770 29.795 29.879 29.700 29.843 29.763 29.840 29.842 29.852 29.848 29.906 29.840 29.817 29.789 29.758 29.701 29.568 29.427 29.516 29.251 29.252 29.035 29.105 28.931 28.739 28.655 28.474 28.168 28.060 27.722 27.145 26.839 26.768 26.256 26.347 26.070 26.556 26.601 26.691 27.464 27.667 27.971 28.103 28.324 28.229 28.701 28.643 28.966 28.936 29.094 29.338 29.518 29.620 29.638 29.684 29.538 29.617 29.501 29.276 29.449 28.945 29.196 28.950 28.784 28.946 28.790 28.765 28.384 28.537 28.217 27.580 27.561 27.858 27.396 26.660 26.981 27.094 26.238 25.730 26.354 25.931 24.514 24.878 25.439 24.542 23.332 24.224 24.148 22.332 22.762 23.324 22.152 21.095 22.049 22.174 20.327 20.768 21.924 21.379 20.553 21.888 22.457 21.538 21.931 23.234 23.607 23.454 23.655 24.743 25.125 25.155 25.394 26.235 26.325 26.839 26.846 27.172 27.614 27.716 27.499 27.398 26.731 26.774 26.827 26.360 26.097 25.626 25.669 25.224 24.185 24.465 24.541 23.185 22.864 23.527 23.306 21.677 22.862 23.378 22.469 21.480 22.764 23.330 22.446 22.188 23.583 23.860 23.176 22.956 24.528 24.216 23.933 24.726 25.612 24.945 25.110 26.194 26.564 26.126 26.456 27.288 27.163 27.451
23.989 22.910 21.980 21.068 20.306 18.875 17.531 15.520 14.237 12.439 10.199 8.374 7.012 4.687 3.580 2.982 1.609 0.619 0.000 0.917 1.499 1.819 1.991 2.646 3.588 4.312 5.562 6.960 8.479 8.870 9.846 11.525 12.580 13.481 14.792 16.340 17.369 18.824 20.342 21.710 22.607 23.519 24.293 25.045 25.447 26.443 26.879 27.289 27.622 27.936 28.275 28.447 28.603 28.927 29.001 29.197 29.245 29.223 29.131 29.061 28.998 28.830 28.722 28.493 28.280 27.868 27.670 27.332 26.815 26.439 25.825 25.709 25.301 25.322 25.287 25.497 25.889 26.046 26.551 26.894 27.102 27.605 27.651 28.132 28.402 28.595 28.643 28.905 29.187 29.081 29.294 29.395 29.508 29.431 29.480 29.657 29.642 29.672 29.644 29.706 29.695 29.708 29.665 29.530 29.641 29.362 29.514 29.465 29.540 29.434 29.461 29.510 29.530 29.654 29.616 29.683 29.666 29.730 29.705 29.744 29.802 29.646 29.760 29.657 29.736 29.784 29.786 29.797 29.802 29.756 29.737 29.693 29.667 29.585 29.474 29.308 29.372 29.101 29.177 28.878 28.948 28.805 28.626 28.574 28.295 28.018 27.962 27.541 26.981 26.526 26.568 25.960 26.124 25.890 26.263 26.378 26.519 27.132 27.379 27.763 27.926 28.135 28.133 28.592 28.435 28.906 28.826 28.969 29.277 29.422 29.539 29.592 29.636 29.506 29.486 29.377 29.257 29.309 28.898 29.082 28.828 28.549 28.731 28.580 28.520 28.156 28.251 27.941 27.240 27.152 27.505 26.985 26.290 26.632 26.831 25.806 25.418 25.940 25.675 24.393 24.749 25.156 24.225 23.288 23.929 23.606 22.220 22.528 22.970 21.951 21.183 21.645 21.849 20.462 20.710 21.676 21.119 20.595 21.476 22.291 21.547 22.093 23.074 23.869 23.512 23.574 24.736 24.995 25.244 25.207 25.900 26.199 26.923 26.739 27.032 27.463 27.659 27.502 27.285 26.782 26.850 26.747 26.419 25.807 25.610 25.731 25.074 24.294 24.486 24.582 23.198 22.736 23.774 23.299 21.786 23.025 23.642 22.433 21.431 23.105 23.209 22.300 22.091 23.404 23.728 22.812 22.952 24.195 24.134 24.225 24.554 25.543 24.915 25.342 26.067 26.407 26.279 26.533 27.365 27.138 27.473
23.288 22.315 21.390 20.626 19.741 18.586 17.259 15.350 14.298 12.760 11.174 8.859 7.662 6.315 4.122 3.412 2.368 1.529 0.631 0.000 0.701 1.333 1.704 2.080 2.579 3.707 5.063 6.243 7.214 8.220 9.357 10.565 11.639 12.820 14.288 15.892 16.732 18.396 19.652 21.130 22.039 23.235 23.879 24.760 24.971 26.109 26.586 27.109 27.432 27.770 28.107 28.235 28.498 28.797 28.937 29.089 29.155 29.155 29.076 28.965 28.936 28.763 28.582 28.344 28.068 27.711 27.467 27.122 26.539 26.153 25.384 25.352 24.826 24.912 24.856 25.144 25.615 25.816 26.246 26.661 26.761 27.314 27.497 27.863 28.230 28.368 28.586 28.795 29.015 29.097 29.192 29.301 29.494 29.533 29.554 29.658 29.628 29.668 29.673 29.720 29.697 29.724 29.699 29.542 29.656 29.344 29.536 29.478 29.538 29.471 29.490 29.532 29.549 29.635 29.649 29.726 29.726 29.723 29.767 29.786 29.805 29.706 29.743 29.677 29.789 29.819 29.817 29.790 29.804 29.788 29.745 29.691 29.583 29.516 29.381 29.214 29.275 29.024 29.027 28.874 28.916 28.749 28.632 28.540 28.238 27.940 27.704 27.395 26.718 26.308 26.170 25.578 25.786 25.422 25.863 25.936 26.183 26.776 27.192 27.518 27.788 27.872 27.962 28.331 28.286 28.665 28.605 28.809 29.072 29.267 29.371 29.477 29.496 29.431 29.417 29.287 29.235 29.219 28.842 28.974 28.592 28.451 28.544 28.475 28.430 27.970 28.152 27.857 27.107 27.026 27.335 26.779 26.062 26.450 26.650 25.618 25.215 25.827 25.431 24.205 24.491 25.127 24.026 23.199 23.797 23.583 22.052 22.409 22.918 21.913 20.740 21.685 21.933 20.214 20.227 21.506 21.136 20.020 21.074 22.063 21.467 21.724 22.644 23.666 23.254 23.420 24.485 24.818 24.708 24.857 25.818 26.060 26.391 26.564 27.004 27.439 27.602 27.304 27.174 26.404 26.641 26.530 26.314 25.618 25.236 25.469 24.827 23.839 24.073 24.447 22.990 22.431 23.561 23.061 21.642 22.736 23.220 22.239 21.284 22.832 22.948 22.165 21.907 23.178 23.617 22.806 22.890 24.014 23.954 24.003 24.327 25.304 24.824 25.004 25.850 26.314 26.191 26.414 27.143 27.118 27.375
23.341 22.689 21.728 20.735 20.254 18.805 17.663 15.663 14.334 12.985 11.271 9.171 7.579 6.510 4.944 3.639 2.472 1.817 1.259 0.568 0.000 0.690 1.217 1.706 1.946 2.821 4.104 5.537 6.511 7.447 8.798 10.461 11.233 12.364 14.153 15.444 16.568 17.933 19.481 21.106 21.758 22.954 23.985 24.592 25.051 26.018 26.584 27.130 27.397 27.807 28.123 28.188 28.522 28.784 28.828 29.102 29.097 29.115 29.049 28.992 28.862 28.784 28.520 28.391 28.087 27.719 27.511 27.126 26.675 26.317 25.586 25.471 25.029 25.208 25.072 25.410 25.857 26.163 26.499 26.932 27.236 27.738 27.721 28.223 28.548 28.611 28.769 29.073 29.176 29.169 29.426 29.446 29.597 29.573 29.586 29.704 29.729 29.699 29.694 29.715 29.670 29.710 29.672 29.572 29.618 29.424 29.515 29.526 29.557 29.551 29.559 29.600 29.590 29.678 29.698 29.746 29.753 29.755 29.764 29.775 29.821 29.725 29.750 29.722 29.768 29.787 29.788 29.795 29.810 29.759 29.740 29.683 29.633 29.578 29.438 29.350 29.370 29.163 29.138 28.989 28.945 28.837 28.661 28.594 28.310 28.144 27.803 27.635 26.980 26.497 26.324 25.843 26.131 25.833 26.179 26.427 26.524 27.461 27.777 28.035 27.969 28.318 28.147 28.626 28.500 28.811 28.934 29.033 29.234 29.406 29.491 29.519 29.639 29.384 29.503 29.368 29.180 29.312 28.800 29.058 28.809 28.559 28.740 28.575 28.536 28.034 28.230 28.036 27.184 27.138 27.468 26.878 26.199 26.674 26.819 25.618 25.294 25.884 25.435 24.095 24.510 25.116 23.980 23.074 23.934 23.546 21.891 22.297 22.905 21.738 20.471 21.727 21.821 20.354 20.066 21.524 21.165 20.358 21.270 22.229 21.450 21.703 22.548 23.381 23.273 23.158 24.316 24.699 24.734 24.866 25.803 25.880 26.289 26.410 26.932 27.287 27.507 27.417 27.222 26.482 26.511 26.379 26.124 25.534 25.198 25.349 24.779 23.601 24.180 24.302 22.837 22.560 23.473 23.150 21.517 22.712 23.371 22.302 21.312 22.784 23.075 22.065 21.931 23.204 23.600 22.690 22.549 23.868 23.720 23.645 24.287 25.054 24.375 24.802 25.670 26.147 26.002 26.231 26.946 26.952 27.074
24.248 23.368 22.438 21.673 20.866 19.435 18.351 16.333 15.257 13.889 12.112 10.087 8.249 6.921 5.473 4.475 2.692 2.010 1.588 1.183 0.570 0.000 0.687 1.376 1.809 2.484 3.539 5.217 6.407 7.016 8.284 10.247 11.632 12.226 13.850 15.350 16.499 17.761 19.132 20.690 21.511 22.711 23.557 24.331 24.681 25.800 26.255 26.885 27.062 27.454 27.820 27.932 28.304 28.595 28.692 28.910 28.957 28.971 28.903 28.846 28.694 28.611 28.336 28.265 28.040 27.623 27.389 27.029 26.444 26.303 25.265 25.412 24.832 25.121 24.938 25.374 25.797 25.929 26.367 26.762 27.146 27.521 27.652 28.071 28.465 28.624 28.750 28.955 29.092 29.075 29.305 29.347 29.462 29.460 29.505 29.647 29.629 29.660 29.670 29.730 29.704 29.732 29.680 29.598 29.660 29.438 29.570 29.541 29.579 29.578 29.562 29.606 29.611 29.676 29.703 29.727 29.733 29.767 29.730 29.739 29.799 29.739 29.698 29.618 29.721 29.716 29.731 29.697 29.734 29.696 29.676 29.650 29.647 29.541 29.452 29.366 29.371 29.049 29.176 28.887 28.932 28.749 28.593 28.470 28.269 28.020 27.749 27.413 27.047 26.440 26.319 25.767 26.172 25.819 26.220 26.419 26.620 27.413 27.690 27.907 28.009 28.209 28.212 28.469 28.445 28.715 28.653 28.960 29.190 29.338 29.447 29.493 29.544 29.411 29.458 29.312 29.175 29.223 28.790 29.025 28.717 28.553 28.624 28.442 28.407 27.961 28.068 27.900 27.128 26.949 27.242 26.770 26.109 26.516 26.683 25.478 25.373 25.705 25.493 24.187 24.677 25.012 24.070 23.211 24.043 23.734 22.054 22.375 23.042 22.063 20.557 21.806 22.079 20.241 20.176 21.864 21.564 20.241 21.620 22.621 21.932 21.816 23.244 23.943 23.489 23.562 24.824 25.109 25.101 25.339 26.072 26.082 26.498 26.869 26.828 27.398 27.494 27.335 27.348 26.700 26.852 26.761 26.467 26.004 25.571 25.652 25.363 24.494 24.530 24.820 23.767 22.840 23.931 23.824 22.056 23.032 23.880 22.977 21.567 22.980 23.683 22.542 21.948 23.480 23.925 23.167 22.782 24.172 23.818 23.737 24.593 25.110 24.806 24.972 25.783 26.112 26.126 26.295 27.146 26.883 27.236
23.897 23.203 21.946 21.117 20.443 19.123 17.667 15.911 15.021 13.740 12.366 10.447 8.764 7.281 5.657 4.827 3.274 2.122 1.804 1.441 0.910 0.565 0.000 0.726 1.115 1.873 3.146 4.640 5.875 7.066 8.114 9.459 10.767 11.915 13.192 15.051 16.070 17.553 18.925 20.277 21.499 22.363 23.407 24.396 24.759 25.859 26.477 26.834 27.341 27.618 27.937 28.157 28.393 28.717 28.889 28.999 29.126 29.104 28.997 28.903 28.871 28.707 28.551 28.322 28.046 27.564 27.335 27.074 26.413 26.231 25.289 25.470 24.906 25.263 24.914 25.337 25.860 25.863 26.570 26.687 27.098 27.593 27.736 28.118 28.324 28.635 28.827 28.887 29.152 29.032 29.191 29.398 29.474 29.486 29.478 29.621 29.566 29.665 29.667 29.693 29.673 29.681 29.651 29.526 29.572 29.345 29.522 29.456 29.508 29.483 29.467 29.566 29.584 29.603 29.659 29.718 29.726 29.764 29.790 29.794 29.843 29.768 29.792 29.711 29.814 29.836 29.822 29.823 29.832 29.791 29.765 29.712 29.671 29.611 29.461 29.345 29.290 29.145 29.152 28.912 28.869 28.790 28.593 28.508 28.182 27.922 27.901 27.453 26.874 26.317 26.319 25.678 25.915 25.473 26.137 26.050 26.196 27.045 27.370 27.580 27.893 28.006 28.073 28.495 28.387 28.811 28.664 28.915 29.204 29.379 29.474 29.561 29.520 29.520 29.405 29.349 29.269 29.163 28.914 28.976 28.667 28.592 28.592 28.543 28.452 28.172 28.293 27.977 27.164 27.242 27.370 26.833 26.250 26.406 26.621 25.733 25.142 25.877 25.381 24.207 24.598 25.052 24.134 23.025 23.881 23.660 22.062 22.428 22.950 21.991 20.786 21.677 21.882 20.471 20.356 21.858 21.340 20.460 21.402 22.411 21.897 22.246 22.954 23.865 23.723 23.392 24.800 24.923 24.944 25.013 25.983 26.115 26.500 26.890 26.980 27.635 27.840 27.512 27.471 26.598 27.001 27.037 26.618 26.016 25.531 25.826 25.261 24.361 24.572 24.866 23.478 22.956 24.009 23.414 21.910 22.996 23.913 22.599 21.571 23.220 23.264 22.311 22.012 23.264 23.638 22.635 22.558 24.140 23.456 24.055 24.296 25.367 24.653 25.278 25.817 26.475 26.481 26.673 27.466 27.046 27.420
23.881 23.078 22.187 21.317 20.466 19.091 17.872 16.356 15.262 13.920 12.729 10.962 9.812 8.152 6.494 5.501 4.437 3.354 2.223 1.790 1.666 1.081 0.593 0.000 0.714 1.517 3.053 4.522 5.405 6.561 8.180 9.435 10.775 12.386 13.686 15.125 16.135 17.749 19.154 20.651 21.505 22.694 23.418 24.391 24.708 25.885 26.418 26.930 27.278 27.637 28.024 28.140 28.376 28.737 28.810 29.005 29.094 29.085 29.011 28.917 28.843 28.722 28.514 28.297 28.023 27.633 27.414 26.996 26.507 26.134 25.384 25.232 24.889 24.961 25.023 25.287 25.849 26.095 26.568 27.046 27.160 27.778 27.714 28.222 28.554 28.544 28.711 28.973 29.154 29.117 29.321 29.377 29.550 29.535 29.530 29.678 29.676 29.673 29.704 29.715 29.694 29.724 29.714 29.537 29.620 29.378 29.467 29.406 29.487 29.461 29.491 29.510 29.522 29.629 29.658 29.707 29.699 29.764 29.745 29.741 29.804 29.714 29.743 29.657 29.748 29.797 29.780 29.798 29.795 29.753 29.719 29.663 29.632 29.544 29.436 29.302 29.351 29.060 29.083 28.890 28.953 28.771 28.609 28.511 28.252 27.976 27.708 27.437 26.812 26.248 25.995 25.541 25.646 25.489 25.894 25.826 25.986 26.823 27.383 27.833 27.809 28.036 27.962 28.466 28.263 28.664 28.713 28.848 29.133 29.288 29.432 29.511 29.538 29.417 29.442 29.336 29.204 29.239 28.795 28.958 28.685 28.472 28.575 28.568 28.468 27.972 28.214 27.912 27.153 27.069 27.352 26.652 26.071 26.613 26.718 25.680 25.198 25.722 25.264 24.140 24.608 24.951 23.961 23.105 23.908 23.471 21.997 22.435 22.904 21.775 20.766 21.490 21.883 20.485 20.195 21.576 21.496 20.568 21.313 22.362 22.056 22.257 22.918 23.952 23.786 23.605 24.702 24.944 24.724 24.832 25.884 25.978 26.549 26.696 26.879 27.379 27.663 27.351 27.209 26.593 26.923 26.774 26.637 26.003 25.615 25.815 25.334 24.220 24.489 24.956 23.596 22.990 24.200 23.655 22.160 23.267 23.915 22.806 21.658 23.185 23.395 22.386 22.269 23.401 23.648 22.846 22.683 23.862 23.836 24.059 24.445 25.288 24.761 25.220 25.960 26.478 26.389 26.569 27.361 27.278 27.452
24.977 24.529 23.585 22.792 22.168 20.705 19.883 18.085 16.675 15.834 14.037 12.763 11.270 9.657 8.022 6.646 5.384 4.969 3.962 2.443 2.225 1.989 1.467 0.683 0.000 0.861 2.327 4.096 4.851 5.641 7.452 8.775 10.307 11.523 13.352 14.901 16.275 17.715 19.241 20.580 21.583 22.696 23.675 24.483 24.907 25.921 26.539 26.989 27.316 27.674 27.980 28.100 28.375 28.712 28.815 29.031 29.077 29.051 28.942 28.854 28.770 28.671 28.471 28.327 28.043 27.685 27.458 27.203 26.659 26.373 25.552 25.582 25.125 25.444 25.248 25.559 26.173 26.288 26.760 27.150 27.552 27.910 27.932 28.332 28.601 28.718 28.874 29.081 29.196 29.167 29.347 29.423 29.529 29.562 29.577 29.700 29.689 29.706 29.703 29.721 29.693 29.729 29.660 29.638 29.634 29.488 29.574 29.550 29.585 29.579 29.571 29.660 29.659 29.718 29.771 29.788 29.785 29.796 29.801 29.811 29.855 29.726 29.824 29.788 29.779 29.830 29.821 29.796 29.818 29.781 29.754 29.703 29.654 29.589 29.491 29.414 29.411 29.183 29.254 28.983 28.990 28.870 28.674 28.586 28.218 27.986 27.848 27.460 26.642 26.564 26.263 25.689 25.774 25.591 26.264 26.062 26.644 27.302 27.729 28.055 28.104 28.335 28.266 28.606 28.569 28.785 28.894 28.960 29.210 29.355 29.483 29.541 29.610 29.427 29.515 29.440 29.228 29.386 28.912 29.148 28.822 28.699 28.781 28.693 28.597 28.073 28.348 28.026 27.204 27.151 27.482 26.855 26.126 26.633 26.738 25.530 25.227 25.774 25.456 24.137 24.782 24.957 24.136 23.068 24.050 23.627 22.098 22.543 23.125 22.116 20.766 22.138 22.321 20.867 20.368 22.169 21.861 20.875 21.796 22.940 22.253 22.097 23.344 23.840 23.683 23.459 24.781 25.025 24.755 24.974 26.096 26.097 26.432 26.879 26.738 27.222 27.502 27.149 27.068 26.569 26.783 26.678 26.440 26.037 25.466 25.831 25.458 24.249 24.515 25.037 23.833 22.977 24.030 24.023 22.289 22.990 23.901 23.267 21.842 23.053 23.911 22.784 22.322 23.937 24.083 23.303 22.955 24.203 23.714 23.839 24.673 25.243 24.620 25.237 26.060 26.367 26.208 26.664 27.384 27.167 27.411
26.450 25.789 25.101 24.442 23.850 22.590 21.650 20.107 18.970 17.804 15.964 15.129 13.278 11.944 10.854 9.486 7.022 6.817 6.337 4.779 3.232 3.299 2.568 2.056 0.815 0.000 1.072 3.087 4.168 4.868 5.807 7.629 9.252 10.402 12.250 14.359 15.608 16.985 18.644 20.020 21.172 22.095 23.097 24.059 24.479 25.587 26.245 26.720 27.035 27.388 27.773 27.930 28.222 28.609 28.720 28.957 29.042 29.027 28.899 28.811 28.751 28.647 28.471 28.263 28.043 27.594 27.480 27.111 26.561 26.414 25.535 25.681 25.151 25.471 25.271 25.483 26.076 25.919 26.605 26.925 27.360 27.789 27.831 28.217 28.537 28.650 28.810 28.957 29.140 29.117 29.302 29.423 29.506 29.522 29.559 29.695 29.676 29.700 29.713 29.765 29.765 29.787 29.732 29.651 29.715 29.495 29.645 29.631 29.683 29.622 29.651 29.675 29.681 29.760 29.791 29.823 29.807 29.826 29.822 29.860 29.892 29.744 29.829 29.759 29.786 29.810 29.792 29.781 29.791 29.748 29.711 29.660 29.601 29.535 29.432 29.347 29.353 29.138 29.224 28.965 28.984 28.815 28.692 28.517 28.243 28.093 27.893 27.535 27.077 26.663 26.492 26.070 26.070 25.902 26.367 26.151 26.405 27.113 27.495 27.765 27.916 28.241 28.182 28.597 28.480 28.805 28.735 28.893 29.206 29.328 29.451 29.527 29.576 29.473 29.504 29.437 29.286 29.327 28.961 29.127 28.860 28.764 28.792 28.655 28.558 28.093 28.223 27.980 27.239 27.163 27.465 26.944 26.262 26.642 26.791 25.619 25.391 25.956 25.721 24.322 25.056 25.217 24.337 23.453 24.401 24.045 22.696 23.118 23.683 22.765 21.573 22.760 23.104 21.561 21.344 22.991 22.825 21.681 22.818 23.901 23.166 23.034 24.281 24.725 24.381 24.418 25.490 25.586 25.386 25.768 26.574 26.523 26.854 27.275 27.103 27.640 27.851 27.492 27.520 27.013 27.293 27.188 27.063 26.605 25.984 26.377 26.143 25.147 25.180 25.560 24.606 23.570 24.616 24.553 22.842 23.430 24.294 23.884 22.339 23.579 24.392 23.648 23.019 24.218 24.493 24.068 23.518 24.490 24.074 24.348 24.836 25.600 25.084 25.567 26.326 26.574 26.421 26.847 27.560 27.262 27.492
26.626 26.108 25.475 24.691 24.354 23.357 22.516 21.334 20.349 19.323 17.954 16.988 15.436 14.078 12.588 12.026 10.157 8.597 8.104 7.175 5.470 4.020 3.934 3.214 2.262 0.944 0.000 0.988 2.876 4.242 4.863 6.228 8.381 9.715 11.320 13.472 14.394 15.843 17.302 18.749 20.026 21.058 22.268 23.242 23.826 25.008 25.683 26.299 26.669 26.996 27.462 27.629 27.930 28.337 28.457 28.763 28.821 28.888 28.772 28.687 28.614 28.477 28.210 28.035 27.776 27.397 27.146 26.796 26.190 25.992 25.281 25.227 24.928 24.859 24.962 24.850 25.338 25.598 25.897 26.490 26.853 27.255 27.325 27.748 28.240 28.370 28.584 28.732 28.941 28.986 29.161 29.321 29.399 29.498 29.542 29.597 29.631 29.662 29.688 29.717 29.689 29.733 29.725 29.602 29.700 29.370 29.557 29.525 29.615 29.542 29.601 29.589 29.606 29.704 29.728 29.787 29.769 29.812 29.795 29.833 29.867 29.751 29.816 29.692 29.794 29.821 29.808 29.800 29.809 29.775 29.744 29.700 29.577 29.543 29.425 29.325 29.341 28.996 29.141 28.872 28.954 28.738 28.663 28.500 28.269 27.954 27.625 27.429 26.869 26.328 26.236 25.533 25.627 25.360 25.941 25.765 26.135 26.924 27.269 27.571 27.757 27.997 28.119 28.269 28.309 28.647 28.569 28.833 29.116 29.253 29.389 29.460 29.520 29.324 29.463 29.318 29.162 29.186 28.786 28.959 28.634 28.533 28.480 28.300 28.174 27.832 27.939 27.673 27.079 26.806 27.011 26.754 26.178 26.228 26.509 25.639 25.141 25.751 25.601 24.479 24.934 25.178 24.629 23.796 24.567 24.529 23.008 23.371 24.132 23.537 21.868 23.264 23.587 22.331 21.678 23.427 23.333 22.301 23.049 24.006 23.652 23.303 24.432 24.903 24.700 24.550 25.366 25.549 25.320 25.704 26.367 26.538 26.897 27.117 27.036 27.698 27.887 27.505 27.544 27.029 27.318 27.221 27.079 26.520 26.250 26.436 26.125 25.172 25.475 25.752 24.879 24.073 25.043 24.909 23.704 24.202 25.046 24.437 23.295 24.470 24.967 24.283 23.736 24.944 25.161 24.543 24.027 25.070 24.689 25.034 25.490 26.018 25.531 26.103 26.661 27.027 26.959 27.301 27.819 27.577 27.814
27.118 26.573 26.218 25.641 25.301 24.655 23.696 22.610 21.606 21.055 19.727 18.718 18.260 16.789 14.908 13.885 12.631 11.048 9.488 8.195 7.353 6.309 5.044 4.227 3.547 2.467 0.859 0.000 1.118 2.602 4.004 4.883 5.979 7.643 9.732 11.725 12.711 14.649 15.638 17.415 18.271 19.619 20.791 21.872 22.837 23.883 24.934 25.680 26.238 26.606 27.135 27.369 27.735 28.134 28.379 28.626 28.652 28.765 28.662 28.542 28.469 28.348 28.153 27.987 27.739 27.392 27.120 26.878 26.290 26.100 25.362 25.345 25.163 25.174 25.054 25.260 25.704 25.915 26.402 27.017 27.284 27.749 27.742 28.225 28.469 28.593 28.685 28.997 29.071 29.134 29.217 29.365 29.455 29.506 29.511 29.609 29.588 29.644 29.625 29.679 29.669 29.695 29.707 29.565 29.684 29.346 29.530 29.487 29.572 29.517 29.537 29.622 29.645 29.657 29.746 29.769 29.774 29.806 29.803 29.811 29.878 29.711 29.842 29.713 29.796 29.794 29.768 29.790 29.810 29.737 29.693 29.671 29.634 29.538 29.432 29.383 29.373 29.125 29.175 29.014 28.959 28.820 28.613 28.527 28.249 27.936 27.664 27.401 27.019 26.466 26.411 25.683 25.881 25.362 26.038 25.925 26.210 27.009 27.234 27.776 27.796 28.130 28.067 28.496 28.402 28.766 28.637 28.839 29.173 29.321 29.436 29.457 29.545 29.355 29.486 29.421 29.172 29.355 28.904 29.100 28.745 28.629 28.726 28.518 28.381 28.063 28.277 27.928 27.219 27.319 27.396 26.937 26.314 26.790 26.687 25.822 25.565 26.040 25.507 24.516 25.135 25.408 24.633 23.828 24.792 24.531 23.028 23.243 24.102 23.275 22.097 23.136 23.647 22.334 21.873 23.441 23.493 22.481 23.027 24.216 23.689 23.416 24.400 24.740 24.745 24.546 25.392 25.590 25.364 25.674 26.411 26.400 26.605 27.052 27.107 27.629 27.853 27.525 27.524 27.021 27.126 27.065 26.889 26.561 26.302 26.295 25.972 25.262 25.297 25.700 24.801 24.119 25.053 24.738 23.340 24.306 24.973 24.267 23.006 24.277 24.670 24.085 23.436 24.584 24.806 24.269 23.776 24.667 24.240 24.474 25.270 25.525 25.197 25.776 26.334 26.547 26.681 26.836 27.269 27.156 27.592
28.031 27.596 27.300 26.696 26.241 25.556 24.672 23.674 22.706 22.140 20.884 20.272 19.243 18.466 17.065 15.247 13.905 12.904 11.855 10.043 8.775 8.230 7.316 5.341 4.684 3.660 2.474 0.985 0.000 1.071 2.986 4.174 4.964 5.733 8.039 9.623 11.217 13.106 14.790 16.184 17.196 18.595 19.845 21.235 22.126 23.373 24.280 25.227 25.722 26.325 26.948 27.162 27.621 28.156 28.189 28.615 28.624 28.686 28.689 28.580 28.452 28.386 28.230 28.000 27.968 27.389 27.224 26.735 26.125 26.136 25.351 25.527 25.139 25.312 25.252 25.296 25.881 26.137 26.570 27.004 27.286 27.723 27.791 28.101 28.531 28.577 28.645 28.867 28.948 29.049 29.260 29.364 29.403 29.465 29.512 29.613 29.598 29.619 29.614 29.659 29.634 29.669 29.672 29.440 29.670 29.420 29.475 29.521 29.652 29.574 29.583 29.630 29.656 29.715 29.730 29.757 29.746 29.857 29.778 29.816 29.882 29.713 29.822 29.746 29.768 29.792 29.796 29.719 29.748 29.722 29.696 29.673 29.566 29.499 29.465 29.323 29.381 29.045 29.145 28.824 28.920 28.643 28.553 28.378 28.189 27.971 27.662 27.414 27.229 26.587 26.703 25.917 26.245 25.765 26.374 26.351 26.738 27.429 27.710 27.893 28.114 28.267 28.331 28.560 28.464 28.793 28.695 28.893 29.187 29.285 29.387 29.421 29.533 29.340 29.485 29.373 29.150 29.290 28.796 29.039 28.694 28.607 28.664 28.435 28.343 27.855 28.000 27.764 27.022 26.885 27.161 26.739 26.108 26.432 26.618 25.329 25.190 25.708 25.532 24.083 24.810 25.116 24.299 23.715 24.365 24.390 23.025 23.454 24.174 23.583 22.228 23.630 23.953 22.786 22.614 24.101 24.042 23.209 23.960 24.732 24.585 24.291 25.250 25.555 25.577 25.515 26.124 26.363 26.201 26.585 27.047 27.066 27.318 27.678 27.642 28.130 28.220 27.980 27.920 27.614 27.680 27.730 27.263 27.170 26.715 26.901 26.770 26.179 26.170 26.494 25.919 25.116 25.737 25.720 24.380 24.999 25.591 25.122 23.889 24.843 25.220 24.576 23.924 24.885 25.142 24.706 24.026 24.833 24.409 24.567 25.297 25.673 25.313 25.715 26.209 26.446 26.621 26.952 27.514 27.252 27.556
28.141 27.646 27.338 26.745 26.435 25.779 25.217 24.181 23.553 22.837 21.734 21.178 20.130 19.125 18.039 16.933 15.018 13.848 12.968 11.404 9.612 8.507 8.067 7.509 5.316 4.727 3.604 2.637 0.954 0.000 1.030 2.645 3.783 4.563 5.885 7.811 9.287 11.046 13.188 14.725 16.065 17.276 18.492 19.887 21.051 22.420 23.479 24.271 25.154 25.682 26.322 26.810 27.110 27.678 27.874 28.300 28.452 28.499 28.491 28.405 28.349 28.183 28.063 27.826 27.658 27.237 26.999 26.602 25.855 25.835 24.831 25.060 24.673 24.913 24.939 25.253 25.890 25.702 26.613 26.922 27.201 27.800 27.797 28.206 28.309 28.564 28.697 28.951 29.011 29.000 29.173 29.255 29.417 29.336 29.363 29.512 29.503 29.516 29.520 29.576 29.549 29.580 29.602 29.433 29.611 29.306 29.501 29.409 29.526 29.429 29.489 29.518 29.546 29.661 29.669 29.673 29.664 29.719 29.678 29.716 29.806 29.650 29.786 29.653 29.696 29.702 29.699 29.729 29.738 29.654 29.601 29.578 29.504 29.490 29.334 29.275 29.301 29.054 29.128 28.861 28.922 28.624 28.483 28.273 28.033 27.890 27.594 27.277 26.943 26.551 26.235 25.756 25.878 25.603 25.996 26.275 26.162 26.857 27.264 27.681 27.739 28.121 28.099 28.577 28.367 28.713 28.658 28.785 29.110 29.228 29.394 29.461 29.521 29.365 29.455 29.396 29.192 29.275 28.923 29.114 28.730 28.676 28.736 28.515 28.517 28.118 28.317 28.005 27.390 27.306 27.534 27.096 26.462 26.780 26.812 25.870 25.547 26.316 25.817 24.525 25.079 25.832 24.894 24.199 25.120 25.135 23.352 23.809 24.860 24.382 22.984 24.228 24.692 23.766 23.301 24.701 24.789 24.202 24.712 25.457 25.232 25.175 26.032 26.175 26.132 26.369 26.763 26.774 26.419 27.004 27.397 27.332 27.394 27.852 27.868 28.198 28.314 28.231 28.097 27.926 27.912 27.808 27.723 27.566 27.164 27.181 27.165 26.607 26.385 26.771 26.335 25.513 26.111 26.128 24.940 25.512 25.993 25.632 24.509 25.253 25.749 25.493 24.596 25.312 25.576 25.136 24.618 25.104 24.669 25.145 25.980 25.863 25.410 26.380 26.714 26.568 26.596 27.047 27.419 27.228 27.462
28.261 27.843 27.431 26.859 26.458 25.969 25.152 24.351 23.580 22.901 21.965 21.162 20.732 19.716 18.338 17.498 16.159 14.388 13.129 12.211 10.818 9.107 8.472 7.874 6.783 5.198 4.246 3.492 2.339 0.908 0.000 0.949 2.489 4.134 5.017 6.811 8.473 10.606 12.381 13.971 15.148 16.777 17.957 19.459 20.880 22.133 23.481 24.238 25.133 25.835 26.470 26.878 27.296 27.764 28.007 28.307 28.484 28.457 28.463 28.408 28.306 28.203 27.955 27.780 27.502 27.067 26.775 26.297 25.672 25.469 24.870 24.874 24.735 24.619 24.983 25.012 25.538 25.947 26.425 26.901 27.110 27.696 27.720 28.329 28.496 28.660 28.734 29.065 29.111 29.162 29.347 29.359 29.523 29.519 29.557 29.652 29.678 29.686 29.680 29.726 29.718 29.749 29.715 29.581 29.701 29.422 29.574 29.500 29.627 29.565 29.611 29.606 29.642 29.726 29.748 29.798 29.790 29.862 29.824 29.842 29.911 29.742 29.858 29.730 29.793 29.808 29.787 29.774 29.770 29.717 29.685 29.649 29.589 29.552 29.446 29.348 29.352 29.051 29.089 28.844 28.820 28.644 28.449 28.302 27.939 27.631 27.480 27.103 26.899 26.237 26.160 25.644 25.850 25.581 25.850 25.949 26.350 26.939 27.309 27.774 27.762 28.183 28.224 28.489 28.383 28.634 28.739 28.903 29.193 29.311 29.413 29.468 29.538 29.321 29.419 29.325 29.175 29.250 28.827 28.933 28.676 28.550 28.573 28.505 28.316 28.049 28.102 27.745 27.342 27.236 27.271 26.962 26.541 26.695 26.772 26.107 25.759 26.108 25.873 24.987 25.540 25.725 25.128 24.350 25.269 25.119 23.851 24.058 25.006 24.547 23.357 24.299 24.942 24.003 23.615 24.801 25.036 24.371 24.710 25.543 25.496 25.207 25.947 26.284 26.033 25.928 26.502 26.816 26.350 26.631 27.262 27.320 27.488 27.793 27.926 28.295 28.431 28.253 28.136 27.927 27.951 27.939 27.876 27.557 27.355 27.378 27.236 26.677 26.538 26.927 26.402 25.703 26.269 26.257 25.199 25.574 26.198 25.891 24.772 25.469 25.927 25.618 24.914 25.605 25.960 25.573 24.932 25.515 25.137 25.501 26.049 26.202 25.583 26.461 26.912 27.064 27.109 27.478 27.810 27.781 27.952
28.678 28.173 27.982 27.506 27.175 26.764 26.088 25.454 24.928 24.369 23.550 22.913 22.414 21.715 20.818 19.574 18.443 17.066 15.470 14.259 13.359 11.976 10.472 9.148 8.605 7.442 5.170 4.441 3.399 2.504 0.969 0.000 1.001 2.578 4.260 5.300 7.035 8.980 11.031 12.851 13.911 15.848 17.025 18.555 19.499 21.159 22.547 23.505 24.509 25.250 25.945 26.449 26.828 27.446 27.681 28.077 28.150 28.238 28.239 28.202 28.124 28.069 27.890 27.791 27.566 27.176 26.899 26.499 25.891 25.899 24.870 25.088 24.851 24.955 25.053 25.257 25.813 26.096 26.542 27.137 27.289 27.752 27.797 28.270 28.554 28.555 28.632 28.948 28.993 29.039 29.245 29.206 29.363 29.382 29.401 29.496 29.553 29.534 29.522 29.571 29.571 29.566 29.587 29.424 29.544 29.375 29.410 29.476 29.512 29.513 29.519 29.548 29.580 29.666 29.686 29.708 29.716 29.793 29.752 29.753 29.851 29.701 29.776 29.719 29.687 29.739 29.718 29.694 29.712 29.657 29.626 29.612 29.584 29.498 29.424 29.262 29.281 28.889 29.053 28.729 28.683 28.585 28.322 28.274 27.864 27.718 27.791 27.242 27.123 26.328 26.625 25.758 25.884 26.212 26.181 26.258 26.458 27.287 27.446 27.864 28.061 28.358 28.291 28.629 28.549 28.797 28.862 28.969 29.196 29.331 29.445 29.406 29.558 29.295 29.454 29.378 29.137 29.289 28.817 29.023 28.747 28.558 28.615 28.514 28.376 27.965 28.179 27.809 27.130 27.101 27.294 26.730 26.149 26.554 26.627 25.347 25.383 25.872 25.414 24.673 25.002 25.295 24.430 24.242 24.800 24.823 23.499 23.779 24.847 24.237 23.170 24.391 24.784 23.848 23.927 25.134 25.148 24.356 25.022 25.796 25.621 25.161 26.131 26.621 26.254 26.350 26.956 27.113 26.830 27.081 27.635 27.583 27.817 28.027 28.211 28.408 28.559 28.461 28.326 28.025 28.114 27.990 27.874 27.824 27.389 27.507 27.388 26.990 26.766 27.101 26.691 25.766 26.215 26.348 25.305 25.495 26.056 25.828 24.718 25.219 25.836 25.422 24.366 25.269 25.622 25.115 24.446 24.951 24.739 24.743 25.661 25.654 25.119 25.838 26.420 26.434 26.434 26.978 27.301 27.288 27.530
29.099 28.827 28.544 28.197 28.022 27.676 27.020 26.523 26.044 25.462 24.818 24.216 23.497 22.792 22.067 21.173 19.609 18.247 17.118 15.657 14.189 13.300 11.923 10.859 9.431 8.402 7.280 5.254 4.264 3.282 2.377 0.982 0.000 1.274 3.505 4.563 6.228 7.951 9.641 11.852 12.886 15.206 16.550 18.074 19.342 20.691 22.065 23.320 24.248 25.160 25.900 26.548 26.882 27.554 27.718 28.195 28.289 28.288 28.438 28.356 28.323 28.279 28.149 28.079 27.900 27.338 27.183 26.753 26.138 26.090 24.972 25.186 24.653 24.883 24.904 25.097 25.792 25.993 26.580 27.144 27.339 27.806 27.899 28.272 28.523 28.669 28.649 28.947 29.098 29.092 29.204 29.329 29.437 29.424 29.451 29.580 29.559 29.594 29.570 29.666 29.664 29.679 29.642 29.439 29.583 29.376 29.517 29.517 29.595 29.523 29.566 29.615 29.654 29.713 29.702 29.767 29.751 29.794 29.760 29.785 29.863 29.648 29.791 29.670 29.745 29.743 29.753 29.756 29.742 29.689 29.620 29.615 29.500 29.506 29.371 29.232 29.262 28.979 29.130 28.863 28.889 28.757 28.551 28.532 28.187 27.962 27.887 27.357 27.170 26.563 26.429 25.776 26.096 25.672 26.157 26.406 26.692 27.137 27.495 27.870 27.959 28.369 28.161 28.632 28.469 28.771 28.764 28.803 29.187 29.325 29.475 29.463 29.564 29.304 29.390 29.295 29.085 29.222 28.814 29.001 28.748 28.517 28.688 28.528 28.436 28.053 28.255 27.938 27.148 27.312 27.418 26.828 26.323 26.788 26.765 25.597 25.636 26.340 25.792 24.743 25.613 25.963 24.991 24.691 25.699 25.547 24.093 24.749 25.706 25.207 24.159 25.316 25.872 24.837 24.819 26.003 26.062 25.204 25.841 26.733 26.401 26.241 26.960 27.415 26.964 26.876 27.620 27.752 27.431 27.589 28.146 28.158 28.367 28.591 28.669 28.894 28.958 28.900 28.653 28.552 28.590 28.439 28.449 28.272 27.848 27.917 28.004 27.265 27.090 27.614 27.129 26.331 26.833 26.932 26.115 25.980 26.491 26.492 25.331 25.731 26.435 26.321 25.246 25.989 26.357 26.108 25.185 25.397 24.887 25.465 26.190 26.050 25.452 26.497 26.797 26.738 26.736 27.278 27.622 27.684 27.769
29.033 28.885 28.609 28.233 28.025 27.651 27.070 26.615 26.292 25.673 25.172 24.538 24.125 23.405 22.784 21.908 20.892 19.577 18.356 17.388 15.770 14.093 13.447 12.828 10.750 9.209 8.566 7.906 5.541 4.680 3.744 2.633 1.233 0.000 1.274 2.952 4.210 4.921 7.190 8.170 10.507 12.203 14.268 16.030 17.172 18.937 20.691 22.068 23.405 24.367 25.348 25.874 26.493 27.171 27.442 27.931 28.039 28.157 28.140 28.093 28.127 27.986 27.787 27.618 27.389 26.840 26.616 26.144 25.388 25.077 24.135 24.207 23.831 23.988 24.045 24.496 25.198 25.514 26.138 26.625 26.910 27.547 27.521 28.133 28.433 28.515 28.567 28.965 29.028 29.141 29.274 29.272 29.457 29.501 29.540 29.607 29.650 29.676 29.681 29.742 29.734 29.773 29.745 29.604 29.739 29.445 29.620 29.572 29.687 29.601 29.653 29.651 29.675 29.744 29.751 29.811 29.806 29.839 29.821 29.853 29.903 29.754 29.845 29.693 29.767 29.770 29.753 29.717 29.709 29.664 29.617 29.584 29.483 29.445 29.360 29.275 29.257 28.906 29.006 28.741 28.738 28.542 28.366 28.196 27.800 27.437 27.403 26.858 26.551 25.815 25.834 25.241 25.621 25.306 25.653 26.179 26.221 27.101 27.438 27.763 27.703 28.086 28.021 28.492 28.240 28.608 28.587 28.658 29.100 29.181 29.309 29.346 29.413 29.156 29.287 29.075 28.955 29.022 28.532 28.736 28.312 28.167 28.259 27.994 27.855 27.356 27.501 27.149 26.367 26.396 26.645 25.992 25.454 25.881 25.946 25.008 24.859 25.492 25.179 24.309 24.940 25.257 24.725 24.207 25.078 25.157 23.820 24.337 25.348 24.973 23.871 25.029 25.661 24.838 24.887 25.879 25.958 25.389 25.873 26.697 26.416 26.373 27.026 27.339 26.962 26.924 27.552 27.666 27.289 27.537 28.069 28.043 28.052 28.497 28.552 28.739 28.882 28.804 28.709 28.524 28.556 28.442 28.480 28.264 27.959 28.061 28.026 27.456 27.318 27.638 27.357 26.569 27.021 27.165 26.211 26.389 26.719 26.640 25.631 26.025 26.444 26.303 25.425 26.029 26.198 25.933 25.240 25.394 24.819 25.359 26.057 26.147 25.614 26.585 26.900 26.890 27.084 27.462 27.680 27.515 27.720
29.164 28.916 28.726 28.430 28.114 27.960 27.339 26.746 26.593 25.901 25.662 24.881 24.692 23.891 23.014 22.401 21.390 20.366 18.655 18.018 17.006 15.078 13.752 13.643 11.928 10.070 9.575 8.650 7.342 5.567 4.749 3.931 2.781 1.252 0.000 0.768 2.153 2.995 4.189 5.732 7.200 9.417 11.355 13.321 15.302 16.819 18.786 19.906 21.964 23.071 24.510 25.374 25.950 26.826 27.093 27.635 27.841 27.930 28.099 28.003 27.976 27.935 27.671 27.506 27.314 26.834 26.679 26.289 25.510 25.473 24.477 24.601 23.901 24.451 24.165 24.880 25.637 25.982 26.598 27.068 27.293 27.833 27.890 28.321 28.639 28.674 28.694 29.051 29.167 29.188 29.329 29.347 29.516 29.510 29.520 29.622 29.644 29.676 29.656 29.726 29.706 29.717 29.692 29.554 29.725 29.515 29.602 29.540 29.640 29.612 29.632 29.617 29.642 29.733 29.728 29.783 29.767 29.868 29.812 29.814 29.888 29.685 29.835 29.737 29.718 29.741 29.717 29.656 29.694 29.591 29.528 29.482 29.380 29.345 29.289 29.077 29.170 28.803 29.055 28.754 28.778 28.667 28.414 28.358 28.004 27.801 27.717 27.173 26.998 26.354 25.976 25.486 25.623 25.458 26.027 26.508 26.908 27.514 27.888 28.203 28.158 28.392 28.199 28.570 28.374 28.630 28.776 28.799 29.159 29.283 29.341 29.344 29.425 29.164 29.282 29.205 28.893 29.128 28.496 28.767 28.427 28.177 28.460 28.165 28.053 27.519 27.738 27.252 26.653 26.786 26.694 26.212 25.964 26.231 25.945 25.548 25.445 25.658 25.407 24.934 25.342 25.322 24.919 24.470 25.174 25.082 24.137 24.506 25.166 24.741 24.009 25.106 25.448 24.722 24.715 25.772 25.850 25.131 25.602 26.495 26.268 25.925 26.636 27.199 26.755 26.743 27.382 27.593 27.303 27.450 27.947 27.835 28.205 28.428 28.400 28.806 28.913 28.715 28.633 28.417 28.458 28.328 28.318 28.098 27.751 27.902 27.780 27.296 27.185 27.454 27.030 26.257 26.642 26.862 25.951 26.104 26.558 26.248 25.374 25.599 26.206 25.758 24.696 25.474 26.012 25.452 24.713 24.923 24.794 24.908 25.692 25.452 25.087 26.025 26.330 26.310 26.373 26.966 27.108 27.088 27.355
29.455 29.306 29.105 28.806 28.564 28.369 27.892 27.423 27.205 26.636 26.256 25.704 25.292 24.623 23.925 23.138 22.186 21.034 20.066 19.152 17.856 16.405 15.371 14.915 12.971 11.421 10.623 9.327 8.129 6.881 5.477 4.503 3.399 2.156 0.916 0.000 0.996 2.197 3.054 4.318 5.939 7.846 9.896 12.323 14.203 15.922 17.867 19.182 21.021 22.524 23.968 25.111 25.804 26.665 27.003 27.619 27.749 27.793 27.907 27.825 27.833 27.702 27.576 27.175 27.106 26.414 26.244 25.594 24.929 24.652 23.720 23.786 23.536 23.716 23.907 24.534 25.228 25.789 26.143 26.873 27.009 27.496 27.627 28.037 28.407 28.465 28.431 28.900 28.906 28.952 29.118 29.172 29.292 29.369 29.383 29.464 29.500 29.556 29.533 29.613 29.623 29.653 29.623 29.583 29.646 29.401 29.565 29.514 29.599 29.540 29.585 29.619 29.665 29.719 29.717 29.793 29.764 29.822 29.804 29.779 29.842 29.780 29.795 29.679 29.726 29.719 29.688 29.655 29.623 29.584 29.513 29.468 29.372 29.350 29.267 29.150 29.175 28.911 28.958 28.822 28.722 28.622 28.414 28.169 27.876 27.470 27.393 26.776 26.824 25.826 25.801 25.318 25.521 25.280 25.717 26.523 26.287 27.339 27.447 27.754 27.755 28.231 27.997 28.495 28.348 28.636 28.659 28.671 29.075 29.181 29.312 29.345 29.354 29.227 29.278 29.107 29.002 29.010 28.621 28.736 28.398 28.396 28.236 28.136 27.907 27.650 27.716 27.357 26.851 26.724 26.838 26.428 25.897 26.204 26.227 25.406 25.242 25.674 25.452 24.819 25.268 25.467 25.009 24.699 25.342 25.461 24.387 24.835 25.618 25.233 24.607 25.560 25.973 25.407 25.486 26.243 26.303 25.782 26.238 26.878 26.653 26.684 27.278 27.673 27.194 27.196 27.818 27.957 27.654 27.903 28.354 28.294 28.406 28.658 28.849 28.897 28.955 29.044 28.915 28.693 28.568 28.391 28.350 28.439 28.002 28.000 28.080 27.622 27.383 27.723 27.389 26.658 26.989 27.101 26.312 26.555 26.737 26.611 25.788 26.187 26.436 26.306 25.610 26.104 26.266 26.126 25.257 25.394 24.971 25.270 25.964 25.998 25.530 26.457 26.295 26.776 26.847 27.171 27.107 27.191 27.255
29.339 29.131 28.999 28.688 28.537 28.229 27.695 27.350 27.061 26.529 26.278 25.575 25.491 24.864 24.082 23.377 22.792 21.889 20.726 19.862 19.026 17.843 16.618 16.139 15.001 13.167 11.961 11.082 10.027 8.492 7.335 6.043 4.627 3.395 2.190 1.216 0.000 1.030 2.549 3.521 4.908 6.408 8.289 10.889 13.040 15.340 17.362 18.806 20.814 22.296 23.758 24.911 25.532 26.728 27.030 27.629 27.707 27.840 27.911 28.007 27.849 27.724 27.522 27.331 27.276 26.580 26.350 25.996 25.325 25.096 24.018 23.980 23.555 23.777 23.793 24.317 25.189 25.481 26.380 26.925 27.228 27.738 27.870 28.231 28.539 28.559 28.628 28.871 29.059 29.041 29.130 29.224 29.385 29.362 29.385 29.487 29.502 29.591 29.585 29.642 29.638 29.628 29.535 29.435 29.530 29.352 29.421 29.436 29.512 29.456 29.492 29.509 29.555 29.620 29.606 29.658 29.675 29.726 29.700 29.734 29.779 29.673 29.754 29.668 29.665 29.679 29.661 29.617 29.619 29.556 29.478 29.426 29.252 29.304 29.258 29.051 29.137 28.808 29.085 28.789 28.799 28.688 28.418 28.276 27.977 27.594 27.530 27.076 27.016 25.959 26.003 25.336 25.872 25.384 26.132 26.298 26.912 27.466 27.885 28.077 28.018 28.353 28.128 28.577 28.377 28.660 28.693 28.607 29.009 29.098 29.223 29.196 29.241 29.022 29.119 28.981 28.724 28.798 28.284 28.453 28.172 27.937 28.015 27.675 27.507 27.040 27.313 26.772 25.880 26.119 26.117 25.262 24.818 25.448 25.232 24.231 24.345 24.815 24.410 23.720 24.370 24.660 23.814 24.035 24.595 24.616 23.676 24.302 25.120 24.755 24.332 25.148 25.526 24.984 25.163 25.955 26.099 25.546 25.999 26.675 26.526 26.357 26.876 27.443 26.956 26.944 27.568 27.738 27.398 27.682 28.087 28.026 28.211 28.581 28.541 28.731 28.811 28.766 28.666 28.591 28.488 28.405 28.341 28.299 27.900 27.936 28.035 27.476 27.238 27.697 27.295 26.549 26.901 27.126 26.255 26.644 26.755 26.534 25.743 26.017 26.440 26.240 25.304 25.721 25.969 25.613 24.818 24.960 24.681 25.158 25.759 25.725 25.613 26.270 26.406 26.538 26.865 27.116 27.008 27.084 27.004
29.566 29.328 29.204 28.887 28.739 28.503 28.025 27.564 27.505 26.897 26.685 26.129 25.924 25.290 24.665 24.126 23.404 22.413 21.379 20.900 19.802 18.262 17.688 17.449 15.845 14.365 13.736 12.893 11.037 9.746 8.767 7.352 5.806 4.513 3.109 2.547 1.169 0.000 0.959 2.408 3.367 4.858 6.435 8.442 10.940 13.144 15.570 17.022 19.084 20.773 22.614 24.069 24.827 26.040 26.527 27.206 27.422 27.651 27.876 27.770 27.683 27.692 27.466 27.211 27.202 26.576 26.242 25.871 25.381 24.869 23.915 23.989 23.342 23.895 23.778 24.427 25.461 25.735 26.340 26.818 27.106 27.732 27.733 28.309 28.531 28.563 28.572 28.924 29.080 29.156 29.183 29.246 29.373 29.450 29.464 29.496 29.551 29.608 29.601 29.678 29.653 29.693 29.646 29.580 29.668 29.417 29.566 29.537 29.639 29.583 29.627 29.588 29.628 29.755 29.740 29.813 29.813 29.856 29.849 29.859 29.911 29.820 29.868 29.739 29.809 29.813 29.787 29.754 29.737 29.674 29.614 29.558 29.470 29.443 29.377 29.157 29.169 28.882 28.965 28.822 28.800 28.695 28.352 28.230 28.086 27.467 27.388 26.825 26.597 25.670 25.528 25.072 25.291 25.062 25.775 26.226 26.598 27.351 27.706 28.013 27.929 28.207 27.909 28.479 28.205 28.696 28.731 28.705 29.111 29.210 29.263 29.278 29.314 29.072 29.090 28.984 28.629 28.859 28.277 28.441 28.100 27.832 27.948 27.620 27.396 27.111 27.163 26.631 25.943 26.078 26.166 25.680 25.041 25.558 25.464 24.557 24.407 24.885 24.712 23.964 24.567 24.915 24.068 23.993 24.683 24.921 23.824 24.278 25.228 24.922 24.592 25.214 25.660 25.257 25.235 26.002 26.094 25.801 25.965 26.767 26.656 26.666 27.072 27.524 27.215 27.150 27.646 27.854 27.609 27.741 28.154 28.106 28.364 28.570 28.556 28.863 28.918 28.772 28.749 28.593 28.559 28.432 28.488 28.355 28.011 28.041 28.090 27.536 27.446 27.737 27.257 26.801 27.048 27.141 26.378 26.757 26.760 26.623 25.878 26.090 26.393 26.205 25.468 25.920 26.157 25.859 25.044 25.292 24.740 25.137 25.971 25.745 25.591 26.306 26.601 26.479 26.839 27.318 27.287 27.461 27.433
29.678 29.501 29.406 29.130 29.001 28.800 28.376 28.046 27.911 27.487 27.193 26.560 26.492 26.176 25.478 24.793 24.369 23.568 22.630 21.891 20.977 19.851 18.679 18.230 17.179 16.036 14.700 14.128 12.839 11.122 9.782 8.883 7.323 5.776 4.169 3.122 2.325 1.180 0.000 1.049 2.732 3.726 5.280 6.857 8.745 10.813 13.423 15.001 17.272 18.702 20.680 22.183 23.523 24.957 25.669 26.669 26.977 27.356 27.557 27.562 27.545 27.424 27.252 26.922 26.946 26.164 25.955 25.297 24.899 24.562 23.564 23.413 23.105 23.300 23.265 24.024 24.923 25.372 26.164 26.826 27.203 27.672 27.786 28.194 28.375 28.480 28.558 28.852 28.971 29.034 29.148 29.196 29.288 29.363 29.382 29.406 29.490 29.491 29.490 29.537 29.555 29.576 29.581 29.445 29.552 29.336 29.442 29.503 29.498 29.489 29.512 29.552 29.591 29.651 29.705 29.773 29.787 29.800 29.802 29.826 29.881 29.729 29.816 29.682 29.795 29.794 29.759 29.664 29.675 29.635 29.596 29.538 29.386 29.447 29.342 29.143 29.178 28.905 29.034 28.896 28.690 28.766 28.352 28.269 27.910 27.577 27.591 26.753 26.894 25.750 25.716 25.210 25.479 25.204 25.910 26.305 26.730 27.447 27.714 27.954 27.876 28.314 28.001 28.582 28.268 28.727 28.600 28.686 28.987 29.116 29.194 29.211 29.164 28.960 29.020 28.841 28.600 28.632 28.130 28.385 27.881 27.665 27.697 27.396 27.149 26.764 26.860 26.284 25.472 25.724 25.865 25.042 24.463 25.230 24.982 24.146 24.160 24.802 24.167 23.771 24.149 24.555 23.905 23.828 24.520 24.544 23.909 24.483 25.270 25.021 24.704 25.531 25.822 25.346 25.622 26.528 26.517 26.095 26.550 27.100 26.836 26.891 27.347 27.639 27.393 27.409 27.796 27.997 27.782 28.050 28.306 28.262 28.415 28.687 28.747 28.846 28.965 28.914 28.862 28.704 28.697 28.573 28.631 28.403 28.159 28.158 28.182 27.841 27.562 27.954 27.548 26.996 27.193 27.311 26.670 27.000 27.098 26.883 26.040 26.430 26.702 26.416 25.572 26.133 26.029 25.666 24.934 24.970 24.974 25.316 25.926 25.880 25.880 26.582 26.444 26.977 27.080 27.117 27.304 27.044 27.365
29.661 29.498 29.373 29.123 29.044 28.885 28.361 28.069 28.001 27.585 27.421 26.802 26.889 26.210 25.739 25.199 24.758 23.945 23.079 22.886 22.037 20.603 19.800 19.774 18.626 17.085 16.386 16.185 14.509 12.486 11.841 10.344 8.704 7.598 5.570 4.392 3.150 2.373 1.231 0.000 1.175 3.026 3.895 5.476 6.954 8.789 11.258 12.892 15.809 17.422 19.444 21.602 22.686 24.413 25.425 26.541 26.914 27.394 27.671 27.655 27.763 27.650 27.515 27.265 27.161 26.777 26.466 25.988 25.499 25.218 24.155 24.453 23.473 24.328 23.961 24.665 25.482 25.510 26.429 26.872 27.290 27.811 28.052 28.494 28.692 28.797 28.849 29.064 29.231 29.309 29.318 29.326 29.511 29.575 29.565 29.596 29.590 29.638 29.596 29.701 29.682 29.708 29.639 29.567 29.628 29.368 29.511 29.546 29.550 29.530 29.538 29.579 29.614 29.625 29.705 29.761 29.759 29.772 29.807 29.813 29.863 29.740 29.750 29.599 29.725 29.736 29.714 29.657 29.635 29.583 29.544 29.474 29.253 29.366 29.195 29.087 29.024 28.865 28.943 28.794 28.701 28.694 28.427 28.335 28.183 27.766 27.553 27.069 26.784 26.043 25.992 25.369 25.892 25.422 26.230 26.323 26.909 27.364 27.648 27.859 27.931 28.229 28.158 28.527 28.370 28.652 28.694 28.688 29.028 29.143 29.228 29.147 29.288 29.056 29.112 29.025 28.720 28.889 28.370 28.495 28.177 27.919 27.978 27.766 27.584 27.062 27.294 26.692 26.251 26.156 26.355 26.094 25.296 25.599 25.581 25.052 24.510 25.336 24.849 24.103 24.647 24.980 24.324 24.138 25.153 24.850 24.065 24.730 25.586 25.143 25.099 25.860 26.042 25.606 25.876 26.659 26.718 26.280 26.794 27.192 27.161 27.115 27.502 27.866 27.630 27.616 27.930 28.139 28.043 28.157 28.383 28.409 28.611 28.770 28.762 29.022 29.075 28.931 28.923 28.680 28.696 28.624 28.553 28.493 28.165 28.112 28.226 27.909 27.729 27.932 27.621 27.088 27.222 27.344 26.659 26.835 26.876 26.804 25.982 26.079 26.280 26.220 25.316 25.641 25.943 25.814 24.640 24.916 24.416 24.873 25.546 25.251 24.972 26.025 25.890 26.322 26.228 26.900 26.578 26.896 26.887
29.899 29.778 29.678 29.484 29.362 29.168 28.917 28.635 28.563 28.200 27.946 27.529 27.387 26.974 26.467 25.886 25.591 25.059 24.163 24.018 23.259 22.248 21.808 21.401 20.459 19.693 18.625 17.785 17.033 15.858 14.164 12.711 11.294 10.073 7.566 6.131 4.749 3.345 2.751 1.289 0.000 1.236 3.080 4.141 5.698 7.145 9.203 11.480 14.410 16.017 18.168 20.267 21.717 23.533 24.755 25.899 26.421 27.032 27.271 27.441 27.334 27.235 27.120 26.758 26.899 26.008 25.807 25.382 24.756 24.411 23.514 23.691 23.182 23.850 23.720 24.421 25.379 25.861 26.613 27.154 27.496 27.971 28.111 28.410 28.642 28.711 28.787 29.032 29.164 29.215 29.325 29.349 29.554 29.532 29.565 29.647 29.659 29.653 29.625 29.701 29.683 29.708 29.670 29.566 29.701 29.388 29.582 29.504 29.675 29.560 29.629 29.658 29.686 29.750 29.767 29.812 29.790 29.906 29.845 29.854 29.917 29.783 29.854 29.705 29.809 29.789 29.755 29.716 29.706 29.646 29.614 29.533 29.328 29.442 29.358 29.155 29.179 29.028 28.904 28.841 28.804 28.590 28.199 28.039 27.774 27.314 27.206 26.663 26.764 25.723 25.711 25.093 25.564 25.301 25.969 26.243 26.648 27.446 27.765 27.955 28.000 28.314 28.192 28.599 28.436 28.769 28.698 28.754 29.100 29.169 29.268 29.293 29.291 29.106 29.179 28.983 28.814 28.844 28.391 28.547 28.124 27.933 28.015 27.657 27.442 27.071 27.218 26.460 25.739 26.014 26.237 25.455 24.845 25.789 25.600 24.457 24.515 25.299 24.795 24.143 24.674 25.186 24.262 24.388 25.074 25.129 24.301 24.858 25.738 25.374 25.118 26.013 26.340 25.795 26.009 26.808 26.887 26.523 26.933 27.436 27.315 27.228 27.777 28.018 27.851 27.816 28.165 28.293 28.170 28.349 28.504 28.594 28.647 28.890 28.951 29.088 29.183 29.131 29.051 28.899 28.908 28.785 28.792 28.651 28.237 28.244 28.469 28.073 27.821 28.070 27.881 27.210 27.416 27.589 26.928 26.999 27.215 27.092 26.021 26.427 26.655 26.491 25.624 26.020 26.303 26.081 24.914 25.360 24.668 25.066 25.884 25.758 25.382 26.373 26.382 26.509 26.834 27.084 27.113 27.108 27.355
29.898 29.700 29.640 29.426 29.304 29.189 28.887 28.592 28.557 28.136 27.970 27.480 27.536 26.973 26.554 26.276 25.870 25.342 24.740 24.642 23.960 23.005 22.413 22.499 21.545 20.406 19.477 19.646 18.467 16.853 16.245 15.176 12.995 11.534 9.664 8.111 6.120 4.807 3.635 2.973 1.399 0.000 1.339 3.572 4.275 5.403 7.576 9.369 12.635 14.750 17.065 19.577 20.896 23.073 24.425 25.788 26.583 27.049 27.563 27.663 27.663 27.704 27.515 27.476 27.334 27.041 26.839 26.308 26.015 25.598 24.654 25.064 24.247 24.988 24.694 25.394 26.107 26.300 27.220 27.615 27.948 28.427 28.537 28.871 28.945 29.100 29.127 29.282 29.368 29.396 29.447 29.430 29.566 29.596 29.572 29.615 29.668 29.634 29.636 29.682 29.686 29.718 29.723 29.608 29.667 29.468 29.574 29.581 29.602 29.589 29.599 29.687 29.660 29.687 29.749 29.770 29.769 29.791 29.803 29.809 29.863 29.756 29.785 29.671 29.729 29.718 29.699 29.673 29.654 29.587 29.551 29.513 29.365 29.450 29.295 29.218 29.120 29.094 28.994 29.021 28.947 28.860 28.656 28.492 28.465 28.016 27.863 27.413 27.339 26.674 26.671 26.211 26.632 26.185 26.709 26.828 27.284 27.706 28.037 28.278 28.246 28.592 28.517 28.833 28.662 28.933 28.915 28.929 29.218 29.297 29.400 29.359 29.396 29.179 29.222 29.161 28.896 29.025 28.620 28.707 28.432 28.233 28.226 28.109 27.895 27.500 27.643 27.089 26.680 26.654 26.712 26.330 25.819 26.129 26.014 25.399 25.078 25.789 25.381 24.675 25.296 25.403 24.910 24.849 25.463 25.282 24.806 25.381 26.032 25.712 25.568 26.371 26.577 26.031 26.296 27.076 27.094 26.631 27.115 27.510 27.470 27.302 27.724 28.098 27.820 27.805 28.158 28.275 28.274 28.336 28.565 28.580 28.735 28.885 28.983 29.118 29.175 29.123 29.056 28.880 28.825 28.781 28.791 28.730 28.413 28.383 28.488 28.156 27.980 28.112 27.915 27.366 27.421 27.628 26.933 27.031 27.231 27.159 26.317 26.367 26.762 26.636 25.835 26.070 26.272 26.099 25.229 25.340 24.791 25.408 25.794 25.792 25.353 26.265 26.139 26.577 26.491 26.959 26.665 26.974 27.015
30.001 29.909 29.867 29.728 29.643 29.503 29.286 29.087 29.059 28.815 28.639 28.253 28.237 27.893 27.532 27.153 26.894 26.667 26.032 25.943 25.457 25.024 24.739 24.449 23.909 23.665 22.747 22.345 21.632 20.652 19.365 18.381 16.889 15.291 12.266 11.083 9.171 6.644 5.399 3.817 3.100 1.593 0.000 1.342 3.442 4.102 5.869 8.100 10.481 13.238 15.839 18.257 19.765 21.848 23.542 25.137 25.857 26.679 27.076 27.284 27.404 27.382 27.322 27.144 27.196 26.511 26.434 25.904 25.396 24.991 24.049 24.345 23.913 24.502 24.476 25.212 25.898 26.271 27.040 27.489 27.761 28.172 28.282 28.545 28.743 28.872 28.967 29.162 29.252 29.283 29.393 29.412 29.589 29.570 29.588 29.677 29.697 29.724 29.715 29.768 29.761 29.789 29.758 29.654 29.739 29.497 29.652 29.618 29.733 29.705 29.749 29.747 29.725 29.784 29.787 29.834 29.837 29.867 29.874 29.885 29.926 29.797 29.852 29.680 29.822 29.795 29.775 29.740 29.735 29.702 29.671 29.616 29.441 29.558 29.463 29.374 29.312 29.244 29.145 29.103 29.121 28.918 28.587 28.424 28.357 27.827 27.733 27.256 27.351 26.465 26.518 26.117 26.269 26.243 26.735 27.009 27.345 27.865 28.201 28.411 28.369 28.711 28.506 28.802 28.692 28.908 28.967 28.904 29.262 29.369 29.437 29.435 29.382 29.243 29.261 29.135 28.914 29.012 28.571 28.686 28.445 28.258 28.352 28.061 27.826 27.603 27.788 27.267 26.474 26.877 27.108 26.331 25.711 26.691 26.436 25.374 25.490 26.323 25.665 25.025 25.813 26.201 25.453 25.554 26.380 26.404 25.499 26.120 26.941 26.521 26.357 27.080 27.301 27.010 27.173 27.672 27.718 27.489 27.847 28.098 28.024 28.040 28.392 28.596 28.460 28.454 28.679 28.802 28.721 28.877 28.963 29.042 29.115 29.261 29.370 29.420 29.460 29.481 29.411 29.332 29.213 29.175 29.213 29.111 28.861 28.799 28.949 28.745 28.526 28.657 28.488 28.044 28.126 28.232 27.796 27.922 28.036 27.940 27.205 27.361 27.512 27.533 26.815 27.111 27.270 27.221 26.234 26.304 25.736 26.490 27.076 26.850 26.378 27.433 27.323 27.462 27.696 27.911 27.905 27.893 28.008
30.026 29.896 29.877 29.704 29.651 29.574 29.300 29.105 29.151 28.868 28.755 28.277 28.468 28.114 27.784 27.429 27.205 26.893 26.378 26.334 25.912 25.636 25.381 25.145 24.867 24.496 23.818 23.647 23.248 21.866 20.627 20.026 18.477 16.410 14.254 12.176 10.326 8.683 6.575 4.998 3.695 2.983 1.674 0.000 1.278 3.268 4.247 5.914 8.165 10.310 13.538 16.642 18.199 20.699 22.785 24.457 25.662 26.384 27.074 27.418 27.582 27.825 27.596 27.570 27.566 27.203 27.035 26.645 26.191 26.092 24.890 25.394 24.587 25.362 25.277 25.815 26.568 26.732 27.499 27.959 28.189 28.550 28.636 28.897 28.966 29.094 29.165 29.318 29.396 29.398 29.484 29.481 29.570 29.641 29.617 29.612 29.669 29.684 29.653 29.730 29.716 29.738 29.722 29.604 29.637 29.467 29.534 29.577 29.569 29.591 29.617 29.651 29.633 29.704 29.720 29.750 29.765 29.773 29.803 29.805 29.869 29.794 29.753 29.633 29.713 29.715 29.684 29.652 29.669 29.635 29.609 29.610 29.458 29.624 29.495 29.463 29.432 29.443 29.408 29.361 29.309 29.258 29.062 28.869 28.728 28.389 28.169 27.729 27.751 27.014 27.195 26.564 27.150 26.818 27.408 27.582 27.911 28.252 28.523 28.639 28.654 28.867 28.700 29.027 28.867 29.071 29.072 29.065 29.336 29.452 29.516 29.470 29.482 29.306 29.331 29.228 28.974 29.112 28.769 28.814 28.608 28.358 28.384 28.178 27.942 27.783 27.817 27.253 26.789 26.951 26.939 26.334 26.022 26.519 26.051 25.630 25.706 26.190 25.665 25.455 26.008 25.960 25.649 25.990 26.398 26.267 25.838 26.502 26.917 26.490 26.562 27.201 27.278 26.885 27.292 27.695 27.726 27.431 27.780 28.021 28.020 27.970 28.238 28.555 28.395 28.319 28.596 28.741 28.695 28.714 28.943 28.904 29.099 29.225 29.275 29.354 29.410 29.364 29.318 29.156 29.190 29.024 29.070 29.001 28.770 28.724 28.817 28.546 28.478 28.531 28.397 28.003 28.066 28.124 27.773 27.737 27.844 27.822 27.164 27.181 27.442 27.393 26.706 26.805 27.007 26.975 26.221 25.878 25.839 26.208 26.625 26.553 26.346 27.108 26.812 27.345 27.349 27.561 27.482 27.441 27.624
30.048 29.921 29.889 29.760 29.701 29.558 29.390 29.156 29.113 28.906 28.670 28.397 28.340 28.113 27.750 27.280 27.181 26.868 26.234 26.178 25.736 25.481 25.332 24.981 24.623 24.353 23.619 23.541 22.824 22.115 20.954 20.183 18.528 17.339 15.046 13.409 11.447 9.422 7.991 6.016 4.831 3.653 2.989 1.428 0.000 1.237 3.116 4.183 5.878 8.055 10.450 14.047 15.830 18.302 21.247 23.300 24.714 25.911 26.880 27.257 27.469 27.673 27.542 27.518 27.426 26.943 26.847 26.565 26.127 25.838 24.832 25.052 24.465 25.039 25.112 25.595 26.198 26.438 26.915 27.322 27.566 27.993 28.097 28.488 28.644 28.898 28.819 29.159 29.338 29.367 29.405 29.465 29.557 29.597 29.593 29.637 29.640 29.692 29.688 29.738 29.735 29.757 29.700 29.655 29.691 29.494 29.598 29.596 29.691 29.668 29.704 29.699 29.704 29.774 29.810 29.864 29.895 29.900 29.938 29.943 29.958 29.950 29.918 29.823 29.918 29.907 29.891 29.866 29.841 29.781 29.727 29.647 29.509 29.526 29.424 29.309 29.244 29.267 29.211 29.080 29.118 29.017 28.804 28.571 28.592 27.787 27.842 27.448 27.505 26.917 26.674 26.426 26.592 26.565 27.029 27.360 27.485 27.882 28.273 28.424 28.460 28.683 28.489 28.824 28.741 28.999 29.043 29.013 29.347 29.455 29.509 29.498 29.477 29.353 29.284 29.230 28.951 29.063 28.722 28.724 28.535 28.288 28.333 28.028 27.688 27.740 27.689 27.200 26.656 26.873 26.907 26.404 25.858 26.555 26.116 25.533 25.663 26.003 25.466 25.380 25.804 26.145 25.628 25.726 26.349 26.145 25.717 26.268 26.897 26.541 26.500 27.039 27.227 27.027 27.139 27.639 27.728 27.485 27.718 28.101 28.114 28.180 28.311 28.613 28.501 28.416 28.639 28.830 28.730 28.755 28.948 28.944 29.142 29.247 29.261 29.418 29.420 29.394 29.348 29.268 29.128 29.134 29.189 29.123 28.875 28.836 28.981 28.630 28.599 28.698 28.473 28.227 28.246 28.245 27.937 28.060 28.018 27.951 27.327 27.445 27.519 27.625 27.013 27.233 27.237 27.285 26.522 26.257 25.950 26.576 26.918 26.817 26.672 27.392 27.259 27.475 27.618 27.836 27.768 27.800 27.927
30.106 30.042 30.005 29.867 29.806 29.689 29.489 29.324 29.358 29.140 28.926 28.495 28.652 28.370 28.026 27.761 27.636 27.371 26.807 26.729 26.380 26.090 25.928 25.607 25.366 24.964 24.435 24.332 23.856 23.173 21.933 21.594 20.087 18.461 16.825 14.187 13.498 10.860 9.751 8.326 6.370 5.059 3.801 2.843 1.538 0.000 1.284 3.322 4.356 6.272 8.754 11.653 14.078 16.349 19.395 21.817 23.803 25.281 26.514 27.078 27.535 27.720 27.717 27.627 27.706 27.233 27.104 26.923 26.427 26.372 25.265 25.783 25.118 25.829 25.779 26.269 26.875 27.022 27.581 27.973 28.215 28.501 28.585 28.835 28.902 29.040 29.109 29.271 29.301 29.332 29.421 29.462 29.536 29.606 29.579 29.599 29.669 29.683 29.693 29.727 29.716 29.742 29.752 29.628 29.665 29.473 29.539 29.578 29.627 29.657 29.695 29.737 29.735 29.760 29.832 29.870 29.878 29.907 29.954 29.936 29.982 29.910 29.881 29.747 29.865 29.855 29.801 29.769 29.766 29.737 29.731 29.711 29.615 29.731 29.622 29.611 29.503 29.515 29.443 29.397 29.332 29.284 29.021 28.883 28.683 28.319 28.156 27.869 27.891 27.331 27.406 27.005 27.376 27.152 27.567 27.874 28.110 28.466 28.719 28.766 28.855 29.005 28.882 29.153 29.016 29.247 29.235 29.215 29.490 29.608 29.643 29.645 29.608 29.462 29.445 29.343 29.110 29.215 28.801 28.921 28.620 28.320 28.461 28.159 27.943 27.741 27.787 27.140 26.600 26.920 26.781 26.206 25.750 26.365 26.005 25.558 25.601 26.015 25.562 25.435 25.778 25.871 25.714 25.808 26.213 26.060 25.626 26.270 26.769 26.341 26.322 27.005 27.087 26.656 27.172 27.519 27.604 27.334 27.661 27.950 27.924 27.949 28.234 28.479 28.327 28.323 28.578 28.695 28.707 28.713 28.904 28.895 29.091 29.234 29.292 29.367 29.430 29.373 29.291 29.128 29.181 29.017 29.081 28.981 28.736 28.711 28.765 28.489 28.471 28.506 28.345 27.965 28.061 28.083 27.738 27.694 27.855 27.752 27.108 27.082 27.375 27.217 26.668 26.877 26.922 26.813 26.331 26.034 25.823 26.280 26.559 26.579 26.330 27.124 26.933 27.466 27.434 27.716 27.694 27.503 27.827
30.206 30.123 30.094 29.997 29.956 29.856 29.718 29.516 29.548 29.376 29.194 28.961 29.022 28.757 28.595 28.391 28.213 28.163 27.771 27.703 27.370 27.242 27.178 26.980 26.730 26.452 26.110 25.960 25.454 25.151 24.442 23.778 22.424 21.478 19.955 17.859 16.154 14.053 11.695 10.119 8.904 6.659 5.412 3.842 2.877 1.711 0.000 1.329 3.311 4.306 6.033 9.435 10.854 14.113 17.097 19.732 22.256 24.571 26.098 26.935 27.251 27.570 27.514 27.682 27.573 27.360 27.139 26.973 26.563 26.403 25.456 25.863 25.342 26.045 25.937 26.549 27.040 27.253 27.717 28.107 28.302 28.583 28.737 29.002 29.079 29.248 29.329 29.463 29.585 29.568 29.651 29.669 29.786 29.798 29.795 29.859 29.881 29.890 29.898 29.925 29.927 29.918 29.916 29.843 29.835 29.701 29.783 29.773 29.788 29.820 29.816 29.862 29.854 29.824 29.912 29.925 29.937 29.900 29.965 29.955 29.968 29.921 29.861 29.793 29.845 29.838 29.812 29.815 29.809 29.715 29.709 29.668 29.532 29.630 29.485 29.563 29.339 29.505 29.303 29.325 29.162 29.193 28.842 28.787 28.646 28.199 28.203 27.811 27.836 27.438 27.353 27.175 27.341 27.256 27.665 27.959 28.262 28.461 28.755 28.865 28.957 29.091 29.068 29.186 29.221 29.316 29.406 29.404 29.565 29.703 29.719 29.717 29.668 29.636 29.545 29.515 29.366 29.379 29.180 29.160 29.083 28.933 28.856 28.763 28.601 28.438 28.458 27.991 27.601 27.820 27.702 27.297 27.011 27.468 27.048 26.885 26.885 27.266 26.757 26.691 27.088 27.280 27.017 27.009 27.584 27.529 27.081 27.537 28.030 27.738 27.700 28.145 28.240 28.035 28.298 28.543 28.572 28.458 28.550 28.751 28.789 28.841 28.954 29.137 29.040 29.028 29.125 29.193 29.211 29.261 29.352 29.321 29.468 29.538 29.597 29.629 29.629 29.638 29.593 29.480 29.416 29.401 29.416 29.386 29.185 29.177 29.229 29.088 28.998 29.065 28.962 28.755 28.719 28.735 28.583 28.507 28.578 28.557 28.085 28.042 28.195 28.310 27.720 27.910 27.968 28.017 27.449 27.119 26.902 27.401 27.615 27.446 27.317 27.757 27.551 28.017 28.023 28.012 28.064 27.993 28.266
30.197 30.119 30.089 30.013 29.942 29.803 29.694 29.527 29.543 29.396 29.251 28.995 29.058 28.830 28.616 28.481 28.396 28.218 27.804 27.746 27.457 27.173 27.143 27.022 26.846 26.598 26.044 26.090 25.782 25.301 24.604 24.225 23.179 22.146 20.617 19.072 18.132 15.475 14.395 11.769 10.659 8.736 7.077 5.328 3.834 3.186 1.632 0.000 1.288 2.970 3.918 5.906 8.568 10.611 14.477 16.812 19.533 22.515 24.893 26.149 26.686 27.160 27.470 27.439 27.654 27.287 27.126 27.037 26.510 26.448 25.579 26.143 25.669 26.265 26.167 26.758 27.232 27.377 27.760 28.087 28.227 28.494 28.523 28.861 28.992 29.061 29.090 29.330 29.380 29.398 29.542 29.566 29.696 29.719 29.706 29.778 29.823 29.826 29.849 29.854 29.843 29.850 29.841 29.726 29.793 29.598 29.665 29.706 29.832 29.809 29.835 29.838 29.824 29.868 29.890 29.949 29.976 29.969 29.999 30.014 30.012 29.958 29.957 29.855 29.931 29.915 29.875 29.847 29.837 29.805 29.790 29.752 29.603 29.735 29.585 29.610 29.353 29.511 29.371 29.305 29.307 29.173 28.951 28.870 28.677 28.367 28.319 28.103 28.025 27.596 27.655 27.423 27.593 27.501 27.946 28.195 28.348 28.612 28.886 28.956 28.985 29.143 29.037 29.228 29.150 29.306 29.334 29.260 29.537 29.602 29.672 29.670 29.634 29.473 29.453 29.412 29.152 29.242 28.893 28.907 28.780 28.488 28.606 28.402 28.181 27.985 28.089 27.616 27.096 27.418 27.385 26.773 26.446 27.076 26.663 26.155 26.427 26.726 26.231 26.200 26.622 26.724 26.420 26.718 27.071 26.930 26.572 27.099 27.547 27.054 27.211 27.754 27.828 27.496 27.844 28.195 28.168 28.063 28.289 28.497 28.430 28.482 28.769 28.893 28.782 28.830 29.024 29.047 29.049 29.182 29.296 29.245 29.388 29.516 29.594 29.590 29.621 29.660 29.540 29.468 29.399 29.358 29.410 29.333 29.138 29.066 29.176 28.986 28.869 28.932 28.798 28.561 28.482 28.588 28.256 28.259 28.444 28.319 27.722 27.810 27.979 27.959 27.405 27.572 27.694 27.573 26.897 26.952 26.754 27.130 27.474 27.236 27.124 27.828 27.625 27.882 28.066 28.138 28.074 28.106 28.168
30.213 30.168 30.147 30.083 30.044 29.963 29.842 29.669 29.724 29.568 29.464 29.273 29.349 29.155 29.029 28.917 28.758 28.709 28.359 28.286 28.075 27.958 27.987 27.791 27.602 27.329 27.146 27.106 26.649 26.457 25.811 25.559 24.754 24.295 23.237 21.927 20.731 19.122 17.188 15.268 12.858 11.312 9.065 7.084 5.405 3.976 2.845 1.716 0.000 1.266 2.870 4.020 5.501 8.410 11.332 13.981 16.828 20.423 23.497 25.356 26.015 26.859 27.147 27.595 27.739 27.426 27.353 27.378 26.957 27.108 26.115 26.938 26.508 27.037 26.987 27.423 27.880 28.084 28.335 28.600 28.606 28.845 28.922 29.184 29.247 29.372 29.366 29.565 29.687 29.651 29.716 29.719 29.819 29.842 29.837 29.898 29.915 29.920 29.922 29.953 29.943 29.963 29.933 29.838 29.851 29.702 29.790 29.795 29.817 29.845 29.850 29.866 29.829 29.870 29.913 29.930 29.959 29.937 29.990 29.995 30.011 29.935 29.911 29.861 29.914 29.919 29.913 29.954 29.927 29.823 29.775 29.770 29.574 29.734 29.504 29.598 29.372 29.501 29.404 29.465 29.262 29.346 29.042 29.052 28.876 28.562 28.490 28.366 28.203 27.906 27.996 27.833 28.030 28.082 28.387 28.693 28.840 28.984 29.238 29.282 29.315 29.439 29.308 29.483 29.417 29.494 29.593 29.500 29.691 29.780 29.799 29.723 29.716 29.615 29.526 29.562 29.261 29.418 29.120 29.108 29.115 28.820 28.907 28.768 28.521 28.432 28.522 28.119 27.724 27.992 27.907 27.395 27.249 27.744 27.326 27.158 27.234 27.470 26.959 27.091 27.347 27.465 27.311 27.344 27.812 27.681 27.281 27.802 28.240 27.765 27.845 28.339 28.379 28.120 28.374 28.711 28.649 28.549 28.677 28.852 28.799 28.888 29.020 29.202 29.058 29.051 29.198 29.273 29.293 29.337 29.424 29.372 29.531 29.619 29.643 29.716 29.683 29.661 29.603 29.545 29.420 29.412 29.427 29.379 29.198 29.187 29.299 29.100 28.946 29.073 28.994 28.724 28.705 28.763 28.517 28.480 28.611 28.620 28.027 28.131 28.336 28.358 27.694 27.866 28.042 28.023 27.442 27.204 27.194 27.449 27.604 27.485 27.369 27.789 27.629 27.933 28.002 28.039 28.017 27.932 28.033
30.241 30.161 30.144 30.093 30.047 29.978 29.849 29.681 29.709 29.598 29.461 29.319 29.327 29.132 29.028 28.915 28.773 28.749 28.304 28.233 28.043 27.795 27.888 27.625 27.532 27.389 26.939 27.011 26.580 26.470 25.851 25.513 25.111 24.475 23.655 22.443 21.340 19.606 18.573 16.176 14.640 12.559 10.906 9.005 6.652 5.313 3.527 2.685 1.450 0.000 1.208 2.791 3.959 5.525 8.592 10.754 14.170 17.445 20.561 23.407 24.672 25.772 26.308 26.801 26.997 27.066 26.957 27.030 26.737 26.814 26.204 26.596 26.311 26.717 26.725 27.298 27.625 27.826 28.152 28.323 28.417 28.682 28.685 28.950 29.034 29.216 29.265 29.461 29.558 29.567 29.699 29.706 29.792 29.818 29.852 29.922 29.932 29.939 29.907 29.974 29.963 29.997 29.948 29.856 29.876 29.728 29.816 29.860 29.895 29.902 29.912 29.927 29.932 29.967 30.001 30.038 30.070 30.023 30.089 30.087 30.096 30.095 30.023 29.959 30.015 30.038 30.013 30.031 30.004 29.980 29.977 29.949 29.791 29.832 29.657 29.694 29.463 29.620 29.544 29.476 29.345 29.329 29.095 29.032 28.749 28.506 28.591 28.352 28.312 27.999 27.930 27.818 28.068 27.977 28.303 28.423 28.565 28.738 29.016 29.073 29.175 29.312 29.201 29.351 29.329 29.467 29.434 29.388 29.620 29.742 29.780 29.741 29.700 29.528 29.520 29.427 29.214 29.293 29.008 29.038 28.860 28.679 28.685 28.615 28.384 28.319 28.440 27.903 27.447 27.736 27.801 27.139 26.998 27.335 27.121 26.721 26.779 27.260 26.718 26.739 27.016 27.268 26.943 26.939 27.476 27.528 27.025 27.432 27.869 27.479 27.491 27.984 27.984 27.795 28.040 28.469 28.384 28.349 28.486 28.707 28.660 28.740 28.979 29.167 28.990 29.056 29.185 29.206 29.218 29.275 29.441 29.412 29.542 29.627 29.702 29.758 29.776 29.746 29.708 29.596 29.543 29.551 29.532 29.442 29.282 29.244 29.273 29.095 29.027 29.082 28.939 28.704 28.651 28.721 28.508 28.585 28.638 28.505 28.094 28.149 28.273 28.212 27.702 27.848 27.936 27.842 27.328 27.269 27.165 27.438 27.843 27.671 27.571 28.082 27.917 28.158 28.178 28.245 28.220 28.178 28.228
30.270 30.230 30.166 30.139 30.101 30.044 29.935 29.818 29.791 29.698 29.629 29.478 29.509 29.358 29.270 29.200 29.095 28.973 28.778 28.721 28.512 28.304 28.460 28.245 28.057 27.954 27.675 27.630 27.459 27.094 26.651 26.407 26.049 25.344 24.806 23.790 22.954 21.574 20.480 18.708 16.358 15.164 12.296 10.968 8.689 6.614 4.696 3.322 2.504 1.629 0.000 1.146 2.584 3.354 5.161 7.742 10.561 13.903 16.860 20.362 22.358 24.354 25.441 26.036 26.833 26.717 26.704 27.032 26.931 27.098 26.602 27.030 26.938 27.187 27.341 27.661 27.906 28.072 28.372 28.624 28.632 28.864 28.946 29.166 29.249 29.313 29.422 29.520 29.650 29.610 29.734 29.757 29.802 29.844 29.847 29.897 29.926 29.936 29.938 29.958 29.943 29.952 29.967 29.818 29.878 29.693 29.780 29.813 29.876 29.870 29.908 29.934 29.899 29.946 29.989 30.017 30.024 30.015 30.052 30.067 30.080 30.010 30.017 29.928 30.005 30.015 29.979 29.971 29.925 29.930 29.878 29.889 29.753 29.851 29.599 29.689 29.445 29.611 29.454 29.390 29.484 29.348 29.230 29.172 29.042 28.868 28.841 28.726 28.539 28.390 28.327 28.361 28.339 28.466 28.597 28.772 28.907 28.966 29.202 29.225 29.264 29.365 29.327 29.412 29.419 29.466 29.505 29.467 29.616 29.728 29.734 29.762 29.675 29.644 29.499 29.517 29.338 29.299 29.131 29.087 28.906 28.783 28.706 28.627 28.418 28.310 28.284 28.074 27.612 27.783 27.638 27.440 27.164 27.397 27.177 27.037 27.004 27.268 27.051 27.071 27.279 27.343 27.332 27.419 27.604 27.576 27.469 27.792 28.097 27.857 27.951 28.327 28.314 28.138 28.427 28.698 28.631 28.562 28.779 28.910 28.802 28.915 29.118 29.215 29.165 29.217 29.334 29.322 29.429 29.444 29.567 29.499 29.639 29.708 29.761 29.790 29.816 29.796 29.683 29.618 29.598 29.498 29.539 29.505 29.358 29.236 29.378 29.209 29.097 29.181 29.083 28.843 28.784 28.862 28.651 28.701 28.694 28.674 28.200 28.257 28.403 28.372 27.973 27.999 28.115 28.087 27.561 27.447 27.565 27.606 27.674 27.706 27.662 28.020 27.854 28.097 28.263 28.276 28.219 28.218 28.276
30.253 30.217 30.197 30.172 30.133 30.079 29.938 29.837 29.870 29.780 29.717 29.577 29.606 29.492 29.362 29.223 29.159 29.047 28.797 28.642 28.491 28.409 28.509 28.264 28.133 28.061 27.881 27.786 27.532 27.337 26.815 26.691 26.405 25.958 25.415 24.843 24.104 23.030 21.964 20.353 18.276 16.800 14.520 12.472 10.033 8.325 6.047 4.385 3.074 2.275 1.226 0.000 1.223 2.873 3.980 6.056 8.559 12.209 15.173 18.779 21.114 23.612 24.838 25.612 26.291 26.416 26.310 26.654 26.740 26.836 26.492 26.915 26.884 27.110 27.254 27.707 27.797 27.943 28.135 28.392 28.502 28.777 28.879 29.164 29.311 29.341 29.445 29.580 29.713 29.699 29.754 29.807 29.891 29.912 29.895 29.931 29.926 29.932 29.931 29.971 29.968 29.987 29.992 29.925 29.918 29.714 29.833 29.876 29.933 29.902 29.903 29.947 29.930 29.964 30.025 30.055 30.070 30.062 30.100 30.094 30.103 30.078 29.996 29.969 30.069 30.080 30.082 30.052 30.045 30.048 29.957 29.960 29.690 29.827 29.628 29.730 29.458 29.575 29.535 29.474 29.446 29.344 29.297 29.139 29.046 28.753 28.739 28.720 28.574 28.405 28.304 28.343 28.341 28.446 28.571 28.790 28.905 29.025 29.222 29.237 29.316 29.396 29.346 29.420 29.467 29.492 29.518 29.503 29.657 29.797 29.830 29.798 29.773 29.711 29.545 29.572 29.437 29.439 29.226 29.161 29.015 28.947 28.842 28.788 28.570 28.431 28.516 28.273 27.879 27.984 27.866 27.767 27.301 27.647 27.423 27.370 27.232 27.538 27.136 27.242 27.377 27.547 27.376 27.385 27.729 27.637 27.340 27.826 28.135 27.857 27.988 28.343 28.372 28.196 28.478 28.767 28.683 28.624 28.760 28.999 28.985 29.017 29.157 29.294 29.172 29.182 29.336 29.380 29.387 29.433 29.583 29.511 29.650 29.745 29.849 29.919 29.913 29.851 29.738 29.643 29.587 29.625 29.558 29.472 29.325 29.428 29.340 29.192 29.137 29.238 29.094 28.971 28.948 28.954 28.772 28.746 28.849 28.720 28.245 28.344 28.391 28.387 27.966 28.163 28.096 28.003 27.514 27.424 27.636 27.658 27.806 27.876 27.761 28.051 28.019 28.313 28.332 28.364 28.543 28.259 28.427
30.246 30.181 30.152 30.111 30.088 30.016 29.917 29.811 29.809 29.726 29.618 29.472 29.522 29.439 29.287 29.237 29.173 29.026 28.833 28.765 28.652 28.436 28.514 28.325 28.207 28.041 27.813 27.781 27.666 27.363 27.017 26.836 26.396 25.970 25.465 24.825 24.037 23.092 22.413 20.888 19.548 18.020 16.278 14.549 12.087 10.627 8.009 6.231 4.466 3.183 2.232 1.519 0.000 1.414 3.295 4.361 6.664 10.098 13.376 16.855 19.277 22.381 23.773 24.811 25.714 25.855 26.056 26.525 26.519 26.616 26.309 26.536 26.570 26.760 26.814 27.299 27.463 27.634 27.981 28.261 28.429 28.616 28.675 28.949 29.090 29.195 29.267 29.420 29.532 29.548 29.632 29.691 29.729 29.793 29.803 29.823 29.870 29.875 29.871 29.908 29.902 29.928 29.946 29.788 29.839 29.712 29.775 29.822 29.844 29.855 29.877 29.917 29.908 29.919 29.969 30.010 30.024 29.988 30.057 30.058 30.060 30.026 29.990 29.953 29.995 30.000 29.951 29.926 29.918 29.900 29.867 29.823 29.640 29.788 29.560 29.597 29.427 29.533 29.495 29.390 29.371 29.354 29.218 29.166 28.968 28.757 28.806 28.686 28.499 28.372 28.269 28.257 28.316 28.336 28.523 28.657 28.825 28.846 29.115 29.139 29.170 29.263 29.231 29.317 29.328 29.407 29.370 29.336 29.564 29.675 29.700 29.697 29.690 29.569 29.470 29.468 29.259 29.260 29.050 28.980 28.837 28.666 28.620 28.553 28.337 28.141 28.200 27.995 27.491 27.730 27.644 27.412 27.105 27.346 27.260 27.104 27.021 27.351 27.141 27.238 27.308 27.482 27.524 27.480 27.671 27.648 27.592 27.841 28.157 27.925 28.011 28.383 28.315 28.204 28.425 28.761 28.635 28.631 28.809 28.977 28.907 28.950 29.165 29.332 29.237 29.263 29.403 29.391 29.452 29.512 29.616 29.533 29.702 29.760 29.821 29.861 29.857 29.838 29.760 29.689 29.631 29.546 29.567 29.569 29.431 29.275 29.437 29.249 29.117 29.225 29.140 28.941 28.814 28.847 28.728 28.697 28.745 28.703 28.372 28.330 28.402 28.458 28.118 28.090 28.133 28.174 27.791 27.627 27.711 27.753 27.889 27.895 27.925 28.176 27.959 28.233 28.365 28.372 28.371 28.310 28.507
30.283 30.267 30.216 30.202 30.163 30.128 30.027 29.918 29.921 29.833 29.771 29.649 29.654 29.527 29.425 29.335 29.267 29.190 28.947 28.891 28.762 28.570 28.706 28.590 28.436 28.261 28.125 28.234 27.984 27.757 27.447 27.304 26.959 26.437 26.049 25.357 24.811 23.981 23.017 21.848 20.482 19.442 17.571 16.163 13.653 11.948 10.093 7.986 6.490 4.557 3.186 2.659 1.672 0.000 1.294 2.777 4.392 6.609 9.230 12.558 15.157 18.081 20.645 22.675 24.092 24.651 25.108 25.676 25.861 26.075 26.143 26.594 26.736 27.118 27.335 27.678 27.924 28.139 28.342 28.583 28.587 28.817 28.889 29.095 29.278 29.322 29.424 29.536 29.687 29.655 29.730 29.786 29.857 29.891 29.906 29.952 29.974 29.963 29.973 29.992 29.987 29.988 30.013 29.851 29.948 29.772 29.829 29.851 29.969 29.915 29.916 29.962 29.962 29.947 29.996 30.013 30.032 30.075 30.056 30.089 30.111 30.077 30.070 29.978 30.032 30.032 30.021 30.034 29.983 29.965 29.912 29.895 29.719 29.838 29.615 29.699 29.489 29.557 29.465 29.420 29.428 29.332 29.214 29.127 28.985 28.745 28.702 28.626 28.425 28.320 28.241 28.265 28.304 28.400 28.497 28.721 28.856 28.954 29.191 29.181 29.261 29.320 29.335 29.341 29.417 29.415 29.494 29.506 29.589 29.724 29.731 29.727 29.677 29.686 29.537 29.567 29.455 29.416 29.266 29.133 29.128 28.970 28.936 28.814 28.581 28.438 28.460 28.242 27.835 28.058 27.977 27.657 27.409 27.803 27.555 27.380 27.439 27.670 27.492 27.556 27.735 27.945 27.773 27.858 28.105 28.096 27.821 28.152 28.401 28.139 28.215 28.547 28.560 28.343 28.663 28.852 28.780 28.778 28.900 29.014 28.957 29.011 29.170 29.307 29.218 29.296 29.387 29.417 29.484 29.498 29.595 29.606 29.704 29.801 29.861 29.909 29.933 29.881 29.857 29.699 29.758 29.688 29.623 29.505 29.449 29.388 29.370 29.219 29.215 29.256 29.125 28.922 28.947 28.928 28.792 28.794 28.859 28.769 28.364 28.400 28.456 28.434 28.099 28.240 28.268 28.267 27.878 27.791 27.745 27.721 27.889 27.923 27.821 28.038 28.030 28.151 28.318 28.377 28.353 28.387 28.315
30.317 30.301 30.262 30.246 30.218 30.179 30.074 30.003 30.018 29.966 29.920 29.828 29.863 29.796 29.716 29.654 29.620 29.546 29.401 29.337 29.267 29.198 29.262 29.137 29.117 29.060 28.974 28.879 28.782 28.693 28.452 28.437 28.310 28.062 27.887 27.356 27.118 26.635 26.223 25.515 25.045 24.271 23.210 21.577 19.122 17.340 14.243 11.840 9.637 7.143 4.759 3.425 2.550 1.574 0.000 1.407 3.298 4.658 6.972 10.830 13.134 16.934 19.964 22.887 24.624 25.399 25.930 26.775 26.996 27.376 27.465 27.871 28.075 28.239 28.392 28.658 28.725 28.876 28.936 29.104 29.077 29.297 29.258 29.485 29.522 29.598 29.654 29.755 29.846 29.830 29.890 29.915 29.976 30.010 30.018 30.047 30.073 30.064 30.064 30.091 30.086 30.108 30.095 30.043 30.039 29.920 30.012 30.009 30.060 30.057 30.050 30.081 30.053 30.040 30.109 30.110 30.123 30.103 30.158 30.145 30.170 30.152 30.113 30.085 30.082 30.100 30.087 30.106 30.101 30.027 30.015 29.979 29.900 29.953 29.800 29.855 29.715 29.772 29.733 29.689 29.577 29.571 29.314 29.278 29.158 28.950 29.002 28.877 28.851 28.785 28.729 28.841 28.908 28.976 29.071 29.227 29.342 29.323 29.516 29.534 29.567 29.596 29.595 29.561 29.659 29.594 29.659 29.629 29.756 29.843 29.843 29.861 29.816 29.816 29.692 29.738 29.657 29.595 29.545 29.445 29.402 29.283 29.242 29.220 29.054 29.011 29.015 28.836 28.606 28.772 28.708 28.617 28.495 28.700 28.472 28.564 28.607 28.685 28.585 28.740 28.797 28.845 28.870 28.828 29.003 29.024 28.805 28.941 29.139 29.048 29.016 29.172 29.156 29.194 29.308 29.395 29.333 29.436 29.401 29.530 29.529 29.576 29.638 29.740 29.709 29.697 29.769 29.781 29.800 29.850 29.896 29.847 29.949 29.998 30.019 30.053 30.050 30.028 29.991 29.913 29.883 29.874 29.876 29.829 29.709 29.715 29.754 29.619 29.616 29.624 29.594 29.476 29.461 29.404 29.359 29.388 29.382 29.333 29.205 29.117 29.130 29.198 29.063 29.037 28.999 29.104 28.876 28.672 28.672 28.824 28.825 28.762 28.720 28.867 28.756 28.901 28.938 28.929 28.884 28.884 29.088
30.291 30.283 30.244 30.228 30.194 30.149 30.072 29.956 29.972 29.922 29.859 29.719 29.781 29.660 29.583 29.534 29.490 29.340 29.197 29.182 29.052 28.916 29.001 28.933 28.841 28.745 28.660 28.637 28.456 28.330 28.186 28.031 27.787 27.593 27.353 26.787 26.567 25.964 25.433 24.705 24.162 23.281 22.137 20.970 18.726 17.628 15.216 12.151 10.727 8.403 6.371 4.898 3.422 2.651 1.659 0.000 1.598 3.348 4.517 7.124 9.296 12.206 15.387 17.825 20.485 21.884 22.919 23.832 24.343 24.984 25.255 25.645 26.229 26.663 26.948 27.310 27.566 27.998 28.138 28.506 28.467 28.705 28.880 29.085 29.199 29.335 29.436 29.558 29.672 29.676 29.748 29.793 29.868 29.911 29.937 29.965 30.013 29.999 30.011 30.043 30.042 30.054 30.044 29.959 29.962 29.816 29.929 29.933 30.012 29.992 29.983 30.022 29.973 29.969 30.047 30.040 30.050 30.052 30.083 30.089 30.138 30.104 30.055 30.001 30.050 30.057 30.039 30.049 30.017 29.978 29.935 29.932 29.802 29.907 29.705 29.779 29.591 29.605 29.614 29.530 29.471 29.360 29.201 29.072 28.932 28.684 28.615 28.517 28.396 28.246 28.228 28.288 28.422 28.421 28.563 28.796 28.900 29.003 29.205 29.225 29.234 29.333 29.300 29.273 29.390 29.302 29.420 29.447 29.524 29.690 29.647 29.688 29.642 29.611 29.510 29.513 29.413 29.327 29.198 29.119 29.040 28.863 28.843 28.755 28.538 28.429 28.445 28.336 27.874 28.133 28.094 27.792 27.534 27.991 27.838 27.696 27.708 27.869 27.779 27.871 27.985 28.250 28.110 28.135 28.365 28.357 28.154 28.442 28.623 28.537 28.505 28.836 28.787 28.709 28.948 29.132 29.034 29.065 29.139 29.244 29.233 29.224 29.376 29.522 29.409 29.460 29.566 29.581 29.592 29.675 29.718 29.703 29.827 29.893 29.940 29.984 29.983 29.974 29.942 29.811 29.835 29.778 29.768 29.686 29.565 29.538 29.588 29.396 29.385 29.395 29.304 29.180 29.174 29.157 28.997 29.089 29.138 28.999 28.733 28.753 28.753 28.728 28.488 28.595 28.570 28.563 28.209 28.145 28.032 28.144 28.251 28.243 28.096 28.341 28.360 28.440 28.486 28.533 28.573 28.569 28.589
30.306 30.263 30.251 30.211 30.162 30.114 30.018 29.921 29.939 29.857 29.827 29.680 29.744 29.648 29.489 29.481 29.440 29.239 29.031 29.065 28.907 28.688 28.831 28.682 28.423 28.319 28.227 28.264 27.892 27.914 27.598 27.556 27.455 27.168 26.925 26.644 26.407 26.045 25.897 25.594 25.177 24.901 24.416 23.559 22.206 21.509 19.535 17.276 15.232 12.614 9.781 7.273 5.659 3.658 2.981 1.733 0.000 1.495 2.820 4.544 5.686 8.661 10.831 13.743 15.878 18.109 19.613 20.815 22.019 22.850 23.316 24.013 24.610 25.156 25.641 26.318 26.686 27.233 27.627 28.166 28.023 28.458 28.594 29.012 28.957 29.145 29.268 29.485 29.606 29.599 29.683 29.705 29.848 29.880 29.917 29.951 29.995 29.966 29.959 30.028 30.009 30.040 30.000 29.890 29.941 29.814 29.935 29.954 30.009 29.980 29.963 29.993 29.974 30.018 30.068 30.079 30.072 30.062 30.099 30.084 30.125 30.088 30.080 30.033 30.072 30.081 30.062 30.115 30.038 30.027 30.000 29.960 29.853 29.936 29.742 29.806 29.692 29.640 29.662 29.543 29.483 29.337 29.196 28.815 28.600 28.343 28.132 27.996 27.800 27.653 27.601 27.634 27.712 27.832 27.927 28.172 28.360 28.481 28.796 28.836 28.800 28.968 28.919 29.010 29.051 29.077 29.127 29.171 29.329 29.464 29.503 29.527 29.542 29.481 29.363 29.379 29.226 29.167 29.079 28.890 28.781 28.555 28.558 28.452 28.290 28.076 28.146 28.037 27.508 27.712 27.725 27.450 27.066 27.571 27.444 27.234 27.248 27.611 27.373 27.424 27.684 27.863 27.742 27.792 28.101 28.188 27.825 28.112 28.480 28.168 28.233 28.663 28.612 28.543 28.793 29.040 28.926 29.008 29.066 29.204 29.114 29.248 29.384 29.508 29.406 29.475 29.534 29.556 29.684 29.663 29.722 29.714 29.850 29.879 29.935 30.003 30.001 29.984 29.965 29.830 29.886 29.853 29.842 29.729 29.620 29.526 29.608 29.461 29.361 29.488 29.327 29.186 29.157 29.094 29.003 28.956 29.041 28.958 28.592 28.586 28.602 28.596 28.152 28.348 28.461 28.349 27.847 27.820 27.539 27.766 28.027 27.927 27.903 28.152 28.348 28.273 28.365 28.522 28.632 28.608 28.670
30.259 30.228 30.199 30.171 30.141 30.110 29.983 29.854 29.929 29.836 29.780 29.662 29.726 29.633 29.498 29.481 29.399 29.291 29.133 29.097 28.919 28.890 28.924 28.801 28.711 28.612 28.520 28.545 28.384 28.219 28.006 27.939 27.821 27.495 27.389 27.042 26.924 26.450 26.333 25.800 25.706 25.286 24.747 24.017 22.685 22.291 20.876 18.692 17.033 14.263 11.998 9.649 6.947 5.040 3.917 2.702 1.742 0.000 1.462 2.906 3.997 5.724 7.718 10.160 12.641 15.262 16.744 18.443 19.924 20.957 21.656 22.651 23.637 24.360 25.153 26.099 26.439 27.080 27.511 28.000 28.135 28.543 28.705 29.020 29.077 29.153 29.216 29.363 29.495 29.480 29.534 29.572 29.691 29.757 29.774 29.796 29.834 29.860 29.850 29.925 29.909 29.958 29.942 29.881 29.905 29.750 29.864 29.898 29.957 29.962 29.942 29.980 29.928 29.941 30.014 30.020 30.012 30.043 30.075 30.072 30.140 30.095 30.069 30.016 30.060 30.074 30.063 30.097 30.050 30.031 30.001 30.002 29.838 29.960 29.771 29.817 29.648 29.654 29.705 29.559 29.522 29.359 29.253 28.898 28.687 28.410 28.206 28.134 27.847 27.738 27.610 27.684 27.883 27.923 28.176 28.384 28.615 28.751 29.011 29.029 29.034 29.160 29.126 29.148 29.241 29.168 29.270 29.286 29.371 29.556 29.525 29.584 29.545 29.514 29.406 29.450 29.301 29.285 29.102 29.028 28.954 28.862 28.793 28.748 28.549 28.308 28.313 28.242 27.717 27.890 27.879 27.706 27.279 27.696 27.628 27.367 27.432 27.725 27.559 27.563 27.786 28.038 27.815 27.886 28.263 28.252 27.982 28.240 28.622 28.408 28.511 28.764 28.799 28.757 28.957 29.168 29.083 29.077 29.219 29.382 29.273 29.321 29.480 29.588 29.464 29.479 29.661 29.668 29.697 29.744 29.818 29.780 29.866 29.930 29.979 30.027 29.992 30.002 29.950 29.861 29.868 29.835 29.824 29.752 29.641 29.662 29.678 29.515 29.408 29.510 29.414 29.271 29.261 29.276 29.101 29.139 29.197 29.080 28.747 28.791 28.858 28.855 28.543 28.546 28.611 28.591 28.157 28.032 27.978 28.196 28.278 28.270 28.214 28.428 28.438 28.593 28.666 28.694 28.767 28.804 28.743
30.209 30.176 30.128 30.063 30.013 29.977 29.817 29.726 29.711 29.629 29.520 29.309 29.375 29.279 29.115 29.033 28.966 28.773 28.542 28.517 28.302 28.155 28.342 28.156 27.943 27.887 27.810 27.610 27.488 27.287 27.029 26.859 26.758 26.535 26.513 26.091 26.160 25.748 25.653 25.353 25.265 25.459 25.039 24.766 23.789 23.790 22.331 21.156 19.366 16.696 14.589 12.365 9.388 6.739 5.148 3.424 2.657 1.285 0.000 1.165 2.711 3.765 5.637 7.612 9.338 11.598 13.148 14.121 16.059 17.340 18.448 20.349 21.199 22.776 23.372 24.591 25.291 25.949 26.481 27.014 27.266 27.658 27.877 28.218 28.355 28.458 28.630 28.741 28.974 28.949 29.055 29.183 29.246 29.466 29.488 29.487 29.594 29.615 29.585 29.716 29.698 29.758 29.721 29.628 29.726 29.515 29.699 29.697 29.817 29.772 29.779 29.817 29.812 29.837 29.913 29.932 29.933 29.989 29.994 30.000 30.049 30.042 30.015 29.999 30.014 30.020 30.023 30.070 30.031 29.986 29.974 29.930 29.840 29.903 29.734 29.777 29.623 29.583 29.595 29.350 29.367 29.082 28.949 28.453 28.220 27.809 27.323 27.282 26.735 26.652 26.277 26.254 26.449 26.536 26.964 27.198 27.536 27.892 28.300 28.335 28.357 28.537 28.444 28.592 28.597 28.694 28.749 28.776 29.086 29.216 29.268 29.323 29.277 29.283 29.196 29.117 29.034 29.006 28.732 28.625 28.446 28.276 28.285 28.058 27.802 27.519 27.565 27.369 26.627 26.648 26.974 26.433 25.817 26.576 26.542 25.986 26.030 26.668 26.462 26.196 26.579 27.048 26.773 26.869 27.144 27.211 26.865 27.335 27.701 27.375 27.485 27.996 27.890 27.773 28.195 28.385 28.290 28.412 28.565 28.688 28.547 28.810 28.847 28.998 29.013 29.091 29.143 29.152 29.301 29.304 29.330 29.343 29.564 29.593 29.666 29.791 29.792 29.745 29.735 29.478 29.555 29.543 29.451 29.333 29.260 29.236 29.217 29.008 29.058 29.085 28.880 28.768 28.822 28.624 28.497 28.564 28.698 28.337 28.021 28.111 28.122 27.955 27.605 27.775 27.858 27.720 27.220 27.250 27.119 27.209 27.464 27.519 27.530 27.805 27.741 27.974 28.071 28.196 28.380 28.319 28.476
30.236 30.206 30.195 30.152 30.105 30.056 29.908 29.778 29.863 29.777 29.732 29.590 29.674 29.580 29.428 29.344 29.339 29.157 28.996 28.989 28.770 28.806 28.982 28.693 28.618 28.690 28.519 28.488 28.469 28.298 28.160 28.095 28.049 27.776 27.758 27.499 27.524 27.037 27.336 27.043 26.887 26.782 26.541 26.099 25.377 25.056 24.061 23.128 21.731 19.093 17.438 14.960 11.871 9.048 6.503 4.553 3.214 2.581 1.210 0.000 1.566 3.361 4.295 6.000 8.136 10.626 12.226 14.522 17.193 18.739 20.696 22.453 23.447 24.410 25.057 25.847 26.446 27.046 27.450 27.885 28.109 28.382 28.514 28.780 28.939 28.985 28.959 29.215 29.343 29.358 29.426 29.482 29.632 29.689 29.710 29.745 29.787 29.814 29.793 29.877 29.857 29.894 29.898 29.760 29.874 29.683 29.841 29.856 29.933 29.889 29.886 29.911 29.875 29.910 29.963 29.970 29.968 30.019 30.050 30.063 30.126 30.013 30.056 29.963 30.064 30.063 30.061 30.056 30.028 30.056 30.011 30.011 29.866 29.963 29.760 29.837 29.655 29.647 29.713 29.451 29.525 29.244 29.186 28.689 28.482 28.212 27.706 27.762 27.190 27.140 26.900 26.963 27.100 27.165 27.563 27.662 27.954 28.270 28.635 28.566 28.640 28.725 28.700 28.774 28.861 28.836 28.899 28.941 29.145 29.298 29.339 29.318 29.359 29.250 29.206 29.220 29.155 29.070 28.959 28.819 28.740 28.762 28.576 28.526 28.326 28.142 28.227 28.146 27.575 27.671 27.780 27.671 27.117 27.604 27.620 27.349 27.269 27.592 27.491 27.520 27.608 27.896 27.627 27.805 27.990 28.142 27.858 28.149 28.373 28.332 28.401 28.578 28.622 28.678 28.813 28.986 28.976 29.026 28.990 29.222 29.251 29.304 29.357 29.466 29.408 29.406 29.567 29.599 29.577 29.605 29.751 29.661 29.768 29.892 29.964 30.006 29.991 30.015 29.932 29.817 29.812 29.761 29.743 29.740 29.569 29.553 29.631 29.477 29.352 29.476 29.392 29.236 29.146 29.232 29.150 29.097 29.077 29.056 28.765 28.655 28.689 28.747 28.480 28.512 28.480 28.497 28.157 27.887 27.986 28.116 28.188 28.136 28.127 28.331 28.254 28.477 28.514 28.550 28.721 28.624 28.659
30.241 30.206 30.169 30.145 30.095 30.068 29.878 29.798 29.832 29.733 29.667 29.571 29.603 29.463 29.381 29.283 29.257 29.192 28.980 28.965 28.846 28.729 28.854 28.716 28.620 28.549 28.442 28.442 28.316 28.257 28.112 28.011 27.903 27.720 27.583 27.294 27.183 26.846 26.909 26.663 26.518 26.638 26.386 26.407 25.828 25.940 25.297 24.921 24.053 22.584 21.223 19.193 16.820 13.859 11.506 8.361 5.918 4.309 2.638 1.737 0.001 1.518 2.923 3.990 5.781 8.242 9.943 11.781 14.644 16.391 18.478 20.655 22.347 23.117 24.080 25.073 25.633 26.302 26.925 27.487 27.607 28.191 28.325 28.550 28.633 28.798 28.909 29.060 29.142 29.185 29.304 29.441 29.566 29.564 29.635 29.771 29.752 29.793 29.729 29.833 29.816 29.857 29.836 29.669 29.807 29.682 29.758 29.831 29.895 29.881 29.857 29.898 29.914 29.924 29.987 29.995 30.010 30.027 30.051 30.058 30.138 30.010 30.064 29.990 30.025 30.047 30.045 30.069 30.032 29.999 29.974 29.937 29.825 29.879 29.666 29.668 29.512 29.483 29.557 29.311 29.219 29.025 28.898 28.432 28.131 27.873 27.429 27.307 26.838 26.551 26.382 26.351 26.514 26.533 26.883 27.046 27.471 27.795 28.253 28.372 28.402 28.614 28.569 28.650 28.724 28.820 28.883 28.877 29.100 29.324 29.343 29.392 29.311 29.309 29.212 29.257 29.035 29.040 28.890 28.784 28.712 28.571 28.532 28.487 28.333 28.072 28.162 27.958 27.313 27.502 27.637 27.333 26.895 27.452 27.429 27.323 27.097 27.691 27.426 27.546 27.589 27.936 27.820 27.756 28.105 28.187 27.952 28.154 28.490 28.358 28.414 28.562 28.693 28.672 28.814 28.990 28.997 29.057 29.130 29.305 29.204 29.333 29.401 29.559 29.480 29.513 29.603 29.659 29.673 29.675 29.811 29.779 29.872 29.917 29.959 30.039 30.020 30.000 30.027 29.892 29.920 29.938 29.880 29.792 29.691 29.691 29.686 29.554 29.513 29.588 29.396 29.269 29.260 29.220 29.157 29.129 29.134 29.004 28.755 28.757 28.782 28.719 28.415 28.409 28.565 28.514 28.097 27.914 27.910 27.967 28.199 28.125 28.079 28.345 28.474 28.500 28.546 28.725 28.809 28.769 28.799
30.169 30.106 30.083 30.035 29.965 29.923 29.724 29.573 29.604 29.506 29.433 29.193 29.277 29.153 29.012 28.906 28.825 28.740 28.453 28.412 28.255 28.135 28.253 28.020 27.923 27.804 27.640 27.617 27.472 27.307 27.072 26.907 26.682 26.561 26.494 26.114 26.278 25.863 26.111 25.927 26.132 26.210 26.401 26.220 25.981 26.140 25.902 25.666 25.043 24.495 23.260 21.792 19.892 16.285 14.142 10.845 7.795 5.547 3.420 2.598 1.501 0.000 1.259 2.786 3.581 5.390 7.341 8.666 11.619 12.663 14.702 16.564 17.955 19.779 20.874 22.437 23.615 24.576 25.377 26.106 26.536 27.045 27.341 27.781 27.966 28.152 28.194 28.541 28.719 28.709 28.847 28.992 29.170 29.319 29.367 29.398 29.479 29.518 29.482 29.635 29.602 29.690 29.661 29.510 29.670 29.425 29.643 29.659 29.774 29.710 29.725 29.748 29.741 29.778 29.854 29.873 29.881 29.930 29.939 29.949 30.003 29.973 29.949 29.892 29.947 29.967 29.970 30.011 29.966 29.931 29.914 29.871 29.772 29.830 29.647 29.679 29.511 29.452 29.504 29.154 29.172 28.850 28.755 28.182 28.070 27.536 26.722 26.747 25.927 25.594 25.100 24.874 25.078 25.094 25.612 26.029 26.527 27.096 27.705 27.966 27.970 28.246 28.179 28.391 28.431 28.549 28.661 28.658 28.997 29.158 29.187 29.207 29.124 29.148 29.112 29.129 28.906 28.963 28.724 28.653 28.541 28.395 28.389 28.245 28.001 27.756 27.814 27.649 26.885 27.143 27.311 26.982 26.436 27.041 27.056 26.656 26.678 27.218 26.957 26.831 26.975 27.405 27.090 27.064 27.445 27.541 27.050 27.466 27.851 27.557 27.546 28.041 27.989 27.884 28.204 28.471 28.376 28.472 28.564 28.768 28.636 28.851 28.926 29.109 29.005 29.071 29.216 29.229 29.247 29.366 29.432 29.386 29.614 29.672 29.732 29.857 29.863 29.797 29.783 29.539 29.645 29.658 29.570 29.419 29.330 29.297 29.304 29.065 29.031 29.142 28.912 28.772 28.816 28.708 28.573 28.632 28.669 28.383 28.128 28.134 28.153 28.123 27.780 27.815 27.943 27.948 27.470 27.454 27.311 27.470 27.736 27.743 27.674 27.860 27.908 28.134 28.218 28.272 28.514 28.451 28.736
30.167 30.112 30.098 30.035 29.964 29.875 29.658 29.527 29.600 29.475 29.349 29.141 29.212 29.038 28.900 28.818 28.659 28.554 28.316 28.296 28.106 27.928 28.054 27.855 27.766 27.651 27.406 27.440 27.201 27.078 26.872 26.628 26.476 26.304 26.085 25.665 25.843 25.305 25.607 25.417 25.609 25.524 25.752 25.719 25.433 25.817 25.605 25.556 25.122 24.570 23.628 22.609 20.863 18.325 16.224 13.517 10.205 7.801 5.148 3.539 2.519 1.428 0.000 1.256 2.608 3.784 5.182 6.771 8.876 10.301 12.031 13.856 15.439 17.332 18.717 20.551 21.904 22.720 24.099 24.929 25.463 26.114 26.586 27.151 27.450 27.712 27.868 28.214 28.455 28.544 28.699 28.890 29.104 29.213 29.274 29.414 29.441 29.476 29.469 29.602 29.567 29.616 29.616 29.431 29.594 29.365 29.552 29.575 29.689 29.649 29.647 29.754 29.769 29.779 29.854 29.862 29.862 29.884 29.923 29.936 30.037 29.921 29.962 29.833 29.930 29.947 29.958 29.947 29.920 29.892 29.868 29.828 29.730 29.760 29.558 29.523 29.388 29.298 29.397 29.058 29.029 28.766 28.610 28.114 27.935 27.367 26.707 26.499 25.675 25.201 24.858 24.419 24.555 24.471 24.989 25.530 26.016 26.727 27.426 27.703 27.667 28.082 28.060 28.249 28.319 28.379 28.523 28.514 28.855 29.012 29.080 29.037 29.065 29.036 28.998 29.063 28.769 28.868 28.507 28.448 28.365 28.191 28.171 27.932 27.739 27.407 27.585 27.324 26.654 26.869 27.111 26.868 26.203 26.937 26.973 26.556 26.426 27.067 26.855 26.786 26.826 27.271 27.222 26.980 27.343 27.507 27.251 27.311 27.844 27.674 27.606 27.986 28.181 28.096 28.207 28.464 28.552 28.517 28.671 28.870 28.801 28.909 29.002 29.153 29.143 29.140 29.250 29.356 29.395 29.395 29.533 29.509 29.624 29.728 29.767 29.842 29.855 29.817 29.801 29.608 29.698 29.654 29.598 29.542 29.413 29.329 29.423 29.243 29.129 29.252 29.052 28.810 28.873 28.923 28.689 28.633 28.669 28.601 28.160 28.173 28.364 28.251 27.896 27.974 28.131 27.952 27.520 27.477 27.435 27.401 27.749 27.637 27.597 27.872 28.041 28.154 28.204 28.365 28.527 28.646 28.498
30.181 30.100 30.079 29.998 29.919 29.823 29.645 29.432 29.521 29.401 29.255 29.042 29.111 29.000 28.813 28.696 28.567 28.476 28.235 28.232 28.022 27.873 27.969 27.843 27.670 27.577 27.461 27.252 27.132 27.099 26.900 26.600 26.611 26.571 26.461 26.314 26.558 26.062 26.477 26.258 26.600 26.460 26.956 26.837 26.802 27.086 26.965 27.229 26.578 26.445 25.907 25.350 24.386 23.270 21.529 18.390 14.388 11.134 8.152 5.496 3.600 2.465 1.463 0.000 1.313 2.914 3.880 5.108 7.652 8.766 11.841 13.218 14.918 16.841 18.045 19.674 21.084 22.119 23.339 24.158 24.858 25.630 26.125 26.694 26.966 27.395 27.447 27.917 28.091 28.285 28.457 28.602 28.919 29.093 29.148 29.250 29.331 29.385 29.398 29.513 29.505 29.577 29.588 29.440 29.586 29.361 29.527 29.608 29.677 29.682 29.689 29.755 29.786 29.792 29.876 29.892 29.894 29.910 29.947 29.943 29.976 29.912 29.932 29.832 29.921 29.938 29.932 29.896 29.898 29.888 29.861 29.806 29.658 29.742 29.631 29.578 29.451 29.356 29.452 29.122 29.157 28.786 28.641 28.107 28.081 27.340 26.721 26.580 25.867 25.291 24.715 24.420 24.468 24.501 24.846 25.548 25.898 26.807 27.421 27.737 27.578 27.952 27.922 28.099 28.098 28.288 28.425 28.339 28.783 28.929 29.000 29.015 29.043 28.901 28.967 29.009 28.655 28.706 28.357 28.407 28.316 28.132 28.126 27.866 27.719 27.490 27.743 27.529 26.798 27.178 27.461 27.081 26.690 27.473 27.414 27.065 27.155 27.717 27.524 27.564 27.675 28.024 27.751 27.823 28.100 28.219 27.873 28.026 28.473 28.295 28.257 28.537 28.637 28.531 28.669 28.962 28.886 28.868 28.979 29.209 29.090 29.143 29.285 29.449 29.294 29.307 29.465 29.453 29.514 29.570 29.651 29.573 29.727 29.828 29.837 29.879 29.895 29.875 29.819 29.726 29.715 29.683 29.707 29.659 29.455 29.503 29.579 29.385 29.281 29.373 29.299 29.112 29.131 29.161 28.973 28.977 29.005 28.961 28.702 28.689 28.817 28.805 28.538 28.620 28.705 28.672 28.297 28.154 28.064 28.204 28.502 28.289 28.303 28.466 28.564 28.640 28.750 28.803 28.947 28.989 29.086
30.086 30.023 29.984 29.889 29.786 29.644 29.464 29.282 29.289 29.169 29.022 28.783 28.806 28.650 28.536 28.355 28.159 28.030 27.673 27.535 27.305 27.004 26.983 26.903 26.673 26.505 26.384 26.360 26.126 25.961 25.478 25.299 24.978 24.601 24.374 24.018 24.056 23.546 24.062 23.914 24.334 24.316 24.815 24.884 24.838 25.336 25.239 25.693 25.296 25.246 24.955 24.368 23.530 22.597 20.833 18.705 15.438 12.484 9.627 7.143 5.069 3.250 2.435 1.401 0.000 1.044 2.457 3.308 4.589 6.361 7.902 9.965 11.109 12.869 14.497 16.247 18.033 18.907 20.905 22.053 23.215 24.133 24.832 25.626 26.142 26.783 26.883 27.425 27.737 27.957 28.194 28.424 28.735 28.897 28.942 29.061 29.120 29.166 29.192 29.298 29.276 29.371 29.402 29.133 29.401 29.174 29.314 29.370 29.500 29.482 29.515 29.623 29.653 29.712 29.763 29.755 29.758 29.823 29.819 29.853 29.912 29.780 29.887 29.785 29.852 29.852 29.855 29.836 29.800 29.781 29.756 29.708 29.639 29.625 29.454 29.359 29.280 29.080 29.165 28.757 28.826 28.551 28.315 27.793 27.670 26.740 25.984 25.737 24.979 24.241 23.727 22.843 23.329 23.074 23.926 24.637 25.105 26.205 26.972 27.305 27.284 27.728 27.672 28.011 27.944 28.201 28.260 28.348 28.752 28.862 28.984 28.961 29.059 28.891 28.950 28.941 28.558 28.671 28.154 28.232 27.988 27.860 27.808 27.449 27.243 26.815 27.069 26.765 25.792 26.168 26.520 26.089 25.278 26.238 26.228 25.680 25.538 26.529 26.284 25.807 26.290 26.743 26.350 26.230 26.795 26.910 26.474 26.690 27.267 27.108 26.914 27.445 27.681 27.449 27.588 28.089 28.144 27.985 28.197 28.449 28.417 28.451 28.631 28.792 28.826 28.790 28.899 28.990 29.075 29.056 29.194 29.207 29.320 29.450 29.472 29.529 29.570 29.552 29.561 29.313 29.430 29.406 29.352 29.262 29.135 29.139 29.108 28.867 28.896 28.875 28.761 28.534 28.528 28.548 28.242 28.231 28.410 28.220 27.650 27.784 27.991 27.769 27.352 27.539 27.716 27.522 27.000 27.100 27.043 27.146 27.342 27.249 27.348 27.586 27.814 27.745 27.939 28.186 28.305 28.476 28.326
30.081 29.949 29.931 29.825 29.731 29.599 29.425 29.221 29.211 29.075 28.912 28.672 28.711 28.529 28.350 28.112 28.021 27.745 27.525 27.442 27.146 27.073 27.116 26.929 26.653 26.591 26.381 26.149 26.174 25.887 25.545 25.436 25.190 24.763 24.598 24.283 24.453 23.863 24.413 24.187 24.588 24.667 25.173 25.322 25.279 25.904 25.766 26.343 25.714 25.909 25.424 24.835 24.164 23.238 21.602 20.017 16.861 14.510 11.467 8.666 6.278 4.423 3.053 2.181 1.120 0.001 1.232 2.893 3.410 4.661 6.220 7.618 9.462 11.222 13.058 14.988 16.565 17.362 19.128 20.441 21.758 22.982 23.632 24.749 25.252 26.153 26.206 26.974 27.379 27.547 27.810 28.062 28.451 28.634 28.714 28.806 28.930 29.043 29.027 29.195 29.193 29.297 29.283 29.157 29.295 29.100 29.255 29.352 29.438 29.457 29.506 29.564 29.576 29.677 29.677 29.748 29.731 29.803 29.822 29.822 29.863 29.805 29.827 29.742 29.837 29.833 29.838 29.788 29.803 29.798 29.750 29.718 29.547 29.616 29.477 29.421 29.339 29.175 29.375 28.948 29.129 28.764 28.674 27.979 27.689 27.122 26.017 25.972 24.805 24.125 23.872 23.197 23.847 23.620 24.606 25.248 25.491 26.620 27.252 27.613 27.364 27.868 27.558 27.952 27.751 28.086 28.088 28.214 28.713 28.823 28.974 29.020 29.058 28.766 28.920 28.855 28.720 28.640 28.112 28.230 27.878 27.949 27.621 27.239 26.954 26.532 27.024 26.598 25.730 25.941 26.509 26.083 25.006 26.215 26.184 25.817 25.592 26.608 26.090 26.128 26.455 26.708 26.245 26.392 26.826 26.915 26.475 26.936 27.414 27.251 27.222 27.694 27.762 27.680 27.873 28.207 28.250 28.158 28.338 28.562 28.639 28.648 28.804 28.928 28.872 28.841 29.028 29.153 29.062 29.154 29.288 29.283 29.420 29.518 29.598 29.636 29.647 29.685 29.558 29.462 29.409 29.298 29.347 29.366 29.122 29.103 29.219 29.062 28.883 29.006 28.874 28.689 28.573 28.645 28.532 28.465 28.491 28.369 27.924 27.984 28.143 28.059 27.660 27.843 27.873 27.679 27.296 27.079 27.206 27.357 27.610 27.396 27.448 27.899 27.899 27.985 28.190 28.303 28.500 28.442 28.560
30.040 29.848 29.841 29.671 29.556 29.363 29.227 28.994 28.963 28.816 28.604 28.391 28.419 28.246 28.129 27.992 27.753 27.584 27.344 27.211 26.948 26.554 26.548 26.502 26.175 25.954 25.892 25.678 25.480 25.397 24.860 24.695 24.491 24.169 23.877 23.812 23.948 23.538 24.171 24.115 24.563 24.632 25.296 25.334 25.491 26.036 26.117 26.583 26.197 26.306 26.072 25.456 25.190 24.711 23.539 22.624 20.293 17.285 14.460 11.565 9.171 6.859 4.848 3.380 2.547 1.345 0.001 1.078 2.685 3.381 4.926 6.595 8.055 10.400 11.508 13.898 15.164 16.359 18.226 19.424 20.850 22.201 23.044 24.076 24.557 25.397 25.594 26.460 26.783 27.154 27.520 27.777 28.237 28.496 28.594 28.745 28.909 28.958 28.942 29.150 29.158 29.275 29.329 29.169 29.347 29.153 29.322 29.443 29.527 29.516 29.557 29.628 29.669 29.709 29.763 29.781 29.782 29.809 29.832 29.859 29.895 29.751 29.829 29.726 29.820 29.821 29.804 29.739 29.747 29.760 29.726 29.725 29.619 29.627 29.404 29.350 29.238 28.971 29.158 28.569 28.712 28.424 28.279 27.722 27.406 26.605 25.727 25.187 24.208 23.241 22.566 22.110 22.508 22.614 23.479 24.193 24.672 25.833 26.583 27.074 26.918 27.491 27.173 27.671 27.416 27.949 28.076 28.108 28.634 28.825 28.975 28.981 29.090 28.767 28.855 28.879 28.399 28.531 27.966 28.110 27.830 27.598 27.657 27.354 27.081 26.621 27.091 26.717 25.644 25.944 26.607 26.060 25.234 26.141 26.410 25.718 25.444 26.531 26.264 25.781 26.136 26.764 26.225 25.990 26.675 26.865 26.290 26.558 27.193 27.169 26.877 27.493 27.657 27.439 27.529 28.123 28.128 27.879 28.187 28.442 28.473 28.326 28.597 28.789 28.733 28.748 28.893 28.956 29.042 29.070 29.216 29.122 29.355 29.415 29.497 29.591 29.625 29.616 29.555 29.325 29.396 29.356 29.327 29.241 29.073 29.088 29.119 28.891 28.824 28.932 28.726 28.504 28.461 28.542 28.147 28.190 28.433 28.216 27.709 27.665 28.032 27.880 27.264 27.496 27.758 27.506 26.937 27.017 26.930 27.021 27.567 27.437 27.261 27.713 27.930 27.810 27.869 28.268 28.405 28.504 28.656
29.935 29.775 29.761 29.599 29.494 29.337 29.202 28.970 28.962 28.789 28.623 28.379 28.377 28.173 28.052 27.864 27.691 27.459 27.102 27.053 26.758 26.413 26.386 26.378 26.053 25.886 25.733 25.621 25.420 25.054 24.677 24.512 24.169 23.781 23.400 23.204 23.312 22.783 23.438 23.161 23.825 23.711 24.405 24.440 24.515 25.124 25.139 25.657 25.306 25.617 25.341 24.789 24.660 24.124 23.141 22.366 20.428 18.311 15.954 13.466 10.961 8.877 6.697 4.861 3.302 2.627 1.399 0.000 1.022 2.397 3.006 4.219 5.602 7.061 8.840 10.061 12.536 13.409 15.698 16.923 18.294 19.678 20.562 22.045 22.744 23.770 24.150 25.059 25.590 26.214 26.689 27.089 27.640 28.030 28.206 28.375 28.552 28.653 28.679 28.869 28.887 29.042 29.093 28.980 29.166 28.943 29.105 29.284 29.400 29.392 29.444 29.526 29.553 29.611 29.654 29.697 29.695 29.758 29.756 29.761 29.821 29.683 29.756 29.631 29.727 29.722 29.721 29.656 29.675 29.653 29.616 29.576 29.470 29.490 29.310 29.191 29.197 28.883 29.043 28.701 28.755 28.487 28.246 27.882 27.487 26.775 25.732 25.259 24.125 23.038 22.587 21.766 22.573 22.522 23.616 24.345 24.893 26.071 26.649 27.127 26.915 27.500 27.030 27.680 27.226 27.848 27.878 27.916 28.593 28.585 28.819 28.778 28.884 28.514 28.584 28.634 28.064 28.237 27.615 27.762 27.249 27.035 26.997 26.627 26.201 25.587 26.084 25.523 24.424 24.679 25.551 24.857 23.707 24.938 25.254 24.377 24.083 25.588 25.298 24.736 25.273 25.915 25.428 25.265 25.980 26.191 25.692 25.978 26.644 26.633 26.317 26.993 27.117 26.926 27.077 27.697 27.590 27.455 27.814 27.996 28.002 28.035 28.287 28.417 28.452 28.413 28.575 28.699 28.788 28.798 28.950 28.889 29.067 29.232 29.244 29.332 29.336 29.350 29.231 29.102 29.076 28.921 28.994 28.962 28.820 28.750 28.786 28.585 28.531 28.542 28.371 28.135 28.136 28.115 27.769 27.864 28.022 27.781 27.197 27.284 27.598 27.411 26.766 27.100 27.236 26.950 26.534 26.449 26.575 26.606 27.012 27.002 26.969 27.303 27.553 27.513 27.649 27.906 28.072 28.079 28.285
30.018 29.837 29.836 29.680 29.601 29.476 29.300 29.089 29.080 28.899 28.703 28.385 28.437 28.236 28.068 27.913 27.725 27.444 27.113 27.131 26.802 26.292 26.245 26.327 25.901 25.610 25.565 25.345 25.162 24.898 24.509 24.208 24.030 23.919 23.479 23.569 23.627 23.351 24.073 23.834 24.562 24.522 25.236 25.285 25.236 25.948 25.971 26.453 25.944 26.347 26.156 25.710 25.409 25.012 24.178 23.434 21.827 19.775 17.618 14.831 12.215 10.233 7.824 5.895 4.102 3.257 2.488 1.079 0.000 0.871 2.052 2.567 3.818 5.277 6.585 8.266 9.692 11.536 13.848 15.154 16.597 17.705 18.986 20.297 21.296 22.591 23.040 24.313 24.891 25.570 26.220 26.684 27.293 27.713 27.997 28.240 28.452 28.572 28.522 28.784 28.821 28.997 29.048 28.928 29.144 28.921 29.197 29.336 29.414 29.433 29.485 29.522 29.559 29.654 29.659 29.749 29.730 29.767 29.785 29.775 29.831 29.661 29.752 29.638 29.721 29.735 29.729 29.677 29.682 29.667 29.643 29.615 29.493 29.507 29.381 29.245 29.261 29.030 29.034 28.723 28.569 28.352 28.100 27.774 27.305 26.558 25.724 25.014 23.897 22.479 21.747 21.351 22.049 22.128 23.276 24.099 24.560 25.872 26.489 27.085 26.690 27.413 26.850 27.527 27.014 27.734 27.768 27.800 28.462 28.556 28.707 28.826 28.870 28.503 28.653 28.568 28.031 28.263 27.345 27.606 27.122 26.829 26.773 26.448 26.068 25.367 25.723 25.478 24.057 24.528 25.400 24.651 23.666 24.988 25.366 24.466 24.140 25.668 25.351 24.598 25.324 26.065 25.525 25.295 26.095 26.376 25.706 26.091 26.817 26.667 26.484 27.188 27.349 27.050 27.176 27.901 27.819 27.519 27.952 28.149 28.072 28.083 28.423 28.574 28.489 28.545 28.691 28.735 28.760 28.901 29.030 28.910 29.155 29.211 29.296 29.432 29.446 29.432 29.315 29.176 29.175 29.071 29.177 29.079 28.845 28.876 28.942 28.734 28.600 28.752 28.544 28.303 28.299 28.432 27.940 27.911 28.234 28.056 27.424 27.436 27.964 27.738 27.060 27.380 27.668 27.320 26.730 26.860 26.599 26.953 27.536 27.254 27.257 27.740 27.959 27.788 27.885 28.202 28.291 28.438 28.582
29.960 29.839 29.789 29.649 29.587 29.432 29.264 29.064 28.981 28.825 28.605 28.327 28.366 28.102 27.975 27.657 27.601 27.382 26.933 27.023 26.673 26.314 26.370 26.450 25.985 25.691 25.597 25.569 25.134 24.949 24.407 24.315 23.863 23.475 23.031 22.894 22.925 22.409 23.190 23.062 23.785 23.800 24.474 24.672 24.741 25.525 25.659 26.076 25.872 26.232 25.916 25.567 25.157 24.966 24.224 23.532 22.021 20.317 18.144 15.814 13.094 11.316 9.206 7.428 5.707 4.453 3.198 2.093 0.998 0.000 0.840 1.829 2.359 3.615 4.703 5.999 7.856 8.749 11.347 12.860 14.370 15.843 16.855 18.563 19.648 20.932 21.812 23.048 24.050 24.470 25.479 26.219 26.863 27.295 27.602 28.028 28.196 28.395 28.439 28.680 28.733 28.874 28.933 28.855 29.047 28.918 29.105 29.301 29.357 29.374 29.400 29.491 29.543 29.603 29.686 29.735 29.755 29.785 29.782 29.794 29.829 29.699 29.752 29.653 29.758 29.776 29.787 29.758 29.728 29.679 29.645 29.613 29.502 29.456 29.320 29.189 29.122 28.866 28.875 28.486 28.422 28.064 27.972 27.521 27.013 26.331 25.451 24.697 23.449 22.378 21.247 20.741 21.382 21.390 22.980 23.715 24.486 25.730 26.293 26.927 26.736 27.409 26.813 27.712 27.154 27.851 28.083 27.918 28.589 28.674 28.909 28.839 29.023 28.578 28.779 28.676 28.109 28.353 27.527 27.665 27.393 26.999 26.893 26.621 26.210 25.337 25.786 25.417 23.488 24.251 25.073 24.128 22.991 24.464 24.638 23.396 23.313 25.021 24.620 23.696 24.772 25.292 24.856 24.569 25.478 25.885 25.284 25.649 26.288 26.398 26.138 26.657 26.998 26.845 26.927 27.429 27.522 27.319 27.689 27.853 27.863 27.997 28.138 28.318 28.308 28.303 28.377 28.516 28.605 28.666 28.782 28.803 29.061 29.128 29.151 29.290 29.266 29.247 29.169 28.997 28.989 29.015 28.980 28.859 28.695 28.699 28.627 28.432 28.420 28.430 28.209 28.003 28.092 27.970 27.828 27.712 27.978 27.654 27.215 27.116 27.461 27.382 26.702 26.833 27.148 27.004 26.279 26.020 26.033 26.503 26.799 26.718 26.654 27.150 27.404 27.432 27.498 27.785 28.011 28.018 28.110
29.865 29.727 29.662 29.562 29.495 29.404 29.096 28.942 28.865 28.718 28.594 28.305 28.402 28.127 27.991 27.801 27.735 27.402 26.807 26.913 26.680 26.452 26.208 26.178 25.860 25.718 25.590 25.462 25.192 24.989 24.501 24.388 24.063 23.951 23.473 23.334 23.255 23.075 23.681 23.587 24.381 24.161 25.131 24.895 25.081 25.675 25.863 26.382 25.960 26.232 26.124 25.787 25.458 25.294 24.670 23.929 22.385 20.890 19.072 16.829 14.306 12.287 9.965 8.504 7.106 5.423 4.118 2.747 1.940 0.917 0.000 0.759 1.684 2.132 3.212 4.616 5.626 6.828 8.791 10.479 12.093 13.376 14.847 16.146 17.226 18.720 19.638 21.084 22.302 23.300 24.312 25.317 26.284 26.808 27.252 27.718 27.934 28.127 28.206 28.421 28.471 28.674 28.696 28.588 28.877 28.663 28.995 29.118 29.231 29.215 29.287 29.260 29.296 29.467 29.469 29.608 29.612 29.649 29.669 29.673 29.686 29.581 29.648 29.525 29.646 29.678 29.661 29.628 29.637 29.625 29.586 29.552 29.382 29.429 29.286 29.106 29.013 28.892 28.830 28.638 28.550 28.330 28.137 27.738 27.298 26.649 25.790 24.890 23.370 21.424 21.141 20.282 21.191 21.542 23.095 24.193 24.494 25.974 26.511 27.023 26.769 27.160 26.696 27.385 27.013 27.608 27.749 27.949 28.578 28.615 28.846 28.872 28.977 28.486 28.667 28.386 27.979 28.134 27.231 27.747 26.989 26.622 26.622 26.201 25.900 24.945 25.591 25.064 23.294 23.968 24.917 23.948 22.818 24.439 24.855 23.620 23.404 25.219 24.872 23.791 24.891 25.686 25.169 24.837 25.870 26.123 25.314 25.748 26.676 26.446 26.265 26.852 27.293 26.914 27.012 27.760 27.696 27.424 27.855 28.152 27.903 28.080 28.414 28.411 28.333 28.380 28.613 28.671 28.643 28.761 28.887 28.857 29.052 29.184 29.071 29.318 29.337 29.260 29.139 29.117 29.093 28.998 29.056 28.992 28.774 28.801 28.852 28.517 28.467 28.657 28.379 28.141 28.169 28.268 27.934 27.768 28.068 27.946 27.365 27.218 27.743 27.599 26.731 27.258 27.542 27.164 26.449 26.474 26.199 26.866 27.212 26.950 26.938 27.494 27.861 27.570 27.896 28.109 28.375 28.358 28.469
29.907 29.761 29.722 29.595 29.562 29.446 29.177 29.001 29.013 28.831 28.721 28.459 28.516 28.234 28.161 27.911 27.763 27.590 27.121 27.166 26.800 26.629 26.663 26.400 26.203 25.998 25.915 25.804 25.444 25.396 24.502 24.704 24.176 23.935 23.594 23.174 23.243 22.852 23.508 23.600 24.292 24.235 24.828 24.791 24.600 25.534 25.777 26.210 25.904 26.110 25.948 25.598 25.500 25.429 24.767 24.174 22.773 21.193 19.702 17.912 15.586 13.846 11.420 9.668 8.319 6.784 5.276 3.801 2.602 1.745 0.878 0.000 0.783 1.665 2.159 3.513 4.716 5.505 7.779 9.055 10.961 12.230 13.842 15.505 16.734 18.397 19.410 21.119 22.462 23.662 24.667 25.613 26.564 27.082 27.363 27.902 28.096 28.264 28.346 28.535 28.592 28.757 28.783 28.777 28.991 28.755 29.089 29.181 29.336 29.331 29.391 29.406 29.415 29.467 29.595 29.671 29.702 29.742 29.739 29.741 29.792 29.667 29.743 29.584 29.707 29.753 29.751 29.719 29.702 29.639 29.609 29.548 29.432 29.381 29.279 29.015 28.974 28.620 28.788 28.301 28.333 28.007 27.932 27.590 27.300 26.502 25.579 24.904 23.770 22.123 21.607 20.855 21.469 21.466 22.751 23.893 24.521 25.737 26.351 26.917 26.692 27.248 26.890 27.744 27.240 27.848 28.046 27.974 28.737 28.720 28.946 28.871 29.051 28.533 28.833 28.643 28.042 28.343 27.510 27.775 27.380 27.018 27.074 26.880 26.490 25.600 26.144 25.627 23.868 24.636 25.511 24.202 23.196 24.981 25.179 23.554 23.824 25.335 25.069 23.694 25.168 25.643 24.998 24.913 25.942 26.148 25.335 26.004 26.791 26.685 26.429 26.984 27.475 27.149 27.153 27.801 27.825 27.554 27.893 28.116 28.075 28.171 28.354 28.410 28.420 28.467 28.594 28.625 28.687 28.721 28.922 28.793 29.053 29.207 29.101 29.350 29.372 29.260 29.181 29.029 29.050 29.026 29.008 28.873 28.676 28.692 28.700 28.432 28.431 28.550 28.321 28.114 28.203 28.179 27.912 27.867 28.052 27.927 27.200 27.062 27.670 27.504 26.801 27.098 27.446 27.151 26.290 26.287 25.833 26.580 27.011 26.725 26.566 27.173 27.603 27.555 27.647 27.929 28.245 28.193 28.275
29.872 29.740 29.724 29.606 29.591 29.499 29.238 29.069 29.028 28.905 28.786 28.512 28.602 28.336 28.207 27.984 27.986 27.642 27.134 27.227 27.032 26.810 26.745 26.520 26.386 26.273 26.040 25.979 25.665 25.563 24.957 24.995 24.617 24.328 23.934 23.730 23.407 23.333 24.011 23.883 24.695 24.468 25.206 24.990 25.191 25.866 26.148 26.625 26.192 26.560 26.462 26.210 25.984 25.933 25.365 24.697 23.247 21.908 20.466 18.548 16.399 15.061 12.620 10.763 9.033 7.898 6.689 4.802 3.647 2.432 1.689 0.878 0.000 0.831 1.736 2.330 3.558 4.446 6.131 7.468 9.222 10.291 12.323 13.913 15.543 16.894 18.315 19.554 20.942 22.383 23.377 24.624 25.684 26.462 26.908 27.414 27.631 27.941 28.060 28.295 28.351 28.564 28.582 28.556 28.827 28.617 28.991 29.078 29.212 29.196 29.305 29.296 29.337 29.505 29.554 29.679 29.690 29.730 29.750 29.742 29.781 29.649 29.726 29.606 29.744 29.770 29.753 29.717 29.731 29.698 29.659 29.621 29.449 29.483 29.328 29.174 29.080 28.815 28.869 28.532 28.523 28.233 28.167 27.809 27.369 26.762 25.754 24.987 23.869 21.870 21.765 20.576 21.438 21.277 22.988 24.174 24.803 25.992 26.450 26.758 26.782 26.996 27.056 27.360 27.324 27.759 27.923 28.119 28.614 28.638 28.824 28.814 28.950 28.528 28.592 28.548 28.045 28.267 27.563 27.870 27.174 26.918 26.969 26.542 26.214 25.302 25.914 25.356 23.660 24.308 25.457 23.990 23.126 24.981 25.084 24.026 23.983 25.609 25.471 24.276 25.464 26.128 25.567 25.348 26.410 26.712 25.837 26.468 27.312 27.120 27.010 27.423 27.861 27.735 27.752 28.218 28.253 28.107 28.404 28.607 28.362 28.623 28.857 28.797 28.807 28.776 29.009 29.007 29.035 29.090 29.205 29.178 29.316 29.424 29.308 29.419 29.471 29.427 29.322 29.312 29.310 29.214 29.274 29.263 29.044 29.057 29.135 28.913 28.896 28.979 28.784 28.570 28.657 28.654 28.322 28.314 28.472 28.379 27.712 27.695 28.052 28.009 27.235 27.634 27.870 27.594 26.646 26.867 26.325 26.977 27.464 27.156 27.156 27.590 27.952 27.823 28.044 28.193 28.506 28.454 28.558
29.877 29.766 29.729 29.619 29.587 29.477 29.244 29.072 29.061 28.865 28.728 28.425 28.449 28.165 28.097 27.854 27.741 27.540 27.170 27.154 26.819 26.690 26.593 26.310 26.064 25.954 25.884 25.571 25.265 25.166 24.369 24.562 24.020 23.832 23.774 23.394 23.212 23.109 23.644 23.696 24.355 24.334 24.863 24.906 24.916 25.673 26.081 26.549 26.271 26.546 26.417 26.210 26.085 26.024 25.578 25.094 23.747 22.463 21.328 19.443 17.590 16.270 14.299 12.487 10.939 9.134 8.457 6.512 4.690 3.516 2.294 1.714 0.885 0.000 0.887 1.942 2.580 3.529 4.949 6.051 8.136 8.998 10.849 12.792 14.659 16.103 17.466 19.085 20.433 22.126 23.128 24.608 25.685 26.421 26.882 27.425 27.631 27.914 28.002 28.264 28.323 28.561 28.613 28.595 28.891 28.747 29.072 29.187 29.314 29.351 29.410 29.428 29.490 29.603 29.658 29.760 29.772 29.801 29.778 29.797 29.829 29.650 29.769 29.663 29.772 29.789 29.774 29.722 29.711 29.664 29.624 29.567 29.443 29.382 29.246 29.096 28.961 28.636 28.774 28.363 28.476 28.076 28.027 27.728 27.333 26.564 25.692 25.014 23.802 22.263 21.681 20.770 21.515 21.131 22.531 23.599 24.205 25.249 25.878 26.380 26.283 26.956 26.695 27.501 27.320 27.841 28.054 28.086 28.690 28.707 28.956 28.910 29.081 28.582 28.911 28.716 28.205 28.404 27.758 27.756 27.604 27.127 27.155 26.912 26.721 25.821 26.392 25.961 24.366 24.980 25.934 24.621 23.704 25.405 25.616 24.310 24.337 25.707 25.416 24.234 25.522 26.076 25.269 25.164 26.213 26.464 25.583 26.295 26.935 26.924 26.652 27.192 27.571 27.325 27.403 27.981 27.999 27.810 28.063 28.329 28.270 28.288 28.576 28.603 28.565 28.543 28.760 28.709 28.746 28.831 29.029 28.894 29.059 29.239 29.232 29.376 29.396 29.321 29.237 29.076 29.112 29.083 29.035 28.999 28.737 28.810 28.848 28.576 28.522 28.666 28.492 28.208 28.322 28.296 28.057 28.031 28.184 27.999 27.424 27.254 27.721 27.612 26.896 27.211 27.547 27.315 26.487 26.675 25.933 26.753 27.158 26.962 26.727 27.459 27.636 27.775 27.705 27.984 28.347 28.329 28.418
29.872 29.769 29.742 29.626 29.615 29.531 29.338 29.160 29.171 29.048 28.880 28.677 28.734 28.465 28.337 28.220 28.126 27.824 27.286 27.366 27.142 26.882 26.892 26.624 26.583 26.419 26.128 26.005 25.706 25.714 24.986 25.027 24.557 24.491 24.030 24.007 23.614 23.573 24.203 23.880 24.746 24.400 25.274 25.012 25.422 26.019 26.371 26.806 26.541 26.760 26.639 26.513 26.368 26.300 25.951 25.302 24.192 23.132 22.087 20.540 18.989 17.720 16.112 14.542 12.790 11.067 9.512 8.126 6.263 4.510 3.410 2.411 1.755 0.960 0.000 0.831 1.856 2.466 3.836 5.084 6.794 7.700 9.340 10.908 13.128 14.678 16.112 17.356 18.949 20.784 21.889 23.528 24.866 25.762 26.429 26.986 27.339 27.668 27.827 28.140 28.271 28.526 28.571 28.598 28.847 28.747 29.051 29.117 29.297 29.320 29.388 29.402 29.437 29.537 29.613 29.724 29.736 29.769 29.804 29.790 29.807 29.733 29.768 29.664 29.769 29.789 29.771 29.748 29.722 29.701 29.644 29.579 29.478 29.446 29.307 29.154 29.063 28.750 28.805 28.418 28.531 28.136 28.119 27.754 27.490 27.033 26.327 25.315 24.302 22.301 22.367 20.792 21.672 21.185 22.898 24.090 24.690 26.031 26.474 26.830 26.952 27.202 27.292 27.704 27.569 27.982 28.069 28.201 28.545 28.585 28.776 28.853 28.934 28.544 28.595 28.577 28.139 28.342 27.713 27.901 27.436 27.074 27.002 26.885 26.565 25.779 26.116 25.534 24.152 24.722 25.640 24.212 23.387 25.320 25.276 24.189 24.146 25.800 25.616 24.567 25.493 26.263 25.717 25.324 26.368 26.712 25.921 26.460 27.206 27.017 27.025 27.424 27.789 27.612 27.608 28.167 28.112 27.987 28.336 28.598 28.300 28.459 28.832 28.685 28.686 28.754 28.989 28.913 28.943 29.138 29.193 29.055 29.245 29.419 29.283 29.382 29.446 29.389 29.272 29.279 29.252 29.067 29.199 29.145 28.925 28.949 29.091 28.801 28.798 28.881 28.665 28.432 28.493 28.619 28.179 28.191 28.362 28.200 27.604 27.499 27.938 27.838 27.157 27.437 27.753 27.421 26.614 26.752 26.200 26.936 27.240 27.053 27.013 27.440 27.927 27.730 28.038 28.111 28.503 28.401 28.481
29.885 29.817 29.800 29.613 29.595 29.539 29.333 29.253 29.241 29.082 28.900 28.641 28.625 28.445 28.256 28.137 27.892 27.760 27.309 27.379 27.193 26.796 26.966 26.620 26.497 26.201 26.161 25.844 25.390 25.443 24.981 24.852 24.361 24.218 23.899 23.917 23.562 23.367 24.013 23.901 24.702 24.495 25.331 25.030 25.353 26.123 26.483 26.858 26.635 26.925 26.840 26.770 26.632 26.647 26.407 25.852 24.878 23.956 23.051 21.601 20.274 19.216 17.334 16.137 14.549 12.409 11.504 9.194 7.911 6.385 4.486 3.722 2.476 1.878 0.998 0.000 0.837 1.920 2.738 3.705 5.357 6.054 7.954 9.077 11.588 13.531 15.043 16.405 17.848 19.961 21.230 22.873 24.277 25.291 26.158 26.980 27.302 27.635 27.880 28.202 28.286 28.603 28.626 28.691 28.865 28.739 29.092 29.176 29.278 29.332 29.428 29.425 29.522 29.615 29.651 29.736 29.747 29.760 29.802 29.822 29.813 29.755 29.778 29.653 29.778 29.782 29.742 29.711 29.676 29.660 29.594 29.537 29.425 29.396 29.271 29.247 29.031 28.747 28.730 28.372 28.493 28.046 28.050 27.643 27.357 26.786 26.092 25.462 23.990 22.312 21.988 21.201 21.631 21.414 22.651 23.607 24.430 25.127 25.525 26.132 26.350 26.803 27.049 27.554 27.596 27.889 27.950 28.238 28.562 28.624 28.866 28.901 29.042 28.771 28.940 28.745 28.489 28.521 28.076 28.179 27.617 27.554 27.342 27.178 26.813 26.082 26.324 25.965 24.610 24.839 25.620 24.864 23.591 24.926 25.377 24.824 24.230 25.807 25.733 24.867 25.842 26.485 26.234 25.561 26.672 27.058 26.252 26.696 27.391 27.448 27.186 27.656 27.946 27.884 27.847 28.405 28.469 28.243 28.409 28.693 28.620 28.614 28.909 28.871 28.764 28.889 29.001 28.949 28.985 29.107 29.252 29.168 29.184 29.362 29.392 29.364 29.448 29.478 29.354 29.283 29.292 29.165 29.271 29.197 29.025 29.021 29.084 28.989 28.800 28.968 28.896 28.631 28.590 28.685 28.463 28.397 28.502 28.402 27.955 27.785 28.143 28.073 27.464 27.544 27.887 27.720 27.041 27.195 26.247 27.098 27.649 27.531 27.092 27.779 28.150 27.963 27.922 28.215 28.500 28.553 28.654
29.909 29.856 29.856 29.719 29.681 29.581 29.421 29.359 29.334 29.178 29.012 28.807 28.769 28.596 28.447 28.241 28.055 27.945 27.389 27.413 27.372 26.977 26.941 26.695 26.803 26.426 26.011 25.950 25.776 25.380 25.115 24.949 24.618 24.282 23.807 23.831 23.764 23.207 24.017 23.788 24.726 24.521 25.488 25.202 25.570 26.252 26.414 26.879 26.616 26.937 26.913 26.800 26.833 26.916 26.657 26.342 25.752 24.790 24.081 22.910 21.798 20.752 19.202 17.585 16.237 14.686 12.887 11.501 8.913 7.775 6.441 4.851 3.621 2.625 1.916 1.068 0.000 0.876 2.032 2.786 4.220 5.241 6.457 7.832 9.570 11.749 13.388 15.071 16.490 18.360 19.995 21.673 23.094 24.115 25.096 26.070 26.586 27.017 27.402 27.712 27.978 28.180 28.308 28.417 28.551 28.405 28.683 28.875 29.005 29.053 29.140 29.174 29.260 29.427 29.489 29.569 29.608 29.604 29.681 29.696 29.694 29.723 29.671 29.577 29.712 29.726 29.714 29.639 29.639 29.657 29.597 29.550 29.443 29.375 29.353 29.225 29.135 28.793 28.811 28.466 28.652 28.219 28.195 27.880 27.447 26.942 26.280 25.413 24.323 22.514 22.548 21.413 21.810 21.599 23.243 24.015 24.823 25.751 26.029 26.261 26.851 27.343 27.512 28.012 27.985 28.200 28.420 28.376 28.764 28.877 29.036 29.048 29.157 28.980 29.116 28.929 28.617 28.583 28.212 28.129 27.840 27.525 27.250 27.230 26.662 25.968 26.069 25.644 24.350 24.882 25.499 24.697 23.250 25.248 25.165 24.450 23.721 25.564 25.473 23.975 25.257 25.718 25.735 24.766 25.862 26.274 25.561 25.941 26.682 26.583 26.479 26.931 27.197 27.066 27.054 27.704 27.848 27.610 27.892 28.134 28.193 28.166 28.463 28.545 28.460 28.517 28.658 28.748 28.719 28.887 29.037 28.975 29.077 29.230 29.278 29.267 29.334 29.384 29.266 29.139 29.100 28.966 29.019 28.979 28.817 28.773 28.797 28.672 28.523 28.673 28.491 28.220 28.221 28.227 27.993 27.935 28.027 27.912 27.257 27.073 27.482 27.415 26.747 26.951 27.076 26.834 26.272 26.493 25.729 26.475 27.062 27.063 26.690 27.249 27.710 27.821 27.629 27.848 28.212 28.149 28.324
29.904 29.811 29.832 29.648 29.670 29.557 29.429 29.292 29.366 29.244 29.030 28.874 28.868 28.655 28.568 28.387 28.142 28.049 27.662 27.577 27.477 27.193 27.191 26.995 27.058 26.777 26.317 26.116 25.850 25.707 25.328 24.861 24.949 24.582 23.965 23.969 23.764 23.366 23.985 23.464 24.612 24.237 25.254 25.201 25.503 26.222 26.477 26.888 26.846 27.054 27.219 27.134 27.177 27.308 27.120 26.853 26.165 25.463 24.709 23.743 22.917 21.869 20.466 19.161 17.665 16.291 15.034 12.711 11.119 8.960 7.853 6.781 4.759 3.786 2.608 2.064 1.080 0.000 0.864 2.322 3.579 4.343 5.859 7.066 9.123 10.712 12.626 13.944 15.727 17.730 19.092 21.154 22.502 23.781 24.764 25.626 26.074 26.644 26.991 27.395 27.651 27.973 28.130 28.165 28.339 28.009 28.536 28.558 28.826 28.900 29.063 29.081 29.193 29.355 29.411 29.539 29.593 29.608 29.674 29.721 29.690 29.661 29.638 29.514 29.725 29.737 29.719 29.653 29.669 29.673 29.617 29.570 29.456 29.376 29.216 29.205 29.031 28.663 28.781 28.364 28.523 28.185 28.119 27.708 27.312 26.742 26.127 24.875 23.692 22.423 22.196 21.585 22.222 21.889 23.285 24.075 24.461 25.749 26.041 26.366 26.791 27.236 27.369 27.730 27.811 28.114 27.946 28.157 28.477 28.551 28.724 28.836 28.883 28.505 28.829 28.772 28.353 28.528 28.071 28.098 27.437 27.260 27.075 26.599 26.465 25.566 25.923 25.520 23.889 24.335 25.382 24.332 23.038 24.990 25.088 24.047 23.666 25.418 25.229 24.125 25.300 26.101 25.807 25.353 26.150 26.708 26.032 26.460 26.944 27.170 27.007 27.316 27.581 27.665 27.610 28.072 28.194 28.083 28.182 28.475 28.466 28.464 28.695 28.762 28.806 28.773 28.927 28.932 28.924 29.099 29.226 29.105 29.196 29.364 29.344 29.351 29.413 29.488 29.410 29.347 29.327 29.239 29.273 29.262 29.048 29.085 29.174 28.968 28.912 28.994 28.852 28.589 28.669 28.751 28.305 28.283 28.467 28.292 27.775 27.673 27.982 27.937 27.268 27.500 27.615 27.413 26.789 26.617 26.022 26.865 27.243 27.236 26.916 27.532 27.926 27.856 28.015 28.177 28.477 28.319 28.466
29.994 29.917 29.896 29.779 29.757 29.684 29.544 29.438 29.460 29.354 29.100 28.978 28.907 28.711 28.604 28.438 28.260 28.154 27.847 27.780 27.815 27.332 27.301 27.250 27.226 26.759 26.363 26.413 25.943 25.808 25.403 25.121 25.056 24.576 24.306 24.147 24.121 23.607 24.234 23.973 24.797 24.673 25.587 25.609 25.784 26.623 26.802 27.235 27.170 27.504 27.623 27.467 27.579 27.585 27.534 27.417 27.048 26.500 25.852 25.272 24.575 23.612 22.759 21.358 20.532 18.538 17.213 15.545 13.327 11.740 9.226 8.347 6.723 5.338 3.964 2.925 2.186 1.108 0.000 0.955 2.810 3.408 4.409 5.994 7.448 9.081 11.231 12.856 14.726 16.726 18.155 20.080 21.858 22.902 24.054 25.630 26.141 26.543 27.175 27.597 27.882 28.213 28.436 28.250 28.680 28.438 28.657 28.755 28.999 28.981 29.095 29.161 29.270 29.384 29.411 29.496 29.568 29.571 29.610 29.643 29.660 29.553 29.643 29.502 29.601 29.606 29.607 29.591 29.583 29.542 29.456 29.435 29.341 29.302 29.228 29.105 29.118 28.744 28.800 28.552 28.735 28.378 28.273 28.074 27.657 27.099 26.540 25.445 24.384 23.071 22.641 21.995 22.545 22.221 23.538 24.293 24.952 25.541 25.817 26.546 26.770 27.691 27.567 28.199 28.550 28.527 28.690 28.671 29.029 29.086 29.124 29.156 29.200 28.982 29.218 29.095 28.660 28.917 28.438 28.415 28.157 27.776 27.842 27.366 26.949 26.527 26.761 26.077 24.898 25.096 25.928 24.965 23.382 25.705 25.589 24.946 24.032 25.963 25.661 24.467 25.572 26.267 25.888 25.289 26.228 26.763 25.970 26.156 26.976 27.020 26.903 27.211 27.610 27.507 27.495 28.039 28.235 28.112 28.216 28.613 28.554 28.511 28.836 28.788 28.849 28.864 29.013 29.026 29.000 29.161 29.287 29.310 29.344 29.482 29.483 29.486 29.453 29.541 29.474 29.360 29.319 29.239 29.241 29.282 29.153 29.062 29.120 28.996 28.879 28.912 28.884 28.606 28.611 28.550 28.292 28.316 28.291 28.198 27.633 27.523 27.737 27.716 27.127 27.261 27.484 27.235 26.587 26.700 25.911 26.737 27.195 27.199 26.891 27.518 27.802 27.849 27.818 28.010 28.329 28.262 28.464
30.038 29.970 29.983 29.872 29.851 29.794 29.668 29.512 29.578 29.473 29.233 29.145 29.038 28.941 28.765 28.563 28.368 28.282 27.974 27.876 27.912 27.601 27.554 27.481 27.498 27.241 26.849 26.745 26.483 26.220 26.055 25.836 25.857 25.339 24.807 24.931 24.779 24.227 24.872 24.441 25.306 24.851 25.973 25.841 26.045 26.882 27.128 27.499 27.565 27.793 27.897 27.959 27.896 28.014 27.957 27.882 27.595 27.067 26.460 25.942 25.203 24.244 23.354 22.138 21.384 19.846 18.244 16.869 15.107 12.963 11.425 9.470 8.281 6.990 5.496 4.098 2.921 2.155 1.156 0.000 1.049 2.348 3.209 4.419 6.038 7.501 9.755 10.852 13.135 15.421 16.765 18.985 20.755 22.269 23.479 24.915 25.423 26.086 26.700 27.154 27.480 27.822 28.034 28.076 28.321 28.132 28.386 28.612 28.949 28.950 29.067 29.174 29.316 29.410 29.466 29.603 29.646 29.711 29.718 29.750 29.711 29.668 29.681 29.637 29.732 29.732 29.734 29.668 29.672 29.666 29.590 29.532 29.439 29.385 29.275 29.190 29.156 28.832 28.846 28.612 28.784 28.469 28.372 28.082 27.774 27.261 26.584 25.578 24.534 23.445 23.396 22.598 23.610 23.126 24.326 24.535 25.369 25.837 26.018 26.837 27.007 27.706 27.724 28.400 28.320 28.598 28.663 28.541 28.943 28.904 29.001 29.074 29.129 28.946 29.115 29.024 28.650 28.881 28.296 28.462 28.044 27.499 27.571 27.078 27.016 25.912 26.392 25.958 24.427 24.663 25.836 24.806 23.167 25.399 25.577 24.642 23.979 26.016 25.923 24.609 25.811 26.496 26.287 25.761 26.451 27.319 26.332 26.693 27.371 27.451 27.282 27.636 27.920 27.825 27.925 28.268 28.460 28.393 28.380 28.746 28.760 28.805 29.068 29.034 29.111 29.098 29.155 29.240 29.193 29.274 29.422 29.420 29.494 29.501 29.564 29.539 29.524 29.593 29.539 29.489 29.371 29.338 29.360 29.399 29.267 29.190 29.253 29.161 29.047 29.069 29.046 28.706 28.793 28.740 28.519 28.614 28.496 28.570 27.932 27.835 28.121 28.137 27.547 27.688 27.887 27.765 27.015 27.093 26.286 27.269 27.584 27.513 27.183 27.915 28.095 28.037 28.136 28.386 28.536 28.512 28.640
30.010 29.949 29.931 29.851 29.791 29.723 29.614 29.443 29.468 29.341 29.175 28.986 28.928 28.756 28.637 28.479 28.291 28.114 27.768 27.683 27.664 27.341 27.183 27.156 27.117 26.735 26.401 26.570 26.067 25.768 25.618 25.354 25.095 25.018 24.550 24.504 24.465 24.111 24.585 24.169 25.016 24.703 25.707 25.869 25.961 26.879 27.068 27.465 27.484 27.855 28.027 27.939 28.095 28.210 28.142 28.117 27.852 27.411 26.966 26.433 26.062 25.288 24.598 23.559 23.167 21.557 20.518 18.613 17.217 15.672 13.445 12.057 9.756 8.414 7.291 5.321 4.094 2.807 2.299 1.163 0.001 0.983 2.343 3.115 4.627 5.956 7.951 9.097 11.369 13.714 15.512 17.929 19.701 21.298 22.907 24.647 25.545 26.092 26.711 27.205 27.517 27.921 28.061 28.208 28.437 28.241 28.673 28.682 28.876 29.015 29.158 29.218 29.336 29.424 29.473 29.637 29.665 29.709 29.742 29.778 29.817 29.762 29.765 29.600 29.760 29.758 29.746 29.699 29.690 29.662 29.605 29.540 29.511 29.396 29.298 29.087 29.112 28.862 28.883 28.579 28.675 28.510 28.341 28.118 27.672 27.177 26.726 25.624 24.571 23.327 23.296 22.403 23.524 23.273 24.580 24.810 25.507 25.960 26.318 26.604 26.834 27.560 27.619 28.121 28.239 28.283 28.529 28.501 28.891 28.988 29.082 29.117 29.230 29.010 29.240 29.089 28.760 28.918 28.426 28.391 28.268 27.678 27.815 27.392 27.072 26.347 26.483 25.998 24.646 25.145 25.910 24.815 23.670 25.670 25.859 24.718 24.473 25.893 25.821 24.936 26.059 26.507 26.153 25.899 26.594 27.083 26.082 26.616 27.306 27.282 26.999 27.390 27.758 27.698 27.664 28.068 28.253 28.143 28.261 28.548 28.471 28.502 28.805 28.826 28.767 28.781 28.988 28.996 29.015 29.065 29.273 29.197 29.253 29.390 29.417 29.472 29.493 29.491 29.413 29.336 29.224 29.153 29.210 29.167 29.040 28.967 29.027 28.870 28.821 28.777 28.703 28.475 28.437 28.450 28.241 28.115 28.205 28.123 27.577 27.539 27.897 27.834 27.132 27.420 27.701 27.416 26.692 26.650 26.317 26.851 27.337 27.352 26.978 27.608 27.937 27.938 28.049 28.248 28.444 28.427 28.561
30.078 30.018 30.038 29.950 29.907 29.833 29.741 29.642 29.682 29.616 29.426 29.309 29.252 29.157 28.940 28.680 28.500 28.416 28.123 27.982 28.014 27.662 27.681 27.642 27.617 27.311 26.939 26.889 26.564 26.447 26.219 25.832 25.672 25.346 24.826 24.874 24.519 24.249 24.825 24.489 25.265 24.941 25.978 25.959 26.057 26.827 27.098 27.528 27.602 27.732 28.035 27.998 28.112 28.219 28.180 28.045 27.850 27.491 27.009 26.479 26.080 25.445 24.651 23.921 23.339 22.001 20.806 19.107 17.371 16.415 14.253 12.545 10.558 9.050 8.216 6.695 4.952 3.639 2.900 2.045 1.076 0.000 0.969 2.355 3.624 5.087 6.561 7.757 9.622 11.703 13.394 15.743 17.456 19.341 21.113 22.970 24.023 24.969 25.864 26.419 26.936 27.327 27.665 27.836 28.057 27.888 28.147 28.368 28.564 28.634 28.796 28.932 29.081 29.242 29.365 29.432 29.510 29.524 29.637 29.660 29.668 29.695 29.648 29.620 29.721 29.731 29.738 29.653 29.688 29.706 29.636 29.587 29.499 29.361 29.321 29.187 29.232 28.894 28.843 28.627 28.794 28.502 28.391 28.079 27.702 27.246 26.607 25.686 24.468 23.332 23.378 22.594 23.527 23.337 24.821 24.968 25.972 26.225 26.686 27.163 27.502 27.902 27.715 28.389 28.211 28.672 28.682 28.685 29.105 29.086 29.257 29.232 29.378 29.125 29.338 29.192 28.792 28.912 28.328 28.519 28.133 27.597 27.617 27.109 26.887 25.999 26.360 25.815 24.548 24.897 25.566 24.574 23.276 25.378 25.274 24.360 24.035 25.763 25.385 24.404 25.568 25.985 25.722 25.517 26.140 26.470 25.764 26.369 26.823 26.870 26.781 27.142 27.420 27.381 27.539 27.846 28.030 27.965 28.038 28.469 28.462 28.484 28.788 28.830 28.815 28.795 28.983 28.984 28.992 29.128 29.294 29.300 29.326 29.490 29.497 29.498 29.531 29.558 29.441 29.395 29.231 29.146 29.213 29.239 29.019 28.979 29.042 28.895 28.743 28.846 28.708 28.466 28.439 28.375 28.188 28.161 28.181 28.128 27.604 27.579 27.712 27.636 27.109 27.287 27.402 27.106 26.571 26.652 26.164 26.710 27.147 27.223 26.912 27.385 27.780 27.883 27.868 28.009 28.294 28.242 28.510
30.051 30.014 29.981 29.925 29.882 29.808 29.712 29.518 29.602 29.505 29.328 29.252 29.169 29.001 28.842 28.616 28.511 28.289 27.879 27.843 27.988 27.510 27.513 27.505 27.329 27.002 26.805 26.681 26.273 26.403 25.780 25.609 25.341 25.231 24.698 24.649 24.473 24.281 24.640 24.258 25.009 24.811 25.768 26.050 25.984 27.024 27.288 27.615 27.704 27.996 28.229 28.184 28.377 28.549 28.492 28.435 28.247 27.894 27.369 26.919 26.633 26.103 25.432 24.590 24.106 22.545 22.055 20.337 19.180 17.703 15.985 14.856 12.442 11.162 9.357 8.360 6.702 4.814 3.931 2.740 2.188 1.125 0.000 1.037 3.082 4.246 5.589 6.826 8.585 11.002 12.733 15.398 17.271 19.363 21.441 23.455 24.486 25.305 26.060 26.686 27.241 27.710 27.849 28.038 28.365 28.156 28.577 28.562 28.889 28.917 29.051 29.035 29.185 29.301 29.379 29.518 29.553 29.627 29.670 29.688 29.706 29.624 29.655 29.567 29.710 29.734 29.730 29.709 29.705 29.671 29.641 29.583 29.547 29.422 29.300 29.120 29.122 28.783 28.855 28.582 28.659 28.432 28.295 27.950 27.641 26.908 26.569 25.444 24.267 23.179 23.154 22.484 23.075 23.254 24.295 24.737 25.486 25.956 26.352 26.836 27.060 27.697 27.546 28.191 28.208 28.487 28.453 28.600 28.946 29.085 29.160 29.222 29.323 29.079 29.319 29.122 28.860 29.002 28.507 28.654 28.395 27.766 28.069 27.524 27.346 26.673 26.775 26.321 24.826 25.478 26.164 25.112 24.319 25.972 25.957 25.035 24.998 26.087 26.021 25.219 26.226 26.832 26.444 26.083 26.703 27.279 26.152 26.731 27.328 27.433 27.091 27.559 27.706 27.669 27.837 28.068 28.219 28.112 28.229 28.448 28.569 28.599 28.742 28.894 28.823 28.852 28.909 28.984 29.016 28.987 29.228 29.099 29.254 29.395 29.366 29.511 29.481 29.482 29.413 29.358 29.254 29.217 29.211 29.223 28.998 28.974 29.059 28.977 28.805 28.802 28.761 28.512 28.421 28.498 28.296 28.294 28.253 28.213 27.842 27.616 27.876 27.958 27.228 27.483 27.715 27.619 27.035 26.838 26.510 26.970 27.489 27.440 27.019 27.596 27.962 28.096 28.055 28.180 28.514 28.464 28.676
30.160 30.113 30.127 30.053 30.046 29.965 29.888 29.796 29.829 29.770 29.606 29.480 29.442 29.309 29.130 28.914 28.719 28.606 28.364 28.255 28.197 27.857 28.009 27.927 27.888 27.562 27.296 27.182 26.944 26.841 26.610 26.218 26.044 26.025 25.451 25.501 25.301 24.946 25.478 25.138 25.783 25.742 26.499 26.670 26.674 27.338 27.593 27.882 28.050 28.184 28.457 28.438 28.548 28.655 28.714 28.632 28.549 28.273 27.914 27.523 27.214 26.802 26.158 25.725 25.101 24.096 23.483 22.192 20.914 19.815 17.812 16.976 15.307 13.342 12.123 9.559 8.904 7.146 5.613 4.343 3.145 2.459 1.246 0.000 1.337 3.493 4.229 5.607 6.707 8.799 11.111 13.531 15.371 17.478 19.461 21.350 22.748 24.010 25.033 25.760 26.554 27.066 27.456 27.753 27.981 27.819 28.176 28.445 28.621 28.724 28.876 28.998 29.156 29.249 29.427 29.470 29.542 29.586 29.644 29.700 29.753 29.729 29.717 29.653 29.762 29.768 29.772 29.683 29.732 29.723 29.692 29.647 29.579 29.469 29.378 29.301 29.290 29.015 28.939 28.797 28.875 28.649 28.547 28.263 27.889 27.460 26.995 26.130 25.217 24.095 24.153 23.642 24.265 24.206 25.394 25.567 26.359 26.648 27.096 27.663 27.694 28.368 28.112 28.680 28.532 28.920 28.815 28.931 29.275 29.305 29.453 29.439 29.582 29.349 29.526 29.389 29.137 29.168 28.670 28.838 28.437 28.087 27.927 27.509 27.386 26.616 26.779 26.497 25.321 25.618 26.091 25.306 24.519 25.886 25.734 25.070 24.937 26.125 25.774 25.091 26.036 26.238 26.013 26.022 26.576 26.841 26.107 26.787 27.102 27.116 27.092 27.445 27.664 27.624 27.742 28.027 28.241 28.133 28.247 28.627 28.582 28.593 28.914 28.957 28.943 28.886 29.075 29.111 29.109 29.209 29.376 29.338 29.433 29.557 29.584 29.624 29.616 29.666 29.566 29.493 29.324 29.243 29.333 29.340 29.124 29.065 29.167 29.014 28.880 28.886 28.814 28.587 28.619 28.485 28.296 28.308 28.361 28.300 27.797 27.793 27.947 27.888 27.436 27.503 27.670 27.444 26.956 27.069 26.676 27.198 27.548 27.573 27.267 27.775 28.019 28.166 28.116 28.297 28.552 28.506 28.760
30.196 30.168 30.142 30.110 30.097 30.045 29.960 29.837 29.874 29.765 29.674 29.603 29.574 29.415 29.349 29.134 29.065 28.864 28.665 28.577 28.585 28.321 28.282 28.238 28.130 27.867 27.691 27.513 27.372 27.317 26.996 26.690 26.589 26.580 26.099 26.112 26.256 25.891 26.251 25.961 26.455 26.428 27.044 27.291 27.186 27.868 28.060 28.361 28.433 28.608 28.855 28.815 28.912 29.131 29.063 29.097 28.931 28.785 28.397 28.144 27.824 27.503 27.008 26.584 26.234 25.178 24.942 23.975 23.354 22.116 20.572 19.596 18.117 17.127 15.255 14.003 11.729 10.384 8.697 6.558 5.042 3.401 2.614 1.441 0.000 1.302 3.226 3.958 5.448 7.636 9.563 12.589 14.582 16.727 19.126 21.366 23.006 24.424 25.564 26.192 26.881 27.476 27.790 27.965 28.447 28.200 28.484 28.677 28.996 29.046 29.206 29.236 29.378 29.418 29.507 29.598 29.642 29.753 29.742 29.800 29.871 29.749 29.838 29.773 29.848 29.865 29.876 29.815 29.845 29.814 29.784 29.724 29.671 29.577 29.565 29.337 29.370 29.080 29.101 28.897 28.909 28.771 28.602 28.334 28.105 27.536 27.231 26.484 25.709 24.912 24.805 24.151 24.532 24.537 25.439 25.714 26.105 26.522 26.854 27.274 27.513 28.072 28.023 28.471 28.522 28.699 28.893 29.014 29.226 29.364 29.433 29.470 29.552 29.449 29.527 29.367 29.172 29.255 28.815 28.942 28.636 28.379 28.307 28.141 28.166 27.431 27.470 27.486 26.430 26.555 27.046 26.706 25.774 26.721 27.065 26.407 26.132 26.893 27.212 26.488 27.065 27.595 27.420 27.170 27.424 28.031 27.430 27.689 28.052 28.270 27.992 28.313 28.504 28.456 28.411 28.646 28.824 28.837 28.738 29.042 29.055 29.106 29.226 29.318 29.352 29.261 29.379 29.437 29.435 29.402 29.585 29.573 29.637 29.775 29.747 29.852 29.796 29.820 29.810 29.689 29.633 29.629 29.612 29.612 29.424 29.380 29.504 29.409 29.267 29.257 29.220 29.116 29.004 29.091 28.931 28.835 28.954 28.877 28.713 28.532 28.720 28.588 28.368 28.504 28.608 28.532 28.182 28.183 27.974 28.117 28.453 28.452 28.193 28.575 28.733 28.750 28.837 28.942 29.063 29.129 29.244
30.214 30.179 30.155 30.097 30.086 30.037 29.957 29.878 29.916 29.811 29.718 29.637 29.624 29.463 29.420 29.192 29.155 29.007 28.833 28.730 28.650 28.466 28.534 28.388 28.362 28.242 27.954 27.907 27.602 27.728 27.424 27.207 27.294 27.280 26.861 26.818 27.051 26.732 27.075 26.865 27.235 27.384 27.740 27.976 27.918 28.409 28.578 28.734 28.853 28.957 29.174 29.163 29.217 29.374 29.413 29.418 29.317 29.176 28.864 28.707 28.440 28.356 27.803 27.703 27.310 26.644 26.391 25.666 25.263 24.698 23.424 22.798 21.297 20.173 18.238 16.884 14.957 12.545 11.435 9.339 6.730 4.976 3.501 2.741 1.660 0.000 1.307 3.240 4.033 5.493 7.505 9.792 12.410 14.666 16.930 19.172 21.357 23.298 24.617 25.533 26.386 27.021 27.498 27.858 28.106 27.866 28.242 28.466 28.637 28.803 28.950 29.078 29.221 29.290 29.430 29.551 29.629 29.693 29.754 29.822 29.895 29.861 29.851 29.758 29.870 29.901 29.919 29.874 29.903 29.870 29.838 29.810 29.771 29.727 29.624 29.604 29.564 29.403 29.351 29.347 29.249 29.163 28.978 28.750 28.438 28.089 27.866 27.296 26.739 26.119 26.041 25.680 25.913 25.847 26.399 26.575 26.926 27.279 27.484 28.009 28.076 28.567 28.464 28.928 28.909 29.085 29.182 29.223 29.448 29.573 29.640 29.611 29.706 29.555 29.661 29.504 29.403 29.411 29.049 29.228 28.870 28.723 28.572 28.400 28.422 27.744 27.950 27.949 27.096 27.104 27.590 27.207 26.445 27.237 27.437 27.001 26.788 27.302 27.600 27.111 27.300 27.834 27.803 27.582 27.816 28.264 27.739 27.921 28.266 28.498 28.258 28.351 28.604 28.576 28.644 28.672 28.938 28.894 28.921 29.062 29.170 29.091 29.219 29.362 29.322 29.294 29.387 29.425 29.416 29.513 29.566 29.507 29.577 29.756 29.698 29.772 29.772 29.769 29.778 29.656 29.613 29.576 29.638 29.600 29.427 29.447 29.555 29.449 29.398 29.309 29.362 29.283 29.147 29.215 29.102 29.033 29.133 29.065 28.833 28.826 28.934 28.879 28.545 28.746 28.725 28.621 28.367 28.321 28.265 28.442 28.798 28.725 28.505 28.860 28.979 29.039 29.070 29.104 29.266 29.248 29.361
30.252 30.181 30.153 30.144 30.127 30.090 30.006 29.920 29.924 29.830 29.753 29.723 29.638 29.499 29.392 29.222 29.153 29.001 28.759 28.786 28.730 28.583 28.557 28.513 28.413 28.350 28.056 27.900 27.798 27.812 27.509 27.396 27.270 27.243 26.883 26.797 26.893 26.654 27.106 26.907 27.160 27.320 27.810 28.044 27.823 28.493 28.687 28.883 28.939 29.079 29.244 29.205 29.284 29.483 29.479 29.505 29.427 29.265 29.043 28.783 28.582 28.286 27.865 27.509 27.161 26.189 26.146 25.333 25.059 24.355 23.248 22.593 21.293 20.286 18.325 17.234 15.194 13.131 11.483 10.196 8.486 6.120 4.575 3.656 2.921 1.460 0.000 1.272 3.422 4.351 6.070 8.722 11.194 13.784 16.518 19.316 21.792 23.887 24.959 26.097 26.742 27.435 27.804 28.142 28.468 28.432 28.737 28.851 29.101 29.210 29.327 29.272 29.406 29.484 29.548 29.727 29.793 29.837 29.909 29.939 29.942 29.934 29.939 29.885 29.988 30.017 30.019 30.013 29.991 29.999 29.963 29.898 29.848 29.790 29.726 29.549 29.604 29.467 29.395 29.284 29.315 29.132 28.986 28.698 28.428 27.971 27.825 27.215 26.689 26.147 26.021 25.674 25.832 25.791 26.432 26.682 26.774 27.140 27.344 27.895 27.863 28.376 28.171 28.777 28.677 28.931 28.934 29.027 29.230 29.405 29.455 29.562 29.584 29.487 29.600 29.441 29.345 29.356 29.018 29.119 28.869 28.730 28.662 28.626 28.575 28.070 28.067 28.124 27.232 27.300 27.751 27.363 26.660 27.479 27.583 27.074 26.868 27.544 27.627 27.228 27.622 28.100 27.909 27.759 28.076 28.432 28.024 28.143 28.385 28.604 28.464 28.417 28.690 28.894 28.843 28.856 29.085 29.093 29.023 29.209 29.429 29.360 29.411 29.532 29.509 29.509 29.513 29.686 29.670 29.578 29.738 29.736 29.781 29.839 29.845 29.883 29.885 29.911 29.855 29.860 29.782 29.782 29.799 29.856 29.682 29.665 29.774 29.677 29.582 29.595 29.537 29.461 29.388 29.423 29.295 29.295 29.297 29.328 29.028 29.031 29.132 29.182 28.882 28.972 28.975 28.929 28.647 28.560 28.458 28.771 28.977 28.946 28.819 29.085 29.189 29.200 29.224 29.315 29.422 29.431 29.525
30.259 30.212 30.215 30.161 30.156 30.088 30.032 29.943 29.948 29.870 29.748 29.659 29.623 29.497 29.337 29.196 29.091 28.969 28.759 28.709 28.612 28.329 28.475 28.328 28.173 28.106 27.796 27.697 27.580 27.560 27.459 27.202 27.213 27.184 26.888 26.815 27.006 26.777 27.143 27.117 27.235 27.595 27.835 28.083 28.021 28.412 28.625 28.808 28.978 29.092 29.290 29.272 29.412 29.487 29.565 29.589 29.456 29.412 29.183 28.920 28.732 28.451 28.012 27.958 27.516 27.003 26.761 26.006 25.741 25.119 24.212 23.561 22.237 20.967 19.542 18.369 17.288 14.969 13.583 11.743 10.081 8.249 6.093 5.118 3.807 2.724 1.515 0.000 1.222 3.285 4.150 5.828 8.405 10.027 12.750 15.265 17.722 19.940 21.734 23.439 24.724 25.651 26.394 26.836 27.383 27.471 27.809 28.110 28.378 28.554 28.765 28.946 29.133 29.206 29.389 29.494 29.567 29.643 29.715 29.806 29.917 29.844 29.861 29.841 29.961 29.973 29.974 29.910 29.986 29.972 29.963 29.937 29.843 29.846 29.725 29.681 29.616 29.480 29.449 29.323 29.307 29.186 29.097 28.851 28.535 28.230 27.901 27.542 27.000 26.509 26.381 26.163 26.324 26.286 26.818 26.840 27.149 27.528 27.666 28.111 28.069 28.605 28.387 28.916 28.832 29.114 29.177 29.247 29.511 29.588 29.694 29.660 29.777 29.601 29.669 29.557 29.354 29.417 29.021 29.170 28.704 28.629 28.495 28.309 28.296 27.667 27.722 27.702 26.820 26.872 27.302 26.829 26.029 26.940 27.123 26.581 26.365 26.997 26.949 26.560 26.904 27.249 27.134 26.945 27.361 27.554 27.080 27.388 27.793 27.802 27.626 27.872 28.129 28.033 28.176 28.313 28.542 28.474 28.619 28.827 28.799 28.760 29.071 29.109 29.087 29.046 29.235 29.239 29.201 29.348 29.466 29.401 29.437 29.682 29.626 29.715 29.661 29.669 29.674 29.542 29.444 29.430 29.462 29.464 29.289 29.232 29.325 29.183 29.057 29.105 29.068 28.894 28.900 28.845 28.725 28.659 28.807 28.702 28.342 28.307 28.507 28.349 28.068 28.179 28.254 28.076 27.852 27.944 27.674 27.980 28.302 28.342 28.083 28.437 28.660 28.741 28.639 28.802 29.060 28.987 29.134
30.264 30.221 30.222 30.190 30.191 30.129 30.074 30.005 30.000 29.927 29.849 29.782 29.793 29.645 29.584 29.478 29.402 29.332 29.135 29.042 29.011 28.813 28.895 28.779 28.749 28.710 28.448 28.366 28.252 28.414 28.148 27.995 28.072 28.016 27.825 27.740 27.898 27.674 27.891 27.873 27.835 28.170 28.345 28.659 28.558 28.904 29.095 29.068 29.303 29.322 29.444 29.485 29.518 29.683 29.745 29.778 29.705 29.586 29.474 29.256 29.124 28.916 28.623 28.535 28.162 27.715 27.675 27.077 26.894 26.396 25.581 25.107 24.237 23.119 21.985 20.914 19.792 17.982 16.218 14.841 12.415 10.226 8.806 6.458 5.150 3.681 2.898 1.710 0.000 1.263 2.932 3.851 5.418 6.927 9.169 12.005 14.455 17.077 19.556 21.578 23.550 24.830 25.893 26.625 26.934 27.252 27.765 28.129 28.279 28.652 28.841 28.997 29.210 29.274 29.339 29.519 29.612 29.642 29.752 29.849 29.931 29.860 29.927 29.867 29.997 30.040 30.065 30.059 30.058 30.056 30.044 30.033 29.947 29.966 29.828 29.782 29.731 29.645 29.624 29.545 29.452 29.418 29.271 29.142 28.901 28.685 28.536 28.202 27.790 27.430 27.190 26.994 26.974 26.870 27.241 27.240 27.343 27.565 27.703 28.149 28.115 28.548 28.444 28.908 28.865 29.157 29.194 29.249 29.513 29.631 29.747 29.746 29.831 29.687 29.719 29.611 29.448 29.511 29.198 29.241 28.966 28.805 28.757 28.718 28.721 28.171 28.248 28.272 27.564 27.530 27.822 27.672 27.066 27.388 27.840 27.729 27.311 27.790 27.971 27.804 27.805 28.231 28.339 27.987 28.285 28.663 28.313 28.299 28.624 28.801 28.587 28.733 28.815 28.893 28.905 29.071 29.130 29.197 29.098 29.320 29.371 29.416 29.491 29.597 29.558 29.541 29.592 29.660 29.632 29.654 29.771 29.730 29.814 29.885 29.839 29.932 29.907 29.913 29.921 29.868 29.806 29.853 29.840 29.856 29.716 29.726 29.770 29.695 29.605 29.640 29.579 29.521 29.434 29.430 29.407 29.346 29.407 29.322 29.284 29.084 29.197 29.132 28.963 29.040 29.017 28.969 28.853 28.783 28.746 28.883 29.226 29.163 29.015 29.266 29.349 29.367 29.314 29.464 29.521 29.543 29.644
30.259 30.202 30.176 30.124 30.126 30.056 30.007 29.920 29.896 29.821 29.710 29.629 29.601 29.454 29.372 29.267 29.175 29.010 28.679 28.589 28.551 28.388 28.385 28.257 28.023 28.130 27.749 27.699 27.666 27.671 27.387 27.332 27.367 27.299 27.081 27.101 27.333 27.042 27.444 27.480 27.729 28.023 28.289 28.499 28.514 28.802 29.069 29.205 29.290 29.415 29.525 29.479 29.592 29.689 29.668 29.711 29.651 29.528 29.331 29.163 29.063 28.788 28.403 28.327 27.871 27.329 27.253 26.585 26.526 25.917 25.152 24.733 23.864 23.256 21.927 21.161 19.952 18.320 17.256 15.119 13.343 11.025 9.940 7.761 6.045 4.819 3.428 2.580 1.452 0.000 1.095 2.746 3.369 4.717 6.645 8.992 11.306 14.219 16.719 19.304 21.584 23.279 24.818 25.785 26.510 26.692 27.264 27.661 28.124 28.294 28.563 28.630 28.855 28.935 29.102 29.287 29.409 29.541 29.588 29.724 29.742 29.744 29.764 29.729 29.881 29.931 29.941 29.958 29.937 29.959 29.954 29.940 29.896 29.903 29.758 29.715 29.681 29.560 29.556 29.442 29.378 29.284 29.128 28.915 28.739 28.325 28.163 27.802 27.463 26.940 26.792 26.598 26.775 26.637 27.005 27.103 27.130 27.604 27.718 28.100 28.130 28.556 28.467 28.823 28.842 29.072 29.069 29.306 29.489 29.627 29.721 29.709 29.748 29.634 29.689 29.487 29.453 29.407 29.160 29.166 28.808 28.775 28.594 28.535 28.542 27.899 27.985 28.050 27.237 27.124 27.410 27.337 26.544 27.079 27.337 27.123 26.767 27.018 27.316 27.041 27.037 27.326 27.490 27.237 27.398 27.739 27.388 27.388 27.665 27.825 27.657 27.879 27.994 28.078 28.097 28.237 28.395 28.439 28.461 28.659 28.721 28.743 28.883 29.079 29.049 29.075 29.141 29.182 29.189 29.312 29.429 29.366 29.451 29.601 29.554 29.716 29.675 29.656 29.645 29.551 29.410 29.426 29.423 29.393 29.234 29.162 29.281 29.163 28.981 28.998 28.941 28.872 28.724 28.761 28.618 28.641 28.618 28.471 28.283 28.197 28.330 28.202 27.987 28.018 28.168 27.985 27.722 27.766 27.863 28.001 28.156 28.304 28.116 28.325 28.468 28.709 28.651 28.792 28.962 28.987 29.195
30.260 30.223 30.221 30.186 30.186 30.127 30.076 30.024 30.011 29.955 29.832 29.762 29.715 29.604 29.459 29.329 29.227 29.106 28.887 28.804 28.718 28.485 28.610 28.547 28.399 28.336 28.054 28.036 27.899 27.894 27.839 27.720 27.763 27.710 27.583 27.539 27.710 27.570 27.852 27.965 27.959 28.297 28.440 28.598 28.687 28.960 29.097 29.255 29.369 29.442 29.631 29.562 29.732 29.816 29.868 29.888 29.822 29.814 29.655 29.494 29.345 29.185 28.898 28.728 28.391 28.013 27.848 27.299 27.159 26.494 25.774 25.048 23.963 23.115 22.046 21.455 20.694 18.687 18.089 16.459 14.408 12.587 10.894 9.018 7.658 5.836 4.600 3.341 2.474 1.415 0.000 1.165 2.627 3.339 4.874 6.745 8.442 10.784 13.465 15.946 18.123 20.077 22.170 23.736 24.878 25.600 26.283 26.796 27.261 27.646 27.970 28.265 28.626 28.597 28.847 28.990 29.195 29.290 29.423 29.559 29.653 29.702 29.750 29.737 29.881 29.925 29.940 29.907 29.972 30.000 29.998 29.977 29.932 29.907 29.813 29.797 29.787 29.664 29.636 29.519 29.530 29.412 29.318 29.134 28.923 28.669 28.462 28.175 27.726 27.436 27.230 27.025 27.116 27.082 27.383 27.412 27.578 27.854 27.929 28.248 28.243 28.594 28.626 28.909 28.923 29.156 29.159 29.336 29.546 29.646 29.757 29.766 29.809 29.735 29.740 29.626 29.463 29.466 29.155 29.248 28.825 28.741 28.641 28.491 28.485 27.984 28.095 28.076 27.294 27.359 27.654 27.320 26.711 27.280 27.441 27.096 26.838 27.290 27.322 27.017 27.273 27.481 27.441 27.285 27.607 27.794 27.509 27.695 27.910 27.972 27.925 28.207 28.265 28.306 28.430 28.580 28.717 28.732 28.869 28.998 28.996 29.040 29.255 29.267 29.262 29.327 29.397 29.375 29.404 29.590 29.632 29.553 29.608 29.831 29.737 29.809 29.774 29.794 29.780 29.670 29.501 29.539 29.534 29.582 29.385 29.387 29.477 29.362 29.219 29.328 29.215 29.069 29.082 29.062 28.894 28.851 29.010 28.883 28.590 28.570 28.671 28.549 28.344 28.366 28.388 28.297 28.092 28.124 27.981 28.198 28.470 28.559 28.371 28.652 28.818 28.927 28.872 29.018 29.252 29.181 29.385
30.230 30.185 30.166 30.148 30.154 30.104 30.043 29.971 29.971 29.891 29.791 29.767 29.733 29.606 29.549 29.371 29.336 29.159 28.956 28.910 28.846 28.763 28.750 28.584 28.434 28.421 28.194 28.075 28.030 28.023 27.806 27.862 27.816 27.839 27.680 27.623 27.857 27.619 27.998 28.150 28.177 28.488 28.689 28.907 28.849 29.193 29.318 29.421 29.492 29.571 29.689 29.615 29.770 29.847 29.919 29.916 29.898 29.823 29.698 29.577 29.505 29.277 29.101 28.954 28.643 28.237 28.267 27.734 27.719 27.190 26.674 26.142 25.488 24.723 24.024 23.383 22.591 21.267 20.424 18.976 17.311 15.382 13.653 10.983 9.645 7.781 6.019 4.521 3.153 2.359 1.459 0.001 1.102 2.714 4.039 5.488 7.816 10.169 12.782 15.447 17.836 20.316 22.540 24.053 25.203 25.707 26.396 26.984 27.378 27.735 28.070 28.165 28.511 28.596 28.725 29.028 29.140 29.286 29.387 29.522 29.613 29.596 29.701 29.585 29.793 29.864 29.886 29.883 29.916 29.941 29.939 29.921 29.849 29.918 29.760 29.684 29.715 29.638 29.704 29.569 29.563 29.475 29.330 29.233 29.073 28.755 28.623 28.396 28.079 27.813 27.716 27.535 27.471 27.455 27.682 27.792 27.592 27.961 28.083 28.325 28.300 28.695 28.612 28.960 28.973 29.251 29.204 29.354 29.575 29.688 29.803 29.788 29.824 29.712 29.757 29.615 29.536 29.523 29.284 29.321 28.980 28.842 28.791 28.708 28.748 28.313 28.309 28.358 27.749 27.649 27.946 27.794 27.239 27.647 27.808 27.556 27.355 27.575 27.737 27.653 27.572 27.909 27.917 27.841 28.034 28.132 27.975 28.031 28.319 28.360 28.284 28.468 28.594 28.633 28.707 28.800 28.931 28.990 28.992 29.151 29.188 29.280 29.361 29.427 29.426 29.486 29.506 29.544 29.590 29.637 29.716 29.630 29.750 29.880 29.802 29.909 29.840 29.841 29.893 29.773 29.657 29.686 29.697 29.721 29.597 29.553 29.664 29.572 29.465 29.482 29.456 29.360 29.293 29.272 29.215 29.210 29.150 29.099 28.927 28.807 28.904 28.847 28.587 28.663 28.738 28.600 28.380 28.377 28.389 28.548 28.804 28.814 28.749 28.897 29.126 29.172 29.131 29.245 29.369 29.391 29.527
30.298 30.227 30.251 30.205 30.206 30.159 30.112 30.053 30.089 30.019 29.935 29.920 29.867 29.763 29.707 29.603 29.526 29.528 29.377 29.278 29.196 29.189 29.207 29.102 29.028 28.982 28.859 28.771 28.771 28.852 28.671 28.721 28.746 28.751 28.772 28.575 28.792 28.681 28.809 28.896 28.834 29.133 29.173 29.362 29.335 29.524 29.599 29.610 29.749 29.731 29.835 29.810 29.874 29.950 30.016 30.051 29.989 29.998 29.855 29.787 29.726 29.631 29.492 29.480 29.187 29.056 28.907 28.653 28.615 28.317 27.856 27.320 26.754 25.895 25.147 24.696 23.959 22.617 22.319 20.863 18.748 17.593 15.429 13.294 11.103 9.563 7.776 5.873 4.509 3.290 2.565 1.643 0.000 1.357 3.214 4.143 5.914 8.239 10.682 13.641 16.391 19.150 21.887 23.512 24.989 25.836 26.447 26.947 27.407 27.861 28.239 28.457 28.748 28.756 28.928 29.078 29.293 29.315 29.468 29.632 29.762 29.720 29.812 29.762 29.888 29.922 29.932 29.929 30.016 30.000 30.009 29.994 29.930 29.993 29.902 29.884 29.916 29.885 29.853 29.828 29.727 29.699 29.554 29.482 29.363 29.203 29.165 28.965 28.778 28.670 28.456 28.462 28.279 28.384 28.441 28.576 28.411 28.562 28.672 28.808 28.811 29.055 29.076 29.263 29.318 29.449 29.443 29.540 29.693 29.793 29.919 29.890 29.916 29.889 29.901 29.847 29.705 29.754 29.572 29.586 29.328 29.267 29.204 29.219 29.239 28.871 28.905 28.916 28.482 28.392 28.585 28.505 28.193 28.301 28.517 28.410 28.155 28.251 28.413 28.361 28.255 28.546 28.665 28.581 28.530 28.843 28.678 28.596 28.661 28.930 28.860 28.855 28.913 29.039 29.072 29.129 29.271 29.328 29.255 29.383 29.484 29.536 29.555 29.609 29.655 29.663 29.678 29.700 29.731 29.800 29.858 29.786 29.859 29.965 29.865 30.014 29.932 29.949 29.978 29.896 29.791 29.836 29.855 29.881 29.765 29.765 29.821 29.801 29.665 29.745 29.699 29.613 29.627 29.551 29.458 29.488 29.573 29.479 29.318 29.247 29.324 29.267 29.151 29.208 29.129 29.153 29.087 29.089 29.088 29.133 29.332 29.376 29.290 29.431 29.554 29.589 29.524 29.634 29.719 29.705 29.839
30.251 30.179 30.182 30.144 30.130 30.085 30.045 29.982 29.973 29.915 29.821 29.762 29.742 29.635 29.580 29.461 29.392 29.301 29.133 29.030 28.958 28.897 28.994 28.802 28.727 28.783 28.511 28.517 28.505 28.497 28.363 28.415 28.455 28.481 28.455 28.379 28.535 28.512 28.586 28.739 28.751 29.020 29.140 29.280 29.319 29.542 29.619 29.716 29.762 29.822 29.917 29.839 29.969 30.036 30.018 30.051 30.050 29.991 29.913 29.823 29.781 29.619 29.522 29.426 29.148 28.932 28.917 28.598 28.648 28.311 27.847 27.601 27.138 26.704 25.985 25.475 24.782 23.929 23.248 22.141 20.670 19.284 17.514 15.856 13.487 11.558 9.907 7.901 6.099 4.772 3.218 2.651 1.590 0.000 1.183 2.618 3.480 5.194 7.471 9.833 12.663 15.545 18.349 20.727 23.249 24.540 25.739 26.392 27.167 27.549 27.977 28.107 28.371 28.460 28.527 28.770 28.898 29.095 29.148 29.322 29.453 29.541 29.571 29.570 29.725 29.803 29.842 29.878 29.921 29.958 29.987 29.996 29.976 30.012 29.918 29.878 29.905 29.798 29.872 29.730 29.726 29.703 29.501 29.505 29.347 29.123 29.084 28.908 28.718 28.554 28.335 28.364 28.253 28.281 28.314 28.404 28.305 28.575 28.680 28.720 28.745 28.971 28.915 29.151 29.167 29.374 29.368 29.478 29.683 29.800 29.879 29.902 29.901 29.850 29.894 29.743 29.633 29.656 29.502 29.482 29.312 29.198 29.176 29.137 29.111 28.770 28.747 28.785 28.310 28.179 28.345 28.302 27.854 28.008 28.264 28.185 27.925 27.957 28.151 28.125 27.929 28.165 28.284 28.188 28.195 28.307 28.245 28.234 28.361 28.411 28.413 28.514 28.558 28.602 28.673 28.773 28.827 28.923 28.898 29.071 29.074 29.173 29.304 29.343 29.365 29.431 29.481 29.482 29.523 29.615 29.708 29.634 29.693 29.856 29.804 29.910 29.888 29.872 29.841 29.777 29.688 29.660 29.680 29.692 29.522 29.534 29.599 29.539 29.363 29.463 29.376 29.271 29.244 29.232 29.134 29.100 29.144 29.042 28.885 28.753 28.913 28.772 28.679 28.688 28.751 28.633 28.511 28.559 28.666 28.720 28.822 28.941 28.887 29.015 29.115 29.229 29.192 29.346 29.436 29.459 29.597
30.255 30.203 30.194 30.154 30.141 30.095 30.051 30.008 29.999 29.946 29.851 29.804 29.799 29.699 29.649 29.546 29.492 29.432 29.231 29.158 29.091 29.082 29.106 28.982 28.904 28.957 28.745 28.768 28.742 28.747 28.623 28.693 28.721 28.736 28.759 28.667 28.802 28.780 28.842 29.001 28.992 29.232 29.334 29.429 29.463 29.669 29.731 29.800 29.838 29.889 29.979 29.900 30.017 30.059 30.075 30.096 30.100 30.062 30.009 29.920 29.902 29.776 29.684 29.569 29.339 29.226 29.151 28.937 28.937 28.698 28.368 28.150 27.793 27.543 26.968 26.581 26.170 25.592 25.199 24.520 23.494 22.506 20.998 19.677 17.423 15.365 13.312 10.664 8.404 6.448 4.598 3.238 2.554 1.522 0.000 1.089 2.696 3.293 4.969 7.353 9.723 12.499 15.392 17.399 20.693 22.903 24.329 25.556 26.531 27.117 27.504 27.832 28.172 28.091 28.299 28.524 28.666 28.859 28.989 29.188 29.299 29.444 29.453 29.472 29.676 29.763 29.788 29.826 29.868 29.948 29.976 29.987 29.987 30.005 29.933 29.919 29.926 29.861 29.911 29.798 29.780 29.781 29.607 29.610 29.438 29.265 29.254 29.129 28.972 28.843 28.651 28.703 28.578 28.636 28.586 28.720 28.595 28.860 28.958 28.962 29.012 29.158 29.152 29.306 29.342 29.478 29.498 29.605 29.780 29.886 29.948 29.960 29.973 29.942 29.960 29.825 29.743 29.740 29.609 29.563 29.414 29.328 29.290 29.254 29.229 28.970 29.011 29.018 28.638 28.520 28.610 28.619 28.223 28.397 28.519 28.463 28.260 28.253 28.430 28.405 28.213 28.375 28.470 28.440 28.424 28.412 28.456 28.444 28.537 28.513 28.568 28.666 28.674 28.707 28.818 28.893 28.921 29.013 29.014 29.129 29.171 29.231 29.350 29.400 29.426 29.492 29.497 29.505 29.554 29.649 29.724 29.633 29.711 29.859 29.777 29.901 29.857 29.853 29.851 29.768 29.695 29.689 29.713 29.712 29.559 29.612 29.654 29.569 29.468 29.522 29.415 29.349 29.345 29.330 29.184 29.231 29.290 29.116 29.010 28.960 29.034 28.904 28.824 28.857 28.880 28.784 28.624 28.733 28.883 28.869 28.926 29.090 29.067 29.139 29.249 29.321 29.318 29.448 29.553 29.516 29.651
30.292 30.217 30.253 30.209 30.189 30.146 30.094 30.053 30.093 30.047 29.944 29.937 29.914 29.799 29.768 29.681 29.639 29.657 29.528 29.475 29.387 29.392 29.424 29.325 29.311 29.306 29.120 29.150 29.114 29.160 29.020 29.104 29.061 29.086 29.137 28.886 29.112 28.990 29.148 29.236 29.161 29.392 29.467 29.594 29.565 29.763 29.789 29.819 29.922 29.923 29.996 29.941 30.030 30.069 30.134 30.168 30.124 30.133 30.022 29.990 29.955 29.866 29.796 29.760 29.546 29.475 29.422 29.255 29.338 29.169 29.021 28.777 28.521 28.096 27.672 27.554 27.174 26.567 26.559 26.000 24.974 24.575 23.485 22.317 20.181 18.376 15.786 13.486 10.940 9.102 6.390 4.759 3.426 2.535 1.533 0.000 1.203 2.721 3.526 5.292 8.058 10.745 13.935 16.400 19.631 21.973 23.697 25.058 25.831 26.490 27.280 27.532 28.033 28.103 28.185 28.510 28.691 28.816 28.984 29.274 29.444 29.408 29.611 29.480 29.644 29.714 29.710 29.772 29.838 29.880 29.890 29.915 29.867 29.965 29.846 29.863 29.904 29.862 29.894 29.831 29.769 29.770 29.634 29.625 29.441 29.368 29.338 29.263 29.188 29.156 28.990 29.038 28.906 28.967 28.985 29.124 29.000 29.061 29.214 29.186 29.249 29.327 29.385 29.453 29.511 29.630 29.616 29.675 29.784 29.863 29.976 29.986 29.995 29.971 29.995 29.957 29.828 29.829 29.694 29.699 29.507 29.420 29.408 29.399 29.348 29.228 29.231 29.214 29.014 28.922 29.005 29.007 28.787 28.784 28.929 28.873 28.662 28.579 28.799 28.806 28.618 28.750 28.886 28.883 28.731 28.969 28.959 28.843 28.873 29.036 29.098 29.061 29.086 29.236 29.276 29.282 29.410 29.504 29.408 29.494 29.617 29.635 29.705 29.722 29.774 29.801 29.759 29.819 29.828 29.874 29.938 29.892 29.926 30.016 29.975 30.026 29.971 30.001 29.993 29.961 29.827 29.877 29.909 29.930 29.861 29.852 29.890 29.911 29.779 29.828 29.806 29.718 29.745 29.673 29.614 29.644 29.676 29.622 29.475 29.464 29.443 29.415 29.368 29.410 29.271 29.316 29.255 29.195 29.294 29.349 29.421 29.487 29.483 29.578 29.612 29.638 29.649 29.699 29.764 29.758 29.830
30.267 30.228 30.242 30.208 30.181 30.122 30.089 30.048 30.045 29.997 29.887 29.868 29.843 29.763 29.651 29.590 29.531 29.480 29.346 29.287 29.210 29.137 29.226 29.130 29.052 29.081 28.923 28.991 28.978 28.931 28.944 28.985 28.981 28.998 29.051 28.929 29.063 29.052 29.101 29.258 29.200 29.392 29.487 29.587 29.559 29.796 29.777 29.892 29.925 29.962 30.048 29.979 30.090 30.132 30.163 30.187 30.159 30.192 30.107 30.051 30.008 29.928 29.836 29.761 29.571 29.517 29.441 29.264 29.264 29.078 28.918 28.724 28.459 28.031 27.706 27.569 27.276 26.549 26.498 26.089 25.261 24.749 23.814 23.021 21.191 19.898 17.296 15.469 12.722 10.626 8.094 6.002 4.420 3.165 2.184 1.634 0.000 1.246 2.741 3.336 5.230 7.878 10.862 13.611 16.618 19.222 21.030 23.109 24.613 25.746 26.573 26.929 27.440 27.598 27.786 28.122 28.391 28.479 28.724 28.987 29.085 29.224 29.355 29.284 29.572 29.654 29.669 29.719 29.802 29.927 29.957 29.966 29.912 29.961 29.902 29.935 29.926 29.860 29.932 29.790 29.812 29.823 29.688 29.689 29.513 29.454 29.404 29.325 29.103 29.108 28.872 28.970 28.804 28.932 28.954 29.069 29.044 29.173 29.253 29.258 29.250 29.392 29.388 29.526 29.549 29.665 29.715 29.779 29.910 29.971 30.039 30.046 30.053 30.014 30.012 29.959 29.819 29.850 29.671 29.658 29.493 29.449 29.360 29.356 29.310 29.112 29.157 29.113 28.809 28.721 28.803 28.732 28.424 28.547 28.694 28.568 28.353 28.374 28.505 28.405 28.313 28.419 28.547 28.439 28.452 28.559 28.579 28.556 28.725 28.723 28.725 28.866 28.769 28.925 29.010 29.120 29.165 29.178 29.252 29.304 29.375 29.392 29.563 29.530 29.552 29.607 29.705 29.627 29.642 29.783 29.859 29.774 29.809 29.959 29.890 29.988 29.947 29.938 29.923 29.868 29.721 29.788 29.772 29.803 29.675 29.739 29.731 29.686 29.564 29.642 29.582 29.479 29.532 29.448 29.365 29.408 29.543 29.358 29.188 29.183 29.188 29.144 29.012 29.069 28.982 29.052 28.878 28.919 28.916 29.027 29.080 29.242 29.198 29.297 29.375 29.466 29.433 29.534 29.702 29.620 29.763
30.232 30.191 30.194 30.166 30.156 30.110 30.074 30.031 30.051 30.003 29.935 29.886 29.882 29.806 29.747 29.656 29.627 29.584 29.415 29.426 29.295 29.312 29.338 29.231 29.188 29.155 29.058 29.067 28.992 29.102 29.008 29.078 29.041 29.089 29.126 28.996 29.151 29.114 29.176 29.311 29.289 29.501 29.574 29.677 29.668 29.867 29.876 29.894 29.950 29.973 30.028 29.958 30.067 30.073 30.146 30.158 30.154 30.129 30.065 30.014 30.002 29.931 29.871 29.829 29.622 29.597 29.566 29.408 29.478 29.325 29.168 29.031 28.774 28.483 28.096 27.941 27.731 27.326 27.201 26.940 26.332 26.052 25.199 24.754 23.419 22.355 20.366 18.746 15.824 13.162 10.379 8.758 6.289 4.546 2.993 2.387 1.680 0.000 1.227 2.684 3.500 5.500 8.243 10.369 13.751 17.242 18.686 21.540 23.371 24.943 25.789 26.229 26.912 27.225 27.354 27.726 27.962 28.153 28.416 28.746 28.954 29.031 29.190 29.072 29.409 29.508 29.530 29.550 29.584 29.718 29.744 29.785 29.763 29.828 29.756 29.796 29.827 29.795 29.909 29.801 29.812 29.820 29.696 29.723 29.543 29.467 29.452 29.434 29.298 29.264 29.082 29.200 29.112 29.147 29.103 29.285 29.210 29.281 29.376 29.455 29.448 29.582 29.565 29.663 29.688 29.784 29.785 29.811 29.953 30.020 30.098 30.073 30.084 30.063 30.061 29.994 29.904 29.902 29.771 29.724 29.636 29.523 29.517 29.496 29.419 29.267 29.252 29.238 28.965 28.986 28.968 28.929 28.687 28.749 28.781 28.809 28.647 28.647 28.695 28.727 28.595 28.693 28.750 28.668 28.711 28.800 28.769 28.750 28.875 28.892 28.882 28.958 28.988 29.030 29.179 29.160 29.264 29.298 29.337 29.326 29.440 29.509 29.602 29.593 29.612 29.673 29.697 29.694 29.708 29.825 29.864 29.786 29.848 29.965 29.946 29.972 29.955 29.977 29.967 29.863 29.781 29.807 29.841 29.843 29.718 29.772 29.806 29.751 29.669 29.675 29.675 29.586 29.590 29.570 29.470 29.455 29.566 29.464 29.315 29.296 29.337 29.257 29.129 29.207 29.145 29.137 29.050 29.039 29.115 29.136 29.235 29.344 29.337 29.393 29.486 29.579 29.556 29.618 29.715 29.687 29.742
30.260 30.218 30.236 30.193 30.176 30.116 30.088 30.050 30.048 30.002 29.923 29.889 29.895 29.818 29.783 29.710 29.699 29.637 29.528 29.499 29.416 29.410 29.415 29.322 29.279 29.271 29.205 29.191 29.273 29.265 29.242 29.302 29.224 29.301 29.337 29.227 29.280 29.297 29.357 29.476 29.452 29.581 29.676 29.745 29.690 29.876 29.902 29.946 29.987 29.990 30.077 30.016 30.103 30.140 30.169 30.204 30.173 30.174 30.120 30.054 30.039 30.009 29.945 29.894 29.776 29.686 29.652 29.564 29.601 29.422 29.264 29.142 28.927 28.705 28.351 28.355 28.045 27.850 27.623 27.441 26.982 26.605 26.047 25.483 24.631 23.674 21.796 20.725 18.007 15.205 12.775 10.565 8.604 6.001 4.384 3.236 2.444 1.672 0.000 1.272 2.772 3.706 5.724 7.629 10.257 14.183 15.394 17.956 20.358 22.589 24.188 24.929 25.877 26.298 26.571 27.214 27.599 27.890 28.173 28.560 28.798 28.886 29.072 29.050 29.341 29.462 29.493 29.508 29.613 29.733 29.786 29.829 29.797 29.909 29.863 29.841 29.896 29.823 29.916 29.823 29.846 29.843 29.738 29.756 29.688 29.571 29.564 29.490 29.403 29.373 29.259 29.280 29.123 29.194 29.209 29.366 29.264 29.366 29.494 29.475 29.470 29.619 29.540 29.711 29.679 29.820 29.800 29.845 29.983 30.041 30.121 30.109 30.113 30.046 30.069 30.022 29.870 29.934 29.775 29.772 29.691 29.558 29.604 29.581 29.512 29.360 29.387 29.356 29.100 29.074 29.100 29.021 28.869 28.870 28.922 28.915 28.777 28.722 28.753 28.877 28.722 28.773 28.890 28.932 28.807 28.929 28.934 28.882 28.928 29.015 29.053 29.023 29.042 29.219 29.234 29.199 29.345 29.433 29.393 29.354 29.517 29.605 29.617 29.611 29.690 29.735 29.713 29.739 29.782 29.858 29.900 29.853 29.897 29.963 29.965 30.034 30.000 29.985 29.979 29.909 29.801 29.872 29.881 29.882 29.798 29.817 29.854 29.800 29.746 29.770 29.682 29.656 29.633 29.587 29.530 29.585 29.620 29.522 29.449 29.405 29.363 29.372 29.278 29.309 29.176 29.221 29.209 29.121 29.281 29.278 29.272 29.409 29.484 29.469 29.517 29.634 29.592 29.627 29.719 29.660 29.802
30.231 30.196 30.191 30.159 30.139 30.077 30.039 29.978 30.001 29.948 29.864 29.802 29.778 29.701 29.677 29.552 29.541 29.510 29.343 29.315 29.183 29.209 29.143 29.083 29.040 28.962 28.821 28.845 28.859 28.893 28.830 28.924 28.839 28.915 28.948 28.825 29.000 28.972 29.069 29.192 29.174 29.383 29.479 29.621 29.596 29.806 29.814 29.847 29.918 29.929 30.010 29.946 30.039 30.048 30.119 30.144 30.134 30.111 30.033 29.988 29.986 29.898 29.856 29.797 29.627 29.524 29.483 29.274 29.286 29.102 28.841 28.656 28.329 28.016 27.598 27.518 27.512 27.209 27.108 26.997 26.702 26.620 26.192 25.916 25.246 24.696 23.382 22.656 20.792 18.097 15.451 13.032 10.865 8.371 6.164 4.713 3.240 2.505 1.725 0.000 1.243 2.644 3.680 5.328 7.728 11.205 13.023 16.097 18.559 21.402 23.429 24.457 25.452 26.225 26.472 27.032 27.386 27.678 27.957 28.290 28.473 28.615 28.788 28.747 29.060 29.249 29.277 29.337 29.414 29.527 29.587 29.622 29.662 29.725 29.678 29.672 29.776 29.689 29.876 29.699 29.736 29.741 29.602 29.667 29.457 29.338 29.338 29.209 29.092 29.076 28.874 28.967 28.843 28.942 28.956 29.112 29.121 29.224 29.384 29.449 29.455 29.592 29.562 29.675 29.672 29.799 29.773 29.797 29.953 30.035 30.094 30.089 30.073 30.046 30.038 29.959 29.879 29.864 29.702 29.676 29.556 29.462 29.429 29.413 29.292 29.102 29.070 29.018 28.713 28.725 28.729 28.632 28.252 28.394 28.362 28.400 28.155 28.242 28.168 28.142 28.112 28.257 28.172 28.188 28.308 28.328 28.213 28.291 28.549 28.370 28.414 28.607 28.639 28.633 28.801 28.885 28.966 28.971 29.059 29.070 29.180 29.211 29.412 29.383 29.421 29.499 29.553 29.537 29.564 29.690 29.752 29.662 29.713 29.889 29.862 29.911 29.905 29.892 29.900 29.744 29.653 29.706 29.727 29.711 29.574 29.614 29.665 29.544 29.471 29.504 29.421 29.296 29.339 29.308 29.141 29.168 29.235 29.129 28.885 28.881 28.995 28.910 28.672 28.775 28.754 28.804 28.473 28.573 28.607 28.662 28.766 28.960 28.941 29.024 29.145 29.288 29.254 29.316 29.424 29.457 29.539
30.235 30.213 30.200 30.168 30.156 30.108 30.071 30.030 30.017 29.998 29.910 29.865 29.861 29.795 29.744 29.650 29.630 29.599 29.469 29.414 29.319 29.313 29.358 29.249 29.214 29.191 29.120 29.138 29.110 29.180 29.132 29.223 29.152 29.167 29.223 29.103 29.233 29.268 29.351 29.488 29.445 29.626 29.649 29.742 29.736 29.866 29.880 29.911 29.952 29.981 30.069 30.019 30.095 30.117 30.152 30.171 30.156 30.152 30.059 30.039 30.050 29.976 29.970 29.897 29.756 29.704 29.619 29.488 29.463 29.279 29.055 28.918 28.697 28.406 28.173 28.012 27.933 27.698 27.597 27.449 27.197 27.196 26.703 26.604 26.187 25.963 24.918 24.373 23.104 21.105 18.783 15.987 13.656 11.035 8.811 6.644 4.740 3.312 2.505 1.672 0.000 1.272 2.909 3.712 5.498 8.991 9.482 12.872 15.480 18.178 20.698 22.600 24.162 25.232 25.639 26.384 26.839 27.112 27.573 27.898 27.940 28.364 28.375 28.519 28.795 28.991 29.034 29.115 29.156 29.397 29.463 29.518 29.541 29.623 29.629 29.653 29.696 29.722 29.803 29.737 29.762 29.782 29.694 29.739 29.628 29.581 29.570 29.466 29.364 29.378 29.150 29.323 29.135 29.278 29.184 29.422 29.448 29.453 29.580 29.639 29.643 29.739 29.715 29.787 29.818 29.849 29.895 29.919 30.026 30.079 30.118 30.107 30.092 30.080 30.047 29.997 29.914 29.901 29.785 29.712 29.645 29.585 29.522 29.526 29.401 29.266 29.239 29.089 28.900 28.870 28.866 28.746 28.491 28.546 28.495 28.523 28.379 28.364 28.214 28.340 28.301 28.335 28.344 28.323 28.408 28.443 28.441 28.482 28.669 28.599 28.642 28.758 28.744 28.881 28.970 28.959 29.084 29.175 29.211 29.272 29.366 29.389 29.506 29.487 29.559 29.601 29.656 29.671 29.658 29.787 29.818 29.745 29.795 29.959 29.916 29.943 29.922 29.933 29.904 29.833 29.705 29.758 29.785 29.783 29.606 29.697 29.734 29.687 29.564 29.575 29.557 29.422 29.457 29.427 29.295 29.302 29.374 29.263 29.131 29.042 29.121 29.048 28.882 28.932 28.857 28.910 28.705 28.698 28.775 28.854 28.909 29.084 29.086 29.175 29.245 29.406 29.347 29.427 29.506 29.491 29.564
30.234 30.194 30.194 30.141 30.129 30.073 30.024 29.954 29.967 29.927 29.826 29.730 29.712 29.658 29.614 29.448 29.428 29.405 29.238 29.149 29.023 29.058 28.914 28.777 28.753 28.704 28.507 28.519 28.632 28.650 28.582 28.765 28.691 28.719 28.736 28.651 28.829 28.826 28.994 29.087 29.091 29.315 29.431 29.541 29.563 29.696 29.779 29.819 29.879 29.900 30.006 29.973 30.039 30.057 30.116 30.145 30.128 30.109 30.004 29.985 29.972 29.890 29.847 29.769 29.600 29.483 29.418 29.207 29.150 28.924 28.653 28.505 28.138 27.826 27.367 27.283 27.305 27.049 27.082 26.917 26.831 26.880 26.627 26.532 26.179 26.055 25.016 24.956 23.939 22.566 20.928 19.244 17.312 14.427 11.843 9.341 6.727 4.981 3.396 2.569 1.629 0.000 1.163 2.554 3.610 5.567 7.092 10.271 13.220 16.377 19.273 21.359 23.220 24.684 25.309 26.036 26.575 26.956 27.468 27.774 28.026 28.119 28.412 28.348 28.735 28.931 28.990 29.025 29.179 29.272 29.358 29.363 29.486 29.506 29.528 29.525 29.611 29.552 29.682 29.571 29.622 29.612 29.525 29.552 29.334 29.257 29.211 29.025 28.790 28.899 28.781 28.730 28.693 28.744 28.898 29.009 29.104 29.153 29.384 29.423 29.444 29.563 29.546 29.634 29.647 29.770 29.763 29.808 29.958 30.039 30.089 30.095 30.071 30.048 30.026 29.932 29.857 29.824 29.672 29.649 29.538 29.463 29.384 29.371 29.224 29.089 29.003 28.877 28.616 28.569 28.568 28.430 28.032 28.195 28.141 28.136 27.907 27.902 27.749 27.877 27.803 27.890 27.815 27.902 27.972 27.908 27.826 28.010 28.201 28.014 28.146 28.331 28.313 28.348 28.516 28.642 28.720 28.756 28.854 28.920 28.946 29.060 29.267 29.268 29.302 29.370 29.465 29.437 29.465 29.597 29.672 29.597 29.625 29.808 29.797 29.835 29.836 29.819 29.802 29.672 29.593 29.622 29.638 29.631 29.473 29.489 29.552 29.443 29.314 29.362 29.270 29.130 29.096 29.109 28.905 28.920 29.015 28.852 28.619 28.643 28.740 28.636 28.365 28.451 28.478 28.517 28.059 28.156 28.234 28.350 28.396 28.556 28.622 28.775 28.762 29.044 29.034 29.075 29.177 29.227 29.318
30.226 30.192 30.201 30.162 30.140 30.088 30.065 29.949 29.968 29.917 29.821 29.769 29.757 29.733 29.621 29.506 29.498 29.425 29.219 29.202 29.085 29.043 29.049 28.939 28.926 28.921 28.741 28.758 28.857 28.746 28.755 28.866 28.811 28.747 28.814 28.728 28.903 28.891 29.086 29.223 29.196 29.386 29.436 29.532 29.456 29.708 29.719 29.791 29.797 29.831 29.978 29.948 30.017 30.084 30.088 30.141 30.120 30.118 29.985 29.999 29.977 29.916 29.900 29.802 29.669 29.576 29.495 29.286 29.126 28.952 28.651 28.474 28.210 27.735 27.503 27.325 27.333 26.840 26.977 26.815 26.444 26.597 26.246 26.295 26.049 26.045 25.217 25.130 24.573 23.322 22.435 21.198 19.840 16.998 14.350 11.717 9.037 6.778 4.962 3.343 2.522 1.492 0.000 1.184 2.730 3.674 5.023 7.335 10.305 13.065 16.100 18.784 20.991 23.194 23.739 24.981 25.754 26.229 26.829 27.251 27.332 27.587 27.851 27.919 28.160 28.408 28.511 28.701 28.732 28.947 29.078 29.144 29.143 29.309 29.326 29.327 29.428 29.406 29.598 29.469 29.535 29.541 29.499 29.540 29.435 29.414 29.371 29.259 29.134 29.021 28.938 29.046 28.938 29.006 28.954 29.206 29.265 29.293 29.468 29.500 29.489 29.584 29.551 29.666 29.684 29.731 29.830 29.856 29.973 30.035 30.071 30.048 30.062 29.984 29.989 29.917 29.833 29.800 29.718 29.603 29.590 29.496 29.424 29.448 29.313 29.173 29.155 28.982 28.805 28.722 28.682 28.481 28.310 28.308 28.305 28.142 28.066 27.936 27.700 27.860 27.848 27.877 27.819 27.886 28.006 27.999 27.871 28.023 28.345 28.096 28.157 28.447 28.408 28.336 28.466 28.743 28.744 28.774 28.918 29.193 29.017 29.074 29.315 29.337 29.326 29.337 29.533 29.479 29.481 29.598 29.684 29.577 29.705 29.880 29.789 29.876 29.879 29.821 29.781 29.703 29.584 29.602 29.619 29.652 29.447 29.507 29.608 29.454 29.286 29.426 29.340 29.143 29.186 29.189 28.941 29.068 29.118 28.964 28.664 28.728 28.799 28.694 28.356 28.534 28.544 28.628 28.215 28.326 28.315 28.406 28.472 28.673 28.665 28.820 28.879 29.064 29.075 29.155 29.248 29.197 29.273
30.205 30.130 30.128 30.087 30.091 30.031 29.992 29.948 29.942 29.920 29.818 29.786 29.708 29.650 29.587 29.503 29.361 29.414 29.227 29.078 29.072 29.094 29.084 28.981 28.878 28.843 28.814 28.859 28.848 28.772 28.581 28.827 28.760 28.738 28.759 28.809 28.885 28.940 29.106 29.200 29.282 29.411 29.505 29.606 29.593 29.701 29.800 29.786 29.826 29.856 29.923 29.887 29.952 29.984 30.036 30.062 30.071 30.037 29.929 29.935 29.941 29.911 29.870 29.825 29.681 29.561 29.515 29.373 29.290 29.141 28.853 28.736 28.394 28.322 27.946 27.993 27.879 27.636 27.824 27.500 27.514 27.533 27.345 27.351 27.246 27.138 26.800 26.775 26.324 25.678 25.232 24.392 23.386 21.141 18.217 15.512 12.367 9.765 7.074 5.072 3.483 2.592 1.610 0.000 1.254 2.969 3.767 5.604 8.365 10.573 13.722 16.565 18.742 21.522 22.671 24.402 25.487 26.246 26.853 27.254 27.785 27.664 28.124 28.149 28.299 28.560 28.614 28.712 28.879 28.979 29.136 29.198 29.345 29.357 29.427 29.427 29.537 29.533 29.640 29.610 29.630 29.640 29.586 29.607 29.470 29.437 29.489 29.328 29.198 29.175 29.152 29.100 28.967 29.101 29.242 29.347 29.363 29.408 29.516 29.573 29.591 29.689 29.624 29.767 29.700 29.772 29.763 29.780 29.926 29.994 30.055 30.030 30.011 29.986 29.965 29.887 29.837 29.812 29.710 29.685 29.601 29.585 29.484 29.528 29.426 29.263 29.212 29.013 28.834 28.795 28.841 28.661 28.418 28.535 28.404 28.210 28.076 28.088 27.803 27.929 27.996 27.795 27.839 27.890 28.047 27.913 27.943 28.151 28.226 28.070 28.174 28.462 28.513 28.322 28.498 28.796 28.783 28.763 29.006 28.985 29.091 29.150 29.309 29.386 29.313 29.395 29.534 29.514 29.536 29.593 29.736 29.635 29.735 29.863 29.822 29.817 29.851 29.851 29.766 29.780 29.666 29.656 29.671 29.683 29.533 29.619 29.591 29.424 29.426 29.466 29.274 29.186 29.269 29.167 28.974 28.978 29.154 28.877 28.552 28.546 28.700 28.703 28.342 28.450 28.477 28.580 28.177 28.091 28.298 28.468 28.352 28.559 28.733 28.853 28.811 29.149 29.045 29.203 29.335 29.201 29.365
30.240 30.203 30.208 30.162 30.134 30.081 30.026 29.966 29.959 29.903 29.801 29.718 29.687 29.620 29.563 29.430 29.413 29.288 29.156 29.054 28.965 28.938 28.688 28.674 28.810 28.791 28.503 28.653 28.819 28.634 28.646 28.803 28.758 28.709 28.835 28.729 28.873 28.881 29.126 29.127 29.188 29.287 29.409 29.427 29.437 29.622 29.656 29.736 29.757 29.729 29.918 29.868 29.954 29.986 30.000 30.055 30.056 30.064 29.948 29.910 29.858 29.875 29.828 29.735 29.628 29.495 29.489 29.318 29.207 29.010 28.749 28.691 28.407 28.174 27.959 27.884 27.830 27.477 27.464 27.297 27.099 27.146 26.851 26.814 26.713 26.764 26.304 25.993 26.307 25.321 24.978 24.087 23.244 21.276 18.810 16.817 14.163 11.224 9.010 6.481 4.657 3.336 2.479 1.578 0.000 1.034 2.566 3.563 5.815 7.499 9.811 12.874 15.475 18.065 19.177 21.551 22.852 24.372 25.388 26.082 26.388 26.836 27.260 27.379 27.496 27.827 27.987 28.141 28.422 28.558 28.743 28.888 28.948 29.072 29.149 29.172 29.233 29.219 29.377 29.339 29.417 29.330 29.280 29.302 29.272 29.196 29.150 29.046 28.955 28.832 28.867 28.750 28.829 28.750 28.994 29.038 29.080 29.212 29.373 29.388 29.487 29.533 29.537 29.627 29.630 29.791 29.805 29.833 29.965 30.009 30.038 30.056 30.009 30.004 29.995 29.964 29.878 29.877 29.741 29.730 29.646 29.580 29.525 29.481 29.383 29.235 29.242 29.062 28.819 28.806 28.865 28.563 28.321 28.524 28.438 28.065 28.110 28.040 27.745 27.718 27.936 27.976 27.665 27.792 28.173 27.786 27.791 27.980 28.428 27.967 28.070 28.479 28.391 28.196 28.368 28.822 28.664 28.656 28.767 28.990 28.923 28.968 29.252 29.303 29.285 29.310 29.468 29.435 29.425 29.470 29.699 29.601 29.631 29.791 29.742 29.808 29.834 29.760 29.742 29.632 29.607 29.590 29.574 29.609 29.455 29.458 29.555 29.408 29.295 29.323 29.221 29.084 29.082 29.086 28.858 28.963 29.064 28.877 28.386 28.627 28.667 28.634 28.308 28.451 28.539 28.555 28.076 28.313 28.248 28.415 28.421 28.601 28.637 28.829 28.685 28.946 28.983 29.032 29.043 29.084 29.096
30.258 30.200 30.224 30.169 30.182 30.153 30.055 30.010 29.995 29.969 29.901 29.794 29.776 29.715 29.624 29.451 29.433 29.381 29.245 29.138 29.042 29.115 29.070 28.853 28.942 28.957 28.741 28.858 28.909 28.910 28.754 28.979 28.913 28.906 28.988 28.946 29.040 29.038 29.216 29.295 29.347 29.447 29.517 29.599 29.576 29.695 29.724 29.772 29.788 29.846 29.883 29.870 29.939 30.004 30.059 30.083 30.073 30.062 30.011 29.992 29.973 29.950 29.884 29.887 29.713 29.624 29.549 29.441 29.323 29.173 28.948 28.819 28.606 28.416 28.228 28.123 28.113 27.818 27.823 27.687 27.514 27.725 27.399 27.514 27.286 27.424 26.723 27.031 26.766 26.251 25.761 24.764 23.995 22.118 19.743 17.915 15.393 12.962 10.476 8.342 6.022 4.493 3.039 2.220 1.239 0.000 1.346 3.459 4.879 6.353 8.400 10.979 13.585 16.621 18.407 20.646 22.345 23.866 25.549 26.191 26.833 26.843 27.252 27.744 27.901 28.123 28.255 28.404 28.537 28.740 28.907 28.973 29.059 29.198 29.213 29.345 29.361 29.350 29.493 29.492 29.475 29.549 29.496 29.550 29.411 29.406 29.278 29.201 29.129 28.967 28.960 28.953 28.975 28.968 29.066 29.175 29.250 29.276 29.417 29.455 29.523 29.637 29.616 29.715 29.749 29.839 29.823 29.872 29.991 30.047 30.115 30.081 30.083 30.038 29.996 29.967 29.890 29.914 29.810 29.739 29.598 29.616 29.549 29.502 29.417 29.325 29.342 29.136 29.088 28.925 28.962 28.776 28.664 28.694 28.557 28.429 28.217 28.318 27.933 28.129 28.168 28.185 27.914 28.112 28.371 28.210 28.362 28.370 28.576 28.353 28.682 28.830 28.722 28.811 28.872 29.106 29.057 29.181 29.179 29.325 29.341 29.367 29.544 29.621 29.576 29.596 29.703 29.702 29.634 29.750 29.843 29.778 29.813 29.923 29.935 29.942 29.959 29.959 29.905 29.869 29.781 29.763 29.788 29.797 29.687 29.703 29.720 29.704 29.579 29.606 29.579 29.426 29.428 29.461 29.291 29.277 29.362 29.253 28.917 28.958 29.027 28.949 28.778 28.835 28.781 28.795 28.403 28.428 28.634 28.813 28.703 28.839 28.988 29.147 28.997 29.267 29.277 29.357 29.359 29.306 29.358
30.276 30.231 30.247 30.206 30.168 30.122 30.053 29.981 29.985 29.933 29.821 29.736 29.734 29.677 29.591 29.455 29.469 29.372 29.244 29.185 29.163 29.121 29.024 28.990 29.029 28.989 28.879 28.999 29.027 28.918 28.878 29.013 28.988 28.958 29.084 28.992 29.087 29.098 29.261 29.350 29.331 29.491 29.528 29.669 29.611 29.786 29.822 29.818 29.883 29.886 29.994 29.979 30.014 30.068 30.121 30.157 30.153 30.146 30.059 30.052 30.034 30.004 29.981 29.926 29.821 29.708 29.653 29.523 29.425 29.315 29.104 29.050 28.801 28.617 28.444 28.440 28.262 28.103 28.033 27.823 27.690 27.669 27.643 27.398 27.264 27.330 27.123 26.811 26.883 26.338 26.037 25.340 24.705 23.350 21.381 20.045 18.087 15.802 13.337 11.646 8.707 6.673 4.823 3.347 2.607 1.618 0.000 1.422 3.736 4.785 6.776 8.898 11.244 14.383 16.409 18.754 20.596 22.584 24.434 25.412 25.936 26.395 26.848 27.173 27.477 27.771 27.923 28.224 28.384 28.558 28.794 28.917 29.023 29.136 29.213 29.228 29.362 29.336 29.484 29.500 29.487 29.579 29.536 29.572 29.554 29.495 29.460 29.377 29.158 29.112 29.125 29.028 28.995 29.060 29.253 29.294 29.280 29.397 29.481 29.544 29.564 29.712 29.597 29.790 29.721 29.898 29.886 29.885 30.032 30.100 30.146 30.135 30.126 30.051 30.046 29.998 29.891 29.935 29.755 29.793 29.668 29.574 29.563 29.500 29.426 29.282 29.295 29.118 28.873 28.963 28.923 28.699 28.515 28.553 28.495 28.385 28.209 28.385 28.087 28.186 28.348 28.286 28.120 28.050 28.440 28.380 28.316 28.406 28.677 28.361 28.480 28.753 28.697 28.622 28.701 29.103 28.927 28.994 29.033 29.266 29.239 29.257 29.412 29.552 29.447 29.487 29.627 29.571 29.568 29.650 29.794 29.690 29.822 29.884 29.851 29.919 29.945 29.848 29.860 29.778 29.775 29.810 29.772 29.778 29.588 29.670 29.697 29.614 29.486 29.542 29.488 29.342 29.295 29.327 29.184 29.227 29.307 29.123 28.916 28.845 28.961 28.913 28.687 28.675 28.707 28.784 28.533 28.533 28.451 28.717 28.711 28.762 28.938 29.015 28.921 29.141 29.153 29.237 29.281 29.255 29.391
30.296 30.235 30.247 30.201 30.179 30.139 30.091 30.031 30.026 29.983 29.883 29.804 29.797 29.763 29.732 29.653 29.585 29.584 29.478 29.411 29.356 29.381 29.277 29.182 29.309 29.295 29.114 29.221 29.255 29.225 29.092 29.287 29.251 29.252 29.329 29.289 29.324 29.355 29.518 29.585 29.577 29.706 29.756 29.837 29.796 29.885 29.896 29.937 29.933 29.978 30.013 29.977 30.050 30.081 30.100 30.140 30.144 30.135 30.078 30.063 30.088 30.050 30.025 30.010 29.934 29.851 29.822 29.751 29.707 29.661 29.454 29.397 29.235 29.095 28.869 28.833 28.714 28.482 28.564 28.415 28.304 28.359 28.320 28.301 28.252 28.321 28.070 28.037 28.179 27.820 27.640 27.291 27.192 26.600 25.724 24.691 22.983 20.724 17.942 15.264 12.004 9.622 7.210 5.164 3.655 3.087 1.905 0.000 1.325 3.294 4.035 5.750 7.790 10.000 12.488 14.341 16.487 18.806 21.712 23.520 24.838 25.655 26.337 26.971 27.320 27.681 27.832 28.173 28.366 28.566 28.755 28.833 29.003 29.155 29.271 29.318 29.473 29.424 29.563 29.587 29.669 29.698 29.669 29.730 29.697 29.635 29.664 29.665 29.573 29.536 29.524 29.519 29.551 29.472 29.596 29.651 29.615 29.673 29.771 29.788 29.818 29.888 29.840 29.936 29.921 30.013 29.974 30.020 30.118 30.159 30.179 30.170 30.149 30.136 30.118 30.069 30.022 30.041 29.945 29.941 29.815 29.806 29.760 29.693 29.624 29.550 29.489 29.335 29.334 29.194 29.166 29.018 28.957 28.960 28.875 28.780 28.730 28.739 28.531 28.603 28.626 28.658 28.473 28.616 28.725 28.557 28.532 28.661 28.793 28.594 28.737 28.825 28.832 28.866 29.007 29.083 29.038 29.238 29.185 29.263 29.317 29.449 29.512 29.579 29.582 29.598 29.657 29.633 29.674 29.726 29.824 29.789 29.807 29.897 29.926 29.960 29.979 29.952 29.902 29.867 29.827 29.791 29.839 29.766 29.661 29.717 29.696 29.644 29.578 29.549 29.493 29.478 29.456 29.382 29.246 29.433 29.354 29.135 29.050 29.022 29.007 28.985 28.865 28.838 28.800 28.882 28.654 28.719 28.819 28.935 28.773 28.953 29.096 29.095 28.917 29.286 29.280 29.236 29.344 29.255 29.412
30.278 30.233 30.243 30.212 30.166 30.104 30.071 30.013 30.023 29.983 29.916 29.857 29.829 29.804 29.744 29.678 29.615 29.659 29.535 29.462 29.454 29.501 29.360 29.333 29.392 29.377 29.220 29.365 29.397 29.333 29.204 29.388 29.320 29.301 29.423 29.339 29.399 29.430 29.589 29.605 29.606 29.713 29.736 29.780 29.719 29.854 29.866 29.931 29.933 29.907 30.049 30.000 30.073 30.119 30.114 30.150 30.165 30.178 30.068 30.102 30.068 30.055 30.027 29.985 29.920 29.870 29.847 29.772 29.692 29.575 29.442 29.410 29.292 29.169 29.107 29.023 29.000 28.737 28.817 28.753 28.444 28.638 28.444 28.419 28.364 28.341 28.178 28.046 28.232 27.823 27.836 27.515 27.500 27.015 26.371 25.874 24.517 22.748 20.799 18.469 15.526 12.994 10.135 7.400 5.408 3.981 3.206 1.806 0.000 1.334 2.902 3.671 5.110 7.744 9.014 11.066 13.394 15.577 18.270 20.135 21.980 23.294 24.771 25.555 25.967 26.499 26.803 27.261 27.541 27.872 28.208 28.408 28.706 28.892 29.159 29.153 29.380 29.352 29.436 29.518 29.563 29.579 29.534 29.565 29.513 29.522 29.484 29.518 29.371 29.433 29.436 29.468 29.350 29.486 29.517 29.661 29.579 29.650 29.719 29.761 29.763 29.813 29.770 29.881 29.880 29.922 29.948 29.961 30.067 30.084 30.125 30.129 30.122 30.104 30.091 30.062 29.998 29.990 29.906 29.888 29.822 29.777 29.750 29.698 29.583 29.534 29.498 29.326 29.304 29.235 29.274 29.115 29.029 28.929 28.917 28.804 28.797 28.718 28.671 28.635 28.747 28.714 28.581 28.902 28.836 28.764 28.821 28.901 28.973 28.874 28.952 29.043 28.985 29.076 29.141 29.270 29.182 29.335 29.345 29.383 29.453 29.499 29.583 29.591 29.624 29.687 29.693 29.687 29.730 29.790 29.849 29.801 29.875 29.953 29.928 29.978 29.979 29.948 29.893 29.868 29.858 29.851 29.822 29.821 29.738 29.725 29.759 29.690 29.630 29.596 29.547 29.550 29.488 29.467 29.339 29.446 29.463 29.261 29.129 29.206 29.149 29.169 29.090 29.030 28.951 29.005 28.954 28.916 28.966 29.132 28.992 29.102 29.110 29.281 29.153 29.335 29.330 29.301 29.351 29.276 29.371
30.307 30.260 30.288 30.242 30.224 30.176 30.154 30.106 30.083 30.058 29.994 29.931 29.915 29.883 29.844 29.785 29.755 29.751 29.634 29.580 29.572 29.636 29.553 29.442 29.565 29.541 29.362 29.465 29.537 29.505 29.383 29.559 29.487 29.486 29.529 29.510 29.551 29.491 29.698 29.742 29.721 29.819 29.820 29.922 29.803 29.959 29.960 29.963 29.978 29.985 30.040 30.037 30.078 30.123 30.140 30.192 30.170 30.186 30.103 30.122 30.117 30.102 30.098 30.073 30.019 29.976 29.962 29.909 29.848 29.769 29.600 29.579 29.430 29.349 29.259 29.206 29.139 28.984 29.013 28.972 28.867 28.882 28.764 28.724 28.696 28.694 28.529 28.444 28.588 28.321 28.231 28.096 27.975 27.637 27.052 26.702 25.624 24.414 22.673 20.787 18.024 15.231 12.560 9.663 7.196 5.415 4.098 2.878 1.832 0.000 1.219 2.919 3.581 5.093 7.536 9.061 11.675 14.003 16.816 18.681 20.933 22.543 24.337 25.303 25.958 26.602 27.037 27.533 27.710 28.087 28.425 28.630 28.750 29.055 29.203 29.233 29.508 29.425 29.574 29.562 29.678 29.701 29.708 29.741 29.715 29.714 29.703 29.722 29.678 29.623 29.613 29.587 29.588 29.554 29.654 29.713 29.702 29.724 29.831 29.840 29.849 29.912 29.845 29.949 29.918 30.005 30.010 29.999 30.123 30.156 30.192 30.175 30.184 30.137 30.121 30.085 30.009 30.020 29.926 29.892 29.824 29.747 29.745 29.681 29.524 29.572 29.448 29.314 29.377 29.296 29.221 29.178 29.201 28.978 28.924 28.918 28.964 28.648 28.659 28.828 28.706 28.690 28.680 28.922 28.814 28.815 29.010 28.946 28.986 28.956 29.162 29.130 29.120 29.243 29.360 29.389 29.446 29.522 29.528 29.533 29.620 29.737 29.775 29.788 29.855 29.866 29.883 29.895 29.916 29.953 30.015 29.970 30.024 30.053 30.056 30.077 30.053 30.072 30.043 30.007 29.934 29.943 29.897 29.960 29.868 29.888 29.895 29.878 29.784 29.800 29.748 29.689 29.690 29.654 29.523 29.618 29.589 29.485 29.375 29.337 29.332 29.377 29.247 29.140 29.079 29.190 28.977 28.993 29.043 29.325 29.116 29.138 29.390 29.439 29.204 29.508 29.515 29.506 29.513 29.439 29.494
30.330 30.273 30.299 30.252 30.228 30.165 30.146 30.062 30.070 30.033 29.958 29.894 29.875 29.829 29.804 29.712 29.686 29.669 29.571 29.475 29.474 29.500 29.429 29.282 29.358 29.359 29.240 29.295 29.355 29.298 29.219 29.343 29.279 29.314 29.368 29.321 29.365 29.359 29.532 29.588 29.588 29.720 29.757 29.831 29.755 29.900 29.927 29.935 29.963 29.974 30.049 30.019 30.098 30.126 30.143 30.193 30.179 30.190 30.125 30.114 30.115 30.103 30.089 30.064 29.999 29.924 29.909 29.851 29.763 29.670 29.490 29.459 29.327 29.213 29.080 29.004 28.965 28.775 28.806 28.758 28.646 28.735 28.621 28.626 28.548 28.576 28.506 28.447 28.581 28.326 28.267 28.136 27.983 27.752 27.336 27.052 26.196 25.249 23.730 22.181 19.780 17.492 14.767 11.749 8.995 6.763 5.136 3.420 2.608 1.590 0.000 1.134 2.676 3.579 5.095 6.727 9.212 11.750 14.580 16.842 19.116 20.997 23.401 24.483 25.370 26.081 26.507 27.119 27.435 27.813 28.140 28.390 28.583 28.857 29.070 29.088 29.395 29.292 29.496 29.475 29.569 29.629 29.602 29.674 29.616 29.612 29.589 29.607 29.527 29.510 29.566 29.505 29.507 29.471 29.587 29.655 29.609 29.679 29.776 29.770 29.805 29.825 29.819 29.926 29.897 30.017 29.997 30.004 30.119 30.173 30.201 30.191 30.169 30.159 30.121 30.093 30.038 30.020 29.957 29.925 29.851 29.746 29.763 29.749 29.610 29.529 29.473 29.291 29.312 29.221 29.119 29.020 29.008 28.775 28.799 28.741 28.691 28.501 28.464 28.585 28.477 28.571 28.461 28.713 28.591 28.684 28.661 28.712 28.765 28.808 28.912 28.964 28.906 28.985 29.184 29.241 29.248 29.351 29.359 29.352 29.421 29.542 29.621 29.639 29.687 29.720 29.717 29.733 29.825 29.803 29.883 29.867 29.924 29.952 29.981 29.991 30.000 30.007 29.973 29.913 29.857 29.846 29.807 29.856 29.778 29.761 29.770 29.744 29.674 29.688 29.605 29.582 29.544 29.501 29.382 29.488 29.456 29.286 29.132 29.179 29.170 29.128 29.030 28.975 28.939 28.895 28.858 28.923 28.855 29.024 28.998 29.018 29.160 29.220 29.105 29.377 29.377 29.325 29.402 29.338 29.436
30.303 30.257 30.276 30.238 30.234 30.190 30.143 30.086 30.091 30.056 30.004 29.952 29.964 29.918 29.863 29.789 29.803 29.774 29.648 29.602 29.563 29.635 29.575 29.507 29.544 29.534 29.401 29.488 29.515 29.465 29.360 29.471 29.411 29.443 29.497 29.441 29.450 29.464 29.592 29.634 29.630 29.706 29.773 29.824 29.711 29.880 29.885 29.899 29.904 29.926 29.978 29.964 30.001 30.069 30.119 30.151 30.129 30.148 30.089 30.087 30.096 30.088 30.066 30.051 29.972 29.905 29.877 29.797 29.720 29.645 29.513 29.435 29.369 29.288 29.138 29.183 29.068 28.989 29.014 28.983 28.814 28.915 28.840 28.870 28.793 28.830 28.689 28.752 28.829 28.607 28.563 28.406 28.397 28.117 27.730 27.539 26.891 26.242 25.364 24.356 22.571 20.529 18.139 14.351 11.739 9.113 6.557 4.796 3.443 2.507 1.583 0.000 1.183 2.942 4.023 5.227 7.402 9.801 12.725 15.050 17.524 19.523 21.685 23.693 24.301 25.238 25.896 26.457 26.958 27.309 27.833 28.063 28.216 28.574 28.793 28.859 29.024 29.061 29.303 29.345 29.430 29.554 29.563 29.648 29.615 29.612 29.604 29.588 29.507 29.494 29.477 29.536 29.436 29.529 29.576 29.673 29.608 29.701 29.795 29.795 29.808 29.870 29.775 29.893 29.888 29.961 29.995 29.988 30.092 30.160 30.182 30.171 30.159 30.129 30.084 30.065 30.002 30.007 29.907 29.872 29.813 29.695 29.705 29.666 29.529 29.569 29.489 29.311 29.331 29.294 29.216 29.097 29.133 28.971 29.019 28.851 28.798 28.728 28.617 28.811 28.665 28.734 28.666 29.042 28.817 28.877 28.972 28.991 28.997 28.983 29.240 29.193 29.119 29.267 29.439 29.450 29.441 29.554 29.564 29.588 29.644 29.713 29.793 29.842 29.850 29.848 29.880 29.917 29.913 29.945 30.016 29.963 30.005 30.063 30.097 30.070 30.081 30.108 30.071 30.072 29.964 29.959 29.943 30.010 29.883 29.884 29.906 29.891 29.799 29.800 29.806 29.731 29.698 29.623 29.619 29.704 29.630 29.515 29.434 29.423 29.285 29.383 29.297 29.141 29.014 29.166 29.072 29.076 29.121 29.280 29.140 29.126 29.373 29.424 29.213 29.423 29.526 29.459 29.410 29.407 29.425
30.283 30.240 30.260 30.221 30.213 30.181 30.132 30.070 30.078 30.045 29.998 29.929 29.936 29.878 29.853 29.745 29.755 29.728 29.580 29.471 29.498 29.570 29.526 29.373 29.420 29.427 29.356 29.466 29.464 29.443 29.377 29.477 29.451 29.479 29.514 29.510 29.533 29.537 29.673 29.696 29.736 29.792 29.860 29.886 29.813 29.933 29.941 29.958 29.946 29.959 30.023 30.012 30.045 30.078 30.122 30.138 30.135 30.153 30.095 30.098 30.117 30.107 30.075 30.089 30.013 29.972 29.943 29.878 29.830 29.763 29.577 29.518 29.408 29.309 29.175 29.162 29.116 29.022 29.092 29.010 28.882 28.961 28.884 28.966 28.900 28.921 28.779 28.879 28.923 28.770 28.752 28.598 28.643 28.427 28.120 27.996 27.487 27.079 26.305 25.515 23.831 21.944 19.612 16.156 13.143 10.728 8.554 6.359 4.702 3.209 2.503 1.531 0.000 1.176 2.643 3.518 5.425 7.472 10.735 13.979 16.714 19.231 21.902 24.019 24.850 25.861 26.570 27.156 27.682 28.011 28.352 28.545 28.660 28.888 29.142 29.063 29.382 29.291 29.499 29.486 29.621 29.656 29.645 29.707 29.678 29.636 29.618 29.588 29.532 29.504 29.517 29.520 29.461 29.513 29.602 29.684 29.633 29.709 29.823 29.825 29.823 29.907 29.830 29.928 29.912 29.994 30.028 29.999 30.128 30.171 30.201 30.182 30.157 30.141 30.097 30.088 30.060 30.063 29.974 29.955 29.885 29.772 29.823 29.775 29.663 29.656 29.560 29.434 29.369 29.398 29.251 29.228 29.151 29.043 29.059 28.933 28.865 28.714 28.674 28.806 28.661 28.751 28.661 28.968 28.795 28.808 28.927 28.888 28.896 28.933 29.069 29.074 29.045 29.133 29.327 29.322 29.367 29.471 29.480 29.497 29.578 29.646 29.705 29.753 29.793 29.791 29.809 29.884 29.882 29.889 29.942 29.913 29.975 30.013 30.022 30.002 30.024 30.040 29.972 30.009 29.912 29.872 29.842 29.936 29.827 29.819 29.842 29.804 29.757 29.771 29.720 29.662 29.680 29.558 29.547 29.605 29.585 29.449 29.310 29.355 29.224 29.292 29.184 29.186 28.988 29.077 29.019 29.052 29.097 29.292 29.132 29.118 29.316 29.449 29.247 29.419 29.502 29.452 29.436 29.433 29.424
30.338 30.313 30.321 30.283 30.266 30.232 30.166 30.090 30.107 30.066 30.010 29.899 29.900 29.838 29.789 29.649 29.664 29.573 29.507 29.410 29.401 29.443 29.446 29.297 29.308 29.342 29.245 29.277 29.308 29.264 29.206 29.297 29.287 29.282 29.389 29.361 29.354 29.414 29.509 29.553 29.603 29.651 29.719 29.765 29.735 29.827 29.833 29.862 29.882 29.931 29.975 29.942 30.005 30.075 30.097 30.143 30.144 30.177 30.127 30.119 30.113 30.104 30.086 30.048 29.970 29.895 29.849 29.769 29.752 29.618 29.558 29.474 29.380 29.266 29.117 29.112 29.040 29.033 28.993 28.957 28.930 29.061 28.987 29.098 29.059 29.092 29.060 29.101 29.165 29.035 29.086 28.904 28.918 28.670 28.410 28.202 27.806 27.290 26.559 25.760 24.367 22.564 20.492 17.200 14.738 12.010 9.752 8.000 5.539 4.237 3.002 2.316 1.216 0.000 1.258 2.962 4.377 5.885 8.256 11.247 14.033 16.477 19.186 21.901 23.342 24.458 25.457 26.297 26.751 27.199 27.715 28.077 28.192 28.549 28.752 28.920 29.112 29.104 29.318 29.361 29.493 29.516 29.487 29.560 29.523 29.515 29.467 29.423 29.424 29.433 29.350 29.428 29.400 29.423 29.471 29.578 29.561 29.653 29.734 29.728 29.782 29.809 29.817 29.858 29.920 29.996 30.000 30.025 30.101 30.182 30.203 30.206 30.173 30.167 30.130 30.084 30.063 30.004 29.937 29.889 29.767 29.791 29.677 29.632 29.518 29.441 29.390 29.240 29.194 29.093 29.024 28.937 28.847 28.762 28.896 28.677 28.571 28.632 28.533 28.525 28.436 28.644 28.398 28.611 28.674 28.673 28.539 28.607 28.837 28.763 28.820 28.895 28.839 28.917 29.077 29.162 29.138 29.201 29.248 29.289 29.345 29.418 29.524 29.611 29.630 29.599 29.657 29.714 29.753 29.743 29.795 29.834 29.888 29.943 29.946 30.022 29.988 29.970 29.951 29.865 29.824 29.794 29.744 29.770 29.738 29.715 29.690 29.613 29.649 29.616 29.490 29.442 29.465 29.394 29.301 29.368 29.300 29.163 28.997 29.069 28.975 28.943 28.901 28.850 28.848 28.841 28.604 28.833 28.796 28.935 28.954 28.845 28.950 29.112 29.071 29.133 29.201 29.183 29.213 29.210 29.200
30.334 30.281 30.308 30.278 30.260 30.221 30.177 30.133 30.133 30.106 30.034 29.980 29.956 29.937 29.879 29.808 29.787 29.752 29.664 29.593 29.575 29.622 29.564 29.463 29.556 29.510 29.426 29.505 29.461 29.444 29.378 29.508 29.447 29.420 29.515 29.499 29.535 29.561 29.677 29.725 29.689 29.795 29.787 29.892 29.801 29.911 29.930 29.893 29.932 29.940 29.986 29.970 30.020 30.064 30.101 30.114 30.137 30.159 30.091 30.117 30.129 30.104 30.088 30.081 29.984 29.958 29.911 29.860 29.805 29.740 29.550 29.519 29.391 29.349 29.218 29.240 29.191 29.079 29.080 29.055 29.033 29.165 29.055 29.204 29.112 29.193 29.034 29.162 29.180 29.098 29.083 28.914 28.917 28.682 28.408 28.294 27.784 27.366 26.798 26.142 24.884 23.361 21.555 18.718 16.574 14.152 11.816 10.153 7.947 5.892 4.520 3.525 2.673 1.660 0.000 1.381 3.503 4.567 6.149 8.617 11.655 14.585 17.137 19.473 21.120 22.737 24.120 25.148 25.860 26.587 27.332 27.762 27.931 28.361 28.564 28.748 28.944 28.961 29.208 29.193 29.342 29.405 29.409 29.477 29.446 29.473 29.418 29.462 29.431 29.305 29.321 29.421 29.495 29.482 29.581 29.693 29.682 29.716 29.783 29.830 29.841 29.916 29.878 29.957 29.964 30.025 30.027 30.037 30.159 30.185 30.210 30.195 30.217 30.137 30.128 30.082 30.029 30.022 29.934 29.886 29.803 29.750 29.697 29.628 29.483 29.506 29.423 29.249 29.248 29.252 29.077 28.974 29.048 28.921 28.971 28.819 28.794 28.793 28.611 28.750 28.705 28.816 28.708 28.898 28.941 28.882 28.937 28.943 29.077 29.009 29.170 29.191 29.153 29.283 29.430 29.427 29.399 29.523 29.606 29.575 29.630 29.709 29.801 29.792 29.808 29.825 29.889 29.897 29.903 29.972 30.018 29.976 30.004 30.063 30.093 30.073 30.063 30.083 30.036 30.024 29.956 29.908 29.910 29.940 29.855 29.851 29.868 29.843 29.751 29.793 29.757 29.624 29.686 29.609 29.526 29.569 29.586 29.451 29.344 29.298 29.291 29.271 29.205 29.109 29.117 29.112 28.985 29.016 29.070 29.276 29.210 29.134 29.266 29.375 29.166 29.397 29.472 29.483 29.385 29.383 29.384
30.350 30.302 30.314 30.279 30.249 30.206 30.168 30.112 30.111 30.086 30.004 29.910 29.919 29.873 29.857 29.772 29.733 29.686 29.601 29.527 29.484 29.472 29.467 29.365 29.383 29.391 29.318 29.366 29.303 29.338 29.283 29.351 29.323 29.375 29.445 29.414 29.420 29.492 29.578 29.625 29.606 29.736 29.758 29.826 29.797 29.863 29.885 29.876 29.879 29.918 29.966 29.942 29.992 30.016 30.049 30.087 30.124 30.135 30.056 30.087 30.095 30.072 30.073 30.041 29.988 29.930 29.877 29.841 29.790 29.727 29.617 29.541 29.467 29.325 29.244 29.194 29.140 29.020 29.048 29.055 28.941 29.133 29.005 29.226 29.137 29.173 29.141 29.210 29.259 29.079 29.165 28.919 29.040 28.755 28.476 28.412 28.020 27.615 27.309 26.664 25.790 24.657 23.159 20.850 18.893 16.298 14.524 12.079 9.858 7.758 6.615 4.831 3.819 2.992 1.778 0.000 1.285 3.038 4.216 6.435 9.041 11.657 14.389 17.059 19.188 21.404 23.371 24.629 25.665 26.453 27.129 27.544 27.969 28.287 28.613 28.657 29.027 28.933 29.200 29.209 29.379 29.429 29.421 29.500 29.494 29.500 29.509 29.463 29.478 29.440 29.444 29.476 29.517 29.520 29.571 29.683 29.690 29.703 29.795 29.831 29.860 29.909 29.849 29.985 29.941 30.064 30.044 30.056 30.164 30.200 30.226 30.204 30.208 30.165 30.150 30.096 30.049 30.035 29.954 29.914 29.828 29.797 29.745 29.704 29.564 29.517 29.411 29.243 29.257 29.168 28.954 28.920 28.963 28.752 28.804 28.711 28.616 28.483 28.484 28.572 28.425 28.556 28.434 28.622 28.561 28.575 28.602 28.597 28.722 28.612 28.759 28.819 28.792 28.870 29.043 29.075 29.035 29.210 29.218 29.249 29.286 29.399 29.444 29.579 29.578 29.593 29.624 29.680 29.695 29.719 29.829 29.842 29.864 29.935 29.946 29.982 30.008 29.966 29.930 29.909 29.850 29.827 29.802 29.754 29.726 29.674 29.733 29.668 29.571 29.624 29.480 29.421 29.407 29.399 29.203 29.307 29.346 29.131 28.977 29.017 28.999 28.925 28.816 28.755 28.867 28.754 28.698 28.771 28.792 28.911 28.905 28.846 29.027 29.117 28.988 29.186 29.211 29.281 29.134 29.213 29.227
30.342 30.285 30.309 30.271 30.244 30.207 30.153 30.091 30.093 30.074 30.008 29.918 29.927 29.871 29.856 29.764 29.711 29.681 29.558 29.470 29.444 29.446 29.413 29.280 29.302 29.295 29.203 29.301 29.212 29.247 29.159 29.263 29.251 29.318 29.380 29.372 29.358 29.452 29.570 29.620 29.606 29.737 29.760 29.851 29.790 29.890 29.888 29.882 29.877 29.917 29.956 29.932 29.984 30.002 30.061 30.084 30.105 30.126 30.055 30.079 30.095 30.049 30.039 30.020 29.950 29.873 29.835 29.753 29.718 29.654 29.476 29.404 29.290 29.206 29.023 29.102 28.982 28.954 28.993 29.001 29.050 29.164 29.094 29.336 29.301 29.391 29.314 29.404 29.509 29.381 29.401 29.246 29.329 29.119 28.937 28.907 28.528 28.351 28.088 27.631 27.035 26.352 25.274 23.948 22.129 19.768 18.557 16.008 13.300 10.806 8.822 6.684 5.175 3.592 2.900 1.726 0.000 1.136 3.281 4.581 6.346 9.116 11.787 14.972 16.878 19.416 22.255 24.037 25.674 26.702 27.436 27.943 28.147 28.420 28.700 28.806 29.077 28.865 29.249 29.155 29.372 29.364 29.363 29.456 29.432 29.441 29.446 29.372 29.394 29.345 29.297 29.391 29.411 29.417 29.486 29.596 29.638 29.660 29.776 29.815 29.849 29.899 29.836 29.928 29.936 30.037 29.993 30.007 30.133 30.183 30.211 30.185 30.189 30.127 30.118 30.061 30.001 30.017 29.920 29.907 29.798 29.776 29.740 29.678 29.551 29.530 29.449 29.253 29.214 29.203 28.984 28.943 28.881 28.797 28.803 28.737 28.656 28.491 28.408 28.642 28.436 28.497 28.469 28.621 28.525 28.548 28.581 28.610 28.672 28.569 28.745 28.762 28.757 28.832 28.999 29.037 28.999 29.233 29.153 29.202 29.255 29.406 29.431 29.512 29.560 29.559 29.586 29.619 29.647 29.680 29.771 29.774 29.851 29.886 29.895 29.959 29.962 29.897 29.896 29.844 29.783 29.764 29.746 29.675 29.656 29.613 29.664 29.598 29.465 29.570 29.383 29.344 29.338 29.321 29.155 29.280 29.269 29.025 28.942 28.953 28.904 28.784 28.752 28.722 28.745 28.668 28.564 28.620 28.752 28.802 28.738 28.781 28.946 29.015 28.831 29.111 29.144 29.179 29.058 29.132 29.139
30.319 30.288 30.301 30.291 30.239 30.197 30.153 30.093 30.119 30.099 30.044 30.005 29.967 29.928 29.872 29.807 29.764 29.746 29.612 29.540 29.520 29.436 29.470 29.411 29.411 29.367 29.269 29.363 29.301 29.327 29.270 29.324 29.256 29.292 29.301 29.327 29.293 29.366 29.467 29.492 29.515 29.603 29.676 29.691 29.637 29.760 29.733 29.803 29.778 29.777 29.897 29.841 29.914 29.969 29.980 30.030 30.031 30.084 30.020 30.030 30.027 30.023 30.038 29.971 29.940 29.827 29.819 29.700 29.641 29.575 29.397 29.360 29.217 29.187 29.072 29.149 29.121 29.092 29.127 29.247 29.211 29.365 29.293 29.498 29.534 29.501 29.466 29.557 29.619 29.539 29.554 29.443 29.461 29.277 29.093 29.042 28.699 28.428 28.248 27.738 27.123 26.481 25.515 24.135 22.708 20.587 19.412 17.178 15.137 12.821 10.460 8.444 6.802 4.941 3.825 2.809 1.593 0.000 1.324 3.355 4.511 6.718 8.900 11.835 13.513 16.060 19.083 21.449 23.419 24.991 26.182 26.856 27.252 27.702 28.331 28.373 28.752 28.686 28.927 29.026 29.214 29.215 29.186 29.332 29.393 29.342 29.377 29.295 29.278 29.220 29.282 29.262 29.300 29.332 29.391 29.532 29.519 29.615 29.718 29.781 29.756 29.865 29.788 29.951 29.890 30.030 30.006 29.976 30.143 30.139 30.184 30.150 30.175 30.109 30.069 30.059 29.949 29.967 29.832 29.811 29.742 29.663 29.691 29.629 29.437 29.395 29.349 29.148 29.071 29.085 28.929 28.890 28.799 28.862 28.759 28.581 28.569 28.411 28.384 28.488 28.514 28.499 28.387 28.637 28.538 28.538 28.599 28.724 28.660 28.682 28.858 28.921 28.805 28.928 29.096 29.145 29.105 29.279 29.321 29.325 29.346 29.436 29.556 29.501 29.600 29.615 29.647 29.685 29.761 29.752 29.808 29.857 29.890 29.936 29.949 29.950 29.953 29.942 29.889 29.860 29.843 29.859 29.746 29.812 29.728 29.640 29.749 29.675 29.557 29.674 29.481 29.378 29.425 29.392 29.226 29.267 29.347 29.123 28.987 29.046 28.927 28.869 28.832 28.880 28.839 28.813 28.544 28.768 28.864 28.893 28.902 28.937 28.979 29.134 29.005 29.242 29.229 29.275 29.129 29.130 29.082
30.341 30.294 30.316 30.284 30.248 30.231 30.175 30.120 30.141 30.137 30.079 30.022 30.027 29.976 29.970 29.904 29.871 29.832 29.784 29.764 29.692 29.687 29.739 29.666 29.636 29.606 29.602 29.653 29.530 29.599 29.540 29.584 29.540 29.559 29.611 29.553 29.498 29.552 29.608 29.642 29.627 29.694 29.736 29.769 29.704 29.800 29.794 29.785 29.751 29.811 29.849 29.829 29.878 29.933 29.971 30.031 30.057 30.093 30.030 30.041 30.053 30.018 30.027 29.978 29.924 29.854 29.824 29.771 29.740 29.714 29.600 29.569 29.526 29.459 29.376 29.444 29.357 29.384 29.418 29.487 29.441 29.533 29.523 29.645 29.619 29.669 29.640 29.682 29.768 29.687 29.641 29.551 29.635 29.466 29.339 29.282 29.003 28.852 28.654 28.319 27.957 27.495 26.876 26.095 25.384 23.831 23.072 21.411 19.449 17.268 14.770 11.530 9.559 6.928 5.468 3.747 2.777 1.752 0.000 1.260 3.046 4.017 5.564 8.583 9.586 11.946 15.099 17.727 20.424 22.823 24.782 25.973 26.716 27.335 27.797 27.990 28.414 28.428 28.738 28.849 29.064 29.175 29.181 29.292 29.318 29.341 29.401 29.364 29.412 29.385 29.419 29.506 29.508 29.556 29.591 29.724 29.751 29.759 29.858 29.913 29.932 29.984 29.927 30.012 30.015 30.089 30.078 30.064 30.172 30.200 30.235 30.212 30.229 30.155 30.161 30.105 30.031 30.046 29.973 29.948 29.902 29.831 29.841 29.787 29.675 29.649 29.617 29.475 29.431 29.441 29.225 29.196 29.215 29.171 29.055 29.110 29.073 28.929 28.795 29.056 28.970 28.938 28.904 29.052 29.027 28.978 29.056 29.091 29.098 29.001 29.203 29.214 29.138 29.210 29.381 29.395 29.295 29.495 29.468 29.469 29.523 29.616 29.658 29.705 29.710 29.759 29.778 29.778 29.825 29.860 29.922 29.923 29.966 29.991 29.997 30.025 30.034 29.998 29.970 29.946 29.898 29.872 29.875 29.809 29.752 29.773 29.814 29.746 29.647 29.743 29.601 29.547 29.541 29.520 29.388 29.495 29.486 29.312 29.238 29.225 29.189 29.137 29.138 29.014 29.074 29.000 28.920 28.902 29.060 29.121 29.035 28.977 29.199 29.191 29.060 29.217 29.259 29.294 29.058 29.166 29.107
30.322 30.259 30.289 30.247 30.210 30.174 30.115 30.049 30.059 30.050 29.968 29.871 29.879 29.820 29.778 29.704 29.661 29.585 29.477 29.379 29.336 29.270 29.251 29.173 29.102 29.058 29.010 29.106 29.032 29.042 29.016 29.093 29.046 29.071 29.129 29.177 29.093 29.231 29.324 29.356 29.377 29.530 29.545 29.612 29.593 29.678 29.676 29.673 29.653 29.749 29.769 29.757 29.820 29.835 29.918 29.946 29.988 30.005 29.940 29.960 29.973 29.914 29.883 29.874 29.734 29.682 29.637 29.517 29.471 29.376 29.157 29.132 28.992 28.967 28.792 28.949 28.818 28.847 28.948 28.999 29.106 29.239 29.249 29.435 29.445 29.517 29.517 29.615 29.672 29.592 29.620 29.504 29.577 29.372 29.279 29.238 28.991 28.809 28.621 28.232 27.954 27.542 26.940 26.343 25.699 24.380 23.958 22.671 21.318 19.283 17.307 14.195 12.130 8.987 7.075 5.056 3.528 2.570 1.582 0.000 1.097 2.454 3.314 5.153 6.903 8.637 11.689 14.616 17.104 20.008 22.594 24.563 25.788 26.375 27.190 27.371 27.858 27.808 28.295 28.265 28.576 28.657 28.679 28.852 28.825 28.863 28.919 28.792 28.866 28.877 28.861 28.878 28.952 29.032 29.090 29.291 29.352 29.418 29.604 29.661 29.690 29.774 29.721 29.807 29.828 29.917 29.901 29.913 30.046 30.094 30.132 30.097 30.116 30.044 30.026 29.973 29.883 29.922 29.795 29.796 29.714 29.663 29.663 29.605 29.505 29.397 29.396 29.224 29.088 29.089 29.013 28.857 28.712 28.792 28.700 28.513 28.488 28.455 28.210 28.378 28.258 28.391 28.174 28.354 28.323 28.284 28.209 28.333 28.464 28.281 28.397 28.554 28.474 28.495 28.697 28.847 28.738 28.924 28.981 29.004 28.972 29.111 29.251 29.283 29.305 29.368 29.450 29.433 29.456 29.545 29.635 29.632 29.705 29.788 29.787 29.849 29.831 29.775 29.774 29.697 29.682 29.594 29.600 29.569 29.497 29.457 29.501 29.398 29.290 29.380 29.175 29.093 29.114 29.111 28.879 28.932 29.055 28.816 28.623 28.649 28.629 28.564 28.412 28.507 28.530 28.431 28.160 28.327 28.430 28.483 28.502 28.509 28.573 28.755 28.670 28.832 28.847 28.973 28.704 28.968 28.961
30.271 30.242 30.273 30.218 30.175 30.117 30.092 29.999 30.035 30.021 29.912 29.849 29.834 29.789 29.720 29.590 29.538 29.517 29.357 29.263 29.222 29.152 29.180 29.061 29.134 29.055 28.948 28.976 28.882 28.922 28.946 28.946 28.894 28.903 28.961 28.962 28.902 28.961 29.079 29.123 29.195 29.327 29.366 29.423 29.371 29.507 29.524 29.531 29.555 29.553 29.628 29.598 29.670 29.731 29.787 29.840 29.867 29.950 29.835 29.894 29.849 29.836 29.830 29.740 29.634 29.535 29.516 29.346 29.269 29.165 28.972 28.932 28.750 28.691 28.532 28.578 28.602 28.649 28.758 28.911 28.976 29.098 29.153 29.298 29.312 29.395 29.399 29.517 29.599 29.543 29.593 29.520 29.578 29.415 29.284 29.291 29.016 28.905 28.706 28.393 28.051 27.577 26.987 26.433 25.833 24.612 24.054 22.868 21.750 20.067 18.106 15.784 13.700 10.916 9.251 6.493 4.932 3.363 2.595 1.488 0.000 1.059 2.561 3.355 4.768 6.561 8.741 11.235 13.791 15.932 18.418 20.360 22.281 23.289 24.716 25.161 25.784 26.433 26.729 27.110 27.425 27.803 27.837 28.152 28.242 28.370 28.506 28.456 28.663 28.434 28.527 28.750 28.827 28.792 28.850 29.110 29.164 29.237 29.422 29.542 29.551 29.674 29.580 29.764 29.719 29.862 29.884 29.805 30.045 30.025 30.111 30.054 30.093 29.977 29.993 29.938 29.782 29.788 29.673 29.642 29.566 29.469 29.498 29.425 29.310 29.224 29.214 28.968 28.798 28.854 28.673 28.520 28.445 28.430 28.412 28.212 28.189 28.037 27.932 28.053 28.025 28.065 27.818 28.004 28.037 28.166 27.907 28.201 28.289 28.170 28.233 28.365 28.397 28.392 28.612 28.715 28.723 28.835 28.880 28.981 29.010 28.978 29.219 29.221 29.246 29.238 29.337 29.350 29.412 29.481 29.529 29.560 29.648 29.764 29.719 29.801 29.799 29.760 29.771 29.680 29.589 29.550 29.550 29.512 29.398 29.331 29.499 29.327 29.190 29.359 29.187 28.958 29.087 29.107 28.836 28.840 29.022 28.744 28.539 28.654 28.634 28.536 28.367 28.578 28.527 28.343 28.038 28.230 28.270 28.460 28.512 28.542 28.415 28.758 28.644 28.801 28.887 28.958 28.800 28.868 28.857
30.245 30.203 30.210 30.184 30.183 30.138 30.116 30.062 30.080 30.067 30.020 29.995 29.981 29.937 29.893 29.859 29.796 29.775 29.674 29.570 29.540 29.537 29.568 29.460 29.354 29.302 29.326 29.411 29.334 29.289 29.195 29.304 29.251 29.240 29.289 29.337 29.275 29.406 29.446 29.490 29.501 29.614 29.618 29.729 29.678 29.771 29.740 29.677 29.666 29.744 29.733 29.693 29.781 29.843 29.937 29.940 30.008 29.990 29.940 29.930 29.940 29.947 29.879 29.914 29.726 29.683 29.665 29.624 29.603 29.539 29.337 29.346 29.215 29.265 29.085 29.158 29.139 29.168 29.289 29.285 29.388 29.490 29.528 29.629 29.660 29.722 29.787 29.818 29.877 29.849 29.817 29.790 29.822 29.739 29.621 29.591 29.441 29.383 29.255 29.120 28.894 28.623 28.126 27.793 27.224 26.705 26.115 25.738 24.856 23.599 22.082 19.935 17.602 14.367 12.342 9.257 6.886 4.822 3.538 2.453 1.473 0.000 1.187 2.706 3.460 4.902 7.189 9.212 12.005 14.238 16.955 19.434 21.485 23.432 24.716 25.889 26.589 27.149 27.699 28.065 28.275 28.550 28.611 28.872 28.828 28.997 29.105 29.034 29.033 29.240 29.247 29.364 29.108 29.384 29.382 29.578 29.560 29.636 29.770 29.869 29.831 29.935 29.878 29.945 29.952 29.907 29.937 29.940 30.025 30.082 30.133 30.097 30.112 30.076 30.007 30.001 29.969 29.972 29.917 29.895 29.852 29.821 29.823 29.803 29.739 29.645 29.692 29.490 29.456 29.458 29.403 29.289 29.137 29.195 29.122 29.012 28.925 28.959 28.724 28.891 28.865 28.777 28.701 28.810 28.904 28.790 28.711 28.896 29.006 28.784 28.817 28.994 29.033 28.870 29.066 29.236 29.160 29.198 29.334 29.374 29.364 29.464 29.573 29.612 29.572 29.580 29.730 29.720 29.764 29.778 29.888 29.835 29.926 30.008 29.977 29.986 29.996 29.974 29.904 29.948 29.856 29.808 29.789 29.810 29.736 29.691 29.732 29.620 29.640 29.630 29.514 29.411 29.511 29.461 29.246 29.278 29.435 29.205 28.953 29.032 29.097 29.058 28.862 28.962 29.054 28.962 28.618 28.771 28.857 28.919 28.877 28.856 29.017 29.115 29.105 29.163 29.155 29.305 29.100 29.297 29.132
30.276 30.240 30.247 30.208 30.188 30.131 30.079 30.011 30.000 29.993 29.895 29.865 29.816 29.800 29.719 29.611 29.588 29.497 29.364 29.305 29.204 29.103 28.989 29.043 29.022 28.981 28.855 28.969 28.965 28.930 29.013 29.003 28.987 29.030 29.113 29.113 29.035 29.155 29.244 29.310 29.328 29.411 29.476 29.502 29.498 29.587 29.588 29.559 29.567 29.621 29.627 29.637 29.698 29.729 29.826 29.863 29.888 29.931 29.869 29.860 29.881 29.864 29.834 29.792 29.683 29.580 29.574 29.472 29.427 29.314 29.091 29.036 28.879 28.754 28.644 28.650 28.651 28.732 28.822 28.927 29.040 29.149 29.254 29.419 29.496 29.518 29.572 29.635 29.727 29.661 29.702 29.677 29.704 29.556 29.455 29.444 29.259 29.150 28.907 28.719 28.389 28.059 27.637 27.222 26.634 25.798 25.276 24.732 23.748 22.486 20.942 19.220 17.213 14.945 13.043 10.447 8.187 5.884 4.513 3.080 2.241 1.354 0.000 0.990 2.361 3.375 5.051 6.979 9.163 11.504 14.302 16.624 18.910 21.007 22.688 23.969 24.845 25.836 26.223 26.812 27.322 27.604 27.657 28.003 28.205 28.326 28.333 28.305 28.585 28.482 28.563 28.683 28.802 28.777 28.940 29.114 29.160 29.251 29.481 29.533 29.576 29.692 29.613 29.781 29.726 29.889 29.872 29.839 29.988 30.018 30.098 30.053 30.071 30.002 29.956 29.912 29.859 29.858 29.727 29.750 29.638 29.543 29.601 29.550 29.458 29.363 29.372 29.134 29.052 29.007 28.988 28.773 28.588 28.682 28.655 28.371 28.233 28.417 28.155 28.192 28.173 28.339 28.058 28.174 28.292 28.354 28.069 28.307 28.564 28.357 28.397 28.611 28.562 28.504 28.738 28.945 28.873 28.906 29.009 29.076 29.055 29.059 29.322 29.319 29.342 29.385 29.472 29.437 29.542 29.551 29.668 29.587 29.739 29.817 29.738 29.832 29.817 29.800 29.823 29.669 29.614 29.581 29.631 29.605 29.534 29.457 29.587 29.474 29.365 29.501 29.313 29.101 29.176 29.219 28.970 28.988 29.158 28.874 28.545 28.764 28.775 28.637 28.367 28.656 28.638 28.468 28.170 28.426 28.366 28.394 28.538 28.580 28.503 28.767 28.755 28.874 28.834 28.987 28.704 28.874 28.840
30.283 30.221 30.248 30.219 30.208 30.173 30.097 30.074 30.058 30.059 30.020 29.968 29.955 29.888 29.794 29.722 29.672 29.624 29.476 29.366 29.191 29.178 29.291 29.080 29.164 29.113 28.935 29.152 29.039 29.111 29.098 29.104 29.132 29.143 29.189 29.191 29.082 29.249 29.271 29.337 29.428 29.454 29.520 29.570 29.596 29.696 29.662 29.677 29.621 29.757 29.704 29.678 29.771 29.845 29.912 29.940 29.983 29.972 29.933 29.918 29.941 29.905 29.871 29.841 29.706 29.638 29.553 29.492 29.417 29.337 29.184 29.085 29.017 28.956 28.830 28.957 28.900 28.943 29.031 29.116 29.184 29.298 29.371 29.486 29.521 29.646 29.628 29.704 29.788 29.765 29.726 29.714 29.790 29.672 29.562 29.538 29.364 29.299 29.109 28.992 28.745 28.447 28.045 27.645 27.120 26.295 26.161 25.308 24.557 23.185 21.801 20.129 18.317 16.336 14.480 11.664 9.491 7.209 5.606 4.232 2.836 1.977 1.143 0.000 1.177 3.046 4.228 5.657 8.229 10.000 13.089 15.560 18.050 20.368 22.102 23.933 24.748 25.765 26.499 27.092 27.589 27.967 28.067 28.341 28.340 28.456 28.537 28.483 28.655 28.550 28.492 28.742 28.854 28.957 28.884 29.132 29.265 29.343 29.539 29.568 29.619 29.747 29.716 29.725 29.853 29.832 29.911 29.919 29.993 30.082 30.129 30.078 30.108 30.047 29.987 29.958 29.933 29.887 29.853 29.776 29.714 29.652 29.616 29.628 29.496 29.487 29.448 29.264 29.151 29.115 28.994 28.824 28.734 28.780 28.724 28.586 28.437 28.515 28.309 28.411 28.402 28.388 28.166 28.375 28.429 28.398 28.243 28.502 28.599 28.524 28.555 28.793 28.773 28.782 28.958 29.176 29.065 29.083 29.159 29.315 29.341 29.331 29.569 29.563 29.539 29.540 29.734 29.712 29.687 29.764 29.866 29.839 29.850 29.966 29.995 30.008 30.010 30.001 29.952 29.866 29.774 29.731 29.745 29.764 29.659 29.621 29.708 29.633 29.500 29.623 29.484 29.298 29.337 29.376 29.179 29.156 29.215 29.097 28.837 28.801 28.859 28.796 28.570 28.758 28.696 28.601 28.346 28.405 28.468 28.624 28.747 28.725 28.736 28.924 28.911 28.998 29.065 29.131 28.984 29.064 28.979
30.316 30.253 30.283 30.232 30.192 30.160 30.103 30.038 30.062 30.034 29.951 29.857 29.872 29.837 29.784 29.722 29.692 29.588 29.453 29.356 29.309 29.223 29.214 29.148 29.083 29.071 29.097 29.148 29.070 29.070 29.093 29.124 29.087 29.180 29.189 29.229 29.138 29.238 29.332 29.372 29.396 29.546 29.537 29.565 29.629 29.663 29.668 29.653 29.640 29.752 29.710 29.766 29.784 29.782 29.933 29.926 29.949 29.970 29.944 29.933 29.954 29.903 29.834 29.824 29.679 29.623 29.581 29.514 29.446 29.356 29.199 29.139 29.052 29.004 28.907 28.950 28.918 28.980 29.018 29.081 29.233 29.322 29.422 29.537 29.565 29.646 29.670 29.757 29.825 29.760 29.779 29.743 29.783 29.681 29.587 29.590 29.435 29.308 29.174 28.941 28.679 28.436 28.022 27.660 27.412 26.592 26.443 25.963 25.462 24.398 23.487 22.368 20.708 18.800 17.212 14.885 12.612 9.900 7.985 6.386 4.496 2.958 2.535 1.530 0.000 1.191 3.047 4.132 5.771 7.792 10.529 13.331 16.075 18.677 20.759 23.106 24.503 25.229 26.357 26.815 27.167 27.744 27.899 28.298 28.333 28.568 28.650 28.553 28.559 28.510 28.666 28.684 28.780 28.833 28.996 29.237 29.318 29.370 29.531 29.616 29.663 29.741 29.689 29.819 29.815 29.869 29.890 29.891 29.999 30.051 30.084 30.052 30.076 30.019 29.999 29.931 29.864 29.898 29.784 29.790 29.705 29.637 29.694 29.638 29.548 29.452 29.502 29.316 29.182 29.143 29.088 28.894 28.756 28.835 28.724 28.658 28.518 28.576 28.403 28.528 28.344 28.498 28.234 28.329 28.442 28.393 28.238 28.412 28.577 28.336 28.457 28.648 28.626 28.561 28.788 28.993 28.884 28.963 29.056 29.145 29.116 29.186 29.339 29.418 29.384 29.470 29.580 29.568 29.586 29.650 29.750 29.710 29.834 29.912 29.905 29.979 29.962 29.901 29.894 29.789 29.809 29.744 29.773 29.670 29.614 29.591 29.599 29.487 29.431 29.502 29.268 29.132 29.229 29.211 28.897 28.960 29.154 28.884 28.572 28.673 28.749 28.596 28.369 28.555 28.603 28.407 28.147 28.363 28.307 28.387 28.514 28.414 28.435 28.724 28.703 28.677 28.714 28.926 28.705 28.880 28.848
30.345 30.301 30.325 30.295 30.259 30.241 30.181 30.141 30.155 30.143 30.095 30.013 30.060 30.019 30.001 29.945 29.944 29.885 29.801 29.776 29.716 29.663 29.710 29.671 29.652 29.594 29.579 29.652 29.503 29.547 29.530 29.533 29.468 29.527 29.546 29.509 29.430 29.483 29.532 29.539 29.504 29.616 29.618 29.630 29.680 29.716 29.697 29.700 29.652 29.765 29.732 29.781 29.784 29.793 29.939 29.917 29.950 29.986 29.936 29.952 29.956 29.906 29.833 29.821 29.681 29.640 29.594 29.566 29.551 29.508 29.432 29.381 29.369 29.306 29.286 29.390 29.364 29.441 29.466 29.558 29.578 29.646 29.696 29.792 29.786 29.849 29.875 29.954 30.023 29.953 29.984 29.929 29.985 29.921 29.854 29.849 29.754 29.654 29.547 29.324 29.156 28.870 28.621 28.404 28.185 27.476 27.486 27.149 26.995 26.321 25.821 25.226 24.037 22.226 20.641 18.412 15.896 12.901 10.564 8.602 6.212 4.509 3.054 2.631 1.596 0.000 1.260 2.842 3.547 5.349 7.707 10.401 12.951 15.812 17.933 20.686 23.030 24.375 25.773 26.290 26.988 27.514 27.846 28.247 28.404 28.652 28.793 28.776 28.925 28.981 28.951 29.187 29.179 29.269 29.332 29.507 29.581 29.611 29.731 29.806 29.823 29.905 29.822 29.941 29.921 29.985 29.976 29.958 30.087 30.108 30.139 30.102 30.133 30.076 30.054 30.017 29.944 30.004 29.902 29.897 29.854 29.776 29.843 29.821 29.742 29.675 29.687 29.594 29.504 29.503 29.410 29.278 29.229 29.303 29.187 29.177 29.140 29.148 28.965 29.187 29.100 29.120 29.018 29.122 29.167 29.134 29.069 29.146 29.255 29.100 29.188 29.251 29.219 29.195 29.366 29.455 29.395 29.481 29.493 29.559 29.547 29.616 29.688 29.703 29.741 29.773 29.832 29.850 29.843 29.912 29.940 29.927 30.025 30.085 30.070 30.125 30.101 30.061 30.043 29.974 29.922 29.885 29.937 29.827 29.777 29.786 29.800 29.737 29.683 29.740 29.590 29.507 29.561 29.502 29.394 29.425 29.484 29.329 29.172 29.201 29.144 29.167 29.092 29.073 29.065 29.062 28.925 28.936 28.943 29.008 28.974 28.980 29.004 29.132 29.056 29.097 29.106 29.156 28.990 29.102 29.071
30.343 30.294 30.325 30.291 30.246 30.233 30.172 30.121 30.136 30.125 30.082 29.993 30.035 29.995 29.968 29.906 29.894 29.835 29.741 29.689 29.662 29.598 29.642 29.609 29.565 29.496 29.502 29.548 29.415 29.448 29.417 29.408 29.367 29.424 29.445 29.429 29.321 29.378 29.438 29.451 29.438 29.545 29.562 29.582 29.617 29.692 29.671 29.650 29.593 29.711 29.683 29.725 29.763 29.774 29.922 29.900 29.911 29.954 29.918 29.903 29.926 29.873 29.771 29.761 29.575 29.556 29.492 29.447 29.431 29.356 29.276 29.254 29.254 29.195 29.177 29.301 29.307 29.398 29.433 29.540 29.569 29.637 29.678 29.799 29.800 29.864 29.862 29.974 30.046 29.977 30.017 29.965 30.044 29.978 29.926 29.926 29.859 29.776 29.655 29.509 29.343 29.166 28.909 28.771 28.471 28.138 27.973 27.788 27.652 27.152 26.807 26.336 25.625 24.429 23.189 21.575 19.242 16.111 13.512 11.092 8.147 6.303 4.272 3.334 2.561 1.582 0.000 1.237 2.709 3.303 5.211 7.509 10.096 12.833 15.187 17.705 20.104 21.951 24.163 25.086 25.974 26.780 27.198 27.756 27.967 28.284 28.472 28.526 28.662 28.706 28.743 28.955 28.989 29.050 29.152 29.376 29.447 29.510 29.648 29.724 29.743 29.840 29.766 29.878 29.870 29.930 29.932 29.911 30.052 30.072 30.109 30.073 30.105 30.030 30.025 29.981 29.895 29.962 29.860 29.850 29.823 29.734 29.799 29.781 29.697 29.626 29.657 29.533 29.423 29.428 29.347 29.188 29.116 29.204 29.083 29.058 29.013 29.043 28.873 29.078 28.954 29.051 28.886 28.998 29.077 29.032 28.950 29.037 29.187 28.960 29.039 29.151 29.116 29.071 29.273 29.387 29.322 29.412 29.443 29.522 29.462 29.559 29.642 29.661 29.694 29.738 29.798 29.797 29.795 29.877 29.922 29.915 29.994 30.069 30.039 30.111 30.071 30.028 30.002 29.949 29.880 29.883 29.920 29.801 29.768 29.760 29.778 29.686 29.625 29.712 29.527 29.454 29.504 29.460 29.323 29.346 29.389 29.240 29.087 29.096 29.076 29.073 28.965 28.965 29.015 28.998 28.778 28.830 28.792 28.876 28.903 28.845 28.839 29.014 29.007 29.008 29.053 29.120 28.966 29.079 29.038
30.324 30.283 30.310 30.304 30.264 30.243 30.170 30.123 30.148 30.128 30.095 30.047 30.076 30.014 29.992 29.916 29.903 29.889 29.770 29.728 29.680 29.641 29.621 29.594 29.525 29.452 29.453 29.558 29.378 29.453 29.392 29.413 29.348 29.374 29.396 29.375 29.293 29.368 29.402 29.443 29.362 29.526 29.499 29.601 29.575 29.687 29.638 29.596 29.622 29.706 29.697 29.682 29.744 29.746 29.934 29.900 29.948 29.939 29.928 29.904 29.928 29.853 29.759 29.729 29.573 29.478 29.484 29.377 29.331 29.270 29.114 29.103 29.037 29.019 28.980 29.152 29.112 29.317 29.377 29.497 29.523 29.615 29.682 29.772 29.790 29.922 29.908 29.992 30.070 30.023 30.050 30.054 30.095 30.037 30.014 30.018 29.930 29.934 29.765 29.727 29.572 29.393 29.175 28.893 28.659 28.358 28.268 28.036 27.789 27.446 27.050 26.681 26.069 24.780 23.859 22.436 20.415 17.845 15.442 12.796 9.930 8.183 5.881 4.868 3.252 2.429 1.458 0.001 1.169 2.624 3.543 5.451 7.783 10.425 12.608 15.566 17.706 19.821 21.926 23.327 24.463 25.501 26.149 26.752 27.241 27.636 28.011 28.057 28.233 28.354 28.343 28.492 28.530 28.673 28.784 28.998 29.109 29.197 29.451 29.559 29.601 29.743 29.683 29.781 29.794 29.872 29.892 29.855 29.999 30.052 30.101 30.055 30.081 30.006 30.003 29.956 29.900 29.915 29.813 29.834 29.775 29.684 29.759 29.735 29.637 29.569 29.656 29.434 29.282 29.307 29.326 29.160 28.961 29.114 28.987 28.877 28.792 29.061 28.747 28.868 28.834 29.011 28.821 28.829 29.051 29.006 28.874 28.994 29.256 28.968 28.967 29.147 29.194 29.149 29.280 29.460 29.408 29.499 29.455 29.611 29.592 29.644 29.727 29.762 29.803 29.773 29.842 29.903 29.919 29.933 30.005 29.997 30.075 30.117 30.103 30.131 30.122 30.100 30.066 30.029 29.970 29.986 29.973 29.958 29.896 29.853 29.909 29.815 29.791 29.877 29.674 29.563 29.640 29.602 29.474 29.505 29.528 29.353 29.205 29.194 29.239 29.158 28.976 29.029 29.082 29.031 28.776 28.827 28.728 28.854 29.043 28.816 28.868 29.102 29.102 29.031 29.057 29.219 28.991 29.086 29.059
30.279 30.244 30.270 30.233 30.203 30.172 30.107 30.043 30.075 30.059 29.997 29.929 29.978 29.939 29.884 29.834 29.825 29.776 29.672 29.628 29.561 29.499 29.581 29.495 29.498 29.435 29.396 29.444 29.264 29.329 29.302 29.259 29.207 29.236 29.259 29.188 29.119 29.147 29.220 29.223 29.234 29.344 29.380 29.438 29.418 29.571 29.467 29.497 29.424 29.548 29.555 29.488 29.673 29.646 29.791 29.752 29.779 29.828 29.777 29.765 29.724 29.719 29.595 29.595 29.344 29.307 29.266 29.185 29.131 29.091 28.906 28.869 28.851 28.818 28.806 28.882 28.945 29.117 29.125 29.295 29.347 29.424 29.521 29.609 29.610 29.759 29.749 29.833 29.921 29.884 29.907 29.893 29.946 29.923 29.887 29.853 29.771 29.731 29.580 29.529 29.389 29.230 28.986 28.893 28.519 28.108 27.981 27.889 27.700 27.268 26.780 26.326 25.720 24.993 23.825 22.508 20.839 18.857 16.898 14.391 11.530 9.223 7.339 5.965 4.261 3.126 2.213 1.535 0.000 1.316 2.897 4.124 5.940 8.140 10.789 13.554 15.973 17.831 20.085 21.786 23.114 24.311 24.973 26.028 26.583 26.992 27.484 27.605 27.830 27.815 27.830 28.119 28.238 28.383 28.545 28.845 28.976 29.119 29.332 29.474 29.527 29.664 29.566 29.651 29.669 29.685 29.745 29.707 29.866 29.923 29.983 29.938 29.977 29.886 29.848 29.836 29.744 29.749 29.665 29.654 29.595 29.512 29.541 29.520 29.415 29.351 29.365 29.222 29.011 29.044 28.980 28.801 28.655 28.743 28.662 28.543 28.544 28.659 28.372 28.602 28.503 28.718 28.493 28.649 28.832 28.770 28.646 28.822 29.075 28.861 28.878 29.042 29.093 29.070 29.279 29.418 29.323 29.402 29.433 29.525 29.509 29.561 29.693 29.665 29.698 29.716 29.827 29.765 29.821 29.882 29.924 29.866 29.935 30.046 30.018 30.028 30.014 29.995 29.969 29.922 29.855 29.821 29.869 29.835 29.722 29.668 29.792 29.673 29.599 29.676 29.544 29.417 29.505 29.476 29.320 29.356 29.339 29.254 29.127 29.081 29.077 29.065 28.890 28.936 28.905 28.912 28.661 28.590 28.553 28.760 28.798 28.825 28.743 28.970 28.930 29.066 29.048 29.085 28.920 29.047 29.061
30.320 30.260 30.282 30.246 30.201 30.192 30.110 30.038 30.064 30.038 29.995 29.880 29.950 29.902 29.851 29.790 29.772 29.706 29.571 29.503 29.472 29.385 29.483 29.389 29.337 29.263 29.209 29.247 29.125 29.114 29.059 29.075 29.023 29.094 29.125 29.118 29.029 29.103 29.183 29.183 29.193 29.371 29.384 29.397 29.404 29.530 29.498 29.525 29.444 29.644 29.591 29.635 29.729 29.721 29.867 29.845 29.852 29.914 29.863 29.815 29.840 29.758 29.612 29.587 29.360 29.229 29.231 29.099 29.048 28.947 28.730 28.785 28.677 28.754 28.650 28.833 28.852 28.988 29.120 29.253 29.324 29.419 29.499 29.638 29.697 29.760 29.768 29.885 29.968 29.889 29.935 29.909 29.974 29.953 29.917 29.915 29.865 29.809 29.705 29.645 29.514 29.382 29.161 29.016 28.798 28.374 28.314 28.108 28.065 27.598 27.405 26.990 26.546 25.950 25.110 24.395 23.161 21.308 19.864 17.781 14.724 11.770 9.801 7.957 5.911 4.508 3.008 2.562 1.495 0.000 1.246 2.807 3.726 5.740 7.787 10.452 12.761 15.240 17.670 19.773 21.931 23.434 24.626 25.725 26.373 27.127 27.573 27.775 27.922 27.944 28.030 28.098 28.135 28.183 28.405 28.722 28.852 29.000 29.293 29.418 29.432 29.530 29.506 29.571 29.605 29.610 29.673 29.699 29.817 29.884 29.937 29.899 29.928 29.853 29.853 29.772 29.703 29.772 29.649 29.670 29.623 29.554 29.645 29.613 29.537 29.439 29.487 29.347 29.121 29.143 29.144 28.873 28.727 28.907 28.760 28.642 28.625 28.752 28.439 28.579 28.521 28.680 28.406 28.492 28.665 28.590 28.382 28.549 28.830 28.458 28.562 28.774 28.812 28.698 28.933 29.145 29.063 29.108 29.173 29.294 29.236 29.319 29.454 29.527 29.507 29.563 29.663 29.657 29.654 29.730 29.809 29.801 29.911 29.982 29.981 30.072 30.036 29.996 29.977 29.864 29.851 29.818 29.863 29.727 29.670 29.645 29.672 29.550 29.500 29.598 29.377 29.265 29.325 29.285 29.078 29.109 29.220 29.019 28.770 28.821 28.897 28.760 28.549 28.653 28.784 28.627 28.243 28.425 28.327 28.466 28.584 28.548 28.492 28.755 28.788 28.786 28.818 28.970 28.821 28.905 28.950
30.319 30.262 30.284 30.247 30.198 30.176 30.113 30.053 30.083 30.068 30.014 29.917 29.987 29.930 29.908 29.845 29.850 29.798 29.688 29.662 29.643 29.574 29.642 29.609 29.576 29.509 29.444 29.529 29.354 29.354 29.297 29.296 29.215 29.237 29.240 29.201 29.110 29.114 29.210 29.164 29.158 29.250 29.282 29.295 29.308 29.468 29.342 29.438 29.335 29.528 29.503 29.492 29.629 29.649 29.792 29.791 29.831 29.863 29.821 29.778 29.773 29.711 29.555 29.487 29.276 29.168 29.106 29.053 29.002 28.936 28.792 28.817 28.797 28.850 28.795 29.041 29.098 29.186 29.270 29.415 29.433 29.530 29.587 29.686 29.706 29.781 29.796 29.903 29.979 29.907 29.958 29.938 30.013 29.985 29.945 29.973 29.930 29.878 29.824 29.754 29.670 29.545 29.392 29.263 29.063 28.794 28.699 28.466 28.444 28.124 27.883 27.652 27.237 26.892 26.287 25.877 25.042 23.938 22.698 21.066 18.227 15.200 13.012 11.148 8.829 6.497 4.713 3.356 2.577 1.680 0.000 1.264 2.718 3.721 5.395 7.711 10.002 12.356 14.661 16.628 19.168 21.302 22.972 24.634 25.537 26.566 27.239 27.565 27.772 27.772 28.060 28.098 28.276 28.310 28.590 28.919 29.006 29.204 29.366 29.476 29.498 29.601 29.526 29.630 29.616 29.648 29.707 29.693 29.811 29.860 29.909 29.875 29.916 29.871 29.857 29.818 29.734 29.803 29.718 29.704 29.691 29.600 29.687 29.682 29.579 29.531 29.509 29.450 29.280 29.321 29.283 29.102 29.008 29.131 29.014 28.996 28.971 29.057 28.830 29.002 28.939 29.068 28.896 28.955 29.104 29.058 28.945 29.041 29.255 29.038 29.098 29.173 29.223 29.170 29.354 29.440 29.395 29.469 29.517 29.568 29.534 29.598 29.704 29.698 29.743 29.770 29.827 29.844 29.833 29.903 29.947 29.952 30.015 30.083 30.072 30.126 30.099 30.067 30.048 29.964 29.922 29.918 29.935 29.851 29.782 29.769 29.790 29.732 29.685 29.730 29.556 29.478 29.514 29.469 29.354 29.362 29.410 29.279 29.122 29.114 29.106 29.128 29.006 28.996 29.017 29.038 28.800 28.779 28.727 28.838 28.870 28.861 28.806 28.991 28.958 29.012 29.017 29.080 29.008 29.045 29.060
30.317 30.248 30.271 30.232 30.174 30.159 30.078 30.011 30.032 30.003 29.954 29.815 29.880 29.807 29.790 29.719 29.681 29.611 29.457 29.419 29.385 29.292 29.343 29.293 29.241 29.168 29.118 29.123 29.013 28.925 28.895 28.869 28.783 28.841 28.861 28.829 28.794 28.794 28.957 28.966 29.060 29.198 29.236 29.288 29.308 29.539 29.349 29.572 29.412 29.743 29.722 29.584 29.840 29.776 29.899 29.848 29.873 29.896 29.840 29.739 29.743 29.655 29.433 29.405 29.095 28.940 28.909 28.675 28.623 28.416 28.202 28.228 28.082 28.205 28.020 28.365 28.504 28.619 28.813 28.999 29.109 29.254 29.322 29.502 29.564 29.634 29.638 29.819 29.878 29.820 29.917 29.878 29.955 29.950 29.924 29.935 29.929 29.855 29.808 29.767 29.656 29.582 29.400 29.268 29.059 28.765 28.772 28.621 28.586 28.234 28.061 27.826 27.499 27.150 26.678 26.410 25.773 24.983 24.079 22.835 20.335 17.630 15.297 13.206 10.766 8.543 6.381 4.730 3.290 2.522 1.482 0.000 1.144 2.684 3.353 5.114 6.837 9.311 11.067 13.304 15.455 17.836 19.949 21.972 23.368 25.000 25.816 26.065 26.373 26.489 26.608 26.720 26.968 27.210 27.688 28.044 28.240 28.621 28.912 29.067 29.142 29.251 29.245 29.337 29.359 29.389 29.410 29.465 29.633 29.726 29.779 29.758 29.815 29.716 29.731 29.643 29.574 29.635 29.447 29.492 29.380 29.342 29.423 29.348 29.283 29.159 29.221 29.076 28.757 28.831 28.882 28.616 28.348 28.580 28.494 28.286 28.256 28.535 28.225 28.221 28.252 28.488 28.235 28.284 28.528 28.532 28.206 28.431 28.782 28.459 28.507 28.757 28.828 28.705 28.934 29.152 29.084 29.123 29.173 29.349 29.252 29.341 29.482 29.537 29.506 29.531 29.672 29.654 29.651 29.716 29.814 29.790 29.886 29.972 29.972 30.029 29.995 29.983 29.932 29.842 29.838 29.788 29.844 29.739 29.633 29.619 29.664 29.532 29.503 29.577 29.379 29.260 29.326 29.296 29.100 29.101 29.187 29.015 28.757 28.797 28.874 28.772 28.512 28.617 28.744 28.614 28.166 28.313 28.149 28.263 28.478 28.440 28.308 28.628 28.636 28.726 28.756 28.895 28.834 28.837 28.891
30.284 30.232 30.258 30.204 30.129 30.089 30.027 29.989 30.008 29.984 29.880 29.812 29.850 29.788 29.674 29.653 29.615 29.557 29.379 29.377 29.347 29.225 29.332 29.245 29.211 29.139 29.075 29.212 28.948 28.951 28.887 28.875 28.771 28.723 28.740 28.641 28.682 28.700 28.858 28.876 28.934 29.045 29.074 29.197 29.137 29.445 29.186 29.452 29.266 29.542 29.500 29.366 29.651 29.640 29.676 29.646 29.739 29.743 29.681 29.578 29.556 29.485 29.259 29.178 28.873 28.765 28.612 28.473 28.368 28.192 27.961 27.958 27.856 27.952 27.882 28.211 28.394 28.477 28.717 28.975 29.023 29.202 29.220 29.480 29.480 29.585 29.661 29.796 29.868 29.845 29.888 29.889 29.978 29.962 29.929 29.954 29.942 29.859 29.837 29.789 29.687 29.609 29.481 29.388 29.139 28.915 28.872 28.728 28.646 28.399 28.093 27.819 27.675 27.208 26.660 26.517 26.120 25.407 24.513 23.310 21.495 19.387 17.253 15.542 12.702 10.519 8.346 6.170 4.740 3.282 2.374 1.410 0.000 1.199 2.814 3.734 5.284 7.336 9.198 12.123 13.527 16.035 17.466 19.763 21.458 23.264 24.563 24.940 25.228 25.689 26.010 26.391 26.638 27.223 27.576 28.101 28.279 28.641 28.874 29.043 29.032 29.201 29.195 29.273 29.279 29.309 29.406 29.362 29.547 29.621 29.684 29.673 29.734 29.659 29.609 29.579 29.517 29.473 29.424 29.349 29.295 29.216 29.215 29.226 29.111 29.022 29.016 28.908 28.614 28.596 28.586 28.529 28.165 28.305 28.198 28.099 27.984 28.333 28.031 27.970 28.098 28.259 28.100 28.170 28.403 28.387 28.140 28.381 28.781 28.464 28.477 28.695 28.857 28.771 28.948 29.149 29.099 29.113 29.173 29.337 29.295 29.351 29.503 29.534 29.515 29.530 29.635 29.621 29.692 29.726 29.824 29.754 29.846 29.973 29.927 29.983 29.963 29.945 29.852 29.804 29.774 29.684 29.809 29.751 29.612 29.487 29.648 29.540 29.402 29.508 29.402 29.242 29.242 29.309 29.121 29.058 29.172 29.115 28.772 28.820 28.824 28.860 28.557 28.628 28.701 28.630 28.178 28.276 28.036 28.280 28.422 28.489 28.328 28.611 28.673 28.800 28.779 28.828 28.917 28.864 28.907
30.252 30.182 30.195 30.138 30.081 30.039 29.949 29.858 29.891 29.847 29.758 29.605 29.678 29.575 29.528 29.431 29.391 29.347 29.089 29.066 28.981 28.889 28.915 28.887 28.796 28.678 28.730 28.711 28.551 28.482 28.460 28.371 28.204 28.374 28.376 28.349 28.339 28.365 28.625 28.653 28.835 28.996 29.040 29.113 29.162 29.415 29.213 29.469 29.348 29.564 29.566 29.462 29.733 29.698 29.782 29.757 29.729 29.753 29.694 29.564 29.490 29.471 29.190 29.187 28.842 28.635 28.511 28.268 28.132 27.816 27.429 27.370 27.145 27.296 27.005 27.567 27.777 27.885 28.238 28.414 28.585 28.828 28.889 29.131 29.181 29.417 29.344 29.612 29.656 29.658 29.741 29.752 29.807 29.817 29.806 29.844 29.806 29.776 29.717 29.734 29.637 29.609 29.472 29.220 29.189 28.909 28.878 28.764 28.714 28.486 28.235 27.907 27.622 27.368 27.020 26.818 26.279 25.918 25.193 24.399 23.114 21.458 20.342 18.366 16.221 13.503 10.895 8.600 6.506 4.820 3.262 2.322 1.572 0.000 1.155 2.931 3.730 5.721 7.365 9.449 11.615 13.960 15.989 17.884 19.728 21.817 22.715 23.429 23.854 24.393 24.922 25.246 25.650 26.015 26.854 27.177 27.662 27.983 28.342 28.657 28.704 28.889 28.828 29.046 28.926 29.098 29.142 29.128 29.419 29.549 29.631 29.616 29.633 29.524 29.514 29.472 29.358 29.422 29.149 29.261 29.089 28.972 29.112 28.986 28.872 28.697 28.864 28.559 28.069 28.268 28.351 27.917 27.546 28.001 27.819 27.451 27.445 27.887 27.434 27.451 27.498 27.756 27.387 27.565 27.862 27.848 27.470 27.896 28.275 27.897 27.906 28.339 28.388 28.184 28.576 28.837 28.745 28.722 28.851 29.055 28.949 29.051 29.227 29.297 29.224 29.250 29.454 29.370 29.398 29.513 29.597 29.562 29.690 29.804 29.822 29.892 29.878 29.866 29.840 29.703 29.691 29.595 29.675 29.567 29.437 29.418 29.510 29.283 29.269 29.329 29.178 29.025 29.059 29.086 28.816 28.807 28.962 28.719 28.414 28.481 28.662 28.368 27.987 28.293 28.427 28.124 27.688 27.708 27.556 27.768 28.160 28.098 27.956 28.263 28.330 28.534 28.548 28.719 28.639 28.729 28.706
30.260 30.194 30.184 30.149 30.086 30.037 29.958 29.882 29.891 29.859 29.777 29.693 29.682 29.643 29.576 29.484 29.426 29.417 29.151 29.114 29.078 29.018 29.022 28.936 28.820 28.773 28.736 28.806 28.653 28.527 28.456 28.435 28.301 28.263 28.226 28.225 28.360 28.219 28.538 28.441 28.708 28.737 28.874 29.009 28.861 29.268 29.028 29.336 29.180 29.454 29.516 29.296 29.671 29.704 29.714 29.681 29.721 29.718 29.679 29.559 29.480 29.414 29.130 29.001 28.727 28.454 28.315 28.108 27.924 27.616 27.410 27.398 27.263 27.380 27.217 27.757 27.925 28.082 28.350 28.590 28.683 28.941 28.965 29.225 29.308 29.439 29.475 29.579 29.724 29.747 29.710 29.739 29.838 29.847 29.830 29.815 29.792 29.747 29.714 29.662 29.556 29.485 29.370 29.263 29.050 28.910 28.807 28.697 28.619 28.339 28.133 27.939 27.676 27.293 26.990 26.843 26.573 26.093 25.527 24.823 23.375 21.869 21.297 19.983 17.947 15.793 12.939 10.584 8.573 6.548 4.651 3.139 2.398 1.458 0.000 1.224 2.741 3.444 4.981 6.664 8.162 10.747 12.201 14.715 16.425 19.065 20.244 21.049 21.665 22.656 23.412 24.153 24.662 25.499 26.156 27.072 27.311 27.848 28.242 28.450 28.455 28.724 28.683 28.706 28.841 28.864 29.102 29.011 29.215 29.404 29.423 29.499 29.498 29.443 29.407 29.332 29.214 29.249 29.090 29.036 29.097 28.976 29.010 28.955 28.750 28.617 28.613 28.388 27.951 28.045 28.094 27.814 27.475 27.713 27.583 27.182 27.213 27.516 27.235 27.175 27.284 27.560 27.146 27.362 27.653 27.600 27.438 27.735 28.145 27.938 28.002 28.311 28.476 28.416 28.602 28.832 28.845 28.873 28.915 29.087 29.087 29.169 29.318 29.427 29.406 29.395 29.480 29.573 29.550 29.559 29.640 29.689 29.745 29.840 29.879 29.881 29.908 29.915 29.839 29.814 29.797 29.720 29.750 29.689 29.516 29.479 29.583 29.440 29.344 29.367 29.251 29.033 29.072 29.103 28.919 28.785 28.928 28.808 28.443 28.459 28.568 28.518 28.134 28.341 28.421 28.272 27.703 27.850 27.727 27.931 28.158 28.172 27.982 28.435 28.385 28.515 28.606 28.780 28.737 28.848 28.788
30.235 30.134 30.159 30.094 30.034 29.998 29.884 29.769 29.799 29.729 29.663 29.488 29.566 29.447 29.419 29.346 29.290 29.199 28.998 28.998 28.834 28.774 28.730 28.799 28.579 28.453 28.424 28.426 28.286 28.146 28.133 28.026 27.890 27.990 27.949 28.082 28.058 28.112 28.302 28.369 28.571 28.680 28.814 28.931 28.966 29.312 29.057 29.352 29.272 29.448 29.514 29.368 29.700 29.654 29.735 29.753 29.766 29.742 29.727 29.571 29.494 29.438 29.155 29.099 28.736 28.494 28.361 28.222 27.993 27.612 27.256 27.210 26.979 27.091 26.710 27.392 27.577 27.672 28.114 28.304 28.440 28.744 28.800 29.076 29.150 29.347 29.319 29.538 29.630 29.577 29.683 29.677 29.766 29.768 29.724 29.791 29.762 29.739 29.684 29.706 29.621 29.601 29.483 29.309 29.265 29.006 29.036 28.873 28.962 28.644 28.468 28.172 27.948 27.775 27.452 27.427 27.005 26.828 26.208 25.727 24.726 24.064 23.169 22.063 20.915 19.012 16.381 13.299 11.009 8.728 6.330 4.659 3.336 2.650 1.480 0.000 1.062 2.645 3.176 4.421 6.217 7.991 10.144 12.242 14.472 17.223 18.260 19.711 20.421 21.868 22.596 23.546 24.361 24.948 26.076 26.555 27.175 27.641 28.087 28.371 28.385 28.646 28.452 28.741 28.567 28.790 28.910 28.914 29.185 29.353 29.417 29.427 29.452 29.393 29.284 29.290 29.184 29.318 28.978 29.132 29.036 28.891 29.055 28.912 28.763 28.542 28.726 28.352 27.839 28.107 28.215 27.682 27.333 27.870 27.624 27.135 27.297 27.777 27.174 27.267 27.445 27.637 27.171 27.472 27.799 27.619 27.213 27.785 28.168 27.786 27.801 28.363 28.365 28.227 28.517 28.847 28.728 28.685 28.877 29.041 28.925 29.008 29.251 29.350 29.231 29.274 29.456 29.432 29.448 29.524 29.654 29.573 29.758 29.799 29.846 29.927 29.910 29.880 29.824 29.684 29.709 29.633 29.720 29.565 29.495 29.419 29.525 29.296 29.259 29.310 29.171 28.979 29.008 29.053 28.789 28.706 28.890 28.698 28.287 28.394 28.553 28.398 27.876 28.166 28.321 28.056 27.545 27.599 27.454 27.755 28.189 27.954 27.841 28.325 28.382 28.305 28.412 28.643 28.563 28.719 28.731
30.204 30.088 30.108 30.029 29.969 29.866 29.780 29.732 29.714 29.684 29.620 29.505 29.531 29.455 29.412 29.298 29.238 29.252 28.956 28.952 28.911 28.784 28.791 28.754 28.641 28.556 28.476 28.478 28.433 28.166 28.159 28.124 28.011 27.839 27.975 27.814 28.112 27.825 28.377 28.314 28.533 28.631 28.674 28.886 28.745 29.115 28.945 29.154 29.144 29.265 29.419 29.274 29.619 29.647 29.709 29.688 29.756 29.753 29.717 29.597 29.446 29.431 29.139 29.075 28.766 28.607 28.368 28.200 27.898 27.577 27.152 27.190 27.008 27.030 26.950 27.393 27.688 27.761 28.202 28.341 28.476 28.705 28.785 28.991 29.068 29.169 29.260 29.356 29.456 29.454 29.492 29.541 29.573 29.642 29.635 29.600 29.618 29.608 29.580 29.528 29.438 29.385 29.310 29.111 29.027 28.822 28.719 28.683 28.614 28.367 28.138 28.067 27.853 27.572 27.060 27.082 26.833 26.507 26.059 25.490 24.701 23.957 23.429 22.160 20.996 19.551 17.282 14.782 12.810 10.599 8.495 6.342 4.474 3.209 2.364 1.459 0.000 1.025 2.230 2.852 4.351 6.027 7.696 9.659 11.368 14.397 15.655 17.202 18.125 19.691 21.032 22.205 23.496 24.587 25.551 26.489 27.154 27.531 28.069 28.329 28.297 28.540 28.317 28.547 28.454 28.654 28.857 28.792 29.079 29.256 29.350 29.405 29.386 29.316 29.342 29.282 28.988 29.267 28.972 29.067 28.997 28.808 28.965 28.903 28.731 28.601 28.623 28.380 27.960 28.039 28.185 27.677 27.461 27.817 27.594 27.174 27.279 27.634 27.194 27.240 27.452 27.574 27.298 27.399 27.742 27.689 27.413 27.759 28.132 27.793 27.775 28.238 28.232 28.049 28.327 28.624 28.625 28.569 28.727 28.922 28.866 28.894 29.074 29.214 29.171 29.131 29.334 29.346 29.374 29.448 29.530 29.560 29.638 29.728 29.788 29.792 29.792 29.823 29.739 29.678 29.619 29.566 29.667 29.540 29.395 29.348 29.455 29.239 29.188 29.215 29.080 28.828 28.921 28.860 28.779 28.750 28.912 28.736 28.146 28.432 28.448 28.394 27.911 28.300 28.246 28.169 27.607 27.757 27.640 27.794 28.171 28.198 28.009 28.301 28.332 28.543 28.570 28.664 28.670 28.754 28.721
30.201 30.075 30.085 30.025 29.999 29.953 29.844 29.767 29.763 29.716 29.664 29.544 29.583 29.475 29.362 29.260 29.227 29.154 28.846 28.847 28.744 28.687 28.669 28.587 28.461 28.313 28.309 28.342 28.101 28.065 27.941 27.888 27.695 27.828 27.856 27.880 28.055 27.811 28.422 28.434 28.567 28.640 28.724 28.918 28.969 29.191 28.940 29.139 29.064 29.338 29.449 29.474 29.706 29.696 29.818 29.821 29.730 29.759 29.736 29.534 29.525 29.459 29.163 29.109 28.733 28.396 28.281 28.135 28.000 27.530 27.175 27.058 26.922 27.032 26.872 27.413 27.667 27.803 28.262 28.393 28.520 28.771 28.800 29.115 29.177 29.399 29.293 29.551 29.638 29.641 29.631 29.642 29.773 29.770 29.749 29.762 29.756 29.762 29.711 29.751 29.713 29.697 29.587 29.453 29.496 29.264 29.324 29.243 29.253 29.020 28.869 28.522 28.399 28.245 27.941 28.007 27.783 27.571 27.305 27.098 26.597 26.142 25.564 24.801 24.208 22.882 20.933 18.018 15.863 13.585 11.014 8.690 6.166 4.629 3.229 2.440 1.289 0.000 0.992 2.163 2.928 4.360 6.103 7.858 10.034 12.720 14.393 16.403 17.656 19.099 20.646 22.121 23.395 24.418 25.997 26.458 27.071 27.485 28.129 28.398 28.336 28.675 28.290 28.721 28.449 28.819 28.872 28.819 29.196 29.391 29.423 29.411 29.473 29.339 29.284 29.327 29.092 29.292 29.065 29.164 29.081 28.886 29.077 28.980 28.759 28.675 28.837 28.439 28.008 28.213 28.258 27.836 27.548 28.038 27.744 27.393 27.418 27.922 27.335 27.490 27.644 27.916 27.528 27.797 28.086 28.053 27.622 28.087 28.360 28.059 28.159 28.485 28.526 28.453 28.563 28.860 28.761 28.751 28.881 29.096 28.988 29.150 29.236 29.326 29.295 29.307 29.403 29.509 29.468 29.533 29.607 29.585 29.710 29.755 29.765 29.882 29.863 29.823 29.762 29.758 29.701 29.666 29.682 29.641 29.512 29.447 29.583 29.341 29.328 29.354 29.184 29.096 29.067 29.100 28.888 28.935 28.944 28.805 28.449 28.487 28.631 28.597 28.147 28.368 28.511 28.383 27.978 27.930 27.674 27.977 28.267 28.202 28.059 28.461 28.497 28.495 28.591 28.751 28.646 28.734 28.920
30.208 30.138 30.127 30.067 30.002 29.948 29.796 29.757 29.768 29.704 29.617 29.430 29.532 29.410 29.286 29.148 29.142 29.113 28.809 28.838 28.694 28.533 28.558 28.603 28.378 28.226 28.276 28.247 28.144 27.907 27.857 27.826 27.589 27.531 27.685 27.473 27.866 27.596 28.029 28.044 28.216 28.375 28.467 28.831 28.689 29.185 29.023 29.245 29.153 29.355 29.479 29.390 29.688 29.688 29.798 29.801 29.818 29.822 29.760 29.563 29.408 29.383 29.093 29.026 28.643 28.516 28.105 28.054 27.582 27.259 26.668 26.711 26.428 26.581 26.292 26.884 27.237 27.430 28.004 28.241 28.438 28.704 28.758 28.989 29.066 29.220 29.250 29.366 29.465 29.463 29.514 29.544 29.585 29.655 29.635 29.648 29.666 29.630 29.619 29.636 29.574 29.550 29.476 29.279 29.303 28.965 29.004 28.914 28.884 28.714 28.557 28.333 28.162 27.892 27.712 27.720 27.343 27.282 26.931 26.526 25.866 25.372 24.812 24.151 23.075 22.135 20.205 17.987 16.180 14.051 11.690 9.609 7.497 5.620 3.971 2.872 1.995 1.211 0.000 0.980 2.245 2.882 4.783 6.567 8.564 11.062 12.365 14.817 16.145 17.517 19.394 21.354 22.594 24.019 25.195 25.974 26.736 27.203 27.701 28.094 27.989 28.394 28.088 28.476 28.234 28.545 28.646 28.612 29.010 29.238 29.318 29.359 29.420 29.251 29.256 29.212 29.012 29.199 28.860 29.012 28.851 28.622 28.853 28.721 28.643 28.353 28.508 28.191 27.578 27.814 27.982 27.296 27.056 27.692 27.292 27.013 27.056 27.446 27.006 27.045 27.237 27.396 27.252 27.297 27.556 27.564 27.203 27.548 27.973 27.676 27.643 28.055 28.134 27.872 28.219 28.518 28.544 28.394 28.658 28.789 28.736 28.786 29.008 29.081 29.035 29.017 29.250 29.244 29.271 29.337 29.462 29.424 29.525 29.663 29.701 29.767 29.779 29.746 29.686 29.538 29.606 29.486 29.577 29.421 29.319 29.235 29.293 29.119 29.135 29.047 28.980 28.781 28.837 28.790 28.583 28.654 28.710 28.496 28.019 28.278 28.247 28.128 27.669 28.052 28.005 27.885 27.423 27.359 27.247 27.370 27.743 27.838 27.603 27.826 27.979 28.284 28.227 28.368 28.363 28.420 28.534
30.189 30.098 30.103 30.049 30.035 29.976 29.888 29.827 29.799 29.762 29.711 29.574 29.632 29.519 29.422 29.326 29.302 29.255 28.938 28.993 28.957 28.860 28.851 28.839 28.768 28.549 28.531 28.600 28.285 28.272 28.121 28.059 27.973 28.010 27.900 28.026 28.248 28.042 28.468 28.468 28.491 28.710 28.669 29.004 29.076 29.294 29.263 29.432 29.366 29.520 29.614 29.536 29.750 29.700 29.794 29.750 29.680 29.704 29.606 29.434 29.366 29.273 28.913 28.880 28.425 28.359 27.966 27.908 27.616 27.260 26.899 26.692 26.806 26.788 26.844 27.504 27.794 27.961 28.452 28.673 28.811 29.102 29.059 29.400 29.363 29.535 29.467 29.659 29.730 29.683 29.743 29.720 29.848 29.822 29.811 29.877 29.872 29.843 29.838 29.855 29.826 29.805 29.730 29.592 29.614 29.362 29.473 29.347 29.328 29.191 29.073 28.802 28.639 28.538 28.293 28.290 28.043 27.738 27.605 27.393 26.867 26.570 25.968 25.493 24.877 23.998 22.469 20.271 18.634 16.540 14.075 11.526 9.454 7.540 5.675 4.170 2.812 2.075 1.243 0.000 1.155 2.758 3.675 5.289 7.241 9.664 11.992 14.284 16.455 18.400 20.110 22.176 23.634 24.699 25.716 26.374 27.143 27.424 28.011 28.255 28.248 28.493 28.316 28.637 28.390 28.607 28.766 28.640 29.082 29.238 29.289 29.226 29.311 29.207 29.164 29.242 28.985 29.194 28.992 29.029 29.067 28.891 29.086 29.075 28.949 28.777 28.928 28.616 28.259 28.495 28.552 28.115 28.003 28.362 28.116 28.048 28.085 28.445 27.925 28.275 28.309 28.550 28.408 28.520 28.817 28.829 28.481 28.793 29.143 28.855 28.889 29.141 29.214 29.128 29.266 29.395 29.396 29.402 29.441 29.565 29.517 29.580 29.665 29.733 29.675 29.649 29.734 29.781 29.753 29.809 29.847 29.802 29.883 29.937 29.942 29.970 29.970 29.975 29.937 29.890 29.842 29.818 29.885 29.843 29.715 29.703 29.809 29.706 29.602 29.683 29.619 29.452 29.501 29.478 29.395 29.407 29.363 29.334 29.153 29.084 29.149 29.223 28.877 28.963 29.056 29.032 28.709 28.530 28.416 28.641 28.914 28.711 28.605 28.912 28.865 28.916 28.968 29.001 28.895 28.971 29.137
30.184 30.092 30.108 30.053 29.988 29.915 29.769 29.716 29.721 29.647 29.592 29.460 29.512 29.410 29.292 29.242 29.189 29.091 28.840 28.868 28.748 28.504 28.433 28.491 28.283 28.084 28.182 28.087 28.002 27.743 27.718 27.725 27.549 27.434 27.603 27.461 27.837 27.624 28.127 28.121 28.152 28.374 28.329 28.684 28.609 29.058 28.889 29.186 29.123 29.236 29.468 29.453 29.632 29.737 29.802 29.829 29.810 29.827 29.753 29.660 29.530 29.465 29.208 29.031 28.640 28.520 28.012 27.870 27.374 26.866 26.392 26.198 26.077 26.189 26.042 26.716 27.131 27.278 28.078 28.314 28.480 28.808 28.892 29.105 29.215 29.267 29.339 29.423 29.497 29.509 29.525 29.563 29.663 29.670 29.661 29.659 29.653 29.672 29.670 29.689 29.659 29.669 29.591 29.333 29.487 29.172 29.158 29.189 29.199 28.972 28.942 28.765 28.620 28.509 28.250 28.296 28.028 27.821 27.593 27.441 26.989 26.426 26.320 25.734 25.237 24.463 22.917 21.223 19.941 18.369 16.319 13.964 11.259 9.568 7.699 6.108 4.284 2.913 2.483 1.296 0.000 1.108 2.832 3.815 5.671 7.980 9.317 11.288 13.383 15.078 17.517 18.983 20.774 22.108 23.741 24.576 25.515 26.334 26.994 27.442 27.484 27.916 27.680 28.212 27.952 28.396 28.440 28.350 28.929 29.081 29.231 29.209 29.239 29.075 29.069 29.109 28.830 29.074 28.713 28.845 28.766 28.569 28.829 28.654 28.565 28.319 28.521 28.151 27.482 27.790 27.988 27.315 27.019 27.578 27.371 26.790 26.927 27.459 27.092 26.964 27.238 27.448 27.055 27.344 27.624 27.562 27.386 27.713 28.038 27.777 27.756 28.266 28.416 28.096 28.342 28.727 28.709 28.569 28.872 29.029 28.901 28.977 29.210 29.276 29.215 29.240 29.415 29.459 29.437 29.507 29.652 29.611 29.705 29.770 29.847 29.888 29.881 29.897 29.862 29.704 29.744 29.722 29.678 29.604 29.531 29.541 29.513 29.365 29.316 29.264 29.182 28.958 28.908 29.005 28.730 28.800 28.898 28.723 28.127 28.371 28.435 28.289 27.815 28.158 28.230 27.999 27.394 27.607 27.480 27.526 27.904 27.957 27.799 28.056 28.284 28.342 28.372 28.507 28.435 28.603 28.634
30.162 30.053 30.083 29.990 29.959 29.884 29.790 29.678 29.733 29.697 29.592 29.464 29.514 29.458 29.295 29.221 29.128 29.094 28.826 28.851 28.761 28.536 28.677 28.610 28.531 28.299 28.254 28.233 27.886 27.928 27.836 27.588 27.673 27.559 27.500 27.526 27.787 27.588 27.998 28.031 28.246 28.480 28.529 28.899 28.926 29.308 29.140 29.357 29.281 29.421 29.468 29.386 29.600 29.626 29.693 29.627 29.536 29.590 29.416 29.275 29.203 29.086 28.711 28.681 28.183 28.024 27.528 27.291 26.740 26.228 25.824 25.511 25.363 25.442 25.328 26.036 26.582 26.867 27.793 28.113 28.344 28.684 28.724 29.109 29.078 29.274 29.299 29.410 29.486 29.512 29.489 29.504 29.590 29.619 29.598 29.620 29.611 29.605 29.628 29.653 29.635 29.620 29.593 29.484 29.504 29.250 29.294 29.274 29.277 29.135 29.041 28.936 28.851 28.694 28.511 28.487 28.316 28.050 27.774 27.644 27.235 27.045 26.553 25.952 25.918 25.348 24.265 22.612 21.614 20.104 18.392 16.254 13.862 11.620 9.788 8.223 6.024 4.657 3.280 2.521 1.582 0.000 1.290 3.098 4.136 6.004 7.736 9.513 12.295 14.376 16.644 18.569 20.109 21.671 23.483 24.225 25.447 25.966 26.756 27.205 27.337 27.710 27.578 27.940 27.710 28.053 28.253 28.069 28.664 28.794 28.910 28.960 29.074 28.835 28.918 28.979 28.636 28.838 28.526 28.621 28.575 28.291 28.571 28.436 28.274 28.135 28.275 27.899 27.158 27.571 27.672 26.980 26.639 27.232 27.087 26.560 26.588 27.247 26.780 26.762 26.893 27.296 26.972 27.027 27.535 27.603 27.156 27.589 28.181 27.934 27.872 28.358 28.476 28.375 28.596 28.906 28.905 28.848 28.995 29.164 29.148 29.215 29.356 29.392 29.396 29.363 29.511 29.511 29.559 29.655 29.678 29.650 29.729 29.835 29.846 29.885 29.883 29.905 29.853 29.748 29.682 29.613 29.671 29.617 29.417 29.418 29.565 29.416 29.268 29.348 29.278 29.045 29.026 29.071 28.849 28.905 28.888 28.786 28.461 28.409 28.537 28.485 28.034 28.294 28.365 28.106 27.600 27.554 27.318 27.808 28.197 27.960 27.888 28.325 28.439 28.502 28.576 28.666 28.552 28.742 28.799
30.180 30.051 30.062 29.993 29.920 29.851 29.703 29.623 29.616 29.548 29.484 29.268 29.371 29.229 29.146 29.114 28.962 28.894 28.598 28.632 28.449 28.206 28.183 28.176 27.985 27.758 27.694 27.643 27.435 27.291 27.211 27.091 27.021 27.058 27.027 27.036 27.494 27.272 27.727 27.812 27.912 28.232 28.320 28.720 28.705 29.173 28.941 29.281 29.128 29.378 29.457 29.415 29.598 29.630 29.686 29.715 29.684 29.684 29.636 29.473 29.468 29.326 29.113 28.971 28.423 28.292 27.668 27.523 26.687 26.110 25.932 25.232 25.192 25.074 24.886 25.500 26.094 26.488 27.457 27.774 28.017 28.469 28.528 28.907 28.999 29.088 29.140 29.295 29.376 29.335 29.439 29.380 29.517 29.526 29.515 29.590 29.625 29.562 29.614 29.657 29.632 29.672 29.619 29.468 29.572 29.300 29.391 29.381 29.412 29.237 29.222 29.071 29.040 28.924 28.773 28.825 28.629 28.479 28.373 28.219 27.954 27.593 27.561 27.050 27.138 26.668 25.889 24.801 23.965 22.908 21.051 19.232 16.346 14.281 11.609 10.282 8.132 6.540 4.790 3.277 2.765 1.355 0.000 1.203 2.862 4.241 5.730 7.294 9.605 12.311 13.970 16.096 17.536 19.036 21.177 22.323 23.604 24.714 25.792 26.277 26.492 26.973 26.912 27.426 27.259 27.649 27.831 27.840 28.478 28.664 28.850 28.971 29.026 28.816 28.958 28.893 28.638 28.802 28.403 28.541 28.381 28.201 28.370 28.117 28.001 27.712 27.903 27.527 26.710 26.977 27.182 26.516 25.889 26.661 26.575 25.874 25.863 26.646 26.192 25.973 26.137 26.721 26.070 26.224 26.683 26.791 26.318 26.783 27.344 26.999 26.892 27.583 27.763 27.505 27.716 28.230 28.242 28.075 28.376 28.635 28.537 28.582 28.837 28.973 28.920 28.914 29.123 29.159 29.079 29.217 29.402 29.361 29.507 29.612 29.694 29.820 29.825 29.762 29.768 29.535 29.613 29.544 29.563 29.391 29.283 29.299 29.295 29.100 28.982 29.055 28.898 28.645 28.706 28.730 28.348 28.466 28.599 28.300 27.726 27.914 28.095 27.862 27.244 27.659 27.764 27.386 26.766 27.036 26.777 27.033 27.623 27.496 27.350 27.784 28.064 27.975 28.097 28.302 28.286 28.378 28.615
30.140 30.003 30.022 29.929 29.868 29.793 29.706 29.554 29.618 29.581 29.451 29.359 29.392 29.378 29.171 29.123 28.978 28.947 28.693 28.770 28.575 28.342 28.343 28.356 28.187 27.920 27.849 27.865 27.578 27.518 27.324 27.153 27.063 26.951 26.964 26.869 27.227 27.040 27.385 27.409 27.672 27.885 28.102 28.488 28.465 29.007 28.836 29.121 28.988 29.243 29.338 29.228 29.488 29.526 29.556 29.520 29.468 29.503 29.414 29.194 29.083 28.991 28.591 28.556 28.102 27.953 27.295 26.931 26.106 25.601 25.133 24.827 24.590 24.559 24.203 24.942 25.529 26.061 27.088 27.598 27.791 28.278 28.361 28.776 28.760 28.950 29.068 29.168 29.241 29.309 29.357 29.348 29.514 29.536 29.549 29.602 29.675 29.633 29.702 29.731 29.719 29.734 29.701 29.596 29.697 29.480 29.487 29.503 29.525 29.363 29.288 29.298 29.262 29.159 29.027 29.055 28.919 28.746 28.644 28.512 28.240 28.146 27.835 27.513 27.538 27.269 26.754 25.720 25.207 24.428 23.296 21.421 19.446 17.263 15.216 12.797 10.863 9.293 6.703 5.207 3.620 2.705 1.522 0.000 1.317 3.201 4.134 5.557 7.904 9.952 12.163 14.465 16.416 18.207 20.282 21.795 23.381 24.572 25.556 26.116 26.369 26.937 26.750 27.305 27.061 27.512 27.812 27.750 28.426 28.590 28.785 28.886 29.036 28.769 28.984 28.954 28.580 28.753 28.438 28.603 28.455 28.195 28.434 28.225 28.169 27.936 28.090 27.749 26.908 27.289 27.599 26.766 26.374 27.125 27.064 26.216 26.364 27.081 26.674 26.468 26.760 27.222 26.723 26.831 27.322 27.462 27.046 27.393 27.971 27.820 27.783 28.172 28.373 28.280 28.378 28.762 28.840 28.687 28.856 29.102 29.085 29.076 29.259 29.363 29.287 29.237 29.443 29.454 29.464 29.538 29.632 29.585 29.682 29.814 29.840 29.832 29.845 29.890 29.831 29.729 29.673 29.613 29.690 29.638 29.378 29.399 29.592 29.409 29.262 29.333 29.307 29.041 29.065 29.073 28.809 28.904 28.935 28.800 28.359 28.461 28.568 28.502 27.995 28.263 28.290 28.083 27.451 27.436 27.299 27.624 28.061 27.836 27.755 28.198 28.372 28.412 28.524 28.599 28.675 28.762 28.899
30.116 30.026 30.014 29.937 29.890 29.811 29.678 29.577 29.574 29.499 29.460 29.317 29.324 29.216 29.098 29.038 28.924 28.748 28.454 28.528 28.310 27.957 27.910 27.998 27.603 27.340 27.235 27.243 26.906 26.886 26.795 26.593 26.642 26.654 26.621 26.680 27.045 26.947 27.469 27.552 27.708 27.969 28.206 28.594 28.699 29.075 28.967 29.272 29.189 29.340 29.497 29.379 29.597 29.607 29.647 29.697 29.663 29.649 29.626 29.484 29.430 29.373 29.201 29.008 28.416 28.193 27.513 27.195 26.171 25.627 25.351 24.897 24.953 24.664 24.690 25.422 25.941 26.447 27.348 27.807 28.144 28.498 28.669 28.907 29.024 29.153 29.236 29.327 29.451 29.452 29.508 29.541 29.633 29.608 29.634 29.692 29.706 29.691 29.708 29.752 29.745 29.753 29.737 29.545 29.728 29.531 29.572 29.555 29.658 29.527 29.514 29.488 29.477 29.456 29.381 29.409 29.333 29.301 29.193 29.146 29.045 28.632 28.816 28.475 28.448 28.283 27.905 27.432 27.019 26.528 25.871 24.921 23.293 21.868 19.557 17.551 14.829 13.153 9.882 7.801 5.834 3.847 2.803 1.439 0.000 1.112 2.747 3.936 5.859 7.772 9.878 12.326 14.425 16.026 18.188 19.828 21.161 22.723 24.117 24.646 25.133 25.672 25.678 26.428 26.060 26.967 27.299 27.436 28.235 28.421 28.765 28.888 29.034 28.864 28.900 28.958 28.580 28.821 28.426 28.597 28.448 28.219 28.512 28.196 28.082 27.819 28.066 27.542 26.828 27.201 27.479 26.880 26.260 27.111 27.029 26.119 26.167 27.070 26.688 26.240 26.709 27.224 26.516 26.723 27.227 27.283 26.814 27.130 27.813 27.521 27.435 27.899 28.202 27.907 27.974 28.492 28.610 28.395 28.607 28.890 28.810 28.809 29.066 29.155 29.153 29.093 29.222 29.313 29.213 29.275 29.426 29.436 29.452 29.601 29.614 29.690 29.712 29.693 29.746 29.612 29.641 29.613 29.593 29.542 29.349 29.448 29.484 29.315 29.187 29.289 29.202 28.903 28.951 29.002 28.679 28.704 28.826 28.699 28.070 28.326 28.465 28.337 27.786 28.155 28.236 27.998 27.451 27.679 27.285 27.565 28.033 27.835 27.739 28.225 28.372 28.112 28.428 28.627 28.631 28.771 28.868
30.094 29.960 29.944 29.848 29.807 29.722 29.564 29.421 29.443 29.341 29.305 29.140 29.217 29.106 28.931 28.846 28.778 28.566 28.313 28.440 28.134 27.880 27.910 27.878 27.552 27.329 27.147 27.105 27.064 26.843 26.663 26.589 26.456 26.359 26.435 26.434 26.707 26.547 26.905 27.145 27.375 27.671 27.879 28.457 28.295 28.948 28.775 29.183 29.034 29.300 29.393 29.279 29.496 29.571 29.604 29.646 29.598 29.589 29.531 29.413 29.296 29.249 28.987 28.936 28.289 28.243 27.617 27.360 26.318 25.558 25.183 24.601 24.555 24.324 24.011 24.959 25.689 26.072 27.055 27.506 27.929 28.273 28.448 28.776 28.877 28.990 29.022 29.194 29.332 29.343 29.368 29.431 29.533 29.575 29.576 29.563 29.647 29.678 29.664 29.761 29.772 29.805 29.792 29.634 29.738 29.566 29.677 29.625 29.722 29.646 29.634 29.625 29.593 29.566 29.492 29.515 29.434 29.428 29.354 29.298 29.298 29.030 29.066 28.790 28.730 28.633 28.351 28.046 27.729 27.271 26.775 25.870 24.846 23.462 21.744 19.681 17.274 14.690 12.318 9.822 7.042 5.368 3.563 2.381 1.269 0.000 1.457 3.590 4.736 6.818 8.471 10.896 13.200 15.137 17.581 19.250 20.782 22.172 23.631 24.588 24.762 25.667 25.543 26.451 26.085 26.998 27.375 27.358 28.254 28.518 28.822 29.006 29.094 28.864 28.997 29.003 28.656 28.878 28.459 28.633 28.451 28.282 28.438 28.213 27.986 27.805 28.120 27.638 26.907 27.076 27.540 26.862 26.295 27.150 27.087 26.363 26.220 27.265 26.779 26.393 26.932 27.378 26.651 26.698 27.453 27.437 26.877 27.293 27.933 27.675 27.616 28.052 28.234 28.041 28.091 28.628 28.619 28.378 28.635 28.865 28.920 28.840 29.037 29.193 29.084 29.015 29.236 29.317 29.191 29.272 29.435 29.414 29.546 29.650 29.695 29.787 29.780 29.787 29.737 29.627 29.591 29.545 29.568 29.570 29.374 29.426 29.457 29.262 29.179 29.295 29.167 28.933 28.880 28.968 28.807 28.753 28.845 28.706 28.148 28.363 28.520 28.412 27.940 28.125 28.285 28.139 27.529 27.418 27.404 27.545 27.971 27.786 27.678 28.174 28.264 28.310 28.345 28.518 28.624 28.664 28.781
30.085 29.968 29.989 29.885 29.819 29.721 29.631 29.481 29.544 29.443 29.380 29.275 29.291 29.242 29.018 28.933 28.777 28.634 28.434 28.383 28.136 27.816 27.986 27.749 27.524 27.219 27.061 26.986 26.726 26.683 26.492 26.303 26.360 26.269 26.055 26.323 26.393 26.479 26.785 26.847 27.250 27.492 27.911 28.292 28.368 28.810 28.766 29.102 28.993 29.251 29.321 29.160 29.432 29.429 29.442 29.490 29.446 29.400 29.371 29.173 28.972 28.908 28.485 28.358 27.869 27.726 26.717 26.497 25.035 24.215 23.644 22.908 22.682 22.438 22.086 22.930 23.797 24.724 26.007 26.783 27.270 27.828 28.065 28.518 28.540 28.769 28.822 29.081 29.166 29.235 29.313 29.287 29.487 29.480 29.508 29.571 29.615 29.556 29.589 29.684 29.679 29.720 29.685 29.581 29.668 29.569 29.597 29.619 29.692 29.618 29.624 29.613 29.584 29.635 29.572 29.578 29.532 29.442 29.363 29.315 29.144 28.959 28.960 28.648 28.588 28.419 28.071 27.752 27.298 26.916 26.502 25.841 24.985 24.029 22.986 21.935 20.409 17.983 15.955 14.075 10.763 8.725 6.508 4.229 3.336 1.586 0.000 1.335 3.426 4.312 6.014 7.408 9.806 11.695 14.597 16.561 18.251 19.711 21.173 22.116 22.923 23.675 23.834 25.189 24.833 25.909 26.494 26.836 27.787 28.038 28.435 28.648 28.840 28.402 28.742 28.518 28.030 28.224 27.545 28.005 27.649 27.297 27.709 27.298 27.311 26.703 27.194 26.510 25.571 25.899 26.397 25.550 24.805 25.867 25.882 25.042 24.962 26.176 25.736 25.286 25.923 26.583 26.048 25.872 26.710 27.173 26.420 26.798 27.562 27.490 27.351 27.733 28.104 27.934 27.895 28.448 28.602 28.453 28.589 28.839 28.887 28.871 29.097 29.180 29.100 29.120 29.245 29.300 29.221 29.322 29.499 29.486 29.542 29.641 29.685 29.705 29.720 29.724 29.687 29.630 29.605 29.592 29.663 29.574 29.370 29.393 29.491 29.317 29.124 29.326 29.207 28.886 28.916 28.994 28.713 28.773 28.835 28.795 28.205 28.295 28.458 28.419 27.815 27.969 28.122 27.930 27.237 27.347 26.890 27.383 28.006 27.508 27.459 28.219 28.284 28.099 28.253 28.574 28.581 28.652 28.682
29.995 29.840 29.818 29.713 29.614 29.540 29.418 29.259 29.244 29.138 29.012 28.744 28.846 28.720 28.523 28.455 28.195 28.038 27.676 27.705 27.208 26.948 26.964 26.663 26.239 25.944 25.669 25.626 25.552 25.253 25.098 25.026 24.802 24.909 24.878 25.056 25.322 25.215 25.957 26.204 26.544 27.028 27.369 27.869 27.863 28.459 28.420 28.800 28.731 29.017 29.138 29.101 29.298 29.351 29.382 29.475 29.437 29.303 29.311 29.175 29.086 29.016 28.768 28.662 28.168 28.009 27.271 26.450 25.331 24.397 23.492 22.164 22.041 21.521 21.531 22.438 23.424 24.360 25.621 26.195 26.845 27.351 27.635 28.090 28.307 28.467 28.534 28.793 28.921 28.915 29.065 29.068 29.171 29.237 29.264 29.308 29.338 29.318 29.331 29.423 29.415 29.477 29.454 29.308 29.431 29.243 29.354 29.391 29.488 29.397 29.392 29.364 29.365 29.375 29.353 29.399 29.352 29.341 29.276 29.223 29.135 28.876 28.950 28.750 28.721 28.665 28.463 28.147 27.945 27.656 27.314 26.733 26.083 25.329 24.464 23.585 22.256 20.546 18.860 16.134 13.861 10.650 8.636 5.880 4.051 3.096 1.551 0.000 1.159 2.578 3.512 4.566 6.559 7.795 10.454 12.239 14.704 16.562 18.037 19.220 20.531 21.480 22.120 23.890 23.860 25.402 25.847 26.448 27.377 27.762 28.276 28.426 28.597 28.043 28.363 28.207 27.851 28.091 27.278 27.605 27.133 26.851 27.218 26.760 26.560 25.789 26.153 25.586 24.344 24.447 24.917 24.111 23.002 24.114 24.261 23.016 22.803 24.188 23.678 22.840 23.556 24.558 23.653 23.796 24.671 24.944 24.246 24.790 25.749 25.533 25.521 26.054 26.461 26.081 26.346 27.077 27.203 26.917 27.365 27.698 27.686 27.774 28.043 28.241 28.181 28.086 28.428 28.466 28.418 28.526 28.783 28.790 29.006 29.031 29.130 29.383 29.377 29.291 29.376 29.095 29.179 29.153 29.091 28.926 28.777 28.926 28.782 28.496 28.577 28.608 28.285 28.029 28.175 28.101 27.516 27.650 27.970 27.516 26.718 27.053 27.382 26.944 26.086 26.522 26.787 26.253 25.586 25.731 25.323 25.894 26.595 26.219 26.336 26.910 27.271 27.041 27.360 27.692 27.786 27.809 27.959
29.867 29.768 29.720 29.598 29.546 29.395 29.298 29.159 29.129 29.035 28.895 28.728 28.806 28.634 28.437 28.317 28.152 27.968 27.446 27.554 27.174 27.013 26.947 26.725 26.489 26.109 25.991 25.916 25.702 25.412 25.130 24.700 24.805 24.640 24.460 24.749 25.101 25.147 25.749 26.109 26.552 26.921 27.167 27.701 27.619 28.346 28.284 28.662 28.640 28.888 29.036 28.935 29.149 29.225 29.250 29.249 29.195 29.083 28.882 28.861 28.644 28.495 28.300 28.187 27.621 27.666 26.691 26.077 24.643 23.237 22.535 21.661 21.427 20.718 20.453 21.221 22.436 23.638 25.117 25.942 26.426 27.039 27.256 27.724 28.001 28.154 28.215 28.523 28.767 28.819 28.860 28.907 29.062 29.135 29.161 29.205 29.238 29.297 29.338 29.389 29.394 29.417 29.382 29.292 29.397 29.323 29.421 29.429 29.463 29.392 29.348 29.337 29.270 29.361 29.287 29.356 29.300 29.176 29.131 29.085 28.945 28.793 28.786 28.712 28.649 28.637 28.425 28.192 27.986 27.777 27.521 26.944 26.491 25.740 25.240 24.179 23.439 21.657 20.678 18.397 16.028 13.808 10.744 7.851 5.661 4.057 2.977 1.409 0.000 0.969 2.279 2.747 4.102 5.583 7.754 9.620 11.483 13.983 15.562 16.871 18.073 19.099 19.984 22.145 22.350 24.271 25.208 25.570 26.969 27.507 27.972 28.179 28.353 27.959 28.207 27.905 27.507 27.691 26.984 27.137 26.705 26.521 26.676 26.328 26.124 25.099 25.725 24.967 23.407 23.998 24.453 23.477 22.524 23.584 23.692 22.340 22.381 23.890 23.101 22.633 23.282 24.124 23.506 23.706 24.560 24.921 24.276 24.847 25.781 25.652 25.687 26.241 26.687 26.462 26.731 27.310 27.411 27.363 27.630 27.928 27.786 28.142 28.294 28.330 28.462 28.504 28.601 28.637 28.796 28.877 29.017 28.922 29.082 29.313 29.119 29.274 29.347 29.247 29.113 29.223 29.070 28.970 29.111 29.076 28.693 28.792 28.922 28.603 28.490 28.598 28.341 28.032 28.286 28.162 27.685 27.765 27.860 27.536 26.770 27.050 27.206 27.028 26.383 26.651 26.778 26.353 25.634 25.429 25.289 26.217 26.459 26.203 26.338 27.022 27.187 27.223 27.425 27.660 27.815 27.739 27.976
29.877 29.746 29.689 29.606 29.501 29.449 29.266 29.071 29.033 28.875 28.758 28.561 28.664 28.480 28.277 28.229 27.996 27.833 27.386 27.351 27.043 26.876 26.621 26.216 26.324 25.795 25.465 25.448 25.210 24.842 24.581 24.654 24.461 24.427 24.467 24.638 24.755 24.635 25.890 26.399 26.527 27.078 27.261 27.622 27.477 28.183 28.275 28.600 28.573 28.810 29.004 28.907 29.126 29.167 29.202 29.265 29.244 29.115 29.102 28.959 28.864 28.730 28.462 28.406 27.956 27.724 26.973 25.820 24.372 22.968 21.965 20.828 20.763 20.607 20.887 22.044 23.202 24.544 25.749 26.422 26.720 27.277 27.383 27.919 28.047 28.211 28.066 28.545 28.684 28.687 28.770 28.780 29.004 29.046 29.060 29.113 29.149 29.192 29.206 29.271 29.262 29.306 29.300 29.200 29.329 29.208 29.386 29.371 29.450 29.338 29.345 29.219 29.197 29.298 29.259 29.373 29.305 29.282 29.186 29.096 29.004 28.725 28.851 28.643 28.764 28.786 28.635 28.319 28.198 27.989 27.701 27.223 26.744 26.169 25.684 24.811 23.999 22.567 21.614 19.254 17.460 14.924 12.730 9.172 7.205 5.237 3.760 2.500 1.097 0.000 0.856 1.887 2.671 3.737 5.650 6.869 8.778 10.809 12.789 14.476 16.169 17.447 19.022 20.905 21.926 23.748 24.651 25.521 26.782 27.333 27.751 28.024 28.357 27.871 28.196 27.919 27.289 27.766 26.809 27.177 26.703 26.180 26.553 26.174 25.984 24.993 25.589 24.969 23.663 24.010 24.413 23.673 22.647 23.485 23.548 22.752 22.342 23.352 22.985 22.334 23.097 23.836 23.406 23.380 24.162 24.439 24.121 24.471 25.278 25.270 25.360 25.674 26.269 26.069 26.181 26.836 27.001 26.822 27.075 27.533 27.404 27.661 27.894 28.132 28.161 27.996 28.280 28.440 28.340 28.443 28.743 28.638 28.912 28.975 29.001 29.191 29.190 29.127 29.129 28.989 28.943 28.954 28.945 28.827 28.655 28.652 28.665 28.312 28.309 28.433 28.047 27.763 27.802 27.882 27.200 27.320 27.482 27.265 26.447 26.585 26.946 26.675 25.858 26.278 26.536 25.830 25.268 25.053 24.930 25.844 26.201 25.868 26.098 26.596 27.015 26.855 27.082 27.336 27.609 27.532 27.837
29.861 29.732 29.750 29.625 29.576 29.455 29.348 29.113 29.153 29.005 28.899 28.756 28.764 28.640 28.513 28.265 28.143 27.925 27.470 27.426 27.050 26.777 26.653 26.147 26.360 25.997 25.472 25.653 25.429 25.170 24.711 24.477 24.563 24.385 24.405 24.322 24.814 24.814 25.595 26.008 26.175 26.786 26.866 27.564 27.059 28.172 28.115 28.618 28.472 28.764 28.984 28.867 29.101 29.133 29.150 29.225 29.169 29.029 28.988 28.871 28.639 28.544 28.294 28.181 27.824 27.792 26.999 26.163 24.659 23.196 22.502 21.324 21.305 20.457 20.827 21.261 22.443 23.839 25.246 26.002 26.383 26.961 27.187 27.495 27.829 27.971 27.999 28.366 28.546 28.681 28.744 28.826 28.971 29.067 29.103 29.141 29.181 29.199 29.259 29.302 29.329 29.349 29.353 29.269 29.346 29.184 29.262 29.289 29.364 29.244 29.212 29.241 29.202 29.218 29.263 29.340 29.302 29.233 29.205 29.061 28.997 28.774 28.822 28.675 28.741 28.789 28.558 28.296 28.145 27.963 27.795 27.422 26.846 26.421 26.023 24.962 24.430 22.637 22.133 19.742 18.127 15.801 13.613 10.505 8.322 6.287 4.704 3.113 1.989 1.009 0.000 0.799 1.840 2.525 3.921 5.281 6.942 8.963 11.214 12.940 15.416 17.126 18.853 21.143 22.183 24.107 24.938 25.777 26.984 27.354 27.918 28.044 28.377 27.652 28.230 27.731 27.299 27.703 26.633 27.290 26.511 26.121 26.600 25.885 25.932 24.735 25.541 24.807 22.878 23.603 24.240 22.842 21.618 23.231 23.401 21.761 21.808 22.991 22.237 21.708 22.404 23.318 22.423 22.930 23.676 23.812 23.274 23.867 24.920 24.729 24.777 25.369 25.905 25.630 25.936 26.612 26.928 26.563 27.099 27.400 27.402 27.498 27.814 27.847 27.871 27.916 28.164 28.151 28.206 28.410 28.580 28.455 28.665 28.915 28.943 28.911 28.973 29.022 28.916 28.798 28.624 28.592 28.634 28.518 28.387 28.318 28.209 28.067 27.957 28.073 27.774 27.478 27.635 27.518 27.124 27.265 27.285 27.047 26.113 26.430 26.632 26.221 25.264 25.664 25.921 25.214 24.472 24.424 24.367 24.926 25.514 25.281 25.346 26.048 26.414 26.449 26.615 26.893 27.320 27.069 27.260
29.798 29.645 29.614 29.526 29.441 29.380 29.140 28.960 28.936 28.794 28.700 28.516 28.562 28.295 28.138 28.059 27.830 27.618 27.094 26.923 26.746 26.668 26.387 25.998 26.075 25.782 25.453 25.594 25.350 25.037 24.795 24.472 24.493 24.404 24.728 24.813 24.903 25.023 26.028 26.354 26.638 26.994 27.276 27.501 27.515 28.054 28.195 28.557 28.482 28.771 28.895 28.794 29.046 29.106 29.086 29.192 29.118 28.987 28.965 28.806 28.792 28.569 28.348 28.251 27.875 27.735 27.122 26.164 24.991 23.886 22.544 21.958 21.038 20.803 20.673 21.873 23.097 24.351 25.632 26.390 26.572 27.163 27.217 27.654 27.914 28.040 27.927 28.353 28.621 28.567 28.742 28.766 28.972 28.997 29.022 29.155 29.170 29.196 29.229 29.312 29.264 29.314 29.316 29.157 29.301 29.048 29.270 29.218 29.355 29.225 29.304 29.094 29.093 29.263 29.247 29.350 29.304 29.361 29.270 29.209 29.202 28.940 29.062 28.806 28.967 28.934 28.739 28.552 28.343 28.183 27.947 27.577 27.177 26.679 26.212 25.460 24.779 23.380 22.554 20.660 19.305 16.877 15.040 11.581 9.390 7.636 6.036 4.150 2.785 1.943 0.995 0.000 0.905 2.049 2.916 4.291 6.095 7.568 9.766 11.432 14.047 15.826 17.802 19.541 21.346 23.378 24.442 25.428 26.743 27.218 27.792 28.036 28.349 27.698 28.190 27.957 27.287 27.644 26.697 27.289 26.779 26.373 26.591 26.378 26.205 25.187 25.724 25.189 23.801 24.044 24.431 23.584 22.772 23.514 23.591 22.783 22.665 23.476 22.973 22.558 23.246 23.717 23.334 23.575 24.122 24.285 24.019 24.438 25.110 25.121 25.324 25.351 26.133 25.983 26.153 26.659 26.928 26.768 27.030 27.546 27.378 27.538 27.932 28.128 28.032 27.950 28.338 28.374 28.239 28.452 28.706 28.675 28.875 29.025 28.973 29.135 29.239 29.152 29.004 29.034 29.019 28.955 29.001 28.855 28.606 28.652 28.649 28.253 28.226 28.411 28.066 27.690 27.841 27.886 27.286 27.325 27.505 27.290 26.465 26.508 26.894 26.580 25.744 26.194 26.386 25.728 25.015 24.894 24.658 25.656 25.918 25.665 25.834 26.401 26.817 26.697 27.101 27.250 27.600 27.458 27.551
29.831 29.677 29.700 29.579 29.559 29.387 29.248 29.098 29.101 28.978 28.894 28.652 28.766 28.586 28.473 28.226 28.057 27.884 27.451 27.369 27.156 26.940 26.816 26.457 26.428 25.783 25.635 25.634 25.483 24.898 24.647 24.534 24.545 24.437 24.551 24.498 24.848 25.011 25.746 26.186 26.273 26.836 27.004 27.619 27.291 28.166 28.222 28.618 28.516 28.783 28.926 28.855 29.080 29.171 29.195 29.237 29.199 29.122 29.072 28.913 28.792 28.706 28.434 28.277 27.964 27.790 27.019 26.184 25.025 23.825 22.665 21.935 21.203 20.877 20.786 21.109 22.316 23.568 25.032 25.726 26.043 26.739 26.795 27.309 27.587 27.810 27.907 28.243 28.523 28.685 28.749 28.859 29.078 29.175 29.218 29.291 29.298 29.377 29.434 29.493 29.491 29.517 29.454 29.354 29.424 29.299 29.399 29.417 29.422 29.393 29.416 29.358 29.299 29.401 29.426 29.487 29.440 29.379 29.402 29.365 29.277 29.187 29.124 29.072 29.120 29.139 28.976 28.697 28.624 28.580 28.393 28.163 27.632 27.407 27.002 26.192 25.637 23.901 23.671 21.369 20.047 17.858 16.063 13.413 11.048 9.445 7.826 5.845 3.797 2.732 2.055 1.032 0.000 0.887 2.129 3.183 4.849 6.409 8.749 10.562 13.379 15.366 17.844 20.224 21.722 23.634 24.657 25.331 26.479 27.018 27.496 27.642 28.113 27.469 28.092 27.734 27.320 27.542 26.747 27.212 26.690 26.437 26.723 26.234 26.235 25.173 25.964 25.225 23.402 24.041 24.690 23.431 22.442 23.660 23.929 22.566 22.579 23.746 23.123 22.472 23.161 24.110 23.352 23.411 24.417 24.656 23.905 24.511 25.622 25.370 25.298 25.909 26.489 26.226 26.459 27.110 27.348 26.943 27.442 27.816 27.699 27.874 28.185 28.227 28.152 28.177 28.467 28.476 28.453 28.728 28.800 28.738 28.883 29.091 29.022 29.146 29.187 29.192 29.106 29.025 28.893 28.895 28.866 28.790 28.536 28.633 28.607 28.378 28.270 28.395 28.189 27.860 28.047 27.982 27.569 27.622 27.683 27.464 26.575 26.647 26.954 26.688 25.804 26.198 26.369 25.850 25.105 24.924 24.472 25.364 26.003 25.710 25.583 26.288 26.783 26.812 26.886 27.229 27.543 27.283 27.410
29.812 29.695 29.682 29.599 29.522 29.445 29.216 29.079 29.041 28.951 28.852 28.665 28.690 28.468 28.290 28.171 27.928 27.757 27.294 27.148 27.078 27.025 26.807 26.546 26.616 26.380 25.794 25.881 25.702 25.322 25.321 24.980 24.910 24.875 24.992 25.159 25.302 25.381 26.200 26.244 26.738 27.135 27.285 27.610 27.672 28.191 28.309 28.734 28.634 28.886 29.008 28.833 29.132 29.219 29.188 29.282 29.133 29.075 29.047 28.847 28.873 28.734 28.571 28.454 28.116 27.823 27.266 26.301 25.457 24.021 22.942 22.083 20.923 21.112 20.869 21.819 22.808 24.152 25.514 26.285 26.454 27.015 27.017 27.508 27.805 27.994 27.922 28.255 28.568 28.578 28.656 28.796 28.995 29.086 29.110 29.184 29.203 29.298 29.349 29.420 29.413 29.445 29.471 29.308 29.454 29.177 29.405 29.360 29.483 29.384 29.451 29.339 29.345 29.442 29.451 29.541 29.497 29.530 29.481 29.430 29.406 29.219 29.288 29.139 29.270 29.238 29.078 28.921 28.766 28.690 28.503 28.209 27.882 27.469 27.047 26.510 25.775 24.199 23.819 21.633 20.639 18.476 16.827 14.218 11.763 10.336 9.106 7.497 5.045 3.794 2.710 1.956 1.043 0.000 1.020 2.461 3.757 5.087 7.049 8.944 11.567 13.933 16.412 18.605 20.759 22.726 23.965 24.867 25.990 26.602 27.292 27.609 28.004 27.293 28.030 27.874 27.321 27.790 26.674 27.375 26.564 26.526 26.678 26.325 26.326 25.411 25.885 25.365 23.787 24.193 24.666 23.689 22.827 23.744 23.832 22.962 22.950 23.741 23.399 22.933 23.684 24.145 23.832 24.155 24.644 24.944 24.607 25.142 25.812 25.730 26.023 26.196 26.860 26.741 26.944 27.364 27.633 27.492 27.810 28.199 28.032 28.133 28.430 28.545 28.505 28.480 28.762 28.819 28.765 28.934 29.092 29.004 29.175 29.315 29.205 29.330 29.381 29.342 29.234 29.243 29.229 29.172 29.228 29.147 28.904 28.985 29.009 28.675 28.664 28.838 28.523 28.149 28.359 28.386 27.890 27.852 27.953 27.803 27.162 27.056 27.386 27.180 26.401 26.651 26.903 26.337 25.499 25.286 25.080 25.977 26.239 26.037 26.133 26.779 27.071 26.892 27.377 27.504 27.788 27.668 27.676
29.820 29.752 29.736 29.626 29.577 29.448 29.256 29.100 29.108 28.978 28.849 28.630 28.675 28.402 28.284 28.106 27.876 27.812 27.329 27.321 27.069 27.028 26.843 26.349 26.664 26.223 25.666 25.979 25.753 25.028 24.945 24.977 24.626 24.498 24.902 24.864 25.280 25.325 26.157 26.343 26.468 27.081 27.225 27.550 27.336 28.104 28.241 28.699 28.581 28.878 29.037 28.950 29.209 29.289 29.258 29.377 29.325 29.227 29.222 29.046 29.006 28.955 28.664 28.487 28.145 27.807 27.351 26.223 25.386 24.186 23.031 22.000 21.196 21.086 21.155 21.508 22.491 23.740 25.107 25.744 26.220 26.857 27.187 27.518 27.842 28.100 28.015 28.473 28.630 28.798 28.848 28.955 29.161 29.237 29.264 29.357 29.363 29.406 29.466 29.551 29.546 29.600 29.563 29.505 29.548 29.343 29.490 29.462 29.515 29.497 29.492 29.438 29.473 29.493 29.544 29.602 29.556 29.530 29.519 29.461 29.450 29.319 29.373 29.265 29.381 29.359 29.235 29.036 28.958 28.916 28.756 28.510 28.193 27.904 27.523 26.863 26.143 24.465 24.341 22.107 21.577 19.571 17.960 16.020 13.599 12.298 10.580 9.045 7.100 5.106 4.003 2.794 2.186 1.113 0.000 1.057 3.067 4.007 6.263 7.763 11.152 13.623 16.766 18.756 21.314 23.186 24.532 25.254 26.293 27.009 27.429 27.536 28.166 27.385 28.098 27.776 27.552 27.813 26.852 27.463 26.711 26.685 26.856 26.333 26.404 25.477 26.057 25.524 24.003 24.378 25.066 24.010 23.026 24.194 24.379 23.197 23.254 24.100 23.678 23.100 23.542 24.474 23.896 23.852 24.751 25.028 24.350 24.722 25.916 25.694 25.533 26.025 26.686 26.382 26.590 27.151 27.492 27.110 27.443 27.879 27.807 27.805 28.153 28.228 28.155 28.251 28.480 28.475 28.519 28.671 28.766 28.740 28.912 29.066 29.022 29.108 29.133 29.132 29.132 29.004 28.931 28.914 28.902 28.855 28.647 28.653 28.614 28.438 28.344 28.397 28.187 27.821 27.961 27.959 27.607 27.615 27.576 27.530 26.673 26.602 27.032 26.812 25.885 26.243 26.520 25.967 25.291 25.154 24.794 25.494 26.132 25.728 25.677 26.343 26.782 26.630 26.698 27.022 27.418 27.168 27.285
29.888 29.786 29.780 29.656 29.592 29.497 29.322 29.170 29.196 29.050 28.945 28.736 28.750 28.602 28.432 28.128 28.024 28.062 27.569 27.508 27.457 27.203 27.263 26.769 26.844 26.520 25.994 26.107 25.803 25.281 25.215 24.762 24.798 24.981 24.999 25.394 25.629 25.921 26.444 26.644 26.874 27.258 27.407 27.693 27.914 28.350 28.500 28.810 28.774 28.970 29.076 29.034 29.187 29.303 29.270 29.347 29.247 29.145 29.105 28.909 28.867 28.749 28.581 28.403 28.112 27.786 27.271 26.236 25.442 24.200 23.507 22.575 21.849 21.858 21.533 21.691 22.787 23.817 25.028 25.471 26.325 26.770 26.937 27.446 27.845 28.068 28.167 28.414 28.691 28.768 28.805 28.988 29.195 29.279 29.337 29.402 29.394 29.469 29.484 29.572 29.592 29.624 29.633 29.525 29.618 29.446 29.530 29.536 29.611 29.558 29.573 29.561 29.589 29.643 29.623 29.676 29.633 29.604 29.561 29.549 29.536 29.421 29.424 29.338 29.442 29.431 29.356 29.265 29.190 29.132 29.006 28.800 28.510 28.277 27.876 27.235 26.606 25.340 24.466 23.013 22.063 20.444 18.861 17.159 14.911 13.487 12.444 10.540 8.766 7.478 5.547 4.420 3.216 2.495 1.362 0.000 1.290 3.080 4.934 5.984 8.546 10.869 13.886 15.781 18.221 19.907 22.110 23.209 24.281 25.332 26.175 26.758 27.387 26.917 27.642 27.478 27.313 27.683 26.969 27.635 26.967 27.023 27.025 26.636 26.685 25.794 26.359 26.072 24.649 24.927 25.572 24.924 23.743 24.771 25.022 23.939 23.800 24.865 24.538 23.738 24.349 25.157 24.647 24.505 25.243 25.606 24.806 25.336 26.217 26.127 25.864 26.414 26.941 26.710 26.848 27.491 27.636 27.418 27.689 28.047 27.930 28.025 28.360 28.319 28.414 28.493 28.619 28.666 28.577 28.795 29.002 28.986 29.053 29.225 29.258 29.235 29.253 29.361 29.272 29.155 29.013 29.018 29.081 29.006 28.781 28.816 28.829 28.590 28.493 28.655 28.370 27.973 28.146 28.195 27.670 27.773 27.847 27.678 26.909 27.060 27.396 27.133 26.353 26.698 26.968 26.505 25.685 25.789 25.262 26.087 26.494 26.356 26.228 26.871 27.129 27.028 27.217 27.492 27.696 27.702 27.800
29.842 29.736 29.733 29.593 29.542 29.388 29.230 29.089 29.064 28.988 28.835 28.539 28.572 28.348 28.224 27.971 27.808 27.694 27.331 27.423 27.358 27.299 27.029 26.828 26.970 26.542 25.735 26.161 25.744 25.089 25.189 24.772 24.952 25.013 25.116 25.410 25.832 25.818 26.383 26.495 26.848 26.979 27.469 27.655 27.778 28.317 28.477 28.818 28.753 29.019 29.118 29.013 29.316 29.389 29.381 29.459 29.407 29.316 29.287 29.133 29.152 29.067 28.893 28.721 28.379 28.130 27.622 26.636 25.838 24.789 24.215 23.463 22.844 22.795 22.330 22.861 23.485 24.422 25.105 26.019 26.514 27.335 27.236 27.900 28.060 28.313 28.316 28.723 28.864 28.934 29.083 29.122 29.293 29.360 29.400 29.476 29.555 29.587 29.610 29.705 29.717 29.744 29.721 29.615 29.690 29.520 29.646 29.644 29.665 29.654 29.674 29.615 29.668 29.662 29.673 29.729 29.700 29.666 29.668 29.656 29.628 29.498 29.573 29.414 29.542 29.546 29.498 29.434 29.394 29.347 29.223 29.098 28.889 28.682 28.294 27.780 27.442 26.099 25.836 24.223 24.159 22.501 21.878 19.994 18.124 17.081 15.569 14.376 11.302 10.309 8.519 6.483 4.872 3.748 2.900 1.500 0.000 1.467 3.981 4.996 7.883 10.113 13.583 15.543 18.531 20.235 22.060 23.201 24.358 25.534 26.360 26.837 27.482 26.859 27.903 27.792 27.412 28.060 27.134 27.862 27.413 27.434 27.524 27.409 27.384 26.500 26.918 26.631 25.523 25.537 26.073 25.417 24.665 25.427 25.675 24.738 24.681 25.462 25.137 24.683 24.993 25.686 25.143 25.210 25.582 26.102 25.392 25.772 26.705 26.683 26.415 26.829 27.416 27.188 27.112 27.780 27.926 27.496 27.903 28.283 28.176 27.990 28.555 28.534 28.406 28.325 28.771 28.694 28.597 28.876 29.002 28.919 29.050 29.216 29.193 29.282 29.345 29.346 29.255 29.215 29.127 29.024 29.067 29.045 28.786 28.783 28.843 28.673 28.399 28.580 28.426 28.001 28.056 28.154 27.793 27.783 27.894 27.822 27.074 27.069 27.527 27.367 26.590 26.925 27.258 26.824 26.128 26.114 25.624 26.117 26.662 26.518 26.198 26.863 27.207 27.017 27.129 27.406 27.605 27.550 27.635
29.958 29.873 29.856 29.762 29.662 29.606 29.460 29.310 29.401 29.247 29.154 28.982 29.012 28.781 28.678 28.519 28.342 28.217 27.933 27.821 27.765 27.672 27.517 27.224 27.206 27.132 26.615 26.495 26.384 26.339 25.948 25.695 26.127 25.969 25.722 26.135 26.389 26.467 26.932 26.980 27.418 27.531 27.910 27.947 28.093 28.498 28.571 28.945 28.894 29.036 29.162 29.154 29.296 29.454 29.399 29.504 29.416 29.385 29.300 29.179 29.107 29.022 28.879 28.642 28.355 27.941 27.516 26.462 25.649 24.750 24.213 23.298 23.000 22.849 22.422 22.811 23.560 24.558 25.497 25.825 26.852 27.240 27.807 28.056 28.295 28.594 28.642 28.817 29.046 29.169 29.206 29.310 29.488 29.516 29.564 29.614 29.646 29.679 29.714 29.795 29.789 29.802 29.799 29.638 29.757 29.610 29.676 29.665 29.728 29.708 29.716 29.750 29.784 29.805 29.781 29.789 29.749 29.747 29.739 29.741 29.744 29.621 29.686 29.657 29.686 29.699 29.658 29.581 29.586 29.534 29.466 29.324 29.187 29.001 28.807 28.455 28.126 26.950 26.653 25.555 25.507 24.433 23.784 22.783 21.155 20.132 19.154 17.229 15.516 12.888 11.062 9.182 7.189 5.477 4.054 3.212 1.686 0.000 1.722 3.756 5.773 7.851 10.870 12.169 15.602 17.209 19.961 21.805 22.809 24.017 24.890 25.719 26.436 26.106 27.164 26.931 26.866 27.527 26.582 27.736 26.923 27.186 27.298 26.903 27.094 26.128 26.791 26.386 24.948 25.132 26.189 25.325 24.202 25.324 25.860 24.358 24.438 25.569 25.278 24.538 25.096 25.933 25.099 25.226 25.762 26.306 25.522 25.962 26.760 26.685 26.527 26.934 27.424 27.217 27.284 27.861 28.038 27.750 28.024 28.450 28.381 28.337 28.659 28.699 28.698 28.712 28.902 28.975 28.752 28.958 29.117 29.189 29.172 29.356 29.360 29.420 29.472 29.495 29.433 29.398 29.339 29.290 29.327 29.260 29.002 29.054 29.118 28.934 28.787 28.904 28.780 28.381 28.452 28.540 28.117 28.160 28.207 28.161 27.564 27.458 27.835 27.564 26.882 27.162 27.365 27.049 26.383 26.431 26.112 26.550 26.999 26.888 26.672 27.271 27.528 27.300 27.509 27.838 27.996 27.996 27.951
30.043 29.964 29.973 29.909 29.858 29.798 29.669 29.541 29.590 29.465 29.385 29.151 29.206 29.048 28.785 28.784 28.514 28.357 28.125 28.114 27.884 27.830 27.834 27.425 27.306 27.250 26.621 26.536 26.196 26.170 25.995 25.643 26.126 26.078 25.767 26.236 26.400 26.633 27.065 27.137 27.578 27.773 28.076 28.226 28.322 28.732 28.820 29.094 29.086 29.190 29.325 29.324 29.466 29.558 29.563 29.646 29.585 29.524 29.478 29.384 29.268 29.283 29.109 28.953 28.765 28.466 28.182 27.379 26.888 26.163 25.601 25.101 24.564 24.369 23.812 24.299 24.363 25.098 25.827 26.297 26.977 27.303 27.573 28.147 28.253 28.511 28.415 28.765 28.946 28.934 29.164 29.215 29.410 29.428 29.494 29.581 29.621 29.666 29.665 29.757 29.741 29.776 29.730 29.555 29.683 29.518 29.575 29.611 29.660 29.652 29.663 29.652 29.661 29.713 29.689 29.737 29.723 29.704 29.704 29.723 29.724 29.587 29.662 29.550 29.660 29.667 29.642 29.555 29.593 29.556 29.481 29.397 29.344 29.229 29.078 28.764 28.627 27.794 27.853 27.005 26.993 26.246 25.791 25.150 24.197 23.477 22.598 21.232 18.955 17.042 15.250 13.252 10.773 8.073 6.355 4.185 3.474 1.991 0.000 1.609 3.995 4.961 8.004 9.345 13.267 15.400 18.106 20.261 21.586 23.320 24.527 25.268 26.067 25.638 26.863 26.596 26.606 27.333 26.409 27.631 26.639 27.099 27.142 26.967 27.251 26.483 27.181 27.146 26.015 25.901 26.926 26.498 25.324 26.098 26.686 25.481 25.190 26.309 26.254 25.226 25.678 26.554 25.747 25.725 26.355 26.915 25.994 26.335 27.166 27.182 26.855 27.223 27.688 27.576 27.467 27.964 28.137 27.909 28.034 28.415 28.470 28.296 28.659 28.772 28.721 28.640 28.898 28.969 28.731 28.965 29.125 29.208 29.221 29.402 29.420 29.454 29.522 29.523 29.456 29.355 29.278 29.179 29.247 29.194 28.998 28.959 29.020 28.909 28.729 28.740 28.655 28.309 28.307 28.368 28.010 28.060 28.099 28.125 27.494 27.516 27.843 27.688 27.085 27.236 27.558 27.296 26.613 26.754 26.276 26.838 27.139 27.159 26.675 27.349 27.547 27.353 27.545 27.865 27.943 27.992 27.951
30.033 29.928 29.945 29.869 29.799 29.752 29.649 29.458 29.507 29.382 29.226 29.103 29.080 28.893 28.735 28.631 28.342 28.301 28.090 28.052 27.881 27.660 27.758 27.470 27.418 27.283 26.738 26.690 26.334 26.302 26.219 25.772 26.080 26.189 26.180 26.405 26.688 26.823 27.228 27.310 27.828 27.922 28.211 28.407 28.466 28.777 28.839 29.038 28.994 29.043 29.194 29.173 29.253 29.389 29.371 29.476 29.417 29.390 29.321 29.260 29.078 29.143 28.980 28.896 28.670 28.394 28.070 27.419 26.971 26.144 25.630 25.099 24.488 24.377 23.980 24.329 25.004 25.480 25.907 26.992 27.204 28.006 27.959 28.576 28.575 28.832 28.763 29.026 29.123 29.185 29.278 29.272 29.490 29.540 29.558 29.606 29.683 29.688 29.708 29.783 29.768 29.787 29.780 29.667 29.710 29.564 29.624 29.649 29.694 29.671 29.696 29.702 29.724 29.770 29.769 29.808 29.788 29.752 29.772 29.770 29.774 29.696 29.714 29.643 29.697 29.704 29.688 29.625 29.660 29.610 29.570 29.462 29.409 29.309 29.155 28.855 28.750 28.088 28.038 27.436 27.374 26.791 26.377 25.905 25.090 24.638 23.932 22.937 21.294 19.486 17.676 15.637 13.232 10.824 8.554 5.760 4.992 3.191 1.836 0.000 1.494 3.452 4.569 6.002 8.263 9.208 12.141 14.182 15.475 17.361 19.008 20.509 21.730 21.837 23.470 23.632 23.947 25.175 24.267 25.836 25.398 25.916 26.124 26.297 26.650 25.810 26.635 26.607 25.393 25.471 26.307 25.830 24.725 25.609 26.155 25.014 24.724 25.809 25.813 24.874 25.383 26.169 25.516 25.447 25.920 26.478 25.682 25.934 26.563 26.786 26.323 26.730 27.173 26.989 26.926 27.423 27.656 27.388 27.449 27.931 27.979 27.954 28.137 28.264 28.217 28.281 28.407 28.556 28.284 28.384 28.748 28.816 28.838 29.001 29.158 29.103 29.155 29.264 29.188 29.115 28.868 28.896 28.875 28.921 28.649 28.682 28.668 28.506 28.337 28.490 28.316 27.858 27.930 28.002 27.618 27.696 27.787 27.741 27.228 27.190 27.531 27.376 26.753 27.089 27.276 26.992 26.500 26.415 26.221 26.566 26.968 26.993 26.762 27.289 27.423 27.379 27.526 27.776 27.898 27.961 28.046
29.998 29.919 29.918 29.860 29.832 29.752 29.630 29.471 29.483 29.369 29.263 29.069 29.129 28.917 28.793 28.664 28.438 28.338 27.903 27.984 27.818 27.753 27.745 27.305 27.468 27.292 26.805 26.698 26.539 26.366 26.238 25.919 26.215 26.186 26.058 26.292 26.592 26.593 27.090 27.134 27.631 27.700 28.105 28.177 28.097 28.631 28.718 28.964 28.859 29.051 29.163 29.080 29.261 29.360 29.346 29.476 29.385 29.346 29.259 29.183 29.120 29.094 28.880 28.755 28.486 28.056 27.896 26.986 26.507 25.641 25.064 24.521 23.731 23.707 23.109 23.669 24.052 24.983 25.576 26.140 26.749 27.147 27.250 27.835 28.066 28.448 28.154 28.701 28.968 28.977 29.149 29.208 29.346 29.440 29.487 29.546 29.603 29.658 29.651 29.739 29.692 29.731 29.667 29.442 29.583 29.322 29.467 29.467 29.544 29.560 29.587 29.506 29.526 29.622 29.655 29.707 29.697 29.748 29.718 29.693 29.775 29.572 29.654 29.572 29.623 29.635 29.621 29.565 29.615 29.518 29.483 29.418 29.360 29.346 29.128 28.919 28.840 28.304 28.395 27.743 27.827 27.401 27.222 26.859 26.116 25.583 24.948 24.067 22.609 20.941 19.887 17.705 15.835 13.412 11.172 7.322 6.752 4.090 3.177 1.442 0.000 1.140 2.748 3.592 4.947 6.907 8.482 11.241 12.500 14.710 16.000 17.535 18.676 18.532 20.580 20.219 21.202 22.256 21.533 23.489 22.656 23.455 23.898 23.845 24.577 23.387 24.663 24.636 23.150 23.167 24.457 23.790 22.487 23.690 24.354 23.209 23.087 24.420 24.156 23.558 23.896 24.908 24.444 24.369 24.952 25.444 24.717 25.016 25.991 26.025 25.541 25.934 26.612 26.343 26.345 26.803 27.161 26.777 26.920 27.513 27.455 27.479 27.710 27.872 27.828 27.793 28.060 28.179 27.981 27.994 28.442 28.375 28.597 28.746 28.837 28.950 28.985 28.941 28.889 28.743 28.657 28.600 28.608 28.586 28.405 28.316 28.389 28.149 27.980 28.074 27.912 27.562 27.587 27.671 27.348 27.309 27.411 27.323 26.755 26.656 27.105 26.870 26.104 26.489 26.749 26.323 25.874 25.773 25.518 26.043 26.661 26.479 26.320 26.797 27.216 27.079 27.091 27.513 27.715 27.587 27.738
30.063 29.949 29.953 29.870 29.849 29.758 29.681 29.544 29.555 29.458 29.314 29.190 29.153 29.029 28.881 28.707 28.474 28.457 28.089 27.993 27.901 27.676 27.771 27.451 27.490 27.386 26.859 26.804 26.686 26.341 26.306 25.924 26.055 26.024 26.159 26.310 26.527 26.494 26.926 27.046 27.633 27.648 28.019 28.062 28.032 28.435 28.476 28.779 28.675 28.781 28.974 28.859 29.017 29.158 29.099 29.209 29.126 29.091 28.978 28.899 28.780 28.755 28.643 28.529 28.308 28.002 27.713 26.829 26.466 25.479 25.034 24.274 23.832 23.943 23.382 24.042 24.671 25.332 25.896 26.774 27.229 27.839 27.768 28.456 28.491 28.859 28.759 29.029 29.081 29.183 29.275 29.272 29.456 29.533 29.549 29.603 29.665 29.657 29.669 29.723 29.699 29.703 29.652 29.561 29.581 29.389 29.459 29.498 29.556 29.559 29.583 29.570 29.605 29.626 29.673 29.702 29.689 29.688 29.682 29.675 29.669 29.613 29.596 29.500 29.581 29.570 29.541 29.388 29.478 29.405 29.372 29.278 29.238 29.095 28.995 28.750 28.688 28.113 28.131 27.611 27.635 27.113 27.027 26.616 25.945 25.604 24.800 24.142 22.678 21.633 20.150 18.699 16.384 14.431 12.338 9.065 7.716 5.221 3.988 2.742 1.340 0.000 1.117 2.449 3.118 4.348 6.223 7.337 8.692 10.198 12.207 13.971 15.288 15.745 17.808 17.930 18.786 20.210 19.813 21.666 21.565 22.119 22.693 22.905 23.417 22.476 23.539 23.623 22.177 22.462 23.481 22.892 21.804 22.777 23.486 22.413 22.443 23.620 23.602 22.822 23.431 24.267 23.724 23.941 24.384 24.903 24.287 24.805 25.432 25.601 25.292 25.859 26.231 26.028 26.259 26.664 26.916 26.649 26.860 27.322 27.405 27.367 27.731 27.853 27.742 27.788 28.031 28.150 27.854 28.014 28.365 28.411 28.496 28.715 28.901 28.822 28.929 29.016 28.903 28.828 28.579 28.591 28.561 28.634 28.260 28.272 28.328 28.127 27.974 28.072 27.938 27.545 27.543 27.566 27.214 27.182 27.323 27.224 26.525 26.589 26.802 26.623 25.944 26.328 26.370 26.042 25.527 25.451 25.412 25.505 26.336 26.337 25.882 26.596 26.831 26.900 26.999 27.267 27.547 27.447 27.649
30.012 29.928 29.890 29.848 29.846 29.773 29.622 29.515 29.469 29.392 29.248 29.058 29.116 28.928 28.812 28.600 28.497 28.322 27.859 27.953 27.804 27.713 27.626 27.369 27.468 27.165 26.793 26.789 26.462 26.292 26.087 25.942 25.919 26.070 25.962 26.240 26.357 26.394 26.984 27.049 27.586 27.518 27.994 27.964 27.898 28.384 28.464 28.726 28.613 28.773 28.885 28.721 28.929 29.050 29.032 29.158 28.998 28.958 28.919 28.676 28.759 28.720 28.478 28.422 28.215 27.683 27.656 26.898 26.550 25.791 25.110 24.771 23.966 24.151 23.867 24.333 24.796 25.122 25.896 26.512 26.760 27.442 27.283 28.176 28.283 28.579 28.242 28.854 29.117 29.124 29.280 29.312 29.507 29.505 29.503 29.592 29.597 29.647 29.656 29.714 29.677 29.698 29.617 29.367 29.506 29.211 29.391 29.385 29.498 29.443 29.481 29.432 29.495 29.506 29.590 29.636 29.620 29.646 29.645 29.620 29.659 29.468 29.565 29.425 29.541 29.558 29.514 29.431 29.465 29.420 29.386 29.295 29.182 29.161 29.039 28.699 28.659 28.194 28.272 27.748 27.920 27.535 27.443 27.193 26.583 26.265 25.660 24.943 23.944 22.365 21.671 19.851 18.615 16.344 14.565 10.942 9.575 6.937 5.151 3.623 2.560 1.133 0.000 0.835 2.107 2.840 4.021 6.398 6.641 8.661 10.592 12.545 14.272 14.741 16.883 17.268 18.282 19.637 19.556 21.265 21.011 21.643 22.345 22.544 23.289 22.359 23.512 23.204 22.118 22.123 23.401 22.843 21.818 22.933 23.542 22.607 22.478 23.826 23.435 23.059 23.530 24.452 24.109 24.320 24.583 24.996 24.494 24.902 25.783 25.552 25.415 25.703 26.359 26.020 26.260 26.727 26.943 26.599 26.926 27.405 27.380 27.445 27.682 27.938 27.759 27.671 28.077 28.213 27.889 27.998 28.468 28.373 28.498 28.687 28.821 28.927 28.918 28.904 28.778 28.736 28.559 28.561 28.610 28.586 28.359 28.332 28.438 28.128 28.033 28.168 27.942 27.651 27.627 27.772 27.425 27.357 27.454 27.362 26.772 26.804 27.153 26.972 26.146 26.551 26.749 26.283 25.813 25.781 25.620 26.161 26.665 26.455 26.164 26.947 27.180 27.018 27.172 27.597 27.821 27.693 27.806
30.052 29.935 29.964 29.912 29.866 29.771 29.714 29.548 29.593 29.490 29.350 29.175 29.127 29.057 28.792 28.670 28.403 28.383 27.956 27.894 27.695 27.468 27.507 27.327 27.318 27.030 26.576 26.631 26.260 25.939 25.886 25.729 25.700 25.704 25.819 25.911 26.106 26.163 26.723 26.739 27.206 27.267 27.683 27.727 27.651 28.091 28.157 28.402 28.340 28.512 28.637 28.573 28.730 28.845 28.794 28.957 28.949 28.903 28.789 28.750 28.550 28.527 28.335 28.211 27.911 27.607 27.245 26.573 25.945 25.385 24.483 23.991 23.336 23.477 23.078 23.338 24.173 24.411 25.412 26.347 26.413 27.445 27.130 28.202 28.054 28.709 28.444 29.017 29.132 29.115 29.280 29.221 29.473 29.508 29.493 29.614 29.634 29.578 29.615 29.659 29.604 29.633 29.578 29.462 29.429 29.252 29.329 29.369 29.383 29.415 29.421 29.437 29.435 29.539 29.543 29.578 29.567 29.528 29.534 29.528 29.548 29.342 29.431 29.392 29.404 29.412 29.365 29.266 29.264 29.215 29.187 29.147 29.006 28.886 28.726 28.449 28.444 27.884 27.914 27.480 27.591 27.089 26.952 26.580 26.062 25.856 25.019 24.325 22.822 21.747 20.430 19.255 17.100 15.727 13.992 11.103 9.857 7.784 6.004 4.603 3.231 2.198 1.055 0.000 0.831 1.952 2.654 3.639 4.850 6.124 7.577 8.893 11.066 12.047 14.161 14.926 15.832 17.630 17.826 19.505 19.813 20.035 21.064 21.206 22.036 21.105 22.361 22.325 20.736 21.190 22.240 21.522 20.632 21.695 22.521 21.548 21.495 22.724 22.785 22.383 22.786 23.727 23.150 23.387 23.855 24.417 23.787 24.470 25.130 25.068 25.022 25.518 26.024 25.782 26.080 26.470 26.756 26.510 26.834 27.270 27.233 27.266 27.694 27.884 27.765 27.687 27.981 28.089 27.816 28.089 28.428 28.417 28.566 28.825 28.968 28.886 28.903 29.022 28.872 28.712 28.550 28.490 28.472 28.471 28.173 28.157 28.175 28.006 27.873 27.979 27.769 27.406 27.505 27.441 27.186 27.042 27.179 27.101 26.282 26.467 26.670 26.535 25.777 25.964 26.089 25.767 25.331 25.193 24.895 25.466 25.805 26.020 25.725 26.277 26.538 26.684 26.862 27.178 27.373 27.456 27.276
30.026 29.961 29.920 29.860 29.844 29.787 29.649 29.600 29.524 29.487 29.331 29.189 29.223 29.104 28.956 28.830 28.743 28.671 28.157 28.183 28.096 28.009 27.748 27.719 27.800 27.426 27.013 27.188 26.852 26.578 26.336 26.353 26.208 26.202 26.393 26.465 26.660 26.626 27.192 27.245 27.645 27.649 27.949 27.961 27.881 28.410 28.463 28.585 28.538 28.660 28.803 28.697 28.848 28.975 28.997 29.117 28.976 28.958 28.892 28.676 28.748 28.711 28.504 28.511 28.142 27.693 27.582 27.042 26.655 26.170 25.574 25.212 24.872 24.892 24.694 25.134 25.628 25.643 26.581 26.954 27.301 27.824 27.911 28.509 28.652 28.912 28.701 29.076 29.230 29.303 29.345 29.372 29.541 29.570 29.546 29.572 29.650 29.655 29.654 29.697 29.674 29.698 29.621 29.440 29.503 29.287 29.437 29.460 29.546 29.490 29.533 29.460 29.522 29.547 29.612 29.643 29.619 29.614 29.630 29.597 29.633 29.505 29.554 29.459 29.542 29.534 29.509 29.430 29.482 29.425 29.367 29.288 29.273 29.194 29.074 28.772 28.732 28.242 28.466 28.062 28.169 27.944 27.800 27.658 27.210 26.967 26.567 25.684 24.932 23.334 22.551 21.014 19.904 17.942 16.307 13.677 11.772 9.554 7.698 5.656 4.254 2.901 1.975 1.011 0.000 0.995 2.263 3.282 3.910 5.552 6.943 8.545 10.851 12.641 14.954 15.733 16.853 18.610 18.926 20.618 20.805 21.132 22.055 22.377 23.130 22.478 23.529 23.376 22.499 22.682 23.477 23.156 22.383 23.482 23.866 23.430 23.320 24.297 24.004 23.876 24.298 25.029 24.839 25.084 25.396 25.611 25.383 25.766 26.363 26.285 26.365 26.532 26.892 26.804 27.080 27.311 27.397 27.279 27.598 27.886 27.793 27.946 28.131 28.383 28.226 28.155 28.431 28.558 28.339 28.448 28.757 28.677 28.826 28.988 29.034 29.133 29.133 29.139 29.066 29.042 28.897 28.954 28.986 28.966 28.791 28.743 28.813 28.587 28.543 28.609 28.433 28.269 28.228 28.270 27.939 28.063 28.108 27.953 27.366 27.592 27.751 27.544 26.972 27.327 27.381 26.989 26.478 26.597 26.478 26.868 27.264 27.202 26.971 27.502 27.791 27.624 27.754 27.962 28.125 28.146 28.256
30.096 30.017 30.004 29.965 29.913 29.842 29.752 29.619 29.628 29.494 29.405 29.239 29.217 29.091 28.927 28.739 28.514 28.376 28.105 27.940 27.784 27.675 27.432 27.380 27.512 27.089 26.765 26.740 26.549 26.170 25.977 26.008 25.927 25.929 26.050 26.134 26.398 26.263 27.044 26.965 27.380 27.536 27.832 27.986 27.766 28.346 28.382 28.612 28.512 28.666 28.919 28.719 28.998 28.976 28.977 29.064 29.082 29.018 28.888 28.803 28.717 28.663 28.398 28.328 27.988 27.498 27.432 26.949 26.275 25.735 24.690 24.348 23.662 23.844 23.650 24.149 24.744 24.859 25.572 26.155 26.539 27.193 27.090 27.872 27.776 28.366 28.212 28.734 28.924 28.975 29.180 29.152 29.390 29.400 29.373 29.467 29.543 29.478 29.545 29.561 29.509 29.596 29.543 29.371 29.527 29.211 29.339 29.277 29.366 29.429 29.434 29.448 29.469 29.543 29.604 29.607 29.595 29.640 29.586 29.605 29.692 29.394 29.625 29.500 29.482 29.486 29.458 29.365 29.392 29.302 29.269 29.211 29.152 29.023 28.913 28.669 28.708 28.201 28.456 28.068 28.106 27.885 27.712 27.375 26.884 26.469 26.022 25.283 23.738 22.574 21.524 20.023 18.698 16.966 15.693 13.481 12.049 10.163 8.675 6.857 5.034 3.698 2.447 1.870 0.952 0.000 0.743 1.749 2.456 3.640 5.271 6.360 8.229 10.049 12.292 13.895 14.905 16.616 16.966 18.575 19.176 19.668 20.539 20.801 21.560 20.932 21.788 21.866 20.659 20.838 21.779 21.236 20.643 21.455 22.291 21.333 21.817 22.694 22.814 22.507 23.026 23.789 23.353 23.788 24.042 24.426 24.110 24.856 25.346 25.332 25.386 25.872 26.312 25.946 26.520 26.689 26.958 26.772 27.099 27.526 27.368 27.468 27.710 27.947 27.888 27.844 28.098 28.250 28.027 28.176 28.435 28.458 28.481 28.800 28.929 28.947 28.979 29.028 28.921 28.709 28.641 28.604 28.554 28.563 28.274 28.386 28.406 28.175 27.972 27.990 27.945 27.595 27.584 27.691 27.348 27.384 27.398 27.280 26.723 26.681 26.967 26.702 26.117 26.251 26.449 26.064 25.644 25.418 25.234 25.598 25.948 26.158 26.055 26.546 26.769 26.914 27.154 27.347 27.505 27.581 27.489
30.092 29.999 29.991 29.928 29.930 29.859 29.753 29.642 29.616 29.520 29.443 29.347 29.263 29.174 29.004 28.812 28.614 28.511 28.223 28.051 27.924 27.849 27.731 27.502 27.595 27.358 26.926 27.009 26.960 26.450 26.363 26.404 26.231 26.208 26.518 26.455 26.577 26.731 27.168 27.324 27.598 27.690 27.955 28.051 28.126 28.426 28.489 28.625 28.610 28.673 28.826 28.796 28.858 28.978 28.999 29.084 29.047 28.964 28.860 28.736 28.728 28.591 28.520 28.367 28.034 27.592 27.391 26.791 26.566 25.974 25.372 25.141 24.780 24.862 24.722 25.311 25.799 25.753 26.647 26.984 27.432 28.003 27.926 28.529 28.511 28.902 28.817 29.169 29.139 29.208 29.415 29.401 29.515 29.534 29.533 29.576 29.669 29.625 29.601 29.668 29.634 29.648 29.590 29.506 29.535 29.327 29.412 29.410 29.478 29.452 29.508 29.554 29.569 29.608 29.663 29.683 29.648 29.668 29.685 29.657 29.727 29.618 29.610 29.566 29.604 29.587 29.560 29.448 29.507 29.434 29.369 29.302 29.247 29.160 29.014 28.873 28.680 28.512 28.396 28.301 28.189 28.124 27.827 27.665 27.160 26.828 26.399 25.662 24.662 23.205 22.147 20.611 19.547 17.622 16.566 14.127 12.870 10.826 9.260 7.789 6.261 4.495 3.345 2.322 1.522 0.768 0.000 0.722 1.763 2.637 4.136 5.435 7.394 9.655 12.159 13.647 15.049 16.727 17.289 19.014 19.515 20.501 20.829 21.493 22.389 21.753 22.448 22.684 21.787 21.891 22.451 22.456 21.834 22.401 23.009 22.680 22.766 23.495 23.658 23.596 23.940 24.569 24.391 24.653 24.860 25.315 25.332 25.739 25.957 26.253 26.198 26.487 26.653 26.847 26.999 27.192 27.325 27.362 27.415 27.865 28.003 28.055 28.130 28.449 28.416 28.128 28.492 28.688 28.349 28.550 28.866 28.903 28.911 29.119 29.318 29.304 29.306 29.410 29.300 29.138 29.019 28.954 29.008 29.026 28.675 28.770 28.813 28.561 28.422 28.630 28.447 28.066 28.205 28.135 27.927 27.944 27.881 27.765 27.283 27.211 27.329 27.280 26.827 26.928 26.922 26.613 26.323 26.166 26.415 26.322 26.706 26.978 26.848 27.166 27.428 27.481 27.524 27.824 27.773 27.945 28.006
30.093 30.025 30.034 29.997 29.950 29.894 29.738 29.622 29.632 29.507 29.442 29.241 29.303 29.186 28.910 28.813 28.684 28.392 28.197 28.116 27.987 27.935 27.589 27.610 27.648 27.318 26.968 26.987 26.972 26.496 26.362 26.574 26.505 26.312 26.655 26.505 26.822 26.740 27.273 27.373 27.570 27.826 28.006 28.089 28.024 28.446 28.461 28.618 28.582 28.665 28.861 28.749 28.856 29.019 28.974 29.068 29.022 28.931 28.810 28.692 28.647 28.574 28.410 28.236 27.896 27.538 27.408 26.963 26.605 26.270 25.554 25.413 24.984 25.012 24.678 25.320 25.819 25.403 26.473 26.524 26.779 27.645 27.359 28.210 28.310 28.712 28.583 29.109 29.175 29.233 29.434 29.453 29.571 29.635 29.617 29.608 29.728 29.714 29.679 29.735 29.709 29.719 29.691 29.480 29.570 29.360 29.469 29.508 29.499 29.481 29.532 29.558 29.564 29.601 29.689 29.741 29.697 29.697 29.737 29.709 29.755 29.581 29.642 29.551 29.635 29.633 29.594 29.484 29.522 29.492 29.419 29.334 29.248 29.136 29.024 28.789 28.709 28.295 28.425 28.123 28.165 28.003 27.849 27.592 27.236 26.917 26.396 25.727 25.139 23.808 23.066 21.552 20.638 18.297 17.261 15.120 13.846 12.276 10.843 8.826 7.615 5.690 4.337 3.277 2.168 1.528 0.841 0.000 0.892 2.599 3.694 5.510 7.822 10.174 13.029 14.214 16.328 17.663 18.579 20.205 20.379 20.997 21.469 21.970 22.806 22.592 22.990 23.102 22.464 22.344 23.149 22.871 22.421 23.101 23.757 23.249 23.407 24.193 23.974 24.190 24.251 25.012 24.655 24.903 25.059 25.553 25.452 25.737 26.273 26.393 26.578 26.724 27.026 27.007 27.224 27.597 27.739 27.591 27.812 28.170 28.297 28.199 28.500 28.763 28.590 28.458 28.823 28.923 28.669 28.814 29.155 29.067 29.178 29.282 29.461 29.522 29.517 29.536 29.448 29.297 29.317 29.212 29.269 29.215 28.978 29.010 29.065 28.859 28.734 28.881 28.738 28.412 28.451 28.537 28.206 28.213 28.215 28.223 27.618 27.580 27.889 27.643 27.096 27.389 27.471 26.915 26.680 26.599 26.573 26.730 27.079 27.225 27.158 27.549 27.869 27.728 27.798 28.190 28.277 28.263 28.275
30.120 30.014 30.007 29.975 29.894 29.838 29.744 29.614 29.625 29.508 29.407 29.328 29.261 29.184 29.014 28.910 28.628 28.560 28.445 28.321 28.001 27.869 27.845 27.763 27.715 27.538 27.189 27.111 27.033 26.809 26.725 26.611 26.580 26.574 26.752 26.730 26.872 26.916 27.297 27.479 27.686 27.824 28.034 28.153 28.059 28.434 28.459 28.642 28.540 28.640 28.814 28.752 28.855 28.928 29.005 29.064 29.047 29.029 28.979 28.778 28.704 28.677 28.478 28.474 28.138 27.688 27.567 27.042 26.702 26.296 25.455 25.261 24.734 24.871 24.593 24.880 25.584 25.563 26.550 26.713 27.183 27.783 27.741 28.350 28.358 28.776 28.635 29.041 29.081 29.115 29.336 29.272 29.455 29.483 29.495 29.525 29.630 29.576 29.576 29.610 29.600 29.610 29.629 29.494 29.514 29.291 29.424 29.435 29.439 29.443 29.429 29.532 29.536 29.513 29.596 29.650 29.633 29.607 29.671 29.643 29.734 29.503 29.626 29.466 29.527 29.519 29.512 29.363 29.422 29.385 29.363 29.316 29.166 29.148 28.968 28.730 28.739 28.390 28.529 28.331 28.212 28.178 27.950 27.826 27.568 26.977 26.667 25.987 25.021 23.482 22.910 21.262 20.340 18.613 17.723 15.955 14.812 13.677 12.383 10.844 9.192 7.740 6.150 5.204 3.476 2.873 2.073 1.230 0.000 1.297 3.154 4.124 6.334 8.447 10.244 12.745 13.876 15.873 16.348 17.931 18.263 19.282 19.785 20.392 21.160 20.755 22.011 22.051 21.091 21.257 22.278 21.882 21.393 22.077 22.983 22.300 22.580 23.737 23.849 23.711 24.005 24.868 24.666 24.714 25.234 25.618 25.423 25.690 26.338 26.342 26.326 26.622 27.118 27.018 27.100 27.366 27.682 27.640 27.730 28.060 28.132 28.123 28.291 28.521 28.567 28.385 28.606 28.803 28.628 28.643 28.955 28.973 29.029 29.184 29.335 29.401 29.400 29.416 29.311 29.139 29.109 29.062 28.979 28.986 28.801 28.779 28.807 28.612 28.530 28.563 28.434 28.169 28.250 28.211 27.859 27.961 28.013 27.843 27.314 27.327 27.554 27.380 26.790 26.926 27.094 26.740 26.361 26.208 26.253 26.338 26.615 26.829 26.834 27.225 27.455 27.425 27.592 27.920 27.979 28.154 27.910
30.146 30.099 30.079 30.043 29.990 29.942 29.812 29.722 29.742 29.629 29.558 29.471 29.442 29.350 29.205 29.144 28.964 28.952 28.764 28.763 28.483 28.400 28.500 28.405 28.295 28.199 28.060 28.005 27.839 27.897 27.798 27.732 27.783 27.746 27.952 27.792 28.031 28.158 28.329 28.336 28.552 28.731 28.823 28.950 28.931 29.125 29.159 29.199 29.226 29.242 29.383 29.305 29.354 29.400 29.442 29.504 29.467 29.439 29.328 29.227 29.221 29.191 29.022 29.012 28.653 28.395 28.330 27.925 27.863 27.405 27.186 26.964 26.647 26.673 26.273 26.723 26.633 26.701 27.148 27.320 27.606 28.006 28.004 28.459 28.538 28.892 28.910 29.181 29.243 29.274 29.467 29.469 29.574 29.607 29.585 29.630 29.711 29.702 29.697 29.745 29.718 29.761 29.731 29.621 29.657 29.467 29.576 29.601 29.619 29.665 29.672 29.743 29.769 29.692 29.802 29.831 29.821 29.781 29.840 29.820 29.884 29.800 29.803 29.740 29.794 29.797 29.785 29.702 29.731 29.716 29.703 29.659 29.621 29.561 29.496 29.378 29.389 29.266 29.253 29.155 29.133 29.084 28.908 28.741 28.480 28.131 27.910 27.200 26.861 26.031 25.680 25.036 24.211 23.148 22.141 20.632 19.293 18.200 16.748 14.640 13.249 10.183 9.631 7.153 6.307 4.056 3.427 2.738 1.349 0.000 1.183 2.929 4.788 7.595 10.127 12.714 15.301 16.966 18.454 19.846 20.281 21.138 21.871 22.417 22.902 22.628 23.378 23.622 22.963 22.990 24.257 24.321 23.521 24.321 25.061 24.774 24.576 25.539 25.721 25.541 25.817 26.623 26.533 26.172 26.818 27.105 26.748 26.932 27.481 27.565 27.400 27.727 27.934 27.913 28.041 28.221 28.355 28.432 28.317 28.648 28.663 28.689 28.786 28.995 28.874 28.897 29.020 29.073 28.898 29.020 29.216 29.207 29.306 29.395 29.500 29.615 29.621 29.597 29.599 29.447 29.482 29.465 29.438 29.324 29.137 29.255 29.265 29.072 29.002 29.118 28.977 28.860 28.832 28.901 28.690 28.725 28.764 28.654 28.509 28.283 28.550 28.338 28.244 28.180 28.250 28.050 27.907 27.808 27.668 27.880 28.113 28.299 28.111 28.394 28.580 28.585 28.551 28.894 28.835 29.006 28.933
30.183 30.139 30.098 30.103 30.024 29.990 29.868 29.780 29.803 29.667 29.591 29.546 29.507 29.444 29.287 29.255 29.054 29.057 28.931 28.901 28.695 28.596 28.691 28.625 28.575 28.455 28.351 28.215 28.104 28.141 28.138 27.977 28.069 28.017 28.159 28.070 28.257 28.242 28.436 28.425 28.666 28.723 28.848 28.926 28.870 29.075 29.045 29.169 29.110 29.157 29.276 29.251 29.298 29.268 29.404 29.377 29.320 29.380 29.268 29.201 29.143 29.128 28.952 28.990 28.626 28.475 28.399 28.024 27.976 27.411 27.238 26.859 26.575 26.647 26.160 26.573 26.707 26.778 27.289 27.440 27.753 28.052 28.176 28.437 28.621 28.906 28.891 29.144 29.181 29.313 29.482 29.482 29.602 29.642 29.627 29.651 29.744 29.733 29.719 29.761 29.759 29.747 29.767 29.696 29.678 29.524 29.598 29.632 29.629 29.673 29.649 29.768 29.778 29.708 29.785 29.800 29.810 29.782 29.839 29.800 29.885 29.808 29.818 29.757 29.767 29.771 29.775 29.689 29.737 29.681 29.690 29.654 29.583 29.562 29.526 29.311 29.321 29.184 29.187 29.153 29.039 29.086 28.860 28.792 28.537 28.239 28.024 27.401 27.051 26.331 25.880 25.343 24.529 23.634 22.874 21.841 20.830 20.257 19.132 17.849 15.998 14.135 11.792 10.234 8.298 6.491 4.976 3.678 2.649 1.621 0.000 1.436 3.465 5.393 7.204 10.422 11.881 14.816 15.430 17.722 18.760 19.341 20.405 20.930 21.774 21.552 22.684 22.910 21.975 22.703 23.700 23.565 23.037 23.808 24.671 24.376 24.407 25.338 25.521 25.477 25.591 26.585 26.492 26.354 26.753 27.150 26.990 27.162 27.592 27.763 27.765 27.944 28.139 28.160 28.343 28.408 28.522 28.698 28.648 28.856 28.874 28.938 28.997 29.157 29.111 29.059 29.218 29.299 29.157 29.234 29.367 29.384 29.432 29.577 29.610 29.684 29.721 29.703 29.703 29.558 29.587 29.600 29.537 29.498 29.320 29.461 29.440 29.222 29.259 29.318 29.163 29.042 29.137 29.118 28.798 28.929 28.988 28.830 28.623 28.502 28.666 28.522 28.354 28.327 28.303 28.158 28.028 27.751 27.887 27.975 28.065 28.354 28.182 28.470 28.624 28.664 28.622 28.915 28.968 29.068 28.942
30.206 30.117 30.128 30.124 30.047 30.004 29.914 29.788 29.819 29.704 29.682 29.612 29.591 29.503 29.396 29.350 29.173 29.171 28.972 29.014 28.763 28.717 28.857 28.737 28.606 28.547 28.482 28.405 28.275 28.308 28.216 28.176 28.215 28.173 28.217 28.226 28.336 28.345 28.543 28.545 28.727 28.813 28.907 29.026 28.877 29.111 29.138 29.182 29.159 29.189 29.338 29.249 29.302 29.336 29.393 29.434 29.408 29.392 29.271 29.220 29.137 29.149 28.928 28.929 28.634 28.395 28.314 28.009 27.849 27.519 27.269 27.096 26.828 26.824 26.559 26.914 26.888 27.032 27.295 27.607 27.779 28.135 28.203 28.557 28.693 28.955 28.894 29.221 29.299 29.284 29.489 29.468 29.556 29.618 29.581 29.640 29.696 29.695 29.683 29.742 29.719 29.752 29.718 29.563 29.644 29.510 29.575 29.585 29.637 29.646 29.633 29.693 29.694 29.672 29.764 29.769 29.760 29.805 29.800 29.754 29.854 29.728 29.766 29.721 29.725 29.739 29.729 29.694 29.738 29.689 29.686 29.660 29.636 29.585 29.550 29.389 29.482 29.320 29.358 29.225 29.198 29.207 29.048 28.878 28.602 28.454 28.298 27.720 27.321 26.867 26.571 26.270 25.626 25.214 24.477 24.074 23.176 22.830 22.172 20.831 19.812 17.732 16.203 13.389 12.482 9.255 8.067 6.056 3.881 3.262 1.507 0.000 1.470 3.689 4.919 7.535 9.830 11.924 14.566 16.316 17.847 19.254 20.370 21.406 22.423 22.087 23.322 23.752 22.983 22.712 24.394 24.573 23.611 24.533 25.439 25.275 24.718 26.068 26.329 26.116 26.409 27.143 27.310 27.136 27.575 27.818 27.716 27.885 28.303 28.249 28.335 28.585 28.702 28.694 28.744 28.970 28.976 29.028 29.041 29.164 29.209 29.241 29.365 29.386 29.371 29.389 29.489 29.534 29.454 29.471 29.632 29.592 29.723 29.773 29.780 29.921 29.849 29.869 29.856 29.779 29.788 29.782 29.719 29.705 29.594 29.646 29.634 29.472 29.468 29.572 29.416 29.306 29.338 29.326 29.207 29.153 29.238 29.118 29.033 28.790 28.982 28.813 28.739 28.592 28.685 28.561 28.451 28.294 28.169 28.521 28.620 28.612 28.574 28.845 28.992 28.901 28.974 29.265 29.251 29.238 29.127
30.216 30.132 30.097 30.095 29.970 29.949 29.807 29.737 29.742 29.593 29.569 29.460 29.432 29.324 29.272 29.214 28.993 29.038 28.899 28.883 28.582 28.537 28.667 28.587 28.495 28.425 28.266 28.069 28.078 28.054 27.929 27.800 27.859 27.841 27.876 27.820 27.797 27.866 28.068 27.909 28.246 28.164 28.441 28.317 28.307 28.536 28.493 28.710 28.590 28.738 28.830 28.730 28.890 28.894 28.979 29.046 29.104 29.001 28.914 28.907 28.829 28.703 28.493 28.473 28.178 27.864 27.895 27.455 27.303 26.943 26.565 26.315 26.053 26.014 25.838 26.168 26.577 26.533 27.064 27.206 27.474 27.874 28.031 28.343 28.520 28.728 28.802 29.087 29.162 29.152 29.390 29.430 29.490 29.501 29.493 29.586 29.626 29.619 29.586 29.636 29.606 29.632 29.606 29.506 29.533 29.442 29.478 29.456 29.567 29.538 29.518 29.566 29.543 29.515 29.630 29.642 29.644 29.667 29.706 29.656 29.745 29.573 29.612 29.571 29.579 29.612 29.608 29.529 29.577 29.526 29.504 29.467 29.341 29.391 29.260 29.043 29.096 28.831 28.907 28.808 28.688 28.742 28.479 28.501 28.190 28.060 27.884 27.512 26.997 26.412 26.310 26.075 25.522 25.261 24.633 24.231 23.481 23.571 22.864 21.990 20.537 19.337 17.515 16.469 14.070 12.290 10.149 8.136 6.195 4.167 2.905 1.691 0.000 1.359 2.849 3.951 4.985 7.339 8.501 10.897 12.801 14.037 16.279 17.284 19.177 19.575 21.664 22.538 21.333 22.444 23.609 23.864 23.261 24.590 25.270 24.948 25.459 26.031 26.337 26.478 26.894 27.195 27.243 27.343 27.676 27.874 27.701 27.996 28.299 28.271 28.333 28.531 28.718 28.599 28.750 28.901 28.989 29.051 29.031 29.252 29.265 29.246 29.297 29.491 29.394 29.312 29.494 29.489 29.470 29.393 29.656 29.663 29.747 29.799 29.838 29.955 29.974 29.941 29.948 29.800 29.849 29.855 29.789 29.744 29.617 29.681 29.672 29.398 29.499 29.609 29.377 29.259 29.404 29.369 28.991 29.197 29.324 29.053 28.799 28.774 29.006 28.733 28.607 28.539 28.586 28.481 28.345 27.965 27.989 28.139 28.309 28.322 28.199 28.595 28.610 28.526 28.638 29.002 28.964 29.047 28.821
30.155 30.079 30.050 30.018 29.962 29.926 29.837 29.731 29.690 29.620 29.551 29.517 29.463 29.334 29.228 29.160 29.036 28.970 28.697 28.696 28.505 28.493 28.609 28.447 28.375 28.331 28.242 28.141 28.098 28.150 27.945 27.850 27.896 27.887 27.844 27.874 27.871 27.940 28.083 28.086 28.326 28.278 28.468 28.388 28.301 28.535 28.535 28.609 28.570 28.641 28.752 28.649 28.817 28.868 28.963 29.037 29.015 28.950 28.874 28.741 28.792 28.647 28.414 28.400 28.022 27.857 27.686 27.343 27.288 27.048 26.460 26.362 26.054 26.100 25.948 26.257 26.531 26.583 27.177 27.398 27.520 28.014 28.077 28.471 28.535 28.877 28.768 29.103 29.216 29.223 29.377 29.378 29.519 29.506 29.483 29.569 29.624 29.603 29.546 29.614 29.565 29.628 29.544 29.419 29.503 29.411 29.475 29.470 29.565 29.538 29.505 29.475 29.465 29.488 29.552 29.569 29.556 29.597 29.619 29.571 29.666 29.498 29.599 29.523 29.535 29.557 29.545 29.518 29.529 29.471 29.433 29.367 29.308 29.259 29.147 28.942 28.969 28.766 28.777 28.670 28.644 28.652 28.522 28.408 28.252 28.065 27.917 27.435 27.234 26.669 26.421 26.348 25.918 25.774 25.259 25.005 24.655 24.393 24.238 23.291 22.634 21.561 20.005 18.873 16.951 14.785 12.486 10.489 8.214 5.947 3.884 2.863 1.272 0.000 0.914 2.563 3.229 4.755 7.019 8.219 11.010 12.839 14.815 16.651 18.449 19.539 21.472 22.473 22.214 22.875 23.855 24.421 24.242 24.875 25.527 25.860 25.775 26.350 26.534 26.716 26.944 27.360 27.711 27.730 27.882 28.205 28.270 28.363 28.607 28.728 28.843 28.835 29.035 29.015 29.168 29.166 29.260 29.393 29.317 29.453 29.443 29.610 29.520 29.596 29.675 29.687 29.643 29.763 29.717 29.705 29.771 29.787 29.813 29.817 29.892 29.928 29.903 29.920 29.909 29.889 29.837 29.899 29.853 29.866 29.766 29.809 29.815 29.724 29.734 29.769 29.664 29.524 29.621 29.626 29.425 29.476 29.526 29.464 29.225 29.284 29.322 29.218 29.032 29.018 29.085 28.893 28.722 28.530 28.431 28.919 28.959 28.823 28.868 29.141 29.206 29.016 29.203 29.332 29.293 29.353 29.248
30.063 29.980 29.957 29.898 29.838 29.800 29.667 29.493 29.543 29.345 29.340 29.144 29.140 28.991 28.963 28.865 28.517 28.532 28.393 28.306 27.918 27.956 27.989 27.728 27.500 27.556 27.406 26.983 27.162 27.105 26.986 26.737 26.888 26.912 26.635 26.789 26.816 26.739 27.103 26.901 27.437 27.333 27.755 27.746 27.548 28.000 28.015 28.284 28.206 28.365 28.585 28.457 28.693 28.774 28.804 28.933 28.908 28.831 28.805 28.594 28.510 28.454 28.075 27.911 27.511 27.100 27.075 26.615 26.228 25.751 25.099 24.583 24.290 24.184 23.975 24.559 24.972 25.038 25.557 25.850 26.271 26.878 27.035 27.614 27.886 28.202 28.269 28.749 28.919 28.902 29.148 29.146 29.268 29.320 29.289 29.383 29.408 29.436 29.401 29.452 29.378 29.440 29.369 29.255 29.303 29.188 29.191 29.269 29.300 29.366 29.332 29.360 29.347 29.302 29.438 29.432 29.417 29.467 29.497 29.462 29.561 29.364 29.451 29.396 29.396 29.436 29.405 29.343 29.381 29.344 29.353 29.291 29.189 29.179 29.070 28.830 28.924 28.501 28.600 28.363 28.303 28.385 28.030 27.967 27.517 27.239 27.094 26.639 26.124 25.169 25.314 24.607 24.274 24.014 23.684 23.378 22.815 23.085 22.846 21.765 20.830 19.210 18.087 17.000 15.111 13.754 11.996 10.550 8.859 6.540 4.982 3.440 2.172 1.133 0.000 0.816 1.942 2.500 3.622 5.061 6.275 8.048 9.654 11.511 13.684 13.318 15.195 16.573 15.372 15.450 17.781 18.424 17.124 18.772 20.127 19.821 19.932 21.450 22.036 21.996 22.607 23.828 23.920 24.160 24.830 25.209 25.287 25.501 26.297 26.159 26.413 26.948 26.935 26.908 27.530 27.737 27.660 27.968 28.130 28.000 28.144 28.435 28.505 28.528 28.631 28.649 28.765 28.827 28.897 28.875 29.108 29.086 29.295 29.305 29.395 29.546 29.431 29.480 29.515 29.252 29.165 29.235 29.064 29.137 29.089 28.946 28.860 28.681 28.797 28.809 28.459 28.501 28.528 28.269 28.100 28.203 28.227 27.860 27.653 27.516 27.550 27.195 26.896 26.816 26.802 26.499 26.217 25.789 25.827 26.372 26.569 26.415 26.520 27.092 27.145 27.080 27.438 27.747 27.831 27.840 27.537
30.043 29.911 29.901 29.858 29.796 29.703 29.625 29.463 29.445 29.351 29.257 29.048 29.080 28.964 28.833 28.654 28.447 28.456 28.014 27.930 27.702 27.655 27.560 27.422 27.313 27.121 26.880 26.760 26.792 26.632 26.386 26.347 26.283 26.306 26.256 26.191 26.367 26.123 26.727 26.486 26.943 27.033 27.307 27.447 26.974 27.729 27.604 27.902 27.826 27.907 28.202 28.014 28.347 28.526 28.516 28.706 28.670 28.662 28.492 28.402 28.347 28.200 27.962 27.816 27.336 26.973 26.796 26.256 25.941 25.555 24.625 24.261 23.859 23.795 23.704 24.317 24.999 24.994 25.886 26.169 26.788 27.363 27.546 28.070 28.278 28.614 28.500 28.982 29.090 29.079 29.347 29.211 29.408 29.418 29.396 29.419 29.525 29.460 29.431 29.471 29.409 29.446 29.374 29.245 29.287 29.114 29.187 29.188 29.212 29.221 29.216 29.220 29.148 29.201 29.291 29.330 29.319 29.346 29.396 29.376 29.453 29.237 29.344 29.239 29.296 29.315 29.297 29.215 29.249 29.215 29.203 29.093 28.909 28.948 28.725 28.471 28.493 28.054 28.189 27.802 27.829 27.816 27.468 27.474 26.958 26.813 26.532 25.964 25.550 24.441 24.395 23.590 23.383 22.866 22.667 22.746 22.105 22.352 22.064 20.989 20.050 18.655 17.598 16.687 15.193 14.124 12.844 11.325 10.000 7.667 6.162 4.459 2.901 2.069 1.036 0.000 0.811 1.832 2.116 3.212 4.743 5.277 6.892 8.139 10.164 11.211 12.986 14.186 13.682 14.266 15.723 16.007 15.795 17.091 18.195 17.847 18.085 19.830 20.279 20.231 20.894 22.181 22.288 22.402 23.313 23.984 24.004 24.436 24.987 25.142 25.379 25.674 26.136 26.252 26.676 26.642 26.736 27.285 27.311 27.494 27.334 27.678 27.799 28.076 28.082 28.003 28.227 28.362 28.322 28.466 28.706 28.641 28.856 29.028 29.051 29.114 29.134 29.094 29.033 28.851 28.800 28.752 28.704 28.658 28.397 28.366 28.425 28.182 28.154 28.214 27.886 27.842 27.916 27.659 27.483 27.525 27.525 27.108 26.950 26.743 26.722 26.611 26.165 26.044 25.994 25.663 25.348 24.834 24.917 25.189 25.640 25.766 25.750 26.044 26.375 26.439 26.600 26.998 27.056 27.056 26.834
29.985 29.841 29.833 29.769 29.767 29.663 29.529 29.369 29.314 29.261 29.237 28.994 29.050 28.889 28.738 28.633 28.460 28.415 27.867 27.789 27.515 27.567 27.430 27.129 26.959 26.883 26.762 26.423 26.529 26.475 26.013 25.986 25.820 25.855 25.638 25.815 25.720 25.548 26.212 26.119 26.701 26.629 27.126 26.949 26.623 27.264 27.397 27.752 27.551 27.786 28.023 27.797 28.178 28.305 28.372 28.519 28.463 28.293 28.300 27.937 28.077 27.948 27.618 27.500 27.186 26.713 26.632 26.070 25.473 25.356 24.142 23.837 23.394 23.183 22.940 23.557 24.130 24.512 25.124 25.824 26.026 26.739 26.928 27.494 27.911 28.121 28.146 28.546 28.802 28.839 28.949 29.045 29.190 29.214 29.177 29.284 29.324 29.336 29.263 29.349 29.245 29.320 29.205 28.960 29.145 28.915 29.060 29.002 29.151 29.067 29.048 29.002 28.997 29.060 29.174 29.221 29.195 29.285 29.255 29.186 29.339 29.012 29.246 29.039 29.138 29.168 29.136 29.086 29.068 29.014 28.965 28.897 28.813 28.834 28.644 28.313 28.396 27.760 28.058 27.651 27.758 27.614 27.343 27.195 26.836 26.445 26.402 25.715 25.282 24.163 24.163 23.451 23.184 22.661 22.841 22.530 22.171 22.436 22.610 21.419 20.386 19.125 17.950 17.030 15.838 14.847 13.092 12.206 10.853 8.690 7.042 5.294 3.824 2.639 1.876 0.870 0.000 0.655 1.568 2.091 3.252 4.756 5.524 7.491 9.132 9.759 11.532 13.133 12.577 12.153 14.058 14.928 14.063 15.469 16.789 16.371 16.280 18.378 18.964 18.762 20.020 21.003 21.255 21.355 22.386 23.134 22.939 23.544 24.471 24.537 24.587 25.094 25.588 25.453 25.995 26.193 26.350 26.594 26.659 27.055 26.936 27.484 27.347 27.715 27.778 27.911 27.827 28.150 28.276 28.083 28.372 28.341 28.725 28.668 28.739 28.984 28.967 28.876 28.860 28.753 28.652 28.709 28.607 28.510 28.504 28.309 28.358 28.000 28.165 28.190 27.804 27.713 27.818 27.651 27.195 27.229 27.416 27.121 26.457 26.573 26.623 26.268 25.676 25.857 25.895 25.252 24.802 24.327 24.251 25.254 25.553 25.210 25.384 26.231 26.360 26.103 26.638 27.028 27.256 27.117 26.783
30.005 29.904 29.872 29.835 29.765 29.679 29.573 29.419 29.437 29.314 29.215 29.011 28.953 28.896 28.713 28.403 28.205 28.310 27.901 27.623 27.451 27.407 27.318 26.964 26.807 26.778 26.498 26.098 26.290 26.183 25.857 25.722 25.803 25.856 25.558 25.600 25.783 25.459 26.180 25.789 26.403 26.411 26.883 26.927 26.485 27.367 27.322 27.683 27.620 27.655 28.063 27.821 28.248 28.336 28.424 28.614 28.599 28.639 28.434 28.433 28.174 28.102 27.828 27.671 27.175 26.786 26.525 25.990 25.311 24.731 23.926 23.222 22.968 23.041 22.566 23.199 23.870 24.127 24.880 25.376 26.081 26.708 26.913 27.520 27.872 28.174 28.095 28.645 28.749 28.791 29.084 29.071 29.291 29.290 29.256 29.359 29.402 29.387 29.377 29.425 29.365 29.390 29.350 29.150 29.240 28.961 29.031 29.059 29.068 29.098 29.194 29.123 29.124 29.145 29.221 29.321 29.272 29.270 29.331 29.263 29.387 29.130 29.304 29.175 29.201 29.222 29.187 29.078 29.205 29.087 29.049 28.977 28.846 28.861 28.673 28.453 28.533 27.858 28.161 27.718 27.830 27.721 27.371 27.291 26.802 26.511 26.204 25.538 24.962 24.050 24.051 23.046 22.659 22.422 22.342 22.331 21.728 22.349 22.130 21.242 19.888 19.113 17.463 17.133 15.360 14.520 13.306 12.076 11.238 9.121 7.963 6.251 4.669 3.570 2.341 1.526 0.767 0.000 0.668 1.578 2.123 3.096 4.334 5.738 6.701 7.954 9.682 10.827 10.784 11.707 12.824 13.398 13.375 15.139 16.094 15.716 16.681 18.142 18.826 19.107 20.044 21.062 21.318 21.702 22.444 23.173 23.446 24.028 24.620 24.680 25.243 25.496 25.783 25.760 26.404 26.342 26.734 26.867 27.198 27.093 27.213 27.467 27.575 27.608 27.761 27.745 27.865 28.074 28.098 28.107 28.246 28.233 28.557 28.718 28.709 28.869 28.869 28.780 28.732 28.471 28.506 28.658 28.442 28.354 28.201 28.257 28.169 27.890 28.009 27.988 27.695 27.659 27.677 27.461 27.241 27.327 27.348 26.992 26.602 26.473 26.593 26.377 25.608 25.844 25.608 25.185 24.796 24.180 24.202 24.691 25.070 25.078 25.083 25.847 26.037 26.041 26.273 26.638 26.806 26.818 26.216
29.966 29.815 29.799 29.716 29.699 29.584 29.470 29.343 29.271 29.214 29.127 28.935 28.946 28.743 28.568 28.471 28.283 28.181 27.718 27.653 27.395 27.339 27.236 27.128 27.017 26.862 26.579 26.338 26.378 26.308 25.871 25.974 25.735 25.770 25.695 25.731 25.820 25.677 26.261 26.257 26.680 26.698 26.947 26.864 26.717 27.320 27.351 27.619 27.582 27.749 27.949 27.749 28.149 28.180 28.334 28.457 28.432 28.283 28.258 27.975 28.040 27.885 27.577 27.467 26.887 26.679 26.462 25.885 25.340 24.949 23.969 23.860 23.086 23.465 23.306 23.730 24.358 24.549 25.479 26.021 26.314 27.002 27.268 27.780 28.010 28.296 28.326 28.625 28.802 28.858 29.016 29.073 29.180 29.198 29.175 29.227 29.333 29.292 29.262 29.318 29.250 29.297 29.207 28.997 29.051 28.832 28.993 28.953 29.063 29.016 28.970 28.967 28.976 29.011 29.146 29.163 29.159 29.225 29.245 29.165 29.332 29.039 29.237 29.104 29.126 29.162 29.147 29.131 29.141 29.037 28.975 28.867 28.812 28.813 28.623 28.290 28.300 27.845 28.024 27.664 27.720 27.533 27.328 27.086 26.815 26.530 26.404 25.788 25.432 24.230 24.399 23.604 23.476 22.984 23.175 23.174 22.755 23.123 23.096 22.154 21.284 20.356 19.274 18.629 17.173 16.650 14.651 13.632 12.860 11.234 9.472 7.786 5.893 4.409 3.336 2.116 1.491 0.763 0.000 0.707 1.785 2.570 3.585 5.376 6.218 7.871 9.617 11.152 11.469 12.174 13.291 14.390 14.489 15.823 16.746 17.069 17.682 19.003 19.918 20.402 21.036 22.091 22.779 22.814 23.396 24.468 24.433 24.559 25.496 25.621 25.856 25.767 26.510 26.574 26.713 26.956 27.079 27.412 27.409 27.814 27.613 28.068 28.046 28.288 28.288 28.342 28.423 28.643 28.631 28.508 28.812 28.697 28.963 29.074 28.994 29.185 29.221 29.138 29.076 28.975 28.955 29.023 28.938 28.810 28.693 28.710 28.672 28.479 28.558 28.545 28.311 28.126 28.357 28.216 27.685 28.051 28.030 27.768 27.252 27.464 27.398 27.148 26.613 26.711 26.708 26.151 25.583 25.389 25.316 26.177 26.409 26.188 26.418 26.803 27.148 26.913 27.354 27.491 27.616 27.403 27.151
29.982 29.893 29.832 29.756 29.697 29.626 29.519 29.357 29.310 29.180 29.082 28.910 28.784 28.610 28.589 28.214 27.860 28.047 27.755 27.345 27.114 27.214 26.959 26.571 26.503 26.438 26.144 25.787 25.886 25.872 25.455 25.472 25.493 25.517 25.103 25.330 25.496 25.077 25.902 25.568 26.276 26.283 26.919 26.892 26.595 27.334 27.419 27.817 27.681 27.932 28.277 28.040 28.437 28.488 28.506 28.709 28.731 28.671 28.520 28.460 28.289 28.212 27.864 27.663 27.174 26.790 26.496 25.798 25.216 24.561 23.596 23.220 22.391 22.551 22.209 22.855 23.837 23.885 24.595 24.966 25.824 26.299 26.472 27.192 27.584 27.908 27.737 28.480 28.632 28.645 28.904 28.971 29.191 29.204 29.154 29.256 29.319 29.302 29.360 29.361 29.300 29.345 29.280 29.104 29.223 28.888 28.929 28.857 28.975 29.044 29.143 29.041 29.098 29.156 29.217 29.269 29.229 29.322 29.294 29.262 29.412 29.136 29.327 29.241 29.174 29.244 29.207 29.167 29.215 29.084 29.059 28.989 28.887 28.901 28.697 28.388 28.547 27.899 28.183 27.768 27.854 27.786 27.449 27.257 26.829 26.411 26.137 25.539 24.848 23.779 24.057 22.763 22.901 22.445 22.938 22.866 22.354 22.964 22.986 22.125 21.490 20.187 19.159 18.723 17.054 16.628 14.882 14.050 13.517 11.867 10.557 8.934 7.727 5.656 4.339 3.159 2.064 1.531 0.757 0.000 0.635 1.620 2.325 3.734 4.631 5.872 7.335 8.638 8.927 9.654 11.003 11.555 11.567 13.302 14.450 14.063 15.066 16.847 17.443 17.363 18.882 19.645 20.097 20.523 21.205 22.145 22.526 22.896 23.676 23.853 24.299 24.571 24.987 25.120 25.601 25.740 26.080 26.250 26.607 26.528 26.612 26.937 27.042 27.081 27.284 27.280 27.387 27.555 27.638 27.620 27.737 27.812 28.089 28.287 28.269 28.566 28.639 28.354 28.432 28.034 28.155 28.279 27.969 27.902 27.803 27.762 27.650 27.304 27.512 27.313 27.019 27.102 27.032 26.771 26.445 26.627 26.571 26.279 25.783 25.802 25.929 25.458 24.696 24.904 25.021 24.287 23.618 22.811 22.892 23.857 24.046 23.889 24.372 25.082 25.216 25.215 25.694 25.959 26.182 26.122 25.497
29.931 29.842 29.835 29.761 29.696 29.639 29.507 29.364 29.372 29.253 29.136 28.949 28.913 28.759 28.605 28.341 28.191 28.078 27.778 27.611 27.324 27.316 27.241 26.978 26.829 26.653 26.374 26.062 26.187 25.941 25.549 25.568 25.468 25.367 25.392 25.310 25.497 25.237 25.817 25.824 26.360 26.269 26.749 26.840 26.608 27.282 27.303 27.609 27.696 27.778 27.966 27.836 28.164 28.368 28.429 28.617 28.552 28.473 28.374 28.237 28.123 28.005 27.777 27.569 27.087 26.618 26.427 25.690 25.259 24.748 23.760 23.399 22.916 22.704 22.601 22.908 24.006 24.238 25.135 25.694 26.328 26.807 27.198 27.666 28.079 28.295 28.306 28.758 28.833 28.933 29.083 29.080 29.228 29.261 29.228 29.258 29.334 29.294 29.267 29.353 29.278 29.317 29.213 29.085 29.155 28.867 28.955 28.932 28.956 28.893 28.980 29.004 29.026 29.119 29.136 29.240 29.184 29.237 29.322 29.232 29.311 29.104 29.221 29.136 29.222 29.209 29.200 29.042 29.187 29.105 29.024 28.939 28.752 28.812 28.708 28.367 28.381 27.944 28.104 27.709 27.695 27.652 27.334 27.175 26.650 26.353 26.121 25.715 24.927 23.856 24.026 22.953 23.190 22.622 23.067 23.238 22.662 23.269 23.312 22.504 22.090 21.121 20.049 19.867 18.250 17.835 16.261 15.395 14.821 13.702 12.089 10.755 8.980 7.130 5.717 4.122 3.195 2.085 1.458 0.733 0.000 0.898 1.881 2.988 3.720 5.116 6.553 7.491 8.484 9.678 10.705 11.450 12.664 14.115 14.630 15.166 16.289 17.729 18.011 19.305 20.122 20.728 21.594 22.014 22.471 23.211 23.270 24.003 24.386 24.722 25.013 25.265 25.680 25.721 26.238 26.210 26.549 26.752 26.795 27.219 27.141 27.379 27.614 27.712 27.593 27.758 27.904 28.055 28.023 28.116 28.346 28.330 28.451 28.806 28.742 28.791 28.836 28.788 28.756 28.465 28.560 28.550 28.499 28.347 28.001 28.160 28.134 27.913 27.865 27.997 27.662 27.439 27.707 27.392 27.168 27.168 27.135 26.825 26.612 26.210 26.350 26.181 25.608 25.535 25.585 25.045 24.631 23.874 23.984 24.472 24.861 24.638 24.822 25.560 25.889 25.690 26.045 26.293 26.439 26.429 25.872
29.934 29.863 29.801 29.724 29.731 29.588 29.444 29.286 29.199 29.153 29.014 28.883 28.845 28.745 28.515 28.249 28.125 28.055 27.676 27.438 27.227 27.201 26.874 26.649 26.533 26.431 26.146 25.767 26.021 25.915 25.522 25.395 25.306 25.523 25.144 25.248 25.503 25.192 25.884 25.684 26.358 26.238 26.859 26.725 26.606 27.221 27.205 27.532 27.354 27.585 27.842 27.663 27.925 27.977 28.226 28.423 28.270 28.200 28.176 27.805 27.834 27.883 27.466 27.329 26.899 26.714 26.247 25.707 25.077 24.811 23.532 23.204 22.565 22.426 22.235 22.552 23.343 23.561 24.673 25.204 25.663 26.178 26.619 27.270 27.584 27.953 28.031 28.391 28.567 28.764 28.793 28.908 29.008 29.070 29.062 29.112 29.119 29.200 29.136 29.209 29.197 29.261 29.122 28.928 28.951 28.676 28.728 28.828 28.852 28.868 28.952 29.030 29.036 28.994 29.099 29.150 29.149 29.096 29.193 29.177 29.323 29.017 29.216 29.015 29.100 29.127 29.091 29.001 29.033 28.959 28.880 28.817 28.563 28.688 28.451 28.165 28.188 27.733 27.940 27.602 27.673 27.571 27.313 27.148 26.646 26.445 26.199 25.551 25.093 24.083 24.300 23.270 23.301 22.873 23.447 23.618 23.241 23.974 24.477 23.448 23.273 22.325 21.701 21.063 19.815 19.469 17.600 17.255 16.687 16.023 14.823 13.844 11.739 9.759 8.312 5.990 5.223 3.622 2.655 1.867 0.888 0.000 1.000 2.691 3.205 4.479 5.476 6.857 7.937 8.257 9.265 11.012 11.678 12.242 13.546 14.279 14.525 15.905 16.656 17.040 17.875 18.567 19.040 19.396 20.120 20.703 21.231 21.575 22.197 22.520 23.078 23.310 23.735 23.938 24.530 24.692 24.836 25.164 25.605 25.893 25.858 26.244 26.403 26.635 26.594 26.805 26.811 27.121 27.137 27.082 27.477 27.477 27.828 27.921 27.895 28.037 28.256 28.123 27.976 27.891 27.889 27.839 27.921 27.551 27.310 27.401 27.275 27.061 27.240 27.066 26.696 26.560 26.626 26.509 25.959 26.364 26.196 25.796 25.253 25.284 25.226 24.750 24.036 24.356 24.302 23.418 23.229 22.493 22.607 23.608 23.924 23.470 24.098 24.931 24.863 24.778 25.682 26.021 26.246 26.071 25.451
29.968 29.893 29.874 29.805 29.729 29.658 29.552 29.430 29.422 29.302 29.166 29.014 28.922 28.821 28.727 28.473 28.160 28.309 28.128 27.747 27.640 27.580 27.334 26.977 27.013 26.953 26.412 26.105 26.443 26.275 25.940 25.884 26.048 25.972 25.738 25.756 26.136 25.658 26.423 26.093 26.804 26.714 27.280 27.338 27.113 27.835 27.737 28.126 27.971 28.024 28.388 28.176 28.431 28.533 28.558 28.716 28.688 28.711 28.549 28.471 28.353 28.210 28.021 27.933 27.557 27.177 26.927 26.198 25.718 25.061 24.047 23.398 22.876 22.805 22.497 22.818 23.859 24.367 25.089 25.705 26.537 26.956 27.222 27.720 28.039 28.160 28.170 28.583 28.700 28.746 28.940 28.880 29.052 29.121 29.064 29.104 29.207 29.183 29.181 29.242 29.207 29.253 29.212 29.057 29.079 28.739 28.825 28.744 28.822 28.914 28.983 29.031 29.034 29.068 29.131 29.177 29.142 29.187 29.234 29.205 29.374 29.145 29.350 29.171 29.151 29.206 29.223 29.114 29.283 29.094 29.073 29.062 28.917 29.042 28.871 28.687 28.822 28.204 28.507 28.101 28.184 28.100 27.775 27.724 27.405 27.057 26.874 26.270 25.851 24.648 24.924 23.721 23.945 23.225 23.652 23.922 23.257 24.094 24.255 23.706 23.600 22.517 21.979 21.858 20.470 20.464 18.974 18.723 18.534 17.787 16.841 15.841 13.830 11.509 10.181 8.311 7.177 5.318 3.922 2.977 2.202 1.098 0.000 1.158 2.775 3.473 4.653 5.922 7.198 7.643 8.397 10.355 11.078 11.931 12.802 13.326 14.580 16.188 16.639 17.500 18.334 18.999 19.766 20.024 20.553 21.576 22.017 21.972 22.763 23.307 23.696 23.778 24.310 24.345 24.825 24.825 25.418 25.497 25.663 25.949 26.042 26.311 26.389 26.556 26.732 26.864 26.874 27.169 27.246 27.234 27.412 27.626 27.786 28.002 27.950 28.270 28.339 28.063 28.149 27.694 27.778 27.999 27.809 27.436 27.425 27.409 27.194 26.985 27.157 26.989 26.660 26.619 26.727 26.526 26.080 26.379 26.250 25.976 25.324 25.442 25.638 25.259 24.430 24.703 24.669 24.028 23.610 22.899 23.479 23.603 24.116 23.939 24.288 25.059 25.285 25.166 25.665 26.063 26.269 26.209 25.721
30.069 29.988 30.003 29.915 29.863 29.807 29.705 29.623 29.589 29.530 29.455 29.331 29.307 29.254 29.077 28.981 28.719 28.810 28.548 28.348 28.275 28.113 28.213 27.964 27.947 27.856 27.572 27.438 27.331 27.509 27.186 27.034 27.236 27.215 26.850 26.965 27.101 26.741 27.229 26.958 27.545 27.459 27.793 27.909 27.837 28.225 28.197 28.451 28.424 28.522 28.722 28.552 28.738 28.734 28.886 29.023 29.024 28.935 28.885 28.746 28.654 28.644 28.409 28.360 27.819 27.792 27.355 27.090 26.711 26.361 25.641 25.280 25.027 24.707 24.823 24.891 25.650 25.856 26.372 27.232 27.290 28.045 27.873 28.606 28.578 28.750 28.866 29.138 29.132 29.101 29.294 29.204 29.383 29.285 29.245 29.390 29.417 29.320 29.347 29.385 29.358 29.420 29.385 29.236 29.199 28.874 28.968 28.885 28.868 28.998 28.993 29.086 29.082 29.039 29.198 29.179 29.193 29.147 29.284 29.234 29.333 29.129 29.312 29.140 29.212 29.255 29.224 29.188 29.247 29.202 29.201 29.169 29.158 29.153 29.052 28.938 28.982 28.713 28.806 28.479 28.505 28.505 28.258 28.300 27.704 27.719 27.776 27.249 27.248 26.347 26.734 25.894 26.204 25.741 25.913 26.346 25.766 26.682 26.972 26.507 26.300 25.662 25.295 25.361 24.164 24.313 23.051 22.678 22.704 22.173 21.659 20.914 19.321 16.855 14.956 12.012 11.733 7.904 7.010 4.433 3.089 2.816 1.115 0.000 1.123 3.494 4.180 5.177 7.192 8.421 8.377 10.767 12.749 13.124 13.109 15.707 16.931 17.559 18.193 19.537 20.227 20.266 21.081 21.867 22.311 22.425 22.948 23.602 23.933 24.028 24.540 24.913 25.173 25.387 25.904 26.123 26.434 26.643 26.799 27.034 27.170 27.518 27.671 27.855 27.857 27.962 28.023 28.176 28.238 28.305 28.467 28.514 28.699 28.815 28.786 28.967 28.876 28.776 28.839 28.513 28.541 28.652 28.569 28.293 28.213 28.286 28.070 27.969 28.058 28.084 27.689 27.639 27.858 27.535 27.002 27.402 27.304 26.986 26.335 26.580 26.480 26.064 25.532 25.612 25.329 24.868 24.728 24.079 23.894 24.682 25.279 25.345 25.356 26.173 26.102 26.244 26.600 26.940 26.887 26.839 26.153
29.855 29.798 29.709 29.607 29.544 29.418 29.263 29.128 29.035 29.001 28.845 28.637 28.563 28.504 28.248 28.040 27.627 27.835 27.318 26.943 26.930 26.723 26.532 26.159 26.243 25.970 25.357 25.118 25.212 25.039 24.641 24.690 24.528 24.605 24.388 24.555 24.788 24.370 25.300 25.248 25.829 26.114 26.586 26.709 26.734 27.338 27.325 27.820 27.685 27.973 28.092 27.936 28.251 28.359 28.411 28.651 28.628 28.571 28.505 28.336 28.227 28.144 27.957 27.837 27.297 27.031 26.687 26.003 25.456 24.624 23.614 23.020 22.384 22.036 21.861 22.003 23.205 23.501 24.526 25.290 25.864 26.568 26.637 27.559 27.672 27.990 28.056 28.548 28.614 28.692 28.839 28.864 29.118 29.128 29.072 29.208 29.201 29.147 29.189 29.286 29.228 29.312 29.273 29.126 29.118 28.662 28.860 28.807 28.747 28.820 28.888 28.996 28.980 29.000 29.069 29.149 29.120 29.110 29.206 29.174 29.265 29.069 29.191 28.961 29.105 29.166 29.106 29.059 29.088 29.035 29.009 28.956 28.818 28.852 28.744 28.535 28.700 28.125 28.337 27.834 28.018 27.864 27.642 27.547 26.959 26.775 26.538 25.954 25.230 24.081 24.376 23.123 23.406 22.713 23.451 23.747 23.519 24.580 24.896 24.680 24.809 24.137 23.717 24.062 22.670 23.301 22.284 22.456 22.339 22.283 21.892 21.280 20.098 17.557 16.086 13.953 12.098 9.973 8.555 6.130 4.506 3.569 2.533 1.340 0.000 1.291 2.816 3.594 4.339 4.486 5.692 6.460 6.964 7.717 8.881 9.114 9.749 11.988 13.012 12.988 14.243 15.731 16.067 16.152 17.126 17.854 17.917 18.369 19.538 19.738 19.944 20.711 21.055 21.428 21.866 22.351 22.825 22.897 23.304 23.751 23.875 24.339 24.530 24.902 24.930 25.033 25.418 25.549 25.693 25.926 26.198 26.280 26.516 26.960 26.883 27.072 27.326 27.033 26.994 26.477 26.557 26.477 26.613 25.927 25.777 25.773 25.530 25.192 25.140 25.159 24.546 24.410 24.719 24.234 23.520 23.958 23.882 23.323 22.338 22.687 22.604 22.119 20.984 21.570 21.364 20.468 19.729 19.161 19.674 19.861 20.772 20.590 21.021 22.192 22.473 22.584 23.213 23.953 24.196 24.123 23.361
29.502 29.506 29.437 29.281 29.214 29.095 28.894 28.762 28.753 28.630 28.467 28.157 28.215 27.918 27.717 27.466 27.067 27.047 26.397 26.035 25.884 25.758 25.390 25.121 25.114 24.914 24.485 24.261 24.437 24.201 23.663 23.818 23.747 23.803 23.497 23.849 23.903 23.617 24.456 24.427 25.128 25.466 25.920 26.236 25.932 26.860 26.984 27.441 27.275 27.485 27.830 27.475 27.951 28.136 28.152 28.380 28.331 28.177 28.058 27.749 27.766 27.650 27.316 27.085 26.735 25.977 25.641 24.903 24.187 23.619 22.461 22.216 21.504 21.518 21.600 21.898 23.175 23.699 24.881 25.773 26.309 27.051 27.079 27.641 27.903 28.050 27.800 28.409 28.455 28.456 28.689 28.600 28.840 28.848 28.784 28.862 28.951 28.910 28.908 28.976 28.926 28.995 28.917 28.572 28.818 28.186 28.468 28.368 28.478 28.431 28.420 28.532 28.533 28.675 28.820 28.870 28.896 29.046 29.024 29.002 29.122 28.868 29.143 28.874 29.068 29.122 29.130 29.073 29.189 29.084 29.041 28.962 28.886 28.765 28.679 28.334 28.377 27.679 27.978 27.441 27.569 27.379 27.040 26.810 26.468 25.957 25.698 24.748 23.984 22.796 23.155 21.912 22.239 21.737 22.577 22.830 22.717 23.697 24.044 23.885 23.823 23.540 22.805 23.680 22.398 23.068 22.343 22.285 22.727 22.518 22.311 21.868 21.338 19.006 17.770 15.858 14.142 12.353 10.040 8.164 6.208 4.513 3.633 2.994 0.986 0.000 0.988 2.173 3.254 2.847 2.962 4.371 5.171 5.094 5.748 7.308 7.881 7.315 8.717 9.850 10.580 10.636 11.715 12.499 12.847 13.358 14.154 14.644 15.162 15.456 16.135 16.613 17.051 17.554 17.899 17.982 18.749 18.903 19.332 19.596 19.962 20.380 20.565 20.606 20.942 20.857 21.419 21.652 21.887 21.853 22.288 22.317 22.525 23.108 22.726 22.867 22.972 22.883 22.523 22.314 22.232 22.091 22.305 21.602 21.612 21.649 21.410 20.913 21.267 21.450 20.703 20.581 20.920 20.565 19.728 20.198 20.197 19.648 18.700 18.656 18.910 18.307 16.944 17.503 17.262 16.200 15.830 15.328 15.796 16.310 16.797 16.571 16.990 18.381 18.218 18.009 19.503 19.986 20.000 19.641 19.005
29.350 29.294 29.191 29.073 28.951 28.852 28.607 28.443 28.432 28.239 28.146 27.786 27.782 27.473 27.225 26.704 26.273 26.273 25.614 25.039 24.870 24.681 24.123 23.691 23.765 23.615 22.929 22.856 23.214 22.582 22.355 22.466 22.245 22.323 22.444 22.569 22.810 22.473 23.530 23.797 24.522 24.743 25.337 25.498 25.222 26.187 26.295 26.901 26.702 27.029 27.324 27.029 27.477 27.743 27.686 27.923 28.023 27.931 27.720 27.687 27.633 27.269 27.223 26.893 26.588 25.834 25.683 24.758 24.059 23.285 21.929 21.276 20.607 20.476 20.486 20.921 22.400 22.936 23.983 24.938 25.724 26.540 26.700 27.234 27.586 27.782 27.737 28.249 28.310 28.395 28.639 28.628 28.847 28.879 28.838 28.934 28.933 28.979 28.951 29.048 29.009 29.018 28.993 28.727 28.855 28.346 28.488 28.209 28.210 28.288 28.315 28.464 28.480 28.591 28.625 28.671 28.656 28.799 28.759 28.704 28.849 28.590 28.830 28.534 28.637 28.676 28.642 28.682 28.742 28.544 28.451 28.350 28.387 28.249 28.191 27.914 28.050 27.121 27.542 26.924 27.223 27.033 26.463 26.471 26.160 25.564 25.315 24.170 23.462 22.022 22.225 20.862 21.302 20.767 21.873 21.959 22.152 23.336 23.658 23.495 23.448 23.156 22.472 23.393 22.079 22.844 22.008 22.098 22.779 22.566 22.493 21.892 21.347 19.337 18.384 16.637 15.037 13.256 10.852 9.861 7.669 5.797 4.701 3.700 2.543 0.713 0.000 0.925 1.537 1.770 1.623 1.844 2.768 3.102 3.133 3.470 4.278 5.075 5.252 5.204 6.438 6.649 6.653 6.882 7.806 8.272 8.080 8.618 9.380 9.586 9.738 10.042 10.943 11.034 11.183 11.492 12.050 12.299 12.736 12.945 13.175 13.805 14.007 14.546 14.716 14.722 15.223 15.597 15.951 16.082 16.442 16.763 17.366 17.676 17.414 17.780 17.839 17.571 17.224 17.032 16.655 16.219 16.102 15.535 15.715 15.320 15.010 14.602 14.886 14.840 13.912 13.968 13.919 13.236 12.634 12.963 12.887 12.143 11.487 11.088 11.365 10.914 10.082 10.126 10.097 9.697 9.012 8.530 8.469 9.167 9.493 8.871 9.518 10.451 10.477 10.147 11.346 11.628 11.682 11.354 10.495
29.136 29.016 28.885 28.732 28.604 28.425 28.279 28.072 27.991 27.821 27.704 27.174 27.312 27.031 26.672 26.137 25.837 25.678 24.996 24.320 24.245 24.050 23.412 22.954 23.071 22.664 22.153 21.831 22.325 21.599 21.410 21.574 21.217 21.529 21.527 22.093 22.013 22.165 23.175 23.221 23.956 24.215 24.854 25.215 25.316 26.041 25.938 26.685 26.478 26.912 27.087 26.975 27.298 27.469 27.382 27.721 27.733 27.512 27.570 27.309 27.192 26.988 26.762 26.304 25.939 25.250 24.875 24.001 23.294 22.471 21.210 20.458 19.890 19.648 19.995 20.590 21.749 22.914 24.006 24.974 25.673 26.454 26.788 27.296 27.621 27.796 27.741 28.274 28.237 28.272 28.492 28.579 28.706 28.775 28.720 28.879 28.909 28.875 28.897 28.984 28.891 28.981 28.976 28.662 28.851 28.344 28.560 28.262 28.363 28.199 28.383 28.513 28.544 28.759 28.691 28.664 28.704 28.761 28.734 28.740 28.831 28.598 28.885 28.719 28.735 28.748 28.658 28.721 28.661 28.538 28.454 28.330 28.256 28.165 27.999 27.622 27.754 26.833 27.190 26.490 26.673 26.415 25.963 25.852 25.236 24.827 24.482 23.429 22.384 21.293 21.335 20.196 20.425 20.101 21.152 21.264 21.586 22.740 23.258 23.145 23.162 22.956 22.480 23.155 22.247 23.070 22.435 22.723 23.344 23.338 23.290 22.974 22.538 20.604 19.905 18.107 16.692 14.979 12.962 11.682 9.855 8.373 6.053 4.550 3.155 1.820 0.674 0.000 0.755 0.927 1.239 1.166 1.179 1.854 2.082 1.947 2.640 3.415 3.549 3.023 4.062 4.395 4.639 4.720 4.846 5.439 5.766 5.877 6.322 6.688 6.650 6.948 7.276 7.547 7.538 7.737 8.101 8.296 8.664 9.037 9.118 9.527 9.713 10.500 10.396 10.253 10.876 11.229 11.470 11.666 12.084 12.098 12.915 13.344 13.041 13.471 13.490 13.485 13.058 12.930 12.711 12.276 12.385 11.830 11.685 11.329 11.311 10.786 10.778 10.734 10.222 10.089 10.050 9.559 9.323 8.946 9.042 8.832 8.349 7.993 8.219 8.013 7.646 7.717 7.589 7.277 6.816 6.658 6.497 7.022 7.742 7.591 7.799 8.451 8.651 8.938 8.934 9.587 9.747 9.781 9.576
28.942 28.879 28.755 28.603 28.504 28.346 28.085 27.911 27.827 27.554 27.482 26.913 27.065 26.607 26.353 26.136 25.533 25.335 24.530 23.975 23.719 23.548 22.887 22.620 22.546 22.186 21.965 21.698 21.988 21.411 21.394 21.591 21.278 21.627 21.527 22.133 21.866 22.332 22.944 23.343 23.830 24.245 24.740 24.960 25.140 25.753 25.996 26.419 26.258 26.575 26.863 26.584 27.028 27.231 27.237 27.580 27.564 27.421 27.333 27.009 27.042 26.823 26.382 26.058 25.748 25.078 24.860 24.081 23.356 22.555 21.280 20.600 19.992 19.527 20.065 20.590 22.158 22.674 24.136 25.124 25.451 26.411 26.398 27.003 27.216 27.428 27.516 27.897 28.012 28.142 28.258 28.337 28.549 28.508 28.512 28.690 28.665 28.665 28.702 28.712 28.662 28.756 28.633 28.471 28.513 28.119 28.279 28.178 28.213 28.231 28.250 28.346 28.343 28.400 28.474 28.450 28.482 28.597 28.641 28.597 28.690 28.557 28.692 28.480 28.619 28.610 28.579 28.492 28.511 28.476 28.385 28.234 28.106 28.001 27.857 27.530 27.606 26.824 27.056 26.553 26.597 26.352 25.894 25.640 25.162 24.769 24.690 23.317 22.630 21.367 21.471 20.167 20.444 20.064 20.942 21.234 21.549 22.391 22.867 22.750 22.545 22.483 21.635 22.923 21.855 22.978 22.326 22.641 23.082 23.156 22.946 22.581 22.314 20.954 20.213 18.690 17.238 15.781 13.941 12.337 10.722 8.658 7.408 5.265 3.570 2.115 1.217 0.533 0.000 0.526 0.629 0.717 0.642 0.811 1.018 1.111 1.165 1.249 1.526 1.639 1.901 2.108 2.353 2.673 2.739 2.759 3.063 3.387 3.615 3.841 3.922 4.337 4.512 4.684 4.887 5.014 5.306 5.456 5.712 6.069 6.244 6.487 6.720 7.212 7.515 7.464 7.835 8.363 8.656 8.694 9.147 9.520 10.074 10.365 10.297 10.601 10.930 10.803 10.350 10.258 9.981 9.617 9.567 8.973 8.866 8.666 8.508 8.047 8.166 7.908 7.374 7.307 7.370 6.995 6.609 6.526 6.526 6.074 6.115 5.652 5.661 5.319 5.085 5.179 5.036 4.647 4.416 4.427 4.721 4.951 5.164 5.273 5.647 6.044 6.247 6.640 6.814 7.230 7.215 7.216 7.289
28.893 28.896 28.716 28.663 28.550 28.513 28.098 28.068 28.038 27.664 27.706 27.144 27.129 26.620 26.488 26.009 25.470 25.341 24.695 23.894 23.820 23.628 22.895 22.328 22.411 22.033 21.717 21.723 22.010 21.134 21.224 21.428 21.123 21.306 21.524 21.903 21.961 22.214 23.056 23.644 23.997 24.544 24.899 25.305 25.330 25.975 26.197 26.410 26.583 26.743 27.007 26.910 27.171 27.472 27.545 27.768 27.624 27.620 27.573 27.189 27.258 27.103 26.795 26.469 26.121 25.381 25.095 24.248 23.577 22.548 21.159 20.326 19.752 19.426 19.639 20.573 21.907 22.827 24.175 24.999 26.046 26.579 26.912 27.427 27.660 27.906 27.615 28.312 28.402 28.422 28.511 28.583 28.763 28.778 28.738 28.873 28.867 28.935 28.860 28.939 28.856 28.847 28.811 28.453 28.720 28.044 28.281 28.061 28.056 28.163 28.111 28.281 28.286 28.346 28.490 28.460 28.415 28.519 28.468 28.505 28.638 28.411 28.704 28.488 28.613 28.609 28.581 28.592 28.678 28.525 28.459 28.291 28.255 28.110 27.962 27.590 27.717 26.998 27.281 26.699 26.741 26.575 26.181 25.920 25.589 24.998 24.630 23.586 22.481 21.082 21.314 19.984 20.187 19.722 20.778 20.965 21.332 22.353 22.671 22.665 22.525 22.523 21.595 22.999 21.767 22.975 22.552 22.749 23.471 23.369 23.213 22.887 22.482 21.168 20.256 18.908 17.020 15.908 13.887 12.480 10.798 8.490 7.493 5.480 3.701 2.271 1.405 0.687 0.500 0.000 0.516 0.616 0.605 0.600 0.689 0.872 0.958 1.013 1.170 1.426 1.803 1.869 1.994 2.332 2.586 2.529 2.686 2.969 3.454 3.369 3.571 3.844 4.138 4.255 4.455 4.730 4.898 5.150 5.262 5.652 5.818 6.145 6.309 6.803 7.163 6.997 7.403 8.048 8.385 8.208 8.765 9.147 9.727 9.624 9.919 10.295 10.524 10.121 10.053 9.559 9.507 9.329 9.163 8.164 8.416 8.375 7.780 7.306 7.780 7.422 6.745 6.776 6.922 6.509 5.987 6.101 6.019 5.486 5.328 5.160 5.112 4.686 4.462 4.635 4.394 4.011 3.829 4.131 4.079 4.380 4.699 4.767 5.107 5.508 5.822 5.919 6.336 6.703 6.823 6.724 6.613
28.834 28.826 28.535 28.457 28.347 28.185 27.997 27.829 27.707 27.445 27.451 26.893 26.913 26.543 26.432 25.907 25.354 25.347 24.669 23.859 23.837 23.609 22.738 22.254 22.452 22.081 21.542 21.340 21.893 21.068 21.117 21.527 20.981 21.201 21.531 21.757 21.883 21.953 22.905 23.177 23.761 24.132 24.827 25.120 24.895 25.805 25.793 26.355 26.062 26.446 26.617 26.448 26.902 27.182 27.021 27.336 27.356 27.262 27.153 27.035 27.019 26.745 26.549 26.137 26.018 25.151 24.936 24.094 23.427 22.617 21.352 20.647 20.055 19.808 19.998 20.517 21.946 22.500 23.661 24.707 25.311 26.210 26.205 27.056 27.309 27.619 27.361 28.045 28.079 28.089 28.360 28.404 28.546 28.616 28.598 28.717 28.715 28.757 28.757 28.818 28.760 28.811 28.792 28.646 28.612 28.200 28.474 28.247 28.084 28.189 28.242 28.295 28.278 28.557 28.528 28.551 28.476 28.621 28.568 28.491 28.559 28.535 28.606 28.289 28.523 28.517 28.421 28.378 28.462 28.278 28.231 28.106 28.063 28.046 27.912 27.417 27.609 26.614 27.138 26.324 26.596 26.327 25.931 25.746 25.319 24.685 24.514 23.609 22.688 21.242 21.311 20.201 20.302 19.922 20.867 20.968 21.373 22.323 22.835 22.703 22.807 22.741 22.050 23.061 22.082 23.084 22.452 22.736 23.439 23.612 23.381 23.105 22.637 21.135 20.219 18.601 17.188 15.778 13.736 12.366 10.444 8.242 7.125 5.420 3.853 2.340 1.411 0.792 0.588 0.493 0.000 0.514 0.548 0.561 0.544 0.631 0.738 0.768 0.950 1.019 1.326 1.478 1.598 1.823 1.898 2.090 2.276 2.502 2.761 3.011 2.991 3.226 3.576 3.626 3.832 3.998 4.320 4.533 4.649 4.936 5.051 5.447 5.595 5.965 6.322 6.248 6.632 7.201 7.457 7.615 8.007 8.266 8.941 9.218 9.235 9.580 9.667 9.443 9.192 8.853 8.538 8.292 7.893 7.649 7.726 7.316 6.981 6.666 6.806 6.469 6.038 5.996 6.098 5.609 5.344 5.418 5.281 4.816 4.959 4.555 4.450 4.188 3.938 3.968 3.875 3.598 3.367 3.533 3.720 3.949 4.112 4.264 4.606 4.963 5.160 5.353 5.648 5.940 5.977 5.929 6.042
28.842 28.678 28.504 28.466 28.377 28.237 28.036 27.888 27.726 27.478 27.523 27.023 27.087 26.690 26.420 25.934 25.451 25.341 24.479 23.793 23.744 23.464 22.620 22.329 22.383 22.017 21.528 21.344 21.725 21.152 20.980 21.330 20.983 21.301 21.250 21.942 21.711 22.155 22.942 23.362 23.802 24.290 24.663 25.177 24.982 25.812 25.972 26.327 26.186 26.560 26.850 26.643 27.026 27.298 27.337 27.576 27.534 27.432 27.379 27.072 27.018 26.911 26.656 26.292 25.979 24.909 24.770 23.942 23.220 22.317 21.190 20.529 19.992 19.466 20.087 20.499 22.073 22.486 23.911 24.968 25.561 26.426 26.335 27.033 27.256 27.514 27.547 27.992 27.986 28.109 28.299 28.404 28.541 28.534 28.568 28.741 28.683 28.802 28.774 28.875 28.808 28.866 28.735 28.521 28.612 28.184 28.262 28.020 28.171 28.177 28.178 28.372 28.362 28.470 28.541 28.420 28.438 28.607 28.596 28.599 28.742 28.569 28.603 28.480 28.647 28.726 28.655 28.502 28.605 28.560 28.507 28.313 28.137 28.077 27.905 27.548 27.545 26.777 27.088 26.317 26.513 26.254 25.968 25.680 25.114 24.478 24.351 23.149 22.188 21.051 21.204 20.088 20.194 19.824 20.850 20.926 21.246 22.201 22.743 22.731 22.538 22.677 21.814 22.960 22.005 22.919 22.451 22.534 23.438 23.441 23.482 23.056 22.711 21.230 20.442 18.752 17.536 16.113 13.910 12.616 10.616 8.738 7.158 5.544 3.839 2.462 1.440 0.866 0.623 0.551 0.493 0.000 0.507 0.544 0.547 0.547 0.625 0.733 0.846 0.937 1.159 1.299 1.437 1.674 1.755 1.870 2.106 2.348 2.407 2.773 2.831 3.055 3.216 3.417 3.628 3.730 3.971 4.216 4.355 4.537 4.705 5.018 5.145 5.574 5.836 5.807 6.103 6.631 6.978 6.979 7.275 7.562 8.289 8.436 8.549 8.814 9.059 9.011 8.686 8.415 8.146 7.799 7.755 7.245 7.245 6.823 6.787 6.359 6.561 6.118 5.842 5.727 5.756 5.443 5.192 5.152 5.017 4.781 4.753 4.377 4.304 4.032 3.927 4.005 3.800 3.491 3.412 3.552 3.996 3.964 4.093 4.322 4.646 4.892 5.194 5.482 5.551 5.920 6.029 5.900 6.285
28.994 28.917 28.792 28.715 28.576 28.493 28.272 28.051 28.083 27.726 27.646 27.216 27.202 26.734 26.620 26.059 25.529 25.337 24.606 24.014 23.714 23.517 22.754 22.577 22.673 22.192 21.980 21.802 22.077 21.313 21.313 21.570 21.310 21.332 21.564 22.201 22.036 22.396 23.299 23.422 24.081 24.433 25.021 25.239 25.344 26.021 26.132 26.548 26.520 26.737 27.031 26.850 27.184 27.448 27.392 27.787 27.595 27.609 27.635 27.214 27.199 27.180 26.750 26.437 26.149 25.408 25.150 24.474 23.611 22.870 21.702 20.759 20.350 19.783 20.340 21.105 22.417 23.213 24.594 25.646 26.152 27.001 27.063 27.592 27.730 27.799 27.636 28.126 28.206 28.165 28.324 28.408 28.516 28.478 28.484 28.628 28.612 28.672 28.592 28.692 28.638 28.694 28.628 28.389 28.533 28.004 28.234 28.088 28.148 28.230 28.202 28.304 28.373 28.429 28.476 28.470 28.488 28.616 28.626 28.606 28.715 28.465 28.782 28.511 28.711 28.687 28.655 28.602 28.644 28.549 28.455 28.292 28.211 28.151 27.931 27.575 27.676 26.904 27.333 26.615 26.824 26.490 26.212 25.863 25.415 24.999 24.832 23.686 22.756 21.338 21.578 20.294 20.398 20.013 20.818 21.084 21.483 22.450 22.859 22.754 22.570 22.544 21.719 23.032 21.846 23.156 22.633 22.931 23.448 23.347 23.262 23.060 22.788 21.336 20.636 19.226 17.508 16.501 14.024 12.812 11.088 9.008 7.449 5.542 3.841 2.478 1.549 0.855 0.667 0.553 0.535 0.491 0.000 0.510 0.547 0.570 0.559 0.642 0.775 0.839 1.045 1.102 1.282 1.482 1.573 1.649 1.914 2.244 2.306 2.403 2.605 2.990 2.974 3.187 3.493 3.560 3.721 3.991 4.219 4.371 4.409 4.759 4.973 5.248 5.524 5.517 5.828 6.403 6.512 6.613 7.071 7.464 7.713 8.014 8.201 8.516 8.886 8.668 8.219 8.078 8.008 7.692 7.596 7.028 6.887 6.842 6.555 6.045 6.318 6.037 5.594 5.431 5.668 5.281 4.949 5.089 4.929 4.492 4.533 4.281 4.179 3.823 3.745 3.844 3.683 3.261 3.227 3.384 3.786 3.902 3.896 4.116 4.483 4.845 4.959 5.287 5.516 5.793 5.905 5.826 6.007
28.790 28.776 28.639 28.600 28.460 28.363 28.139 27.929 27.911 27.557 27.584 26.990 26.919 26.509 26.369 25.758 25.346 25.111 24.496 23.524 23.723 23.390 22.494 22.097 22.331 21.696 21.431 21.352 21.769 20.895 20.931 21.420 20.816 21.068 21.315 21.769 21.851 21.942 23.016 23.407 23.888 24.473 24.988 25.256 25.058 25.942 26.110 26.719 26.615 26.785 27.105 26.886 27.304 27.555 27.455 27.743 27.672 27.703 27.620 27.365 27.301 27.216 26.932 26.588 26.443 25.564 25.386 24.521 23.726 22.765 21.524 20.760 20.052 20.028 19.997 20.866 22.085 23.077 24.275 25.164 26.044 26.787 26.926 27.405 27.669 27.869 27.607 28.280 28.343 28.330 28.604 28.567 28.785 28.716 28.774 28.912 28.908 28.940 28.933 28.937 28.894 28.931 28.919 28.576 28.762 28.376 28.504 28.209 28.349 28.259 28.283 28.249 28.204 28.548 28.536 28.531 28.460 28.584 28.530 28.524 28.560 28.307 28.655 28.398 28.499 28.539 28.480 28.444 28.525 28.407 28.333 28.211 28.132 28.067 27.967 27.592 27.799 26.762 27.279 26.624 26.943 26.508 26.304 25.929 25.620 25.181 24.674 23.797 22.798 21.220 21.477 20.101 20.255 19.848 20.764 20.923 21.324 22.415 22.825 22.860 22.750 22.655 21.960 23.226 21.993 23.383 22.660 23.057 23.919 23.859 23.673 23.318 23.092 21.417 20.685 19.150 17.386 16.490 14.259 12.926 11.139 8.851 8.012 5.696 3.925 2.619 1.677 0.997 0.729 0.576 0.540 0.523 0.488 0.000 0.499 0.537 0.522 0.525 0.625 0.715 0.893 0.980 1.056 1.274 1.415 1.456 1.651 1.849 2.084 2.126 2.237 2.555 2.725 2.706 3.021 3.159 3.357 3.454 3.612 3.919 3.924 4.278 4.495 4.775 5.107 5.056 5.302 5.955 6.181 6.272 6.564 6.908 7.523 7.479 7.737 8.267 8.418 8.011 7.909 7.514 7.282 7.120 6.797 6.355 6.491 6.231 5.903 5.520 5.808 5.454 5.017 4.953 5.065 4.756 4.437 4.465 4.391 3.953 3.981 3.753 3.643 3.392 3.202 3.313 3.206 2.930 2.823 3.059 3.303 3.436 3.459 3.752 4.024 4.313 4.454 4.752 5.030 5.277 5.290 5.205 5.356
28.876 28.779 28.669 28.554 28.466 28.292 28.176 27.990 27.940 27.708 27.630 27.034 27.002 26.772 26.507 25.751 25.460 25.316 24.658 23.710 24.013 23.544 22.539 22.315 22.623 22.013 21.571 21.550 21.869 20.953 21.008 21.460 20.931 21.086 21.168 21.733 21.734 21.899 22.883 23.131 23.704 24.274 24.839 25.158 25.014 25.936 25.896 26.687 26.361 26.738 27.044 26.774 27.303 27.567 27.330 27.675 27.531 27.570 27.559 27.185 27.099 27.038 26.671 26.248 26.178 25.136 25.118 24.267 23.398 22.481 21.394 20.669 20.084 19.998 19.991 20.760 21.981 22.795 24.103 25.118 25.695 26.613 26.592 27.233 27.573 27.849 27.499 28.116 28.049 28.165 28.351 28.443 28.505 28.614 28.631 28.695 28.707 28.759 28.789 28.839 28.801 28.888 28.884 28.549 28.820 28.326 28.622 28.366 28.467 28.391 28.442 28.349 28.357 28.725 28.684 28.721 28.708 28.883 28.757 28.756 28.774 28.613 28.923 28.539 28.799 28.772 28.688 28.610 28.600 28.536 28.454 28.308 28.153 28.034 28.096 27.596 27.860 26.521 27.292 26.328 26.810 26.222 26.046 25.689 25.181 24.771 24.363 23.527 22.516 21.392 21.318 20.285 20.418 19.914 20.849 21.060 21.351 22.388 22.965 22.990 23.066 22.980 22.186 23.155 22.243 23.245 22.600 23.026 23.763 23.854 23.779 23.495 22.978 21.526 20.805 18.934 17.908 16.551 14.388 12.891 11.146 8.860 7.613 5.815 4.088 2.481 1.657 1.119 0.937 0.656 0.570 0.570 0.522 0.489 0.000 0.505 0.532 0.529 0.558 0.666 0.871 0.920 1.046 1.158 1.291 1.383 1.580 1.755 1.924 2.153 2.151 2.437 2.672 2.675 2.848 2.989 3.336 3.397 3.479 3.784 3.792 4.169 4.202 4.505 4.791 4.714 5.047 5.626 5.812 5.850 6.238 6.489 7.139 7.268 7.456 7.881 8.062 7.917 7.675 7.300 7.089 6.896 6.557 6.263 6.224 5.906 5.704 5.382 5.487 5.123 4.873 4.744 4.794 4.526 4.254 4.297 4.147 3.813 3.808 3.617 3.554 3.305 3.076 3.332 3.286 2.972 2.821 3.018 3.443 3.309 3.433 3.872 4.086 4.226 4.414 4.898 4.837 5.131 5.246 5.153 5.598
28.813 28.728 28.695 28.557 28.386 28.171 27.984 27.815 27.840 27.607 27.503 27.069 26.871 26.715 26.352 25.874 25.334 25.623 24.413 23.555 23.787 23.560 22.499 22.230 22.382 21.901 21.654 21.677 21.852 21.316 20.889 21.626 21.147 21.217 21.557 22.068 21.769 22.130 22.896 23.550 24.150 24.381 24.945 25.223 25.060 25.959 26.204 26.546 26.530 26.845 27.042 26.860 27.266 27.435 27.560 27.786 27.729 27.760 27.644 27.374 27.248 27.255 26.842 26.520 25.978 25.386 24.889 24.320 23.418 22.739 21.607 20.862 20.590 19.808 20.589 21.175 22.536 22.803 24.273 25.208 25.558 26.647 26.104 27.251 27.177 27.400 27.438 28.065 28.069 28.098 28.205 28.321 28.477 28.482 28.476 28.653 28.576 28.566 28.640 28.666 28.632 28.751 28.740 28.614 28.611 28.195 28.265 28.240 28.294 28.334 28.250 28.227 28.254 28.351 28.620 28.532 28.551 28.621 28.643 28.634 28.699 28.676 28.706 28.455 28.723 28.799 28.685 28.632 28.652 28.621 28.544 28.392 28.238 28.179 28.215 27.780 27.858 27.066 27.464 26.879 26.946 26.739 26.319 25.960 25.405 24.842 24.675 23.576 22.515 21.536 21.725 20.559 20.578 20.287 21.126 21.151 21.476 22.313 22.871 22.816 22.763 22.650 21.906 23.444 22.094 23.390 22.615 23.326 23.866 23.829 23.778 23.488 23.049 21.759 21.093 19.375 18.355 16.562 14.744 13.287 11.503 9.568 7.804 6.229 4.309 2.677 1.663 1.108 1.062 0.792 0.630 0.597 0.550 0.533 0.490 0.000 0.502 0.538 0.552 0.578 0.747 0.855 0.963 1.111 1.202 1.320 1.454 1.590 1.792 1.966 2.122 2.341 2.437 2.589 2.862 2.844 3.088 3.305 3.396 3.615 3.563 3.981 4.005 4.447 4.517 4.502 4.785 5.300 5.388 5.522 5.887 6.202 6.643 6.793 7.036 7.521 7.774 7.604 7.263 7.056 6.977 6.550 6.678 5.968 5.900 5.647 5.565 5.230 5.305 5.092 4.790 4.588 4.708 4.455 4.214 4.325 4.094 3.781 3.862 3.779 3.604 3.310 3.296 3.424 3.317 2.996 3.048 3.104 3.361 3.482 3.502 3.930 4.100 4.409 4.617 4.872 4.965 5.239 5.414 5.237 5.618
28.861 28.762 28.752 28.626 28.491 28.380 28.136 27.926 28.045 27.662 27.603 27.143 27.081 26.741 26.533 25.948 25.495 25.558 24.560 23.709 23.821 23.632 22.523 22.381 22.669 22.182 21.877 21.912 22.040 21.497 21.446 21.701 21.605 21.551 21.703 22.397 22.243 22.527 23.208 23.467 23.973 24.569 24.961 25.278 25.455 25.906 26.201 26.480 26.620 26.821 26.990 27.000 27.190 27.591 27.569 27.811 27.766 27.771 27.706 27.334 27.247 27.281 26.924 26.578 26.432 25.609 25.453 24.655 23.848 22.986 21.750 20.804 20.435 19.969 20.247 20.796 22.222 23.515 24.414 25.524 26.248 26.860 27.006 27.573 27.717 27.937 27.783 28.291 28.412 28.342 28.563 28.603 28.713 28.677 28.685 28.814 28.832 28.779 28.738 28.773 28.707 28.777 28.721 28.420 28.483 28.029 28.101 27.944 27.957 28.079 27.972 28.090 28.093 28.320 28.413 28.324 28.352 28.531 28.486 28.496 28.608 28.517 28.627 28.560 28.600 28.620 28.596 28.519 28.658 28.538 28.489 28.327 28.299 28.131 28.040 27.729 27.788 26.979 27.374 26.743 26.921 26.703 26.375 26.039 25.661 25.316 24.927 24.006 22.987 21.532 21.748 20.509 20.590 20.189 21.041 21.208 21.442 22.506 22.799 22.842 22.758 22.746 21.833 23.137 22.126 23.401 22.836 23.388 23.839 24.011 23.748 23.641 23.106 21.760 20.952 19.619 17.781 16.712 14.740 12.931 11.548 9.287 8.019 6.070 4.318 2.807 1.873 1.167 1.026 0.872 0.761 0.631 0.579 0.564 0.530 0.491 0.000 0.506 0.563 0.564 0.618 0.768 0.831 1.029 1.069 1.153 1.333 1.471 1.597 1.708 1.927 2.242 2.264 2.342 2.702 2.787 2.877 3.078 3.258 3.451 3.390 3.740 3.953 4.143 4.378 4.439 4.682 5.154 5.313 5.489 5.806 6.193 6.378 6.637 6.869 7.344 7.550 7.241 7.004 6.671 6.620 6.375 6.203 5.713 5.668 5.533 5.293 4.948 5.137 4.854 4.541 4.375 4.589 4.259 4.053 4.153 3.968 3.643 3.668 3.561 3.416 3.114 3.092 3.134 3.080 2.734 2.791 2.995 3.380 3.358 3.339 3.653 3.966 4.262 4.349 4.636 4.948 5.177 5.283 5.177 5.368
28.882 28.747 28.674 28.522 28.345 28.186 28.118 27.879 27.822 27.556 27.409 26.969 26.916 26.553 26.116 25.859 25.309 25.354 24.370 23.508 23.791 23.416 22.400 22.192 22.391 21.755 21.286 21.541 21.765 21.068 20.962 21.475 21.098 21.075 21.508 21.827 22.034 22.206 23.083 23.609 23.727 24.557 24.739 25.406 25.247 25.941 26.010 26.347 26.498 26.718 26.805 26.670 27.060 27.249 27.314 27.599 27.641 27.601 27.604 27.247 27.199 27.123 26.825 26.397 26.071 25.498 25.278 24.573 23.787 22.861 21.616 20.863 20.283 20.046 20.178 20.917 22.244 22.688 24.166 24.934 25.566 26.547 26.442 27.300 27.297 27.660 27.608 28.231 28.171 28.348 28.477 28.523 28.657 28.710 28.685 28.823 28.895 28.833 28.809 28.941 28.874 28.979 28.923 28.794 28.792 28.545 28.751 28.519 28.574 28.391 28.449 28.417 28.354 28.616 28.532 28.653 28.590 28.493 28.600 28.562 28.469 28.465 28.480 28.339 28.534 28.550 28.501 28.488 28.426 28.472 28.422 28.268 28.214 28.045 27.766 27.742 27.678 26.932 27.333 26.633 26.831 26.589 26.479 25.992 25.441 25.216 24.929 24.002 22.873 21.498 21.523 20.279 20.426 20.042 21.046 20.983 21.538 22.395 22.814 22.934 22.925 22.710 22.050 23.291 22.130 23.154 22.439 23.083 23.660 23.825 23.632 23.411 23.121 21.716 20.980 19.281 17.915 16.764 14.541 13.126 11.441 9.312 8.304 6.344 4.698 3.131 2.202 1.432 1.211 0.956 0.872 0.812 0.669 0.613 0.575 0.526 0.489 0.000 0.507 0.553 0.583 0.619 0.683 0.864 0.929 1.019 1.094 1.248 1.435 1.457 1.584 1.905 2.085 2.034 2.299 2.518 2.738 2.741 2.861 3.162 3.134 3.421 3.479 3.724 3.993 3.953 4.191 4.628 4.804 4.901 5.250 5.444 5.792 6.034 6.225 6.563 6.841 6.584 6.400 6.043 5.931 5.591 5.563 5.131 5.139 4.911 4.785 4.488 4.608 4.374 4.056 3.975 4.121 3.833 3.547 3.569 3.517 3.189 3.239 3.125 3.079 2.753 2.684 2.752 2.752 2.404 2.475 2.661 3.027 3.063 3.144 3.476 3.692 3.755 3.964 4.320 4.493 4.659 4.797 4.696 5.084
28.977 28.844 28.742 28.630 28.544 28.463 28.371 28.178 28.055 27.842 27.739 27.400 27.308 26.853 26.691 25.889 25.667 25.481 24.583 23.905 24.002 23.653 22.622 22.389 22.774 22.117 21.537 21.473 21.974 21.004 20.965 21.512 21.051 21.159 21.533 22.038 21.809 22.250 23.117 23.682 24.061 24.498 24.930 25.363 25.199 26.027 26.148 26.461 26.516 26.807 27.017 26.882 27.228 27.457 27.458 27.804 27.655 27.685 27.611 27.326 27.329 27.121 26.771 26.375 26.089 25.180 25.173 24.332 23.637 22.675 21.650 20.832 20.444 20.208 20.392 20.800 22.173 22.996 24.381 25.113 25.597 26.592 26.632 27.247 27.493 27.770 27.772 28.145 28.234 28.188 28.466 28.670 28.668 28.665 28.740 28.880 28.822 28.924 28.874 28.982 28.922 28.999 28.900 28.564 28.840 28.470 28.608 28.443 28.636 28.588 28.683 28.558 28.575 28.916 28.827 28.823 28.846 28.902 28.861 28.843 28.877 28.710 28.866 28.745 28.844 28.839 28.765 28.804 28.772 28.681 28.579 28.483 28.242 28.220 28.031 27.736 27.758 26.941 27.341 26.608 26.854 26.378 26.189 25.836 25.241 24.945 24.576 23.683 22.646 21.666 21.603 20.631 20.613 20.367 21.354 21.249 21.763 22.599 23.144 23.078 23.206 23.117 22.439 23.291 22.561 23.467 22.840 23.440 23.916 24.039 23.953 23.732 23.125 21.837 20.908 19.186 18.105 16.337 14.605 12.822 11.182 9.675 7.973 6.709 4.744 3.377 2.340 1.732 1.528 1.107 0.953 0.952 0.885 0.668 0.625 0.607 0.547 0.490 0.000 0.527 0.587 0.619 0.597 0.770 0.919 0.909 0.997 1.173 1.415 1.411 1.554 1.766 1.914 2.069 2.199 2.337 2.635 2.691 2.769 3.100 3.161 3.392 3.401 3.604 3.848 3.833 4.065 4.543 4.618 4.691 4.943 5.343 5.532 5.719 5.876 6.190 6.546 6.410 6.160 5.837 5.763 5.465 5.373 5.087 4.923 4.765 4.710 4.357 4.445 4.226 3.980 3.829 3.887 3.756 3.443 3.550 3.473 3.162 3.126 3.167 3.077 2.787 2.793 2.914 2.744 2.468 2.566 2.621 2.975 3.246 3.199 3.659 3.881 4.028 4.109 4.613 4.650 4.884 5.031 4.818 5.283
28.902 28.847 28.880 28.663 28.515 28.441 28.093 28.031 28.125 27.770 27.755 27.218 27.204 26.819 26.507 25.946 25.401 25.432 24.401 23.381 23.659 23.429 22.323 22.242 22.544 21.966 21.617 21.866 22.022 21.377 21.232 21.695 21.329 21.524 21.730 22.280 21.894 22.309 23.099 23.600 24.235 24.548 25.015 25.332 25.291 26.125 26.250 26.599 26.701 26.934 27.162 27.109 27.467 27.733 27.794 28.042 27.935 28.030 27.980 27.566 27.492 27.508 27.140 26.751 26.295 25.586 25.360 24.561 23.727 22.908 21.636 20.770 20.585 20.132 20.730 21.078 22.662 23.150 24.358 25.325 25.719 26.746 26.535 27.266 27.480 27.734 27.514 28.119 28.221 28.226 28.380 28.444 28.491 28.602 28.684 28.610 28.616 28.668 28.646 28.752 28.677 28.789 28.747 28.417 28.523 27.988 28.222 28.196 28.200 28.249 28.168 28.229 28.308 28.417 28.593 28.688 28.701 28.747 28.822 28.812 28.803 28.620 28.716 28.644 28.936 28.940 28.868 28.716 28.809 28.829 28.810 28.623 28.498 28.321 28.318 28.034 27.967 27.199 27.593 26.946 27.057 26.846 26.510 26.087 25.561 25.108 24.662 23.616 22.643 21.463 21.610 20.444 20.471 20.268 21.070 21.099 21.596 22.599 23.015 23.052 22.942 22.821 22.038 23.299 22.209 23.497 22.842 23.533 24.050 24.132 24.041 23.927 23.313 21.967 21.526 19.858 18.384 16.641 14.995 13.044 11.773 9.945 8.512 7.466 5.403 4.096 3.103 2.245 2.080 1.658 1.376 1.213 1.319 1.080 0.751 0.716 0.607 0.569 0.491 0.000 0.518 0.614 0.621 0.668 0.678 0.843 0.934 0.940 1.068 1.237 1.317 1.505 1.592 1.773 2.012 2.099 2.194 2.482 2.601 2.581 2.692 2.987 3.004 3.200 3.434 3.490 3.565 3.979 4.018 4.160 4.393 4.706 4.883 5.050 5.157 5.498 5.811 5.712 5.539 5.325 5.213 5.029 4.915 4.747 4.604 4.480 4.365 4.177 4.228 4.100 3.778 3.735 3.797 3.629 3.413 3.647 3.454 3.117 3.137 3.160 3.121 2.741 2.837 3.026 2.794 2.497 2.632 2.768 2.811 3.153 3.123 3.497 3.874 3.992 4.170 4.503 4.624 4.847 4.902 4.839 5.177
28.766 28.683 28.597 28.512 28.364 28.300 28.120 27.907 27.939 27.516 27.517 27.132 26.980 26.644 26.553 25.871 25.366 25.397 24.395 23.651 23.765 23.493 22.433 22.436 22.613 22.151 21.636 21.901 22.163 21.523 21.486 21.735 21.520 21.668 21.747 22.393 22.187 22.755 23.172 23.707 24.241 24.554 25.113 25.203 25.660 25.896 26.185 26.585 26.628 26.661 26.900 26.795 27.095 27.453 27.364 27.681 27.626 27.643 27.502 27.197 27.115 27.002 26.833 26.425 26.320 25.455 25.318 24.541 23.876 22.919 22.009 20.931 20.359 20.110 20.120 21.046 22.089 23.236 24.577 25.570 26.245 26.941 27.094 27.581 27.746 27.905 27.845 28.305 28.377 28.309 28.552 28.675 28.744 28.679 28.721 28.947 28.934 28.949 28.941 29.020 29.014 29.045 28.996 28.706 28.790 28.596 28.617 28.330 28.489 28.406 28.317 28.314 28.362 28.513 28.435 28.382 28.359 28.474 28.395 28.427 28.553 28.402 28.590 28.539 28.526 28.590 28.578 28.560 28.643 28.472 28.435 28.301 28.234 28.197 27.991 27.648 27.770 27.141 27.332 26.757 26.944 26.656 26.321 26.045 25.724 25.253 24.906 23.939 23.042 21.785 21.606 20.637 20.605 20.365 21.159 21.188 21.634 22.579 22.932 22.858 22.859 22.747 22.198 23.060 22.212 23.160 22.568 23.126 23.668 23.899 23.693 23.668 22.979 21.943 20.894 19.674 17.860 16.673 14.648 12.977 11.558 9.343 8.679 6.849 5.103 3.732 2.934 2.222 2.015 1.690 1.466 1.278 1.157 1.135 0.994 0.747 0.673 0.625 0.550 0.489 0.000 0.498 0.517 0.539 0.531 0.592 0.666 0.703 0.742 0.820 0.930 1.073 1.099 1.243 1.387 1.565 1.634 1.768 1.897 2.094 2.120 2.268 2.368 2.594 2.815 2.778 2.971 3.258 3.403 3.551 3.810 4.013 4.203 4.397 4.641 4.862 5.165 5.067 4.914 4.721 4.534 4.333 4.248 3.986 3.886 3.828 3.633 3.406 3.540 3.433 3.087 3.016 3.215 2.980 2.640 2.849 2.829 2.507 2.492 2.551 2.453 2.196 2.215 2.328 2.204 1.901 2.126 2.325 2.624 2.664 2.697 2.960 3.185 3.337 3.463 3.777 4.029 4.218 4.234 4.171 4.470
28.841 28.706 28.682 28.518 28.373 28.303 28.209 27.972 27.987 27.728 27.734 27.189 27.220 26.821 26.516 25.830 25.523 25.564 24.536 23.564 23.959 23.609 22.605 22.176 22.705 21.790 21.330 21.644 22.021 21.029 21.099 21.828 21.136 21.100 21.578 21.839 21.846 22.120 22.977 23.332 23.738 24.479 24.827 25.113 24.948 25.789 25.900 26.368 26.355 26.516 26.717 26.590 27.044 27.277 27.319 27.639 27.597 27.590 27.480 27.261 27.175 27.012 26.695 26.361 26.052 25.356 25.247 24.410 23.730 22.796 21.602 20.846 20.080 20.017 19.916 20.613 21.924 22.930 24.162 25.008 25.492 26.481 26.228 27.114 27.385 27.773 27.385 28.197 28.090 28.168 28.415 28.454 28.566 28.617 28.639 28.730 28.823 28.874 28.831 28.958 28.904 28.983 28.933 28.688 28.860 28.474 28.783 28.527 28.694 28.515 28.473 28.404 28.420 28.734 28.682 28.622 28.627 28.724 28.704 28.655 28.693 28.563 28.590 28.518 28.605 28.599 28.539 28.486 28.509 28.415 28.302 28.166 28.049 27.953 27.691 27.722 27.688 26.643 27.281 26.630 26.896 26.518 26.401 25.988 25.513 25.202 24.814 23.995 22.906 21.787 21.599 20.638 20.614 20.224 21.179 21.158 21.611 22.671 23.093 23.165 23.256 23.051 22.354 23.330 22.332 23.279 22.551 23.297 23.841 24.023 23.972 23.832 23.350 22.094 21.312 19.444 18.367 16.905 14.984 13.310 11.748 10.011 8.600 7.242 5.738 3.966 3.192 2.754 2.571 2.082 1.936 1.742 1.502 1.209 1.321 1.041 0.824 0.749 0.626 0.533 0.488 0.000 0.498 0.539 0.524 0.516 0.540 0.613 0.645 0.686 0.794 0.900 0.994 1.026 1.222 1.317 1.472 1.537 1.614 1.804 1.904 1.989 2.027 2.321 2.519 2.428 2.635 3.037 3.160 3.118 3.369 3.677 3.836 3.976 4.223 4.413 4.834 4.816 4.648 4.460 4.235 4.113 3.938 3.678 3.613 3.594 3.419 3.135 3.224 3.095 2.814 2.714 2.869 2.689 2.413 2.572 2.586 2.303 2.251 2.367 2.305 2.027 2.064 2.314 2.050 1.749 1.974 2.138 2.525 2.558 2.480 2.860 3.157 3.247 3.305 3.730 3.830 3.920 4.070 3.943 4.554
28.880 28.850 28.807 28.673 28.509 28.320 28.090 28.024 28.030 27.831 27.597 27.175 27.010 26.888 26.355 26.018 25.294 25.719 24.150 23.351 23.686 23.475 22.219 22.149 22.343 21.717 21.499 21.953 21.955 21.524 20.963 21.632 21.197 21.383 21.711 22.239 21.842 22.418 23.038 23.861 24.402 24.579 25.127 25.190 25.347 25.980 26.151 26.504 26.530 26.838 26.865 26.900 27.201 27.472 27.521 27.773 27.738 27.828 27.753 27.310 27.162 27.282 26.983 26.531 26.003 25.275 24.985 24.217 23.452 22.624 21.492 20.836 20.378 20.153 20.378 21.190 22.637 22.678 24.769 25.237 25.855 26.806 26.478 27.464 27.361 27.785 27.823 28.323 28.240 28.348 28.485 28.641 28.675 28.746 28.763 28.864 28.836 28.886 28.908 28.951 28.937 28.988 28.964 28.848 28.875 28.352 28.543 28.376 28.579 28.350 28.430 28.487 28.507 28.619 28.772 28.780 28.773 28.895 28.777 28.795 28.727 28.831 28.729 28.599 28.834 28.861 28.783 28.712 28.772 28.710 28.655 28.532 28.389 28.282 28.254 27.925 27.822 27.389 27.463 27.068 27.042 26.739 26.529 26.134 25.646 25.245 24.905 24.024 22.890 21.837 21.928 20.690 20.803 20.522 21.527 21.447 21.934 22.747 23.220 23.288 23.341 23.176 22.495 23.779 22.584 23.858 23.117 23.923 24.252 24.357 24.353 24.158 23.682 22.256 21.763 19.941 18.785 17.035 15.376 13.484 12.141 10.160 8.649 7.375 5.695 4.229 3.274 2.743 2.587 2.314 2.051 1.835 1.545 1.355 1.253 1.156 0.997 0.774 0.674 0.578 0.513 0.487 0.000 0.490 0.500 0.507 0.496 0.510 0.544 0.571 0.588 0.665 0.738 0.790 0.851 0.993 1.102 1.150 1.242 1.356 1.440 1.513 1.611 1.907 1.988 1.985 2.175 2.427 2.559 2.641 2.816 3.082 3.267 3.376 3.554 3.894 4.238 4.262 4.138 4.026 3.724 3.603 3.534 3.251 3.153 3.114 2.967 2.749 2.771 2.683 2.439 2.372 2.546 2.343 2.117 2.288 2.310 2.024 2.119 2.132 2.088 1.769 1.819 1.992 1.878 1.612 1.782 2.080 2.415 2.256 2.287 2.716 2.922 3.008 3.110 3.543 3.607 3.652 3.895 3.738 4.221
28.599 28.684 28.623 28.477 28.377 28.324 28.004 27.887 27.996 27.648 27.645 27.113 27.113 26.832 26.393 26.093 25.288 25.348 24.056 23.098 23.480 23.278 22.244 21.887 22.310 21.782 21.411 21.934 22.161 21.524 21.155 21.707 21.250 21.354 21.671 22.169 21.937 22.371 23.092 23.433 24.155 24.383 24.977 25.120 25.264 25.782 26.026 26.428 26.420 26.597 26.715 26.704 27.010 27.458 27.452 27.681 27.499 27.551 27.607 27.165 27.053 27.239 26.597 26.417 26.086 25.175 25.077 24.238 23.356 22.718 21.411 20.742 20.053 19.865 19.913 20.963 22.254 22.924 24.347 25.376 25.926 26.747 26.597 27.341 27.622 27.700 27.690 28.127 28.241 28.185 28.418 28.524 28.585 28.550 28.597 28.755 28.677 28.725 28.708 28.703 28.641 28.715 28.646 28.367 28.452 27.889 28.062 27.899 28.058 28.122 28.097 28.277 28.339 28.351 28.483 28.429 28.415 28.615 28.587 28.545 28.679 28.497 28.617 28.505 28.721 28.703 28.655 28.457 28.648 28.520 28.473 28.313 28.234 28.092 28.048 27.611 27.705 26.758 27.266 26.520 26.726 26.511 26.339 25.845 25.498 25.063 24.706 23.824 22.839 21.457 21.588 20.496 20.713 20.363 21.267 21.348 21.768 22.734 23.016 23.006 23.035 22.957 22.234 23.130 22.462 23.436 23.013 23.685 24.063 24.246 24.043 24.055 23.205 22.335 21.514 20.119 18.623 17.007 15.036 13.437 12.148 9.985 8.767 7.295 5.647 4.314 3.441 2.925 2.664 2.373 2.080 1.932 1.720 1.470 1.389 1.176 1.110 0.931 0.757 0.603 0.528 0.501 0.486 0.000 0.487 0.494 0.495 0.492 0.509 0.541 0.562 0.588 0.651 0.720 0.773 0.847 0.990 1.072 1.145 1.239 1.351 1.438 1.514 1.739 1.899 1.901 2.017 2.310 2.463 2.501 2.683 2.964 3.177 3.270 3.482 3.869 4.202 4.190 4.046 3.928 3.659 3.541 3.538 3.185 3.073 3.082 2.917 2.709 2.768 2.739 2.473 2.375 2.595 2.408 2.146 2.320 2.331 2.072 2.125 2.134 2.109 1.844 1.919 2.043 1.960 1.720 1.899 2.205 2.458 2.359 2.363 2.742 2.911 2.981 3.189 3.512 3.624 3.781 3.993 3.885 4.337
28.775 28.620 28.699 28.475 28.333 28.279 28.065 27.892 28.053 27.680 27.619 27.180 27.068 26.703 26.409 26.133 25.451 25.669 24.410 23.591 24.076 23.537 22.523 22.316 22.578 21.897 21.650 21.927 22.051 21.514 21.272 21.652 21.293 21.494 21.602 22.177 21.963 22.512 23.020 23.415 24.006 24.508 24.972 25.186 25.474 25.999 26.066 26.455 26.554 26.679 26.760 26.758 26.928 27.276 27.372 27.544 27.688 27.609 27.518 27.253 27.139 27.100 26.651 26.459 26.040 25.518 25.185 24.412 23.685 23.075 21.817 20.988 20.229 20.132 20.062 21.056 22.067 22.893 24.190 24.804 25.817 26.610 26.812 27.372 27.522 27.939 27.772 28.370 28.388 28.261 28.560 28.664 28.687 28.688 28.673 28.878 28.968 28.941 28.923 29.017 29.008 29.055 29.031 28.752 28.934 28.697 28.778 28.557 28.699 28.496 28.492 28.414 28.394 28.671 28.615 28.648 28.561 28.696 28.618 28.616 28.625 28.502 28.561 28.516 28.597 28.585 28.520 28.554 28.562 28.452 28.374 28.243 28.320 28.075 27.902 27.846 27.766 27.112 27.360 26.947 26.916 26.718 26.461 26.169 25.596 25.392 24.983 24.085 23.060 21.962 21.875 20.756 20.872 20.514 21.440 21.403 21.702 22.654 23.032 22.997 23.060 23.009 22.307 23.494 22.385 23.464 22.854 23.446 23.986 24.179 24.111 23.845 23.347 22.256 21.456 19.940 18.654 17.327 15.310 13.618 12.136 10.066 8.906 7.324 5.791 4.239 3.590 2.955 2.640 2.399 2.283 1.971 1.680 1.568 1.374 1.177 1.042 1.015 0.814 0.631 0.556 0.509 0.491 0.485 0.000 0.488 0.491 0.491 0.490 0.501 0.514 0.546 0.561 0.607 0.663 0.743 0.822 0.922 1.008 1.096 1.188 1.304 1.348 1.638 1.746 1.762 1.917 2.152 2.328 2.373 2.578 2.814 2.998 3.065 3.356 3.633 3.946 4.011 3.887 3.730 3.415 3.372 3.254 2.965 2.858 2.938 2.727 2.496 2.587 2.553 2.280 2.174 2.423 2.173 1.942 2.145 2.151 1.879 1.929 2.002 1.973 1.631 1.805 1.888 1.766 1.511 1.789 2.043 2.329 2.297 2.201 2.579 2.830 2.874 3.012 3.356 3.490 3.596 3.769 3.672 4.218
28.763 28.722 28.611 28.434 28.348 28.327 28.173 28.047 28.038 27.811 27.686 27.251 27.134 26.911 26.417 26.133 25.499 25.841 24.503 23.747 24.147 23.576 22.559 22.241 22.678 21.884 21.521 22.039 21.985 21.448 21.190 21.661 20.956 21.235 21.566 21.905 21.618 22.271 22.890 23.285 23.929 24.437 24.859 25.102 25.149 25.884 26.044 26.346 26.465 26.767 26.811 26.894 27.116 27.249 27.400 27.584 27.754 27.697 27.679 27.227 27.214 27.168 26.642 26.344 25.924 25.189 24.962 24.157 23.246 22.561 21.240 20.644 19.895 19.853 19.889 20.910 22.245 22.729 24.559 24.996 25.769 26.779 26.520 27.329 27.347 27.675 27.775 28.299 28.166 28.212 28.395 28.604 28.571 28.645 28.664 28.714 28.768 28.880 28.802 28.918 28.846 28.957 28.918 28.787 28.992 28.566 28.745 28.623 28.795 28.642 28.526 28.574 28.609 28.811 28.867 28.832 28.787 28.908 28.844 28.785 28.681 28.647 28.730 28.627 28.767 28.724 28.631 28.570 28.632 28.514 28.413 28.295 28.359 28.091 27.982 27.833 27.724 27.054 27.350 26.824 26.883 26.574 26.414 26.104 25.594 25.321 24.927 24.135 22.721 21.754 21.747 20.585 20.753 20.452 21.507 21.458 21.914 22.794 23.231 23.320 23.496 23.278 22.685 23.578 22.734 23.573 23.078 23.728 24.033 24.303 24.213 23.993 23.821 22.511 21.559 19.774 18.753 16.955 15.276 13.354 11.862 9.937 8.714 7.154 5.819 4.314 3.635 3.352 2.941 2.546 2.445 2.343 1.970 1.750 1.650 1.354 1.150 1.005 0.882 0.722 0.587 0.515 0.494 0.490 0.485 0.000 0.486 0.489 0.492 0.489 0.496 0.520 0.535 0.552 0.604 0.693 0.745 0.829 0.930 1.028 1.098 1.204 1.286 1.541 1.655 1.680 1.837 2.082 2.287 2.311 2.480 2.748 2.950 3.025 3.213 3.525 3.844 3.898 3.798 3.628 3.354 3.345 3.242 2.897 2.867 2.882 2.646 2.468 2.499 2.508 2.161 2.115 2.341 2.055 1.886 2.068 2.119 1.765 1.914 1.962 1.859 1.621 1.758 1.869 1.777 1.515 1.790 2.193 2.435 2.340 2.343 2.705 2.967 2.973 3.162 3.524 3.608 3.659 3.856 3.701 4.271
28.753 28.717 28.656 28.460 28.318 28.233 27.984 27.997 27.994 27.674 27.614 26.979 27.097 26.782 26.411 25.884 25.332 25.566 24.268 23.449 23.748 23.539 22.479 22.351 22.664 22.031 21.709 22.113 22.067 21.392 21.147 21.676 21.101 21.467 21.708 22.077 21.752 22.225 22.970 23.565 24.172 24.443 24.876 25.150 25.332 25.861 26.026 26.265 26.443 26.674 26.883 26.816 27.227 27.444 27.403 27.672 27.769 27.712 27.581 27.306 27.301 27.117 26.785 26.218 25.986 25.102 24.950 24.113 23.301 22.729 21.354 20.718 20.101 19.860 20.122 21.024 22.349 22.837 24.294 24.851 25.701 26.475 26.464 27.128 27.294 27.514 27.632 28.187 28.146 28.113 28.383 28.545 28.507 28.573 28.587 28.705 28.713 28.747 28.702 28.756 28.721 28.756 28.769 28.764 28.646 28.164 28.356 28.190 28.215 28.265 28.289 28.404 28.398 28.443 28.596 28.548 28.553 28.558 28.651 28.606 28.653 28.704 28.646 28.617 28.675 28.646 28.574 28.627 28.615 28.472 28.462 28.345 28.372 28.152 27.934 27.764 27.694 27.271 27.323 26.942 26.767 26.782 26.298 26.024 25.573 25.226 24.845 23.925 22.930 21.552 21.902 20.419 20.805 20.385 21.360 21.526 21.791 22.960 23.170 23.274 23.175 23.066 22.389 23.674 22.574 23.801 23.266 23.941 24.350 24.341 24.314 24.130 23.708 22.444 21.817 20.205 18.918 17.235 15.469 13.598 12.453 10.196 8.770 7.330 5.776 4.610 3.645 3.283 3.310 2.632 2.363 2.438 2.036 1.804 1.710 1.430 1.210 1.032 0.892 0.750 0.627 0.529 0.496 0.492 0.487 0.485 0.000 0.485 0.488 0.490 0.488 0.495 0.517 0.525 0.544 0.598 0.683 0.734 0.791 0.911 0.993 1.069 1.150 1.345 1.461 1.496 1.634 1.854 2.024 2.101 2.276 2.499 2.738 2.853 3.068 3.484 3.801 3.803 3.756 3.608 3.379 3.314 3.257 2.896 2.770 2.783 2.609 2.390 2.423 2.441 2.149 2.106 2.286 2.117 1.919 2.023 2.176 1.856 1.932 2.031 1.988 1.689 1.742 1.916 1.753 1.615 1.758 2.037 2.361 2.334 2.267 2.634 2.929 3.000 3.141 3.481 3.576 3.709 3.935 3.852 4.278
28.802 28.791 28.733 28.580 28.412 28.362 28.189 28.051 28.155 27.825 27.744 27.183 27.184 26.809 26.461 26.087 25.358 25.496 24.332 23.720 23.862 23.561 22.522 22.374 22.788 22.322 21.714 21.978 22.276 21.513 21.260 21.759 21.387 21.533 21.725 22.353 22.004 22.597 22.995 23.417 24.277 24.486 25.134 25.315 25.772 26.049 26.132 26.476 26.540 26.824 26.802 26.753 27.069 27.318 27.377 27.554 27.543 27.571 27.372 27.147 27.134 26.901 26.530 26.219 25.954 25.196 24.961 24.203 23.473 22.873 21.599 20.830 19.973 19.752 19.809 20.774 21.935 23.047 24.136 24.907 25.884 26.720 26.816 27.415 27.682 27.843 27.830 28.274 28.457 28.355 28.569 28.623 28.780 28.714 28.698 28.887 28.910 28.906 28.917 28.921 28.894 28.878 28.896 28.704 28.600 28.363 28.361 28.176 28.180 28.171 28.216 28.425 28.483 28.511 28.672 28.593 28.585 28.645 28.703 28.670 28.723 28.710 28.717 28.733 28.750 28.769 28.689 28.727 28.715 28.562 28.554 28.362 28.338 28.172 28.016 27.792 27.631 27.307 27.331 26.904 26.828 26.800 26.441 26.211 25.817 25.479 24.984 24.150 23.279 21.747 21.957 20.675 21.114 20.461 21.401 21.511 21.874 22.967 23.227 23.218 23.167 23.131 22.409 23.526 22.561 23.604 23.103 23.949 24.265 24.466 24.239 24.169 23.649 22.748 21.697 20.280 19.159 17.448 15.379 13.866 12.459 10.275 9.162 7.483 5.910 4.595 3.843 3.308 3.124 2.830 2.478 2.344 2.092 1.925 1.795 1.493 1.339 1.149 0.920 0.761 0.654 0.553 0.500 0.496 0.489 0.486 0.485 0.000 0.485 0.488 0.488 0.488 0.493 0.513 0.523 0.558 0.622 0.678 0.734 0.818 0.930 1.047 1.133 1.328 1.458 1.496 1.595 1.833 2.041 2.045 2.247 2.495 2.725 2.784 3.009 3.416 3.713 3.676 3.644 3.462 3.236 3.212 3.108 2.814 2.670 2.772 2.575 2.321 2.430 2.451 2.154 2.087 2.314 2.134 1.904 2.089 2.153 1.929 1.953 2.040 1.974 1.682 1.772 1.960 1.805 1.650 1.929 2.112 2.420 2.323 2.285 2.659 2.866 2.943 3.118 3.419 3.492 3.690 3.808 3.803 4.162
28.756 28.871 28.706 28.590 28.505 28.433 28.176 28.113 28.133 27.869 27.803 27.240 27.106 26.828 26.358 26.111 25.219 25.703 24.443 23.602 24.066 23.530 22.667 22.285 22.617 21.850 21.554 22.013 21.886 21.481 21.235 21.538 21.075 21.247 21.499 21.677 21.698 22.165 22.803 23.318 23.812 24.356 24.787 25.117 25.061 25.904 25.985 26.197 26.353 26.563 26.669 26.610 26.991 27.169 27.373 27.497 27.629 27.467 27.458 27.054 27.143 26.989 26.535 26.365 25.941 25.303 25.059 24.295 23.485 22.610 21.352 20.642 19.852 19.788 19.779 20.879 22.006 22.772 24.385 24.686 25.615 26.596 26.550 27.291 27.469 27.717 27.730 28.318 28.276 28.293 28.506 28.652 28.724 28.771 28.754 28.828 28.994 29.000 28.956 29.100 29.077 29.109 29.060 28.859 29.031 28.553 28.838 28.652 28.819 28.625 28.529 28.506 28.529 28.719 28.784 28.779 28.725 28.881 28.798 28.753 28.790 28.489 28.757 28.491 28.719 28.652 28.596 28.638 28.670 28.492 28.384 28.263 28.322 28.073 27.923 27.760 27.689 27.067 27.357 26.894 26.830 26.713 26.440 26.140 25.592 25.278 24.900 24.136 22.786 21.818 21.700 20.466 20.778 20.335 21.282 21.377 21.752 22.610 23.070 23.093 23.133 22.933 22.399 23.482 22.402 23.239 22.649 23.240 23.875 24.110 24.006 23.694 23.331 22.449 21.290 19.620 19.140 17.211 15.658 13.492 12.159 10.317 8.939 7.175 5.799 4.420 3.802 3.376 3.039 2.758 2.623 2.455 2.050 1.960 2.034 1.651 1.388 1.274 1.049 0.825 0.700 0.607 0.533 0.505 0.493 0.489 0.487 0.485 0.000 0.485 0.488 0.488 0.488 0.496 0.513 0.543 0.574 0.634 0.706 0.784 0.859 0.988 1.082 1.323 1.423 1.480 1.576 1.814 2.017 2.063 2.270 2.460 2.697 2.770 2.984 3.318 3.608 3.658 3.568 3.451 3.143 3.099 2.995 2.698 2.632 2.648 2.464 2.255 2.324 2.361 2.043 2.012 2.231 2.019 1.795 2.014 2.067 1.804 1.912 1.930 1.913 1.635 1.764 1.910 1.746 1.591 1.876 2.105 2.362 2.277 2.218 2.592 2.837 2.848 3.025 3.422 3.484 3.584 3.837 3.681 4.266
28.613 28.740 28.535 28.417 28.344 28.279 28.064 28.121 28.033 27.844 27.754 27.104 27.189 26.752 26.411 25.676 25.190 25.425 24.115 23.516 23.684 23.319 22.230 22.092 22.381 21.558 21.256 21.505 21.523 20.975 20.977 21.211 20.575 21.187 21.158 21.718 21.231 21.869 22.598 23.071 23.710 24.175 24.709 24.965 24.872 25.710 25.894 26.075 26.240 26.557 26.731 26.617 27.092 27.202 27.411 27.598 27.541 27.667 27.514 27.089 27.150 26.972 26.529 26.140 25.824 24.915 24.749 23.943 23.055 22.280 20.861 20.232 19.529 19.513 19.387 20.374 21.681 22.591 23.891 24.449 25.608 26.324 26.445 27.049 27.325 27.777 27.439 28.084 28.183 28.113 28.189 28.529 28.417 28.490 28.557 28.610 28.615 28.798 28.673 28.808 28.738 28.767 28.779 28.681 28.597 28.363 28.472 28.291 28.349 28.423 28.349 28.405 28.375 28.600 28.645 28.611 28.643 28.742 28.749 28.688 28.741 28.654 28.708 28.551 28.697 28.691 28.564 28.617 28.645 28.442 28.385 28.250 28.211 28.146 27.903 27.710 27.701 27.018 27.307 26.842 26.768 26.622 26.184 25.916 25.396 25.000 24.491 23.748 22.482 21.250 21.587 20.175 20.452 20.076 21.078 21.084 21.517 22.471 22.906 23.184 23.168 23.188 22.430 23.358 22.476 23.474 22.961 23.558 24.014 24.261 24.112 23.827 23.536 22.468 21.649 20.032 18.930 17.319 15.584 13.577 12.342 10.428 9.079 7.482 5.956 4.623 3.778 3.526 3.420 2.762 2.603 2.647 2.154 1.880 1.908 1.662 1.444 1.282 1.102 0.883 0.737 0.624 0.571 0.534 0.500 0.494 0.490 0.487 0.485 0.000 0.485 0.488 0.490 0.490 0.494 0.529 0.558 0.577 0.643 0.749 0.789 0.883 1.011 1.224 1.294 1.371 1.487 1.659 1.896 1.996 2.100 2.294 2.574 2.679 2.805 3.165 3.439 3.486 3.427 3.258 2.996 2.971 2.838 2.566 2.459 2.489 2.294 2.101 2.182 2.163 1.894 1.934 2.058 1.866 1.659 1.922 1.997 1.670 1.731 1.898 1.829 1.612 1.684 1.932 1.793 1.677 1.813 2.094 2.368 2.325 2.326 2.671 2.909 2.917 3.080 3.445 3.562 3.559 3.762 3.644 4.127
28.706 28.758 28.640 28.468 28.302 28.273 28.111 28.115 28.087 27.823 27.714 27.146 27.063 26.808 26.369 26.005 25.356 25.404 24.110 23.518 23.679 23.300 22.356 22.267 22.457 21.912 21.667 21.917 21.966 21.322 21.233 21.570 21.258 21.308 21.593 22.071 21.582 22.313 22.651 23.373 23.871 24.249 24.703 25.000 25.370 25.761 25.933 26.179 26.418 26.589 26.808 26.766 27.085 27.275 27.270 27.538 27.596 27.618 27.485 27.218 27.250 26.905 26.683 26.139 25.897 24.827 24.729 23.865 23.013 22.509 21.121 20.467 19.831 19.634 19.772 20.421 21.676 22.486 23.683 24.596 25.523 26.421 26.687 27.241 27.439 27.696 27.867 28.207 28.414 28.340 28.508 28.622 28.701 28.589 28.629 28.797 28.733 28.720 28.675 28.673 28.653 28.624 28.671 28.504 28.493 28.169 28.329 28.184 28.208 28.171 28.192 28.321 28.328 28.452 28.524 28.540 28.523 28.590 28.680 28.618 28.686 28.647 28.672 28.526 28.723 28.679 28.601 28.616 28.566 28.437 28.442 28.264 28.302 28.085 27.960 27.630 27.548 27.259 27.179 26.761 26.722 26.540 26.224 25.929 25.555 25.108 24.640 23.597 22.795 21.345 21.748 20.321 20.750 20.223 21.245 21.386 21.638 22.750 23.077 23.181 22.992 23.027 22.442 23.376 22.692 23.609 23.278 23.989 24.251 24.429 24.344 24.116 23.752 22.766 21.829 20.479 19.330 17.514 15.631 13.870 12.719 10.440 9.229 7.555 6.054 4.885 3.946 3.557 3.465 2.977 2.656 2.681 2.329 2.015 1.955 1.786 1.557 1.384 1.146 0.970 0.818 0.683 0.591 0.564 0.524 0.497 0.490 0.489 0.487 0.485 0.000 0.486 0.488 0.489 0.488 0.497 0.529 0.549 0.574 0.652 0.739 0.827 0.913 1.150 1.248 1.294 1.392 1.593 1.812 1.906 2.009 2.204 2.460 2.551 2.697 3.090 3.354 3.356 3.349 3.202 2.973 2.982 2.840 2.551 2.496 2.563 2.331 2.177 2.284 2.275 2.071 2.005 2.194 1.994 1.776 2.061 2.121 1.788 1.796 2.020 1.859 1.576 1.736 1.903 1.747 1.628 1.818 2.049 2.283 2.241 2.270 2.626 2.828 2.831 3.105 3.417 3.505 3.622 3.809 3.761 4.166
28.875 28.809 28.662 28.556 28.382 28.347 28.132 28.101 28.176 27.921 27.761 27.317 27.315 26.793 26.375 26.010 25.387 25.488 24.377 23.775 24.076 23.668 22.651 22.505 22.726 22.099 21.746 21.901 21.961 21.356 21.416 21.465 21.198 21.552 21.540 22.136 21.788 22.671 22.844 23.456 24.105 24.462 24.962 25.218 25.434 25.933 26.023 26.302 26.309 26.692 26.663 26.726 27.023 27.228 27.316 27.440 27.543 27.507 27.372 27.285 27.324 26.829 26.617 26.191 25.903 25.300 24.999 24.119 23.425 22.647 21.347 20.679 19.892 19.809 19.780 20.552 21.508 23.068 23.890 24.702 25.641 26.512 26.687 27.180 27.544 27.723 27.879 28.275 28.486 28.272 28.701 28.636 28.801 28.703 28.712 28.903 28.994 28.982 28.997 29.028 28.977 29.047 29.087 28.872 28.913 28.675 28.711 28.475 28.516 28.457 28.489 28.525 28.475 28.795 28.797 28.748 28.723 28.823 28.772 28.744 28.815 28.760 28.821 28.772 28.730 28.752 28.600 28.769 28.691 28.474 28.452 28.265 28.284 28.180 27.998 27.754 27.494 27.178 27.197 26.744 26.713 26.724 26.292 26.066 25.572 25.212 24.726 23.984 22.967 21.891 21.921 20.742 21.138 20.552 21.426 21.480 21.889 22.873 23.198 23.354 23.180 23.265 22.781 23.627 22.965 23.643 23.307 24.060 24.235 24.484 24.254 24.207 23.699 23.113 21.621 20.367 19.569 17.693 15.868 14.001 12.765 10.840 9.653 7.924 6.510 4.941 4.319 3.829 3.382 3.296 2.991 2.629 2.409 2.215 2.169 1.858 1.657 1.541 1.301 1.102 0.954 0.822 0.660 0.609 0.559 0.527 0.498 0.492 0.490 0.488 0.485 0.000 0.485 0.490 0.489 0.489 0.508 0.553 0.547 0.607 0.685 0.796 0.873 1.100 1.217 1.313 1.425 1.607 1.841 1.882 2.064 2.284 2.548 2.599 2.794 3.210 3.469 3.425 3.375 3.300 2.927 3.013 2.809 2.542 2.497 2.552 2.351 2.159 2.262 2.260 2.035 2.058 2.223 1.993 1.766 2.080 2.064 1.831 1.923 2.012 1.860 1.624 1.793 1.957 1.784 1.626 1.998 2.194 2.481 2.431 2.345 2.697 2.904 2.944 3.111 3.450 3.567 3.646 3.829 3.768 4.223
28.796 28.800 28.611 28.553 28.434 28.383 28.193 28.155 28.068 27.891 27.857 27.417 27.305 27.076 26.572 25.847 25.385 25.538 24.369 23.718 23.965 23.390 22.415 22.307 22.690 21.767 21.472 21.761 21.771 21.048 21.189 21.385 20.735 20.949 21.347 21.508 21.343 21.961 22.546 23.152 23.591 24.249 24.692 25.139 24.908 25.866 26.003 26.229 26.284 26.674 26.890 26.734 27.213 27.311 27.434 27.591 27.618 27.554 27.466 27.209 27.278 26.910 26.587 26.268 25.946 24.999 24.862 23.986 23.227 22.354 21.083 20.471 19.596 19.625 19.565 20.623 21.709 22.858 24.007 24.541 25.601 26.326 26.438 27.037 27.321 27.855 27.563 28.228 28.300 28.352 28.445 28.673 28.722 28.705 28.765 28.799 28.813 28.989 28.895 29.020 28.954 29.015 28.962 28.849 28.844 28.745 28.703 28.581 28.549 28.689 28.518 28.486 28.476 28.731 28.730 28.677 28.687 28.851 28.750 28.690 28.837 28.649 28.903 28.688 28.735 28.702 28.642 28.800 28.818 28.518 28.485 28.325 28.413 28.267 28.040 27.787 27.684 27.073 27.380 26.791 26.885 26.712 26.312 26.054 25.602 25.103 24.609 23.838 22.594 21.605 21.504 20.408 20.742 20.120 21.116 20.959 21.706 22.377 22.827 23.012 23.104 23.080 22.506 23.183 22.524 23.326 22.787 23.484 23.895 24.108 24.059 23.880 23.540 22.718 21.672 20.098 19.344 17.554 15.928 14.010 12.780 10.999 9.509 7.739 6.148 4.895 4.090 3.689 3.309 2.972 2.844 2.610 2.283 2.123 2.140 1.810 1.600 1.546 1.314 1.093 0.949 0.849 0.719 0.647 0.570 0.541 0.515 0.494 0.489 0.489 0.486 0.485 0.000 0.485 0.487 0.488 0.492 0.508 0.535 0.574 0.616 0.720 0.843 1.034 1.144 1.208 1.328 1.490 1.737 1.822 1.942 2.175 2.461 2.515 2.668 3.099 3.364 3.363 3.276 3.198 2.889 2.920 2.758 2.453 2.381 2.420 2.233 2.065 2.165 2.146 1.914 1.933 2.129 1.888 1.631 1.922 2.004 1.694 1.841 1.944 1.791 1.557 1.786 1.870 1.918 1.716 1.923 2.170 2.356 2.315 2.312 2.691 2.802 2.801 3.049 3.435 3.490 3.546 3.826 3.626 4.242
28.813 28.749 28.634 28.424 28.323 28.277 28.132 28.111 28.098 27.916 27.752 27.099 27.180 26.893 26.419 25.885 25.391 25.523 24.287 23.679 23.774 23.520 22.433 22.357 22.432 21.935 21.692 21.875 21.844 21.259 21.395 21.393 20.993 21.593 21.526 22.169 21.415 22.328 22.923 23.396 24.015 24.376 24.813 25.116 25.347 25.884 26.066 26.107 26.372 26.672 26.794 26.775 27.091 27.239 27.330 27.528 27.609 27.667 27.418 27.168 27.244 26.951 26.515 26.050 25.804 24.922 24.742 23.882 23.100 22.537 21.127 20.682 19.777 19.831 19.692 20.783 21.881 22.828 24.046 24.679 25.791 26.502 26.705 27.160 27.344 27.768 27.824 28.150 28.293 28.232 28.346 28.647 28.554 28.525 28.617 28.714 28.704 28.857 28.767 28.814 28.747 28.708 28.745 28.625 28.570 28.579 28.505 28.368 28.389 28.419 28.427 28.477 28.539 28.620 28.600 28.517 28.602 28.636 28.687 28.661 28.679 28.700 28.720 28.695 28.706 28.640 28.567 28.707 28.642 28.437 28.391 28.289 28.343 28.162 27.959 27.792 27.479 27.268 27.285 26.850 26.731 26.604 26.221 25.950 25.474 25.075 24.528 23.656 22.662 21.447 21.720 20.354 20.802 20.356 21.289 21.311 21.747 22.677 23.039 23.190 23.187 23.304 22.602 23.524 22.720 23.672 23.374 23.872 24.197 24.475 24.328 24.030 23.555 22.600 21.778 20.372 18.989 17.476 15.617 13.875 12.681 10.428 9.154 7.540 5.980 4.829 4.068 3.686 3.402 2.945 2.747 2.658 2.387 2.111 2.123 1.922 1.699 1.526 1.366 1.165 1.027 0.856 0.780 0.728 0.612 0.551 0.542 0.522 0.495 0.489 0.488 0.488 0.485 0.000 0.485 0.489 0.494 0.495 0.502 0.553 0.593 0.645 0.776 0.992 1.030 1.096 1.223 1.386 1.570 1.718 1.827 2.002 2.289 2.359 2.471 2.859 3.082 3.042 3.024 2.931 2.683 2.748 2.600 2.320 2.222 2.279 2.158 1.979 2.073 2.053 1.806 1.859 2.097 1.875 1.585 1.942 2.008 1.686 1.754 1.957 1.788 1.573 1.758 1.892 1.710 1.626 1.834 2.052 2.355 2.322 2.244 2.679 2.858 2.854 3.065 3.460 3.497 3.546 3.819 3.755 4.142
28.716 28.809 28.666 28.547 28.416 28.393 28.165 28.079 28.090 27.839 27.718 27.056 27.078 26.664 26.246 25.798 25.158 25.260 24.179 23.566 23.619 23.221 22.136 22.156 22.514 21.936 21.445 21.759 21.871 21.132 21.195 21.408 21.035 21.257 21.488 21.993 21.435 22.321 22.601 23.271 23.742 24.381 24.781 24.952 25.336 25.745 25.956 26.209 26.277 26.563 26.605 26.700 26.918 27.057 27.258 27.375 27.449 27.444 27.302 27.083 27.092 26.767 26.421 26.075 25.735 24.941 24.679 23.844 23.249 22.559 21.314 20.596 19.918 19.819 20.002 20.683 21.669 22.896 23.680 24.464 25.452 26.235 26.702 27.045 27.437 27.676 27.893 28.036 28.388 28.168 28.383 28.648 28.672 28.548 28.611 28.832 28.765 28.826 28.780 28.806 28.757 28.735 28.765 28.556 28.574 28.460 28.479 28.196 28.235 28.284 28.231 28.315 28.387 28.541 28.580 28.439 28.478 28.598 28.590 28.519 28.600 28.528 28.600 28.663 28.599 28.582 28.501 28.526 28.554 28.386 28.370 28.210 28.251 28.068 27.847 27.567 27.423 27.108 27.121 26.565 26.630 26.520 26.124 25.917 25.398 25.050 24.395 23.656 22.796 21.580 21.720 20.400 20.922 20.365 21.268 21.322 21.565 22.551 22.956 23.017 23.053 23.137 22.647 23.247 22.813 23.543 23.200 23.823 24.192 24.504 24.408 24.105 23.681 22.953 21.835 20.613 19.597 17.819 15.951 14.204 13.109 10.734 9.416 7.762 6.246 5.016 4.306 3.834 3.596 3.205 2.934 2.829 2.615 2.320 2.208 2.032 1.817 1.723 1.474 1.288 1.138 0.991 0.843 0.808 0.702 0.614 0.562 0.539 0.518 0.497 0.490 0.492 0.487 0.485 0.000 0.487 0.490 0.494 0.490 0.506 0.551 0.606 0.710 0.884 0.974 1.035 1.122 1.316 1.551 1.641 1.806 1.967 2.264 2.332 2.462 2.838 3.122 3.147 3.110 3.049 2.781 2.847 2.656 2.377 2.340 2.421 2.216 2.047 2.133 2.174 1.916 1.924 2.101 1.945 1.656 1.972 2.029 1.720 1.775 1.922 1.804 1.546 1.640 1.880 1.724 1.679 1.879 2.120 2.400 2.279 2.246 2.648 2.827 2.895 3.093 3.443 3.493 3.577 3.735 3.698 4.050
28.768 28.655 28.561 28.509 28.253 28.188 28.051 27.927 28.012 27.763 27.623 27.253 27.203 26.556 26.266 25.842 25.404 25.330 24.179 23.567 23.870 23.362 22.477 22.130 22.479 21.730 21.500 21.640 21.728 20.964 21.277 21.304 20.924 21.298 21.450 21.819 21.499 22.226 22.550 23.293 23.736 24.277 24.633 25.002 25.029 25.731 25.784 26.095 26.164 26.535 26.528 26.630 26.854 27.086 27.204 27.292 27.471 27.395 27.200 27.204 27.197 26.702 26.615 26.132 25.804 25.211 24.853 24.010 23.323 22.511 21.139 20.509 19.805 19.769 19.756 20.805 21.748 23.073 24.078 24.604 25.571 26.380 26.428 27.104 27.419 27.642 27.614 28.249 28.481 28.213 28.606 28.656 28.782 28.633 28.694 28.875 28.897 28.926 28.937 29.043 28.989 29.071 29.007 28.882 28.938 28.659 28.744 28.494 28.580 28.578 28.575 28.544 28.548 28.877 28.844 28.812 28.823 28.999 28.843 28.794 28.891 28.678 28.855 28.651 28.689 28.708 28.548 28.703 28.649 28.402 28.369 28.221 28.201 28.130 27.926 27.646 27.489 26.936 27.147 26.569 26.660 26.567 26.097 25.937 25.518 25.081 24.576 23.739 22.666 21.714 21.808 20.560 20.875 20.320 21.260 21.216 21.765 22.704 23.030 23.098 23.229 23.029 22.730 23.438 22.827 23.432 23.243 23.994 24.016 24.540 24.396 24.227 23.681 23.291 21.779 20.194 19.521 17.718 16.038 14.174 12.852 11.320 9.873 8.159 6.752 5.247 4.638 4.202 3.763 3.453 3.164 2.957 2.657 2.527 2.469 2.133 1.955 1.811 1.656 1.447 1.277 1.154 0.990 0.892 0.858 0.765 0.653 0.600 0.566 0.533 0.498 0.495 0.490 0.487 0.485 0.000 0.485 0.493 0.493 0.497 0.523 0.629 0.693 0.889 0.992 1.059 1.142 1.355 1.596 1.650 1.845 2.040 2.279 2.357 2.550 3.014 3.294 3.250 3.186 3.134 2.753 2.834 2.640 2.367 2.304 2.347 2.223 2.008 2.096 2.032 1.819 1.949 2.040 1.980 1.646 1.990 2.079 1.733 1.875 1.961 1.908 1.580 1.794 1.932 1.878 1.761 2.016 2.220 2.467 2.453 2.394 2.709 2.895 2.913 3.133 3.411 3.546 3.711 3.878 3.762 4.283
28.626 28.645 28.576 28.463 28.336 28.230 28.057 27.982 27.916 27.803 27.689 27.209 27.169 27.016 26.442 25.624 25.293 25.579 24.083 23.317 23.731 23.244 22.108 21.967 22.351 21.415 21.208 21.477 21.489 20.565 21.156 21.308 20.591 20.932 21.240 21.606 21.132 21.830 22.358 23.104 23.459 24.181 24.481 24.895 24.751 25.706 25.886 26.039 26.091 26.525 26.653 26.543 26.982 27.105 27.263 27.425 27.518 27.451 27.319 27.023 27.090 26.765 26.402 26.024 25.658 24.780 24.640 23.740 23.056 22.101 20.778 20.325 19.496 19.632 19.581 20.749 21.754 22.883 24.019 24.620 25.787 26.302 26.473 26.999 27.295 27.797 27.554 28.060 28.255 28.191 28.345 28.629 28.636 28.596 28.664 28.774 28.736 28.895 28.848 28.917 28.891 28.919 28.908 28.771 28.782 28.581 28.736 28.606 28.504 28.603 28.505 28.440 28.483 28.753 28.705 28.671 28.677 28.790 28.730 28.670 28.758 28.609 28.841 28.644 28.642 28.662 28.553 28.670 28.689 28.421 28.401 28.255 28.251 28.163 27.792 27.691 27.503 26.827 27.240 26.587 26.706 26.428 26.100 25.824 25.461 24.937 24.288 23.568 22.204 21.171 21.259 20.106 20.372 19.844 20.871 20.652 21.558 22.183 22.607 22.923 22.834 23.057 22.348 23.064 22.422 23.121 22.880 23.541 23.731 24.102 24.114 23.788 23.484 22.617 21.594 20.036 19.164 17.540 15.742 13.970 12.842 10.892 9.639 7.991 6.439 5.267 4.439 3.990 3.716 3.285 3.085 2.943 2.642 2.436 2.452 2.162 1.932 1.823 1.695 1.469 1.289 1.189 1.059 0.974 0.850 0.804 0.756 0.663 0.596 0.576 0.532 0.503 0.494 0.494 0.488 0.486 0.000 0.485 0.490 0.494 0.503 0.557 0.660 0.818 0.884 0.992 1.087 1.239 1.451 1.572 1.755 1.920 2.209 2.288 2.424 2.839 3.130 3.110 3.067 3.001 2.710 2.808 2.497 2.277 2.210 2.263 2.231 1.976 2.164 2.113 1.841 1.884 2.139 2.029 1.618 1.981 2.130 1.777 1.905 1.982 1.995 1.769 1.788 2.017 1.911 1.724 1.968 2.213 2.515 2.418 2.486 2.841 3.035 2.955 3.182 3.660 3.680 3.663 3.929 3.846 4.299
28.826 28.785 28.646 28.500 28.395 28.414 28.100 28.033 28.023 27.816 27.805 27.167 27.146 26.740 26.424 25.971 25.348 25.320 24.305 23.830 23.689 23.466 22.291 22.390 22.341 21.842 21.624 21.824 21.717 21.267 21.267 21.407 20.891 21.433 21.318 21.817 21.342 22.113 22.700 23.279 23.791 24.334 24.565 25.003 25.073 25.794 25.974 25.942 26.273 26.440 26.588 26.762 26.934 27.068 27.339 27.459 27.536 27.514 27.365 27.185 27.070 26.843 26.425 25.990 25.560 24.792 24.466 23.646 22.933 22.223 21.136 20.630 19.851 19.803 19.917 20.861 21.794 22.887 23.748 24.548 25.639 26.359 26.671 27.089 27.333 27.704 27.835 28.036 28.282 28.213 28.332 28.585 28.519 28.536 28.596 28.639 28.607 28.757 28.704 28.717 28.712 28.684 28.696 28.680 28.507 28.532 28.541 28.386 28.346 28.501 28.382 28.400 28.444 28.552 28.665 28.585 28.619 28.677 28.729 28.647 28.714 28.685 28.694 28.718 28.708 28.702 28.597 28.701 28.662 28.466 28.403 28.304 28.288 28.138 27.807 27.639 27.369 27.059 27.140 26.579 26.498 26.475 26.012 25.773 25.268 24.783 24.197 23.429 22.417 21.442 21.478 20.272 20.629 20.202 21.034 21.213 21.414 22.601 22.784 22.981 22.853 23.013 22.419 23.213 22.716 23.489 23.266 23.870 24.144 24.523 24.464 24.039 23.630 22.891 21.609 20.451 19.241 17.630 15.766 14.125 12.959 10.667 9.531 7.977 6.475 5.282 4.567 4.164 3.923 3.509 3.278 3.150 2.903 2.654 2.579 2.426 2.250 2.049 1.920 1.749 1.568 1.397 1.279 1.200 1.063 0.982 0.921 0.825 0.728 0.654 0.606 0.569 0.523 0.513 0.496 0.496 0.486 0.000 0.488 0.496 0.507 0.539 0.625 0.772 0.831 0.936 1.040 1.163 1.374 1.556 1.644 1.801 2.089 2.194 2.278 2.737 3.040 2.998 2.924 2.866 2.681 2.766 2.617 2.372 2.192 2.314 2.294 2.022 2.111 2.176 1.840 1.849 2.109 1.912 1.539 1.927 2.013 1.736 1.803 1.999 1.871 1.660 1.786 1.980 1.921 1.796 2.031 2.348 2.620 2.488 2.514 2.862 3.090 3.100 3.281 3.680 3.730 3.806 3.984 3.974 4.377
28.767 28.788 28.657 28.579 28.376 28.317 28.063 27.916 28.023 27.762 27.682 27.134 27.172 26.538 26.212 26.034 25.289 25.365 24.208 23.816 23.693 23.213 22.125 22.318 22.505 21.708 21.521 21.840 21.763 20.901 21.458 21.306 20.888 21.352 21.448 21.908 21.465 22.385 22.633 23.497 23.864 24.389 24.792 25.024 25.339 25.642 25.929 26.145 26.181 26.560 26.533 26.631 26.871 27.038 27.213 27.228 27.356 27.261 27.095 27.020 27.041 26.569 26.395 25.952 25.702 25.058 24.675 23.891 23.369 22.376 21.394 20.631 19.838 19.900 19.972 20.971 21.975 23.243 24.114 24.853 25.753 26.523 26.537 27.161 27.373 27.740 27.622 28.139 28.430 28.268 28.419 28.571 28.698 28.670 28.701 28.805 28.848 28.943 28.890 28.972 28.922 28.988 28.902 28.749 28.741 28.545 28.619 28.442 28.343 28.450 28.360 28.490 28.493 28.642 28.699 28.577 28.585 28.757 28.699 28.652 28.752 28.781 28.760 28.715 28.651 28.633 28.533 28.655 28.589 28.335 28.308 28.133 28.181 28.032 27.777 27.540 27.375 27.122 26.975 26.588 26.615 26.553 26.015 25.892 25.407 25.038 24.393 23.605 22.695 21.532 21.575 20.430 20.916 20.237 21.288 21.290 21.740 22.611 23.007 22.998 23.098 23.196 22.818 23.451 23.031 23.560 23.406 23.998 24.224 24.536 24.446 24.282 23.758 23.312 21.857 20.635 19.808 17.919 16.318 14.582 13.295 11.567 10.015 8.281 6.844 5.450 4.737 4.206 3.948 3.584 3.355 3.170 2.896 2.742 2.633 2.389 2.234 2.080 1.889 1.745 1.560 1.433 1.286 1.212 1.078 0.985 0.897 0.839 0.757 0.654 0.593 0.565 0.527 0.497 0.492 0.491 0.488 0.485 0.000 0.485 0.494 0.518 0.575 0.736 0.798 0.901 0.975 1.142 1.391 1.506 1.582 1.852 2.139 2.164 2.297 2.805 3.092 3.041 3.023 3.052 2.773 2.848 2.693 2.413 2.297 2.398 2.274 2.000 2.130 2.133 1.863 1.883 2.080 1.921 1.628 1.961 2.015 1.718 1.773 1.966 1.851 1.617 1.801 1.936 1.898 1.746 2.031 2.248 2.505 2.436 2.390 2.701 2.949 2.937 3.126 3.501 3.619 3.689 3.771 3.821 4.242
28.660 28.717 28.532 28.508 28.340 28.271 28.108 27.948 27.881 27.738 27.686 27.256 27.085 26.973 26.374 25.507 25.122 25.483 24.013 23.402 23.718 23.087 22.016 21.899 22.382 21.478 21.220 21.689 21.434 20.635 21.128 21.220 20.540 21.011 21.235 21.515 21.062 21.976 22.311 23.217 23.431 24.162 24.455 24.815 24.936 25.509 25.796 26.060 26.027 26.486 26.508 26.467 26.931 27.084 27.179 27.307 27.331 27.176 27.163 26.999 27.021 26.679 26.416 26.039 25.769 24.915 24.757 23.903 23.281 22.200 21.121 20.336 19.587 19.651 19.520 21.054 21.830 22.983 24.241 24.639 25.645 26.284 26.437 27.126 27.329 27.836 27.372 28.216 28.358 28.217 28.459 28.583 28.784 28.603 28.652 28.856 28.797 28.970 28.900 29.045 29.023 29.073 29.037 28.862 28.998 28.612 28.818 28.596 28.579 28.682 28.568 28.414 28.505 28.828 28.821 28.782 28.755 28.967 28.826 28.725 28.888 28.630 28.890 28.652 28.724 28.697 28.596 28.715 28.700 28.441 28.368 28.243 28.193 28.195 27.857 27.573 27.448 27.006 27.045 26.598 26.668 26.555 26.139 25.871 25.487 24.986 24.375 23.600 22.372 21.487 21.240 20.306 20.496 19.998 20.871 20.660 21.678 22.257 22.815 22.980 22.959 23.127 22.463 23.382 22.634 23.397 23.211 23.817 24.128 24.532 24.470 24.224 23.915 23.249 21.921 20.592 19.702 17.950 16.410 14.372 13.268 11.638 10.014 8.406 6.841 5.603 4.722 4.272 3.985 3.640 3.415 3.283 3.001 2.828 2.741 2.448 2.273 2.169 1.994 1.784 1.668 1.529 1.375 1.266 1.162 1.073 0.964 0.872 0.814 0.732 0.631 0.588 0.545 0.519 0.494 0.492 0.490 0.488 0.485 0.000 0.486 0.501 0.559 0.666 0.778 0.843 0.928 1.130 1.368 1.450 1.553 1.791 2.128 2.121 2.252 2.789 3.079 2.932 2.957 3.081 2.679 2.821 2.588 2.315 2.306 2.380 2.095 1.874 2.090 2.104 1.733 1.854 2.070 1.893 1.541 1.805 2.020 1.640 1.755 1.920 1.848 1.635 1.788 2.008 1.859 1.751 2.037 2.284 2.480 2.450 2.391 2.721 2.964 2.923 3.193 3.484 3.652 3.756 3.870 3.758 4.259
28.779 28.666 28.646 28.501 28.406 28.219 28.047 27.957 27.887 27.743 27.609 26.906 26.997 26.839 26.147 25.527 25.054 25.360 23.796 23.133 23.528 23.005 21.916 21.745 21.987 21.037 20.978 21.128 21.243 20.352 20.963 21.053 20.453 20.939 21.040 21.529 21.065 21.880 22.311 23.146 23.517 24.167 24.617 24.959 24.979 25.730 25.913 26.080 26.214 26.493 26.601 26.630 26.932 27.117 27.380 27.524 27.569 27.555 27.463 27.040 27.064 26.898 26.387 25.996 25.506 24.864 24.508 23.689 23.079 22.160 20.930 20.423 19.607 19.749 19.697 20.892 21.926 22.994 24.207 24.633 26.043 26.404 26.600 27.026 27.340 27.859 27.672 28.024 28.237 28.241 28.241 28.582 28.488 28.552 28.628 28.629 28.594 28.791 28.693 28.782 28.775 28.785 28.840 28.650 28.562 28.537 28.611 28.472 28.340 28.484 28.413 28.379 28.455 28.672 28.702 28.624 28.616 28.669 28.702 28.666 28.707 28.525 28.689 28.632 28.606 28.638 28.499 28.598 28.574 28.397 28.382 28.266 28.187 28.116 27.814 27.692 27.456 27.031 27.176 26.691 26.646 26.482 26.194 25.768 25.350 24.956 24.197 23.635 22.037 21.259 21.143 20.057 20.243 19.884 20.807 20.584 21.583 22.202 22.717 22.994 23.054 23.311 22.586 23.376 22.789 23.487 23.382 23.945 24.042 24.477 24.449 24.148 23.987 23.080 21.908 20.604 19.408 17.823 16.033 14.260 13.129 11.072 9.882 8.170 6.768 5.760 4.968 4.523 4.324 3.849 3.658 3.517 3.253 3.037 2.947 2.680 2.529 2.367 2.299 2.100 1.927 1.796 1.699 1.573 1.395 1.350 1.254 1.103 1.003 0.950 0.868 0.733 0.649 0.624 0.568 0.513 0.507 0.516 0.499 0.486 0.000 0.488 0.543 0.669 0.794 0.819 0.929 1.108 1.328 1.416 1.622 1.783 2.088 2.138 2.247 2.713 3.012 2.961 3.024 3.057 2.707 2.802 2.677 2.345 2.297 2.396 2.114 1.838 2.021 2.028 1.697 1.794 1.993 1.855 1.501 1.762 1.953 1.634 1.673 1.920 1.918 1.634 1.837 2.049 1.928 1.866 2.133 2.366 2.580 2.507 2.476 2.830 3.030 2.944 3.203 3.532 3.696 3.650 3.837 3.862 4.231
28.609 28.864 28.658 28.635 28.455 28.488 28.086 28.075 27.895 27.746 27.680 27.024 27.018 26.851 26.239 25.840 25.116 25.227 23.992 23.687 23.477 23.371 22.327 22.096 22.325 21.652 21.521 21.864 21.839 21.282 21.248 21.439 20.917 21.375 21.517 21.952 21.758 22.450 22.949 23.679 23.794 24.457 24.711 25.238 25.462 25.905 26.110 26.147 26.558 26.738 26.737 26.850 27.039 27.258 27.500 27.618 27.663 27.618 27.448 27.173 27.153 26.959 26.613 26.256 25.835 25.116 24.741 24.012 23.313 22.596 21.580 21.077 20.255 20.365 20.279 21.152 22.177 23.123 24.305 25.073 25.907 26.580 26.772 27.271 27.308 27.890 27.858 28.145 28.317 28.298 28.373 28.637 28.618 28.569 28.697 28.719 28.702 28.824 28.725 28.790 28.807 28.775 28.780 28.604 28.547 28.534 28.601 28.525 28.411 28.488 28.390 28.504 28.568 28.626 28.763 28.626 28.640 28.706 28.774 28.682 28.793 28.698 28.733 28.709 28.777 28.744 28.662 28.680 28.687 28.572 28.512 28.409 28.291 28.253 27.819 27.683 27.417 27.261 27.190 26.691 26.652 26.577 26.220 25.943 25.552 25.055 24.430 23.790 22.587 21.885 21.656 20.561 20.868 20.334 21.432 21.324 21.884 22.736 23.092 23.092 23.408 23.413 23.171 23.544 23.333 23.938 23.780 24.339 24.601 24.888 24.890 24.650 24.241 23.592 22.287 21.343 20.202 18.430 16.792 14.922 13.675 11.854 10.680 8.853 7.543 6.432 5.688 5.153 5.149 4.523 4.316 4.179 3.941 3.685 3.512 3.262 3.106 2.891 2.741 2.629 2.422 2.175 2.109 2.028 1.855 1.694 1.680 1.577 1.398 1.253 1.204 1.070 0.902 0.833 0.805 0.689 0.572 0.599 0.622 0.523 0.491 0.000 0.490 0.557 0.647 0.669 0.668 0.891 1.070 1.102 1.289 1.558 1.726 1.759 1.986 2.393 2.845 2.952 2.953 3.066 2.878 2.864 2.880 2.551 2.378 2.542 2.393 2.007 2.167 2.237 1.906 1.873 2.164 1.947 1.499 1.896 2.034 1.686 1.726 2.020 1.980 1.752 1.995 2.098 2.073 2.061 2.280 2.514 2.852 2.637 2.575 2.962 3.215 3.148 3.290 3.677 3.870 3.912 4.056 4.080 4.461
28.657 28.712 28.544 28.486 28.248 28.235 27.912 27.856 27.805 27.435 27.389 26.871 26.949 26.372 25.914 25.762 24.989 25.018 23.883 23.385 23.417 22.913 21.919 21.971 22.127 21.472 21.416 21.644 21.557 20.803 21.277 21.380 20.830 21.300 21.556 21.892 21.502 22.183 22.515 23.484 23.759 24.229 24.530 24.887 25.062 25.546 25.759 26.012 26.066 26.371 26.440 26.445 26.732 26.941 27.050 27.257 27.333 27.285 27.171 26.937 26.981 26.566 26.411 25.996 25.712 25.063 24.718 23.984 23.338 22.687 21.400 20.889 20.089 20.236 19.981 21.336 22.349 23.007 24.282 24.830 25.694 26.514 26.640 27.297 27.455 27.809 27.655 28.230 28.493 28.378 28.615 28.676 28.839 28.772 28.742 28.923 28.862 28.998 28.981 29.062 29.037 29.114 29.075 28.779 28.911 28.546 28.746 28.545 28.522 28.491 28.505 28.483 28.588 28.728 28.788 28.782 28.708 28.828 28.823 28.716 28.847 28.648 28.816 28.651 28.679 28.655 28.495 28.554 28.541 28.333 28.307 28.150 28.108 27.920 27.719 27.490 27.331 26.927 26.926 26.508 26.488 26.427 26.079 25.778 25.419 24.992 24.474 23.615 22.599 21.595 21.721 20.488 20.868 20.103 21.437 21.073 21.961 22.525 23.101 23.209 23.259 23.328 22.924 23.641 23.040 23.760 23.580 23.903 24.351 24.678 24.677 24.319 24.029 23.245 22.286 21.094 20.077 18.626 16.948 15.413 14.155 12.496 11.246 9.751 8.400 7.172 6.444 5.859 5.893 5.365 5.102 5.047 4.783 4.626 4.353 4.103 3.938 3.743 3.563 3.323 3.269 3.029 2.814 2.736 2.609 2.406 2.288 2.179 2.082 1.804 1.696 1.601 1.392 1.211 1.161 1.071 0.874 0.762 0.813 0.718 0.577 0.487 0.000 0.489 0.507 0.528 0.525 0.589 0.764 0.839 1.036 1.213 1.412 1.462 1.725 2.268 2.681 2.848 2.861 3.039 2.745 2.770 2.713 2.316 2.176 2.350 2.223 1.813 2.019 2.127 1.762 1.862 2.100 1.998 1.687 1.938 2.022 1.868 2.033 2.197 2.207 2.001 2.284 2.435 2.474 2.346 2.633 2.959 3.210 3.053 3.032 3.392 3.634 3.493 3.732 4.073 4.195 4.343 4.595 4.525 4.893
28.868 28.879 28.689 28.654 28.447 28.404 28.093 28.036 27.922 27.632 27.594 26.983 27.048 26.811 25.906 25.521 24.977 25.267 23.883 23.339 23.573 22.910 21.842 22.021 22.345 21.399 21.411 21.643 21.426 20.675 21.237 21.336 20.626 21.137 21.328 21.735 21.463 22.210 22.435 23.553 23.768 24.359 24.752 24.983 25.308 25.767 26.082 26.192 26.232 26.685 26.659 26.671 27.163 27.262 27.412 27.520 27.551 27.469 27.373 27.166 27.203 26.908 26.705 26.266 25.903 25.073 24.799 23.777 23.232 22.229 21.208 20.521 19.737 19.955 19.692 20.806 21.851 22.766 23.905 24.226 25.719 26.027 26.488 26.978 27.353 27.783 27.680 28.095 28.318 28.464 28.454 28.717 28.627 28.810 28.827 28.770 28.777 28.999 28.869 29.017 28.977 29.022 28.958 28.830 28.838 28.682 28.762 28.667 28.443 28.586 28.530 28.558 28.622 28.816 28.870 28.842 28.804 28.856 28.944 28.834 28.860 28.746 28.833 28.810 28.835 28.801 28.745 28.667 28.747 28.565 28.521 28.430 28.290 28.292 28.002 27.777 27.449 27.133 27.179 26.753 26.800 26.826 26.511 26.157 25.735 25.235 24.653 23.783 22.458 21.563 21.289 20.464 20.636 20.136 21.162 20.793 21.970 22.549 23.008 23.104 23.256 23.284 22.903 23.625 23.089 23.758 23.722 24.267 24.563 24.970 24.859 24.492 24.222 23.241 22.474 21.253 20.254 18.677 17.191 15.504 14.362 12.758 11.521 10.018 8.605 7.433 6.737 6.237 6.097 5.616 5.329 5.208 4.998 4.801 4.574 4.273 4.144 3.825 3.705 3.481 3.257 3.084 2.939 2.875 2.612 2.566 2.434 2.252 2.096 1.954 1.841 1.649 1.555 1.384 1.209 1.120 1.006 0.873 0.788 0.743 0.643 0.516 0.486 0.000 0.487 0.501 0.517 0.535 0.652 0.791 0.963 1.135 1.312 1.471 1.674 2.179 2.573 2.721 2.757 2.900 2.645 2.754 2.780 2.267 2.117 2.318 2.129 1.810 2.009 2.156 1.828 1.807 2.201 2.002 1.726 2.140 2.314 2.047 2.310 2.554 2.563 2.337 2.581 2.731 2.757 2.690 2.882 3.196 3.503 3.322 3.353 3.666 3.907 3.752 4.023 4.398 4.613 4.501 4.826 4.781 5.125
28.968 28.990 28.761 28.569 28.427 28.320 28.069 27.946 27.834 27.583 27.545 26.839 26.901 26.564 26.143 25.655 25.059 25.066 23.991 23.311 23.382 23.302 22.091 21.897 22.117 21.561 21.438 21.595 21.739 21.043 21.299 21.576 21.011 21.516 21.703 22.081 21.816 22.583 23.076 23.693 24.049 24.508 24.884 25.259 25.605 25.998 26.257 26.303 26.588 26.799 26.932 27.036 27.318 27.384 27.638 27.797 27.855 27.767 27.592 27.434 27.364 27.096 26.724 26.352 25.953 25.215 24.921 24.087 23.420 22.595 21.506 20.886 20.245 20.220 20.299 21.252 22.266 23.059 24.326 24.785 25.987 26.464 26.752 27.160 27.310 27.850 27.870 28.070 28.288 28.285 28.393 28.648 28.599 28.594 28.666 28.713 28.720 28.867 28.741 28.840 28.796 28.788 28.812 28.769 28.566 28.648 28.697 28.511 28.391 28.546 28.455 28.583 28.646 28.676 28.790 28.700 28.666 28.737 28.751 28.703 28.819 28.834 28.762 28.822 28.751 28.755 28.658 28.744 28.758 28.532 28.485 28.365 28.345 28.292 27.939 27.777 27.516 27.334 27.297 26.849 26.764 26.740 26.355 26.112 25.583 25.164 24.570 23.868 22.811 21.873 21.690 20.686 20.881 20.470 21.344 21.351 21.999 22.872 23.145 23.240 23.542 23.627 23.305 23.824 23.563 24.233 24.089 24.582 24.852 25.222 25.175 24.716 24.562 23.784 22.789 21.723 20.467 19.121 17.307 15.731 14.686 12.725 11.808 10.248 8.976 7.665 7.087 6.556 6.259 5.847 5.654 5.456 5.143 4.999 4.772 4.378 4.262 4.067 3.870 3.585 3.482 3.204 3.048 2.964 2.736 2.620 2.539 2.373 2.220 2.069 1.921 1.781 1.687 1.473 1.301 1.202 1.153 0.978 0.886 0.839 0.704 0.542 0.499 0.487 0.000 0.490 0.512 0.537 0.644 0.763 0.996 1.185 1.358 1.508 1.740 2.146 2.645 2.841 2.823 2.874 2.667 2.664 2.582 2.148 2.016 2.176 2.065 1.763 1.908 2.079 1.704 1.840 2.169 1.997 1.736 2.153 2.349 2.109 2.249 2.575 2.559 2.365 2.560 2.807 2.747 2.663 2.912 3.220 3.514 3.361 3.382 3.645 4.017 3.915 4.083 4.455 4.785 4.800 5.085 5.029 5.270
28.863 28.890 28.748 28.636 28.431 28.370 28.031 27.917 27.792 27.583 27.629 27.075 27.086 26.491 26.200 25.840 25.153 25.049 24.194 23.629 23.445 23.172 22.164 22.272 22.357 21.736 21.617 21.895 21.818 21.127 21.430 21.599 21.063 21.406 21.787 22.103 21.854 22.630 23.040 23.793 24.124 24.635 24.820 25.228 25.608 25.938 26.245 26.347 26.535 26.827 26.921 26.993 27.251 27.370 27.547 27.688 27.747 27.612 27.498 27.389 27.403 26.950 26.810 26.404 26.090 25.261 24.876 24.174 23.560 22.743 21.673 21.016 20.369 20.415 20.462 21.336 22.348 23.341 24.225 25.038 25.842 26.514 26.925 27.245 27.351 27.844 27.951 28.051 28.379 28.230 28.519 28.712 28.692 28.645 28.668 28.887 28.801 28.930 28.767 28.902 28.876 28.829 28.836 28.705 28.600 28.646 28.596 28.432 28.411 28.533 28.444 28.547 28.611 28.677 28.769 28.714 28.738 28.759 28.821 28.710 28.826 28.783 28.786 28.801 28.756 28.753 28.682 28.696 28.728 28.542 28.500 28.381 28.414 28.235 27.955 27.671 27.506 27.353 27.253 26.882 26.797 26.797 26.406 26.257 25.679 25.245 24.889 24.036 23.128 22.058 21.954 20.839 21.159 20.487 21.598 21.670 22.203 22.945 23.249 23.392 23.573 23.674 23.503 23.953 23.700 24.286 24.072 24.601 25.057 25.267 25.338 25.203 24.759 24.124 23.191 22.179 21.043 19.647 17.673 16.412 15.067 13.585 12.341 11.007 9.907 8.356 7.781 7.221 6.997 6.504 6.178 6.037 5.808 5.462 5.171 4.936 4.691 4.424 4.143 3.970 3.761 3.470 3.284 3.277 2.958 2.776 2.718 2.563 2.363 2.167 2.132 1.954 1.794 1.598 1.456 1.298 1.228 1.042 0.901 0.879 0.732 0.578 0.510 0.496 0.488 0.000 0.489 0.513 0.591 0.640 0.875 1.171 1.277 1.350 1.760 2.212 2.774 3.082 3.072 3.024 2.933 2.927 2.828 2.365 2.242 2.426 2.245 1.873 2.040 2.203 1.879 1.902 2.247 2.117 1.825 2.283 2.373 2.225 2.369 2.602 2.574 2.415 2.649 2.811 2.738 2.752 3.036 3.379 3.667 3.505 3.415 3.857 4.132 4.002 4.204 4.594 4.703 4.922 5.163 5.115 5.323
28.878 28.859 28.767 28.716 28.486 28.410 28.116 28.031 27.910 27.601 27.686 27.119 27.258 26.765 26.174 25.865 25.162 25.214 24.086 23.585 23.524 22.961 22.141 22.156 22.280 21.486 21.420 21.643 21.533 20.848 21.275 21.371 21.033 21.241 21.546 21.915 21.535 22.433 22.543 23.388 23.759 24.215 24.623 24.882 25.312 25.647 25.882 26.195 26.240 26.616 26.655 26.676 27.062 27.215 27.318 27.530 27.565 27.569 27.386 27.275 27.261 26.851 26.758 26.330 26.046 25.258 24.982 24.054 23.512 22.620 21.617 20.993 20.235 20.367 20.314 21.347 22.196 23.228 24.328 24.843 25.790 26.331 26.679 27.241 27.378 27.866 27.744 28.273 28.495 28.413 28.705 28.784 28.945 28.811 28.801 29.059 28.968 29.149 29.013 29.141 29.077 29.103 29.078 28.875 28.902 28.719 28.759 28.465 28.514 28.618 28.549 28.608 28.654 28.845 28.948 28.723 28.740 28.929 28.810 28.736 28.929 28.825 28.877 28.795 28.715 28.715 28.638 28.723 28.762 28.459 28.424 28.287 28.273 28.154 27.857 27.587 27.484 27.144 27.067 26.684 26.705 26.693 26.243 26.099 25.545 25.140 24.594 23.715 22.694 21.818 21.560 20.828 20.878 20.498 21.434 21.348 22.190 22.703 23.118 23.338 23.535 23.611 23.405 23.976 23.538 24.168 24.122 24.480 24.882 25.171 25.145 25.002 24.636 23.841 23.026 22.065 21.060 19.699 18.095 16.405 15.356 13.801 12.613 11.209 9.797 8.545 7.639 7.190 6.975 6.389 6.014 5.950 5.636 5.411 5.136 4.874 4.735 4.392 4.172 3.920 3.685 3.514 3.283 3.228 2.979 2.850 2.660 2.500 2.354 2.170 2.047 1.881 1.721 1.553 1.442 1.297 1.160 1.016 0.909 0.843 0.790 0.548 0.512 0.503 0.497 0.486 0.000 0.488 0.525 0.580 0.788 1.114 1.130 1.201 1.537 2.175 2.772 2.945 3.066 3.317 3.080 3.164 3.131 2.613 2.498 2.657 2.418 2.037 2.284 2.404 1.898 2.054 2.412 2.219 1.845 2.296 2.407 2.205 2.351 2.563 2.571 2.339 2.619 2.797 2.838 2.750 2.997 3.350 3.653 3.383 3.427 3.790 4.096 3.861 4.134 4.438 4.760 4.811 5.034 4.955 5.236
28.869 28.971 28.786 28.666 28.580 28.504 28.105 28.122 28.048 27.769 27.810 27.141 27.249 26.936 26.174 25.744 25.233 25.415 24.014 23.217 23.649 23.265 22.039 21.978 22.309 21.494 21.553 21.496 21.688 20.754 21.291 21.595 20.954 21.280 21.437 21.819 21.665 22.484 22.883 23.404 23.933 24.250 24.827 25.037 25.363 25.844 26.019 26.254 26.356 26.789 26.792 26.882 27.248 27.326 27.533 27.699 27.686 27.714 27.608 27.320 27.273 27.012 26.512 26.180 25.759 25.092 24.678 23.899 23.432 22.493 21.530 20.714 20.166 20.076 20.121 21.074 22.008 23.018 24.161 24.633 25.792 26.139 26.640 26.949 27.194 27.713 27.636 27.992 28.191 28.243 28.341 28.613 28.585 28.625 28.679 28.827 28.769 28.916 28.829 28.992 28.896 28.956 28.875 28.822 28.679 28.644 28.696 28.459 28.404 28.537 28.439 28.563 28.606 28.669 28.842 28.610 28.638 28.752 28.791 28.716 28.848 28.781 28.783 28.778 28.748 28.795 28.717 28.727 28.776 28.564 28.541 28.442 28.302 28.174 27.895 27.716 27.444 27.239 27.179 26.762 26.624 26.690 26.337 26.040 25.393 24.932 24.642 23.837 22.621 21.651 21.710 20.734 20.714 20.476 21.229 21.186 21.998 22.745 23.192 23.322 23.600 23.606 23.290 23.788 23.549 24.127 23.941 24.438 24.766 25.112 25.010 24.734 24.874 23.807 23.055 21.951 20.796 19.623 17.977 16.673 15.559 13.667 12.804 11.414 10.129 8.568 8.065 7.545 7.118 6.599 6.355 6.198 5.877 5.581 5.378 5.012 4.878 4.556 4.411 4.130 3.937 3.606 3.429 3.395 3.038 2.930 2.825 2.675 2.465 2.367 2.241 1.974 1.920 1.745 1.616 1.440 1.441 1.235 1.069 1.027 0.993 0.726 0.568 0.536 0.566 0.509 0.488 0.000 0.493 0.540 0.725 0.975 1.067 1.180 1.448 1.968 2.622 2.865 2.924 3.084 3.055 3.174 3.310 2.662 2.472 2.757 2.537 2.190 2.322 2.573 2.127 2.165 2.655 2.508 2.160 2.612 2.768 2.546 2.637 2.955 2.971 2.655 2.964 3.210 3.267 3.120 3.279 3.672 3.981 3.814 3.861 4.181 4.512 4.372 4.578 4.966 5.257 5.371 5.507 5.545 5.779
28.858 28.977 28.688 28.524 28.348 28.283 27.957 27.996 27.807 27.583 27.516 27.042 26.936 26.466 26.133 25.740 24.855 25.016 24.012 23.223 23.363 23.159 22.191 22.065 22.205 21.658 21.404 21.901 21.866 21.314 21.471 21.828 21.269 21.711 21.919 22.330 22.081 22.782 23.292 23.962 24.219 24.716 25.126 25.386 25.698 26.010 26.315 26.444 26.757 26.846 27.008 27.216 27.281 27.520 27.662 27.735 27.877 27.801 27.501 27.496 27.414 27.059 26.881 26.504 26.154 25.488 25.045 24.371 23.736 22.945 21.873 21.250 20.579 20.593 20.563 21.532 22.352 23.116 24.277 24.827 25.854 26.310 26.702 27.162 27.381 27.900 27.923 28.121 28.251 28.236 28.493 28.730 28.664 28.597 28.667 28.852 28.783 28.902 28.786 28.954 28.855 28.927 28.903 28.719 28.621 28.706 28.690 28.536 28.514 28.562 28.477 28.639 28.629 28.725 28.860 28.635 28.705 28.825 28.721 28.670 28.844 28.771 28.779 28.797 28.684 28.659 28.660 28.751 28.762 28.484 28.461 28.350 28.388 28.245 27.934 27.764 27.517 27.411 27.189 26.858 26.862 26.787 26.337 26.200 25.748 25.353 24.729 23.887 23.256 22.240 22.105 20.980 21.326 20.812 21.811 21.722 22.332 23.060 23.412 23.366 23.670 23.680 23.482 24.040 23.717 24.434 24.291 24.815 25.261 25.451 25.527 25.230 24.951 24.127 23.238 22.455 21.049 19.834 18.174 16.767 15.792 14.164 13.179 12.018 10.955 9.308 8.620 7.940 7.796 7.179 6.898 6.858 6.458 6.097 5.883 5.519 5.264 5.037 4.946 4.543 4.355 4.048 3.770 3.652 3.393 3.289 3.159 2.998 2.796 2.709 2.473 2.350 2.166 1.969 1.934 1.781 1.661 1.374 1.268 1.196 1.147 0.911 0.717 0.618 0.670 0.594 0.520 0.496 0.000 0.497 0.611 0.927 0.914 1.037 1.373 1.886 2.592 2.922 3.079 3.319 3.248 3.423 3.469 2.742 2.568 2.934 2.666 2.207 2.490 2.756 2.253 2.227 2.826 2.635 2.308 2.826 3.055 2.692 2.830 3.140 3.195 2.881 3.187 3.460 3.418 3.311 3.624 4.107 4.356 4.126 4.187 4.622 4.848 4.701 4.991 5.407 5.768 5.860 6.210 6.097 6.252
28.957 29.005 28.849 28.770 28.576 28.482 28.038 27.889 27.886 27.716 27.774 27.219 27.227 26.626 26.164 25.799 25.230 25.161 24.173 23.664 23.504 23.064 22.308 22.439 22.426 21.791 21.774 22.157 22.085 21.333 21.797 21.952 21.623 21.764 22.123 22.515 22.435 23.046 23.379 24.003 24.586 24.874 25.290 25.338 25.664 26.000 26.240 26.653 26.590 26.956 26.966 26.958 27.391 27.584 27.569 27.771 27.812 27.670 27.463 27.387 27.403 26.987 26.848 26.446 26.253 25.548 25.335 24.555 24.047 23.300 22.212 21.505 20.802 20.915 20.885 21.745 22.563 23.606 24.479 25.255 25.835 26.612 26.829 27.354 27.538 27.898 27.816 28.249 28.600 28.473 28.630 28.767 28.906 28.884 28.893 29.031 29.017 29.104 29.024 29.115 29.044 29.087 29.005 28.841 28.814 28.703 28.757 28.521 28.564 28.594 28.550 28.660 28.729 28.774 28.955 28.776 28.791 28.953 28.921 28.815 28.982 28.886 28.916 28.837 28.859 28.862 28.792 28.803 28.811 28.599 28.583 28.381 28.436 28.277 28.122 27.708 27.670 27.274 27.219 27.001 26.977 26.947 26.495 26.397 25.983 25.528 25.229 24.338 23.727 22.633 22.436 21.535 21.832 21.268 22.173 22.251 22.717 23.483 23.854 23.872 24.092 24.129 23.812 24.445 24.025 24.677 24.474 24.856 25.430 25.539 25.570 25.420 25.070 24.359 23.713 22.827 21.933 20.533 18.952 17.626 16.321 15.225 13.901 12.646 11.564 9.892 9.270 8.606 8.335 7.799 7.553 7.335 7.011 6.702 6.429 6.104 5.930 5.511 5.361 5.073 4.772 4.448 4.205 4.202 3.847 3.603 3.459 3.214 3.135 2.923 2.703 2.540 2.408 2.207 2.121 1.938 1.847 1.627 1.474 1.382 1.272 0.978 0.841 0.712 0.662 0.631 0.571 0.541 0.493 0.000 0.493 0.660 0.786 0.818 1.100 1.662 2.368 2.813 3.031 3.357 3.255 3.357 3.439 2.794 2.702 2.894 2.693 2.266 2.589 2.731 2.322 2.428 2.856 2.629 2.367 2.873 2.989 2.702 2.851 3.198 3.223 3.034 3.373 3.554 3.574 3.499 3.836 4.258 4.558 4.429 4.421 4.846 5.135 5.035 5.213 5.619 5.873 5.983 6.177 6.117 6.361
29.169 29.089 28.982 28.900 28.788 28.697 28.337 28.199 28.087 27.843 27.856 27.268 27.361 27.005 26.182 25.734 25.058 25.179 24.068 23.518 23.659 23.170 22.053 22.367 22.618 21.778 21.587 21.825 21.949 21.042 21.615 21.797 21.322 21.595 21.918 22.209 22.103 22.943 23.206 23.775 24.393 24.760 25.204 25.309 25.661 26.085 26.304 26.570 26.641 26.915 27.029 27.077 27.432 27.591 27.587 27.912 27.798 27.825 27.681 27.532 27.468 27.165 27.001 26.638 26.375 25.705 25.443 24.544 23.968 23.169 22.338 21.735 21.078 21.134 20.967 21.767 22.653 23.587 24.648 25.104 26.111 26.461 26.856 27.189 27.571 27.890 27.691 28.244 28.437 28.466 28.617 28.796 28.840 28.866 28.849 29.002 28.987 29.103 29.003 29.127 29.041 29.076 29.040 28.824 28.972 28.774 28.857 28.677 28.707 28.795 28.721 28.674 28.758 28.900 29.096 28.919 28.932 29.106 29.046 28.942 29.122 28.939 29.046 28.964 28.989 28.976 28.937 28.931 29.036 28.775 28.721 28.588 28.535 28.436 28.209 27.952 27.758 27.388 27.449 27.048 27.077 27.083 26.648 26.470 25.982 25.590 25.093 24.297 23.445 22.579 22.228 21.672 21.723 21.341 22.054 21.948 22.720 23.347 23.753 23.845 24.046 24.189 23.903 24.580 24.127 24.865 24.799 25.230 25.490 25.755 25.637 25.582 25.249 24.539 24.081 23.084 22.308 21.033 19.710 18.308 17.270 16.003 14.734 13.622 12.302 10.790 10.253 9.470 9.164 8.653 8.395 8.181 7.651 7.398 7.228 6.879 6.524 6.204 6.047 5.714 5.448 5.274 4.891 4.798 4.493 4.249 3.966 3.806 3.753 3.446 3.132 3.030 2.994 2.624 2.464 2.454 2.269 1.963 1.911 1.949 1.720 1.270 1.137 1.062 0.891 0.796 0.772 0.755 0.576 0.493 0.000 0.496 0.565 0.677 0.936 1.486 2.259 2.815 3.126 3.737 3.844 4.269 4.467 3.404 3.286 3.876 3.586 2.793 3.272 3.661 2.975 2.936 3.651 3.410 2.899 3.460 3.694 3.370 3.389 3.781 4.011 3.636 3.876 4.189 4.383 4.154 4.351 4.896 5.194 5.026 5.081 5.518 5.778 5.740 5.924 6.353 6.654 6.871 7.225 6.992 7.115
29.106 29.118 28.950 28.779 28.619 28.553 28.315 28.237 28.032 27.814 27.737 27.151 27.069 26.690 26.130 25.814 25.042 25.198 24.189 23.404 23.639 23.230 22.496 22.294 22.452 21.838 21.617 21.828 21.814 21.388 21.514 21.745 21.390 21.603 21.870 22.188 22.157 22.781 23.274 23.664 24.319 24.604 25.117 25.298 25.693 25.999 26.151 26.528 26.608 26.950 27.081 27.070 27.440 27.520 27.620 27.760 27.903 27.892 27.616 27.526 27.483 26.980 26.824 26.373 26.055 25.349 25.172 24.367 23.810 23.125 22.231 21.481 20.853 20.833 20.894 21.731 22.571 23.342 24.373 24.904 25.942 26.496 26.804 27.187 27.396 27.846 27.823 28.117 28.351 28.319 28.553 28.751 28.746 28.649 28.686 28.935 28.845 28.993 28.893 29.013 28.949 29.031 28.973 28.879 28.787 28.691 28.779 28.533 28.583 28.724 28.647 28.711 28.703 28.757 28.995 28.734 28.788 28.965 28.925 28.895 29.054 28.918 29.007 28.945 28.895 28.901 28.853 28.907 28.946 28.643 28.600 28.473 28.472 28.263 28.094 27.868 27.700 27.451 27.349 27.009 26.979 27.005 26.444 26.372 25.784 25.442 25.171 24.208 23.557 22.448 22.340 21.549 21.575 21.334 22.025 21.953 22.679 23.191 23.764 23.880 24.093 24.062 23.895 24.439 24.146 24.772 24.658 25.165 25.543 25.712 25.688 25.466 25.257 24.594 23.889 22.919 21.940 20.847 19.463 18.251 17.253 15.868 14.863 13.787 12.643 11.163 10.541 9.849 9.664 8.920 8.890 8.698 8.276 7.878 7.709 7.408 6.988 6.756 6.753 6.289 6.099 5.862 5.461 5.356 5.142 4.955 4.632 4.441 4.320 4.099 3.822 3.562 3.572 3.317 3.055 2.839 2.875 2.532 2.300 2.389 2.381 1.779 1.482 1.424 1.315 1.159 0.993 1.080 0.912 0.661 0.493 0.000 0.523 0.585 0.802 1.368 2.091 2.659 2.936 3.527 4.059 4.363 4.471 3.558 3.463 4.039 3.779 3.046 3.594 4.116 3.419 3.385 4.177 3.995 3.570 4.040 4.535 4.220 4.279 4.757 5.070 4.696 4.839 5.234 5.467 5.091 5.282 6.052 6.212 6.059 6.317 6.685 6.842 6.745 7.097 7.479 7.715 7.885 8.275 8.282 8.270
28.915 28.977 28.829 28.625 28.450 28.385 28.085 27.924 28.049 27.625 27.829 27.230 27.164 26.648 26.122 25.927 25.201 25.145 24.075 23.355 23.581 23.454 22.341 22.454 22.661 22.134 22.021 22.490 22.362 21.793 22.135 22.271 21.787 22.095 22.355 22.691 22.637 23.202 23.757 24.249 24.767 25.041 25.585 25.649 26.061 26.248 26.540 26.747 26.940 27.119 27.215 27.359 27.612 27.748 27.821 27.932 27.934 27.911 27.742 27.572 27.593 27.361 27.129 26.773 26.352 25.695 25.426 24.696 24.110 23.275 22.290 21.529 20.990 20.917 21.000 21.696 22.536 23.501 24.482 25.046 25.953 26.392 26.747 27.266 27.530 27.886 27.839 28.264 28.394 28.561 28.557 28.798 28.772 28.884 28.889 28.919 28.878 29.008 28.882 29.052 29.005 29.072 28.964 28.886 28.792 28.804 28.750 28.668 28.567 28.718 28.686 28.678 28.829 28.918 29.080 28.979 28.968 28.974 29.059 28.967 29.082 28.974 28.992 28.991 29.035 28.977 28.969 28.876 28.978 28.789 28.742 28.624 28.469 28.406 28.128 27.990 27.729 27.624 27.502 27.312 27.166 27.292 26.836 26.681 26.156 25.778 25.388 24.338 23.741 22.482 22.470 21.403 21.706 21.293 22.127 22.126 22.792 23.588 24.103 24.049 24.128 24.315 23.891 24.548 24.051 24.908 24.657 25.078 25.728 25.678 25.689 25.475 25.221 24.347 23.618 22.833 21.510 20.636 19.167 18.027 17.345 15.830 15.049 13.906 12.906 11.400 10.905 10.133 9.813 9.416 9.261 8.914 8.425 8.189 8.057 7.486 7.130 7.055 6.992 6.273 6.290 6.003 5.652 5.277 5.259 5.063 4.681 4.499 4.461 4.132 3.811 3.665 3.583 3.265 3.103 3.004 2.924 2.569 2.430 2.598 2.280 1.966 1.710 1.560 1.318 1.220 1.055 1.026 0.807 0.674 0.609 0.496 0.000 0.501 0.694 1.316 1.945 2.456 2.764 3.358 3.724 4.021 4.471 3.581 3.263 3.834 3.750 3.168 3.477 3.915 3.445 3.415 4.033 3.918 3.446 3.992 4.408 4.138 4.157 4.573 4.886 4.535 4.695 5.159 5.272 5.094 5.315 5.929 6.036 5.981 6.168 6.428 6.556 6.711 6.818 7.271 7.377 7.543 8.056 7.930 8.327
29.081 28.955 28.833 28.743 28.597 28.571 28.209 27.943 27.981 27.636 27.710 27.114 27.197 26.569 25.915 25.825 24.804 24.683 24.016 23.472 23.371 22.957 22.053 22.364 22.603 21.910 21.720 22.133 22.185 21.301 21.967 22.051 21.488 21.871 22.128 22.644 22.263 23.044 23.371 23.995 24.453 24.857 25.405 25.597 25.794 26.223 26.570 26.678 26.846 26.975 27.001 27.125 27.392 27.595 27.706 28.000 27.915 27.818 27.672 27.612 27.555 27.352 27.129 26.903 26.458 25.779 25.528 24.730 24.120 23.481 22.241 21.661 20.979 21.020 20.948 21.849 22.626 23.483 24.486 24.895 25.863 26.422 26.765 27.062 27.323 27.843 27.621 28.136 28.417 28.425 28.513 28.695 28.731 28.880 28.870 28.897 28.969 29.032 28.885 29.068 29.025 29.038 28.983 28.681 28.755 28.634 28.669 28.488 28.553 28.580 28.592 28.587 28.633 28.810 28.888 28.792 28.798 28.927 28.907 28.847 29.046 28.685 28.931 28.854 28.952 28.913 28.884 28.848 28.928 28.756 28.722 28.560 28.469 28.336 28.071 27.819 27.634 27.340 27.405 27.143 27.085 27.214 26.823 26.767 26.072 25.775 25.374 24.504 23.794 22.585 22.609 21.504 21.869 21.274 22.249 22.018 22.751 23.339 23.696 23.793 24.129 24.151 23.841 24.571 24.031 24.871 24.770 25.075 25.652 25.907 25.908 25.826 25.708 24.658 24.135 23.419 22.265 21.498 19.761 18.714 17.765 16.462 15.439 14.442 13.404 11.630 11.189 10.432 10.018 9.498 9.470 9.141 8.624 8.256 8.218 7.761 7.364 7.073 7.112 6.487 6.261 6.064 5.742 5.492 5.213 5.122 4.735 4.529 4.371 4.181 3.795 3.579 3.522 3.314 3.070 2.937 2.886 2.582 2.382 2.528 2.303 1.893 1.656 1.530 1.308 1.232 1.119 1.000 0.836 0.752 0.599 0.531 0.494 0.000 0.519 1.104 1.879 2.297 2.640 3.261 3.619 3.837 4.266 3.435 3.259 3.742 3.745 2.991 3.401 3.804 3.279 3.315 3.871 3.751 3.344 3.884 4.179 3.997 4.036 4.482 4.721 4.418 4.595 5.072 5.183 4.907 5.298 5.842 5.970 6.008 6.150 6.497 6.550 6.746 6.897 7.335 7.416 7.655 8.003 7.900 8.254
29.024 29.029 28.871 28.627 28.556 28.337 28.098 27.954 27.847 27.587 27.580 26.950 27.037 26.462 25.781 25.610 24.732 25.101 24.072 23.323 23.782 23.233 22.592 22.488 22.849 22.230 21.999 22.384 22.350 21.751 22.306 22.418 22.194 22.515 22.549 23.251 23.003 23.604 24.106 24.512 25.197 25.542 25.976 26.095 26.365 26.726 26.914 27.202 27.201 27.465 27.531 27.581 27.878 28.015 28.079 28.254 28.313 28.253 27.970 28.013 27.907 27.538 27.462 27.138 26.857 26.237 25.998 25.198 24.662 23.969 23.164 22.456 22.036 21.981 21.947 22.690 23.358 24.038 24.963 25.414 26.272 26.757 27.127 27.403 27.667 27.954 27.939 28.272 28.435 28.385 28.600 28.796 28.864 28.836 28.836 29.077 29.015 29.111 29.121 29.172 29.135 29.176 29.145 28.804 28.909 28.840 28.863 28.704 28.804 28.944 28.825 28.792 28.827 28.954 29.124 28.928 28.913 29.097 29.064 28.970 29.185 28.897 29.092 29.120 29.058 29.131 29.078 29.153 29.184 28.965 28.969 28.812 28.830 28.649 28.515 28.238 28.217 27.654 27.810 27.514 27.567 27.618 27.038 27.023 26.571 26.199 25.877 25.015 24.418 23.452 23.382 22.697 22.670 22.415 22.903 23.063 23.307 23.941 24.320 24.395 24.489 24.564 24.340 25.147 24.615 25.386 25.307 25.751 26.093 26.381 26.313 26.237 25.938 25.339 24.907 24.200 23.400 22.701 21.567 20.623 19.690 18.465 17.946 17.202 16.277 14.768 14.562 13.756 13.071 12.559 12.440 12.329 11.702 11.233 11.237 10.910 10.250 10.078 10.325 9.681 9.363 9.129 8.997 8.622 8.309 8.321 8.055 7.408 7.379 7.554 6.746 6.246 6.616 6.201 5.457 5.482 5.820 5.038 4.524 4.840 4.459 3.875 3.398 3.080 2.796 2.581 2.092 2.031 1.902 1.499 1.172 1.081 0.872 0.558 0.000 0.784 1.659 2.239 2.567 3.348 3.850 4.448 5.009 4.090 3.995 4.971 4.963 4.335 4.856 5.537 5.155 5.205 6.028 6.081 5.762 6.375 6.859 6.854 6.853 7.501 7.703 7.618 7.941 8.400 8.239 8.334 8.710 9.395 9.690 9.547 9.357 10.221 10.062 9.977 10.290 11.087 10.487 10.587 11.523 11.139 11.585
29.072 29.125 28.962 28.845 28.701 28.549 28.229 28.040 28.033 27.668 27.702 27.203 26.996 26.677 26.211 25.787 25.298 25.246 24.581 23.903 24.211 23.990 23.514 23.446 23.762 23.516 23.469 23.653 23.750 23.415 23.793 23.822 23.790 24.085 24.052 24.514 24.410 24.769 25.262 25.427 26.103 26.251 26.772 26.708 26.730 27.211 27.325 27.696 27.708 27.717 27.890 27.904 28.149 28.292 28.226 28.375 28.502 28.325 28.123 28.135 28.031 27.819 27.818 27.588 27.359 26.859 26.732 26.173 25.698 25.119 24.267 23.813 23.489 23.471 23.510 23.988 24.498 24.916 25.650 26.047 26.610 27.062 27.233 27.779 27.914 28.169 28.006 28.566 28.609 28.623 28.809 28.826 29.015 28.908 28.896 29.151 29.139 29.062 29.036 29.113 29.085 29.136 29.140 29.077 28.994 28.824 28.883 28.780 28.921 28.959 28.850 29.019 29.076 28.989 29.183 28.949 29.009 29.272 29.036 28.992 29.259 29.180 29.126 29.150 29.046 29.068 29.093 29.093 29.204 28.918 28.895 28.872 29.001 28.818 28.741 28.472 28.511 28.122 28.164 27.984 28.081 28.020 27.574 27.637 27.197 26.768 26.666 25.897 25.353 24.580 24.645 23.830 23.906 23.744 24.209 24.238 24.475 24.911 25.379 25.264 25.474 25.611 25.304 26.088 25.633 26.268 26.134 26.448 26.761 26.850 26.754 26.803 26.673 26.026 25.746 25.186 24.367 23.832 22.850 22.427 21.771 20.793 20.328 19.395 18.562 17.394 17.126 16.215 15.758 15.390 15.405 14.907 14.508 14.216 14.242 13.927 13.475 13.111 13.297 12.912 12.394 12.068 12.115 11.842 11.215 11.144 11.342 10.383 10.287 10.398 10.027 8.940 9.044 9.136 8.257 7.557 7.861 7.490 6.475 6.632 6.477 5.571 4.928 4.649 4.509 4.120 3.388 3.268 3.586 2.771 2.090 2.073 1.863 1.473 0.604 0.000 0.833 1.284 2.162 2.926 4.277 4.988 5.654 4.790 4.930 5.979 5.921 5.577 6.475 7.135 6.643 7.190 8.131 8.142 7.912 9.132 9.300 9.351 9.673 10.618 10.557 10.003 10.957 11.623 11.045 10.988 12.127 12.489 13.182 12.472 12.432 13.095 13.671 12.751 13.338 14.072 14.102 13.940 14.634 14.561 14.759
29.157 29.145 28.820 28.773 28.610 28.449 28.048 27.917 27.950 27.481 27.596 27.057 27.093 26.580 26.184 25.725 25.336 25.432 24.485 23.955 24.509 24.293 23.531 23.796 24.164 23.994 23.819 24.045 24.032 23.894 24.134 24.269 24.221 24.434 24.411 24.861 24.861 25.112 25.515 25.589 26.246 26.344 26.816 26.829 26.865 27.306 27.417 27.723 27.714 27.770 27.959 27.762 28.267 28.343 28.346 28.497 28.569 28.435 28.309 28.228 28.157 28.076 27.877 27.735 27.440 27.081 26.856 26.544 26.052 25.533 24.694 24.354 23.997 23.949 23.943 24.373 24.779 25.261 25.848 26.283 26.642 27.178 27.400 27.886 27.961 28.255 28.050 28.644 28.687 28.583 28.845 28.817 29.008 28.951 28.927 29.153 29.064 29.102 29.057 29.111 29.051 29.104 29.124 29.074 29.014 28.891 28.973 28.877 28.891 29.002 28.924 29.045 29.040 29.072 29.221 29.074 29.063 29.232 29.150 29.060 29.269 29.244 29.175 29.180 29.096 29.133 29.141 29.076 29.272 29.086 29.083 29.038 29.028 28.964 28.871 28.693 28.698 28.218 28.432 28.091 28.193 28.144 27.729 27.728 27.303 26.965 26.944 26.291 25.816 25.106 25.044 24.374 24.519 24.204 24.642 24.843 24.878 25.453 25.741 25.706 25.794 25.790 25.537 26.190 25.740 26.452 26.166 26.663 26.865 27.048 26.972 26.916 26.839 26.181 25.893 25.477 24.782 24.299 23.398 22.903 22.099 21.254 20.798 20.107 19.328 18.254 18.044 17.206 16.658 16.688 16.435 16.019 15.620 15.827 15.604 15.028 14.748 14.604 14.514 14.073 13.764 13.588 13.194 12.897 12.800 12.561 12.075 11.731 11.785 11.362 11.200 10.217 10.165 10.154 9.526 8.664 8.666 8.300 7.577 7.704 7.198 6.557 5.996 5.680 5.341 5.375 4.488 3.905 4.352 4.173 3.086 2.710 2.475 1.771 1.163 0.615 0.000 0.755 1.873 2.611 3.456 4.357 4.915 4.270 4.401 5.380 5.737 5.407 6.284 7.053 6.838 7.149 8.104 8.244 7.971 9.075 9.492 9.514 9.897 10.799 10.877 10.521 11.242 11.915 11.648 11.674 12.477 13.452 13.708 12.805 13.127 13.757 13.897 13.139 13.719 14.168 14.097 13.762 14.576 14.369 14.407
29.124 29.086 28.857 28.722 28.622 28.474 28.299 28.244 28.117 27.843 27.871 27.445 27.481 27.009 26.554 26.129 25.619 25.653 24.917 24.328 24.772 24.309 23.862 23.846 24.295 23.989 23.784 24.087 23.822 23.637 24.018 23.854 23.826 24.045 24.018 24.553 24.381 24.852 25.246 25.628 26.248 26.420 26.784 26.914 27.005 27.370 27.528 27.793 27.699 27.877 27.974 27.943 28.194 28.346 28.355 28.537 28.540 28.468 28.332 28.251 28.248 28.039 28.003 27.806 27.711 27.036 26.946 26.373 25.838 25.454 24.576 24.125 23.815 23.693 23.726 24.400 24.849 25.337 26.064 26.457 26.917 27.494 27.656 27.995 28.188 28.330 28.298 28.655 28.729 28.622 28.931 28.987 29.118 29.046 29.022 29.287 29.234 29.260 29.252 29.282 29.248 29.287 29.263 29.143 29.132 29.070 29.030 28.936 29.022 29.139 29.020 29.035 29.056 29.124 29.261 29.154 29.136 29.218 29.224 29.141 29.265 29.165 29.195 29.264 29.172 29.242 29.211 29.188 29.213 29.088 29.080 28.955 29.014 28.831 28.727 28.518 28.558 28.016 28.265 27.852 28.071 28.014 27.709 27.602 27.328 26.956 26.679 26.044 25.736 24.761 24.724 24.259 24.469 24.101 24.549 24.805 24.968 25.586 25.872 25.877 26.044 25.953 25.969 26.437 26.103 26.705 26.400 26.842 27.115 27.273 27.125 27.209 26.936 26.460 26.231 25.565 25.054 24.545 23.680 23.317 22.404 21.887 21.352 20.967 20.282 19.123 18.868 18.453 17.907 17.499 17.546 17.436 16.816 16.587 16.696 16.161 15.686 15.395 15.504 15.020 14.453 14.338 14.216 13.428 13.069 13.357 13.146 12.232 12.314 11.913 11.518 11.201 10.890 10.245 9.729 10.253 9.427 8.847 8.438 8.696 8.115 7.231 7.047 6.112 5.553 6.119 5.335 4.221 4.566 5.059 4.065 3.353 3.700 3.243 2.195 1.383 0.667 0.000 0.918 1.937 3.027 3.489 4.333 3.873 3.696 4.673 5.278 5.150 5.125 6.398 6.628 7.078 7.185 8.107 8.336 8.359 8.965 9.553 9.564 10.216 10.444 10.814 11.245 11.733 11.546 11.975 12.915 13.452 13.430 12.568 12.836 13.614 13.328 12.526 13.258 13.616 12.992 12.838 13.886 13.913 14.269
29.149 29.186 28.957 28.774 28.735 28.549 28.348 28.263 28.083 27.827 27.775 27.342 27.387 26.723 26.539 26.080 25.605 25.495 25.109 24.540 24.545 24.303 23.895 23.657 24.085 23.799 23.570 23.764 23.631 23.313 23.734 23.617 23.646 23.817 23.653 24.307 23.957 24.414 24.785 24.946 25.693 25.794 26.336 26.324 26.599 26.944 27.101 27.392 27.412 27.531 27.669 27.831 27.961 28.140 28.197 28.321 28.397 28.372 28.131 28.076 28.061 27.684 27.526 27.384 27.183 26.591 26.369 25.836 25.281 24.931 23.951 23.512 23.163 23.146 23.051 23.697 24.311 24.891 25.578 26.081 26.599 27.116 27.483 27.754 27.976 28.255 28.249 28.633 28.733 28.526 28.904 29.054 29.131 28.981 28.971 29.310 29.248 29.312 29.272 29.358 29.265 29.317 29.304 29.146 29.146 29.132 29.059 28.854 28.975 29.047 29.037 29.069 29.051 29.138 29.234 29.022 29.013 29.087 29.045 28.991 29.215 29.148 29.138 29.201 28.987 29.081 29.046 29.142 29.141 28.952 28.951 28.815 28.867 28.697 28.562 28.324 28.367 27.957 28.043 27.766 27.799 27.795 27.189 27.309 26.911 26.525 26.381 25.422 25.190 24.094 24.356 23.588 23.812 23.444 24.122 24.282 24.503 25.189 25.559 25.435 25.658 25.525 25.497 26.024 25.613 26.220 26.085 26.444 26.683 26.842 26.623 26.593 26.354 25.705 25.422 24.781 23.967 23.522 22.424 22.144 21.202 20.044 19.713 18.837 18.138 17.317 16.848 16.225 16.122 15.522 15.691 15.624 15.131 14.783 14.685 14.136 13.922 13.681 13.840 13.481 12.982 12.740 12.559 12.151 11.911 11.833 11.718 11.119 11.108 10.390 10.381 10.062 9.619 9.158 9.203 9.042 8.467 8.186 8.105 7.666 7.161 6.770 6.463 6.117 5.722 6.347 5.950 5.173 5.425 5.947 5.116 4.167 4.735 4.399 2.931 2.999 1.821 0.599 0.000 0.627 1.121 1.975 2.176 2.274 2.631 3.185 3.477 4.211 4.410 4.937 5.192 5.897 6.216 6.629 6.861 7.440 7.919 8.084 7.950 8.663 9.214 8.877 9.554 9.902 9.839 10.266 10.900 11.590 11.872 10.993 10.898 11.687 11.732 10.955 11.202 11.847 11.428 11.157 11.965 11.699 11.784
28.914 29.033 28.904 28.736 28.652 28.462 28.238 28.205 28.039 27.852 27.795 27.383 27.382 27.034 26.586 26.116 25.612 25.658 24.803 24.210 24.645 24.116 23.531 23.634 24.125 23.578 23.342 23.496 23.345 22.775 23.327 23.265 23.105 23.275 23.518 23.829 23.924 24.301 24.423 24.924 25.456 25.649 26.042 26.236 26.481 26.769 27.000 27.280 27.358 27.450 27.566 27.624 27.882 28.133 28.085 28.279 28.309 28.274 28.071 28.072 27.959 27.633 27.526 27.231 27.053 26.410 26.162 25.539 25.033 24.550 23.849 23.217 22.912 22.876 22.882 23.461 24.089 24.632 25.361 25.840 26.480 27.050 27.136 27.655 27.897 28.161 28.062 28.468 28.560 28.536 28.787 28.918 28.925 28.900 28.921 29.136 29.055 29.157 29.089 29.211 29.188 29.181 29.179 29.155 29.031 28.949 28.971 28.904 28.862 28.970 28.790 28.875 28.889 29.036 29.186 28.981 28.977 29.132 29.134 29.040 29.212 29.180 29.140 29.162 29.161 29.159 29.142 29.120 29.215 28.982 28.983 28.836 28.878 28.601 28.583 28.323 28.303 27.796 27.904 27.634 27.614 27.638 27.120 27.174 26.655 26.297 26.195 25.273 24.984 24.065 23.920 23.349 23.377 23.169 23.669 23.677 24.032 24.728 24.978 25.013 24.988 25.155 24.747 25.700 25.019 25.882 25.605 26.035 26.533 26.602 26.663 26.436 26.263 25.512 25.188 24.321 23.457 22.664 21.632 20.789 20.116 18.724 17.886 17.337 16.665 15.575 15.079 14.646 14.387 13.655 13.741 13.532 13.286 12.901 12.716 12.422 11.999 11.817 11.681 11.508 10.935 10.851 10.831 10.044 9.894 10.331 10.102 9.587 9.689 9.347 9.187 9.069 8.779 8.584 8.583 8.768 8.337 7.997 7.980 7.686 6.861 7.020 6.632 6.433 6.159 6.197 6.075 4.901 5.832 6.124 5.115 4.264 4.752 4.605 3.326 3.177 2.220 1.431 0.545 0.000 0.686 1.371 1.777 2.299 2.547 2.887 3.338 4.695 4.504 4.736 5.219 5.696 6.714 6.842 6.993 7.639 7.672 7.844 8.244 8.233 8.460 8.669 8.943 9.000 9.062 9.501 9.851 10.123 10.155 9.832 10.034 10.052 10.539 10.015 10.454 10.646 10.784 10.483 11.121 10.970 11.012
28.898 28.957 28.755 28.568 28.522 28.307 28.115 27.960 27.885 27.648 27.664 27.135 27.251 26.886 26.387 25.816 25.553 25.526 24.561 24.097 24.530 23.908 23.040 23.343 23.505 22.808 22.921 23.155 22.931 22.288 22.948 22.816 22.529 22.861 22.924 23.451 23.166 23.646 24.021 24.513 25.141 25.282 25.866 25.823 26.072 26.521 26.755 27.126 27.135 27.321 27.425 27.494 27.724 27.829 27.838 28.017 28.086 28.062 27.880 27.817 27.750 27.499 27.363 26.979 26.703 26.123 25.950 25.205 24.589 24.079 23.087 22.622 22.131 22.063 21.971 22.750 23.297 24.116 24.845 25.204 26.129 26.497 27.033 27.271 27.628 27.953 27.943 28.295 28.421 28.371 28.602 28.783 28.820 28.816 28.854 29.076 29.012 29.146 29.150 29.255 29.185 29.267 29.213 29.176 29.083 28.904 29.005 28.787 28.917 28.998 28.805 28.875 28.899 28.951 29.099 28.978 28.962 29.197 29.055 29.038 29.173 29.132 29.138 29.144 29.120 29.136 29.117 29.165 29.191 28.938 28.913 28.777 28.725 28.613 28.429 28.287 28.144 27.778 27.820 27.493 27.577 27.469 27.095 26.958 26.492 26.191 25.741 25.162 24.328 23.534 23.280 22.807 22.698 22.630 23.044 23.207 23.510 24.375 24.718 24.696 24.787 24.619 24.336 25.285 24.470 25.413 25.182 25.635 26.013 26.222 26.131 25.967 25.784 24.774 24.618 23.718 22.651 21.861 20.462 19.461 18.584 16.907 16.358 15.308 14.314 13.129 12.607 11.830 11.653 11.197 11.123 10.809 10.544 10.321 10.062 9.698 9.323 9.532 9.118 8.813 8.578 8.621 8.410 8.046 8.263 8.288 7.728 7.640 8.011 7.186 7.403 7.489 6.973 6.887 7.262 6.626 6.794 6.662 6.646 6.436 6.120 6.070 5.777 4.793 5.352 6.128 5.280 3.965 5.218 6.442 5.050 3.882 4.972 5.245 3.484 3.636 2.832 2.117 1.256 0.547 0.000 0.798 1.195 1.706 1.435 1.075 2.368 2.504 2.142 2.913 3.560 4.156 4.318 5.458 4.573 5.420 5.483 5.492 5.613 6.091 6.425 6.058 6.839 6.908 6.849 7.446 7.536 7.552 7.727 7.543 7.565 7.379 7.828 7.524 7.811 7.604 7.503 7.577 7.721 7.952 8.133
28.904 28.850 28.608 28.506 28.362 28.165 27.840 27.687 27.726 27.334 27.466 26.869 26.973 26.373 26.077 25.502 25.186 25.041 24.025 23.487 23.863 23.299 22.407 22.398 22.616 21.774 21.540 22.048 21.845 21.322 21.657 21.710 21.199 21.713 21.909 22.264 21.991 22.605 23.182 23.464 24.107 24.300 25.046 24.879 25.354 25.659 26.034 26.347 26.523 26.594 26.745 26.834 27.154 27.378 27.503 27.633 27.595 27.567 27.525 27.188 27.171 26.920 26.431 26.207 25.887 25.058 24.864 24.284 23.771 23.079 21.969 21.210 20.589 20.585 20.514 21.355 22.153 23.192 24.272 24.916 25.831 26.270 26.640 27.099 27.380 27.881 27.706 28.165 28.273 28.332 28.476 28.733 28.768 28.743 28.693 28.923 28.823 29.054 28.921 29.092 29.001 29.029 28.995 28.929 28.847 28.693 28.670 28.461 28.571 28.695 28.570 28.592 28.685 28.729 28.894 28.676 28.674 28.984 28.811 28.770 28.997 28.923 28.957 28.961 28.934 28.886 28.842 28.869 28.962 28.652 28.587 28.433 28.398 28.293 28.153 27.879 27.769 27.452 27.426 27.111 26.914 26.856 26.350 26.127 25.635 25.117 24.981 24.048 23.426 22.203 22.285 21.206 21.592 21.021 21.903 21.796 22.470 23.228 23.732 23.673 23.893 23.893 23.281 24.147 23.422 24.554 24.143 24.598 24.953 25.318 25.281 24.987 24.940 23.871 23.417 22.287 20.993 20.019 18.095 17.134 15.901 14.114 13.421 11.969 10.949 9.630 9.165 8.405 8.125 7.825 7.585 7.232 7.201 6.956 6.672 6.212 6.138 5.942 5.770 5.391 5.390 4.980 4.631 4.706 4.618 4.264 4.049 4.070 4.061 3.533 3.552 3.566 3.321 3.082 3.197 3.116 2.785 2.704 2.872 2.749 2.364 2.431 2.587 2.419 2.258 2.663 2.792 2.461 2.896 3.344 3.295 2.964 3.344 3.747 3.271 3.341 2.961 2.314 1.728 1.551 0.504 0.000 0.517 0.601 0.620 0.554 0.589 0.810 0.849 0.845 1.019 1.254 1.257 1.319 1.554 1.735 1.863 1.892 2.210 2.379 2.351 2.384 2.760 2.786 2.888 3.046 3.388 3.676 3.849 3.583 3.529 3.857 4.099 3.827 4.070 4.468 4.446 4.427 4.940 4.918 5.334
28.739 28.706 28.532 28.357 28.268 28.050 27.874 27.778 27.700 27.511 27.344 26.862 26.827 26.523 25.774 25.311 25.086 25.044 23.850 23.416 23.727 22.978 21.894 22.386 22.492 21.585 21.135 21.789 21.513 20.756 21.374 21.329 20.821 21.350 21.618 21.876 21.698 22.553 22.788 23.359 23.927 24.183 24.845 24.801 25.405 25.512 25.808 26.206 26.211 26.392 26.402 26.649 26.805 27.222 27.171 27.293 27.365 27.552 27.359 27.070 27.068 26.708 26.203 25.905 25.679 24.822 24.528 23.946 23.323 22.577 21.549 20.845 20.083 20.262 20.258 21.209 22.022 22.868 24.251 24.702 25.858 26.121 26.639 26.880 27.065 27.618 27.621 27.968 28.107 28.116 28.275 28.560 28.586 28.516 28.526 28.750 28.719 28.835 28.802 28.998 28.921 29.025 29.007 28.848 28.889 28.550 28.717 28.464 28.627 28.608 28.550 28.566 28.650 28.754 28.831 28.681 28.666 28.914 28.751 28.738 28.884 28.896 28.881 28.865 28.859 28.793 28.718 28.729 28.790 28.551 28.452 28.261 28.134 27.964 27.901 27.628 27.500 27.318 27.150 26.777 26.835 26.622 26.372 25.912 25.499 25.009 24.539 23.924 23.013 22.063 21.666 20.888 21.153 20.643 21.533 21.290 22.094 22.935 23.362 23.199 23.643 23.485 23.071 23.940 23.208 24.097 23.824 24.374 24.592 24.845 24.822 24.615 24.427 23.473 23.011 21.742 20.503 19.276 17.295 16.204 14.979 13.033 12.227 11.005 9.914 8.644 8.096 7.645 7.183 7.051 6.678 6.418 6.237 6.153 5.841 5.440 5.382 5.274 4.909 4.643 4.583 4.414 3.952 4.026 3.949 3.627 3.413 3.443 3.390 2.961 2.821 2.954 2.772 2.452 2.510 2.570 2.255 2.139 2.359 2.263 1.923 1.943 2.155 1.974 1.893 2.315 2.374 2.164 2.578 3.014 2.923 2.765 3.170 3.531 3.070 3.410 2.936 2.412 1.879 1.452 0.694 0.487 0.000 0.489 0.508 0.509 0.499 0.527 0.606 0.617 0.688 0.774 0.898 0.974 1.057 1.269 1.421 1.477 1.651 1.905 1.901 1.934 2.193 2.351 2.440 2.531 2.733 3.123 3.274 2.999 3.031 3.353 3.551 3.318 3.611 3.944 3.952 3.973 4.519 4.540 4.971
28.717 28.744 28.599 28.380 28.273 28.177 27.908 27.700 27.653 27.347 27.313 26.561 26.861 26.406 25.846 25.062 24.895 24.836 23.517 22.896 23.439 22.829 21.617 21.917 22.350 21.415 21.185 21.367 21.372 20.379 21.047 21.117 20.520 21.066 21.225 21.729 21.233 22.223 22.413 23.079 23.666 23.942 24.370 24.566 25.151 25.257 25.697 25.759 26.087 26.282 26.354 26.644 26.803 27.046 27.280 27.466 27.479 27.505 27.397 27.250 27.118 26.729 26.386 26.019 25.605 24.969 24.488 23.813 23.089 22.407 21.365 20.661 20.056 19.951 19.991 21.026 22.028 23.029 24.436 24.876 25.772 26.475 26.597 27.170 27.228 27.889 27.404 28.123 28.226 28.237 28.409 28.553 28.622 28.615 28.623 28.764 28.782 28.929 28.778 28.982 28.935 28.977 28.917 28.774 28.777 28.598 28.693 28.508 28.397 28.560 28.479 28.370 28.517 28.672 28.689 28.541 28.547 28.825 28.718 28.662 28.823 28.795 28.844 28.871 28.845 28.800 28.715 28.757 28.783 28.559 28.532 28.329 28.251 28.123 27.940 27.601 27.399 27.166 26.915 26.676 26.381 26.585 26.053 25.835 25.292 24.961 24.565 23.621 23.005 21.755 21.770 20.825 21.135 20.554 21.439 21.462 21.885 22.810 23.142 23.299 23.428 23.606 23.077 24.058 23.221 24.195 23.905 24.419 24.717 25.034 24.987 24.734 24.645 23.656 22.968 21.828 20.794 19.346 17.751 16.513 15.390 13.769 12.729 11.441 10.324 8.961 8.288 7.865 7.587 7.079 6.918 6.808 6.575 6.192 6.089 5.569 5.463 5.278 5.092 4.712 4.619 4.356 3.998 4.032 3.904 3.640 3.430 3.431 3.382 3.008 2.885 2.932 2.776 2.434 2.552 2.465 2.185 2.115 2.239 2.225 1.841 1.876 1.969 1.916 1.802 2.235 2.271 2.065 2.471 2.903 2.761 2.641 3.115 3.393 2.930 3.194 2.858 2.328 1.950 1.799 0.733 0.507 0.487 0.000 0.488 0.495 0.498 0.500 0.524 0.584 0.630 0.715 0.810 0.895 0.989 1.191 1.324 1.357 1.624 1.787 1.827 1.846 2.134 2.303 2.419 2.534 2.717 3.082 3.196 2.887 2.960 3.329 3.443 3.224 3.528 3.815 3.870 3.869 4.253 4.291 4.802
28.794 28.830 28.666 28.479 28.375 28.254 28.034 27.817 27.825 27.545 27.536 26.864 26.992 26.577 26.012 25.617 25.053 25.028 23.736 23.030 23.564 22.814 21.959 21.962 22.463 21.391 21.185 21.498 21.545 20.871 21.069 21.193 20.763 21.351 21.307 21.910 21.598 22.341 22.863 23.241 23.973 24.162 24.818 24.890 25.460 25.519 25.843 26.173 26.189 26.302 26.381 26.690 26.854 27.111 27.157 27.341 27.501 27.455 27.336 26.984 26.831 26.687 26.145 25.814 25.479 24.867 24.376 23.835 23.234 22.449 21.681 20.674 20.006 20.001 20.058 20.780 21.904 22.865 24.136 24.753 25.784 26.292 26.546 27.122 27.155 27.666 27.602 28.026 28.011 28.253 28.282 28.461 28.498 28.574 28.570 28.729 28.674 28.830 28.686 28.876 28.792 28.868 28.818 28.855 28.834 28.616 28.571 28.614 28.581 28.559 28.431 28.461 28.511 28.536 28.751 28.591 28.628 28.761 28.711 28.693 28.760 28.665 28.715 28.720 28.812 28.789 28.734 28.662 28.731 28.573 28.525 28.385 28.311 28.056 27.876 27.680 27.484 27.391 27.084 26.773 26.769 26.478 26.283 25.861 25.387 24.762 24.547 23.675 23.137 21.696 21.791 20.444 21.115 20.308 21.263 21.254 21.920 22.804 23.312 23.393 23.395 23.630 22.949 23.746 23.033 23.951 23.596 24.152 24.463 24.752 24.708 24.284 24.145 23.156 22.605 21.538 20.153 18.984 17.202 15.971 14.913 12.963 12.133 10.773 9.830 8.508 8.175 7.542 7.111 6.860 6.732 6.450 6.098 6.105 5.899 5.328 5.185 5.230 4.948 4.457 4.557 4.341 3.901 3.843 3.985 3.712 3.348 3.386 3.485 2.955 2.897 2.969 2.789 2.421 2.562 2.547 2.244 2.108 2.344 2.132 1.858 1.855 2.042 1.872 1.682 2.164 2.209 2.001 2.382 2.826 2.622 2.568 3.181 3.277 2.791 3.149 2.695 2.341 1.868 1.645 0.723 0.520 0.496 0.485 0.000 0.489 0.492 0.502 0.497 0.525 0.571 0.636 0.688 0.776 0.901 1.074 1.158 1.270 1.518 1.635 1.713 1.778 2.062 2.170 2.280 2.420 2.638 3.026 3.039 2.788 2.833 3.144 3.204 3.000 3.350 3.565 3.578 3.636 4.016 4.174 4.559
28.990 28.911 28.630 28.555 28.370 28.284 28.040 28.066 27.870 27.575 27.569 26.996 27.051 26.583 26.155 25.704 25.389 25.116 24.068 23.494 23.801 23.067 22.060 22.250 22.505 21.596 21.301 21.661 21.519 20.756 21.220 21.244 20.835 21.242 21.488 21.805 21.594 22.372 22.696 23.293 23.843 24.163 24.749 24.846 25.426 25.663 25.958 26.164 26.446 26.522 26.663 26.737 27.129 27.328 27.360 27.551 27.538 27.478 27.389 27.119 27.083 26.731 26.458 26.035 25.762 24.892 24.716 23.992 23.462 22.649 21.570 20.781 20.041 20.101 20.102 21.016 21.972 22.977 24.136 24.682 25.762 26.252 26.598 27.094 27.309 27.789 27.726 28.139 28.217 28.280 28.449 28.698 28.685 28.689 28.686 28.839 28.782 28.966 28.843 29.014 28.929 28.984 28.951 28.960 28.804 28.683 28.694 28.509 28.613 28.662 28.568 28.608 28.715 28.751 28.938 28.703 28.757 29.001 28.858 28.841 29.046 29.004 29.061 29.007 28.948 28.919 28.869 28.972 28.936 28.625 28.553 28.431 28.456 28.305 28.129 27.794 27.750 27.513 27.354 26.874 26.780 26.696 26.238 26.007 25.369 24.954 24.687 23.845 23.112 21.825 21.559 20.614 21.031 20.384 21.348 21.103 21.962 22.698 23.100 23.172 23.457 23.593 22.939 23.715 22.962 23.946 23.646 24.219 24.495 24.858 24.894 24.491 24.571 23.328 22.956 21.666 20.382 19.160 17.312 16.037 14.860 12.808 12.084 10.733 9.641 8.474 7.996 7.444 7.171 6.768 6.565 6.280 6.154 5.981 5.777 5.250 5.195 5.121 4.834 4.515 4.490 4.212 3.785 3.896 3.825 3.538 3.243 3.277 3.299 2.847 2.826 2.835 2.662 2.328 2.483 2.452 2.227 2.066 2.240 2.185 1.787 1.948 1.981 1.936 1.832 2.254 2.293 2.149 2.522 2.923 2.835 2.731 3.085 3.416 2.968 3.178 2.723 2.307 1.795 1.530 0.764 0.530 0.501 0.489 0.486 0.000 0.487 0.497 0.502 0.503 0.541 0.628 0.654 0.687 0.830 1.039 1.122 1.197 1.479 1.667 1.654 1.714 2.024 2.096 2.229 2.348 2.530 2.865 2.951 2.735 2.745 3.075 3.172 2.951 3.324 3.634 3.589 3.598 4.049 4.174 4.560
28.577 28.687 28.392 28.335 28.196 28.116 27.972 27.828 27.680 27.444 27.367 26.751 26.890 26.601 25.968 25.265 25.191 25.166 23.653 23.092 23.573 23.019 21.397 21.896 22.323 21.367 21.249 21.586 21.387 20.363 21.057 21.181 20.442 21.059 21.302 21.660 21.176 22.304 22.609 23.315 23.880 24.029 24.556 24.770 25.197 25.407 25.860 25.946 26.118 26.446 26.454 26.629 26.921 27.217 27.390 27.602 27.528 27.461 27.518 27.281 27.236 26.977 26.552 26.205 25.831 25.051 24.691 24.006 23.418 22.554 21.438 20.867 20.165 20.132 20.033 21.322 22.138 23.102 24.532 25.008 25.864 26.474 26.736 27.160 27.340 27.932 27.528 28.170 28.277 28.344 28.466 28.563 28.706 28.746 28.749 28.833 28.823 28.973 28.878 29.034 29.005 29.070 29.010 28.886 28.931 28.629 28.818 28.740 28.605 28.730 28.625 28.590 28.654 28.798 28.866 28.906 28.880 28.961 29.056 28.949 28.969 28.923 29.018 28.953 29.009 29.009 28.918 28.905 28.878 28.732 28.699 28.535 28.369 28.252 28.042 27.699 27.586 27.225 27.179 26.873 26.578 26.754 26.382 26.031 25.517 25.065 24.729 23.926 23.117 21.906 21.853 20.891 21.120 20.572 21.443 21.422 21.944 22.823 22.988 23.383 23.342 23.749 23.003 23.988 23.062 24.049 23.909 24.259 24.665 24.963 25.039 24.732 24.906 23.734 23.048 21.839 20.791 19.467 17.735 16.455 15.318 13.598 12.542 11.313 10.083 8.679 7.921 7.455 7.348 6.804 6.621 6.545 6.328 6.012 5.763 5.381 5.286 5.054 4.699 4.440 4.390 4.015 3.694 3.770 3.752 3.428 3.160 3.258 3.156 2.759 2.688 2.819 2.493 2.255 2.415 2.399 2.104 1.940 2.244 2.059 1.712 1.866 1.983 1.990 1.895 2.219 2.276 2.197 2.613 2.958 2.830 2.654 3.101 3.320 2.919 3.117 2.697 2.307 1.784 1.546 0.766 0.530 0.496 0.494 0.490 0.486 0.000 0.486 0.490 0.497 0.507 0.542 0.600 0.646 0.777 0.945 1.070 1.134 1.397 1.593 1.604 1.657 1.900 2.052 2.167 2.364 2.477 2.816 2.935 2.734 2.770 3.070 3.161 2.969 3.333 3.656 3.625 3.661 4.055 4.100 4.624
28.917 28.810 28.715 28.496 28.321 28.249 28.068 27.900 27.886 27.541 27.433 26.815 27.012 26.576 25.994 25.771 25.179 25.004 23.698 23.238 23.584 22.834 21.946 21.865 22.267 21.314 21.201 21.305 21.308 20.432 20.976 20.947 20.572 21.069 21.239 21.597 21.259 22.040 22.492 23.107 23.773 23.993 24.416 24.652 25.006 25.388 25.719 25.748 26.115 26.298 26.400 26.608 26.889 27.118 27.275 27.489 27.435 27.464 27.349 27.154 26.968 26.735 26.372 25.997 25.570 24.859 24.502 23.819 23.185 22.422 21.337 20.633 19.949 19.952 20.026 20.761 22.016 22.792 24.079 24.667 25.741 26.314 26.529 27.106 27.223 27.679 27.315 28.077 28.112 28.192 28.339 28.524 28.469 28.560 28.569 28.652 28.684 28.814 28.693 28.857 28.807 28.841 28.875 28.842 28.755 28.661 28.742 28.652 28.526 28.627 28.504 28.510 28.560 28.629 28.802 28.656 28.688 28.775 28.832 28.776 28.890 28.816 28.851 28.861 28.880 28.863 28.786 28.766 28.816 28.596 28.577 28.395 28.328 28.226 27.953 27.707 27.433 27.093 27.112 26.680 26.534 26.576 26.180 25.864 25.343 24.872 24.607 23.849 23.029 21.542 21.641 20.414 20.948 20.207 21.281 21.215 21.949 22.833 23.135 23.243 23.434 23.564 22.992 23.953 23.153 24.285 23.775 24.309 24.810 25.025 24.974 24.605 24.311 23.459 22.842 21.594 20.517 19.210 17.389 16.160 14.951 13.278 12.215 10.859 9.669 8.358 7.981 7.498 7.111 6.696 6.652 6.383 5.960 5.952 5.819 5.303 5.071 5.119 4.700 4.384 4.299 4.170 3.756 3.747 3.794 3.530 3.254 3.293 3.303 2.855 2.747 2.897 2.658 2.298 2.498 2.596 2.163 2.033 2.345 2.183 1.738 1.879 2.204 2.064 1.850 2.480 2.495 2.320 2.646 3.079 2.927 2.768 3.334 3.474 2.995 3.200 2.791 2.412 1.931 1.641 0.853 0.610 0.516 0.500 0.511 0.492 0.486 0.000 0.488 0.495 0.510 0.527 0.565 0.642 0.754 0.878 1.033 1.123 1.342 1.566 1.650 1.715 1.893 2.062 2.213 2.290 2.431 2.760 2.816 2.589 2.636 2.979 3.008 2.872 3.191 3.470 3.510 3.584 3.871 4.017 4.463
28.878 28.937 28.666 28.519 28.316 28.233 28.095 27.974 27.913 27.550 27.528 26.916 26.983 26.535 26.185 25.685 25.261 25.016 24.041 23.349 23.677 23.169 22.032 22.118 22.399 21.436 21.319 21.323 21.405 20.704 21.048 21.199 20.632 21.281 21.322 21.835 21.457 22.147 22.837 23.139 24.031 24.097 24.845 24.872 25.218 25.631 25.866 26.011 26.336 26.460 26.590 26.775 27.028 27.246 27.275 27.447 27.549 27.404 27.358 27.154 27.010 26.749 26.393 25.863 25.654 24.825 24.540 23.855 23.301 22.486 21.384 20.709 19.971 20.011 19.967 20.765 21.914 22.948 24.031 24.777 25.780 26.350 26.616 27.213 27.373 27.872 27.698 28.173 28.258 28.196 28.416 28.637 28.618 28.589 28.604 28.798 28.718 28.882 28.760 28.910 28.802 28.881 28.873 28.968 28.714 28.725 28.644 28.539 28.451 28.603 28.457 28.487 28.531 28.585 28.710 28.552 28.593 28.732 28.652 28.669 28.743 28.881 28.726 28.674 28.718 28.704 28.653 28.774 28.718 28.475 28.422 28.330 28.353 28.173 28.028 27.704 27.620 27.332 27.254 26.768 26.631 26.548 26.267 25.833 25.258 24.821 24.401 23.744 22.951 21.481 21.648 20.361 20.910 20.139 21.253 21.145 21.788 22.755 23.148 23.301 23.448 23.617 22.931 23.792 23.103 24.063 23.658 24.194 24.476 24.732 24.744 24.436 24.418 23.396 22.722 21.570 20.305 19.060 17.350 16.112 15.014 13.130 12.094 10.834 9.865 8.548 8.089 7.535 7.096 6.791 6.614 6.325 6.024 6.005 5.747 5.159 5.083 5.053 4.754 4.334 4.460 4.112 3.680 3.688 3.796 3.452 3.134 3.233 3.207 2.739 2.678 2.800 2.589 2.245 2.403 2.357 2.155 2.017 2.245 2.129 1.703 1.776 2.035 1.962 1.862 2.274 2.307 2.174 2.545 2.907 2.811 2.650 3.172 3.325 2.901 3.079 2.724 2.419 1.894 1.723 0.900 0.649 0.558 0.519 0.515 0.497 0.491 0.486 0.000 0.488 0.495 0.514 0.523 0.534 0.661 0.810 0.868 0.953 1.261 1.405 1.432 1.535 1.784 1.861 2.042 2.214 2.359 2.696 2.789 2.474 2.492 2.822 2.907 2.650 3.050 3.334 3.287 3.340 3.712 3.872 4.225
28.682 28.830 28.492 28.425 28.289 28.235 28.003 28.008 27.828 27.541 27.548 26.995 27.140 26.900 26.181 25.771 25.418 25.330 24.203 23.552 23.847 23.134 22.027 22.173 22.500 21.616 21.246 21.418 21.350 20.473 20.938 21.056 20.584 20.985 20.954 21.536 21.328 22.078 22.383 23.095 23.418 23.800 24.480 24.715 25.120 25.468 25.690 26.089 26.194 26.541 26.521 26.715 27.020 27.477 27.457 27.612 27.682 27.572 27.476 27.275 27.207 26.882 26.489 26.112 25.907 24.903 24.647 23.877 23.273 22.517 21.419 20.804 19.992 20.105 20.018 21.027 22.042 22.830 24.131 24.695 25.665 26.328 26.567 27.079 27.275 27.741 27.750 28.145 28.277 28.123 28.437 28.662 28.679 28.655 28.649 28.816 28.756 28.899 28.790 28.971 28.873 28.943 28.911 28.735 28.846 28.671 28.707 28.515 28.585 28.472 28.374 28.449 28.525 28.720 28.782 28.593 28.649 28.912 28.751 28.841 28.938 28.902 29.020 28.927 28.869 28.883 28.872 28.934 28.953 28.698 28.686 28.563 28.480 28.344 28.148 27.789 27.806 27.362 27.251 26.759 26.906 26.653 26.243 25.862 25.631 24.984 24.593 23.987 22.813 21.787 21.593 20.582 20.964 20.452 21.289 21.164 21.841 22.602 23.114 23.258 23.555 23.699 23.197 23.960 23.209 23.986 23.890 24.392 24.550 24.996 24.975 24.605 24.788 23.738 23.036 21.904 20.567 19.257 17.312 15.944 14.813 12.745 11.929 10.568 9.423 8.218 7.666 7.158 6.894 6.416 6.261 5.948 5.762 5.628 5.377 4.873 4.825 4.635 4.297 4.070 4.066 3.711 3.415 3.437 3.443 3.216 2.968 3.009 3.006 2.576 2.559 2.679 2.514 2.130 2.293 2.325 2.098 1.937 2.182 2.174 1.635 1.826 2.058 1.979 1.874 2.328 2.352 2.256 2.630 2.940 2.835 2.721 3.192 3.244 2.981 3.112 2.714 2.451 1.978 1.806 1.019 0.718 0.638 0.581 0.519 0.509 0.509 0.493 0.486 0.000 0.488 0.501 0.506 0.511 0.583 0.752 0.807 0.866 1.188 1.349 1.300 1.390 1.650 1.758 1.862 2.085 2.158 2.535 2.623 2.404 2.430 2.709 2.861 2.597 2.987 3.232 3.289 3.305 3.711 3.670 4.244
28.863 28.809 28.649 28.567 28.342 28.269 28.004 27.865 27.813 27.499 27.444 26.897 26.987 26.643 26.078 25.621 25.121 25.090 23.572 23.082 23.390 22.588 21.444 21.693 22.025 21.112 20.876 21.200 21.066 20.066 20.698 20.733 20.285 20.653 20.894 21.315 20.714 21.781 21.938 22.795 23.328 23.716 24.178 24.443 24.898 25.235 25.506 25.755 26.007 26.331 26.407 26.503 26.806 27.083 27.236 27.433 27.467 27.443 27.375 27.032 27.052 26.755 26.355 25.934 25.549 24.753 24.403 23.609 22.941 22.156 21.085 20.599 19.756 19.963 19.942 20.841 22.024 22.693 24.389 24.754 25.676 26.356 26.483 27.122 27.308 27.800 27.245 28.131 28.246 28.195 28.501 28.546 28.699 28.618 28.620 28.864 28.835 28.895 28.825 28.919 28.855 28.916 28.933 28.699 28.824 28.549 28.758 28.542 28.439 28.593 28.484 28.398 28.501 28.729 28.796 28.738 28.759 28.801 28.882 28.843 28.888 28.803 28.950 28.861 28.926 28.907 28.807 28.802 28.775 28.620 28.566 28.417 28.329 28.182 27.902 27.644 27.411 27.000 27.080 26.625 26.473 26.421 26.033 25.665 25.229 24.785 24.231 23.573 22.556 21.483 21.262 20.382 20.721 20.069 21.046 20.837 21.653 22.368 22.846 23.040 23.085 23.273 22.728 23.726 22.880 23.913 23.533 23.943 24.549 24.758 24.776 24.322 24.271 23.234 22.552 21.383 20.351 19.094 17.405 16.014 14.925 13.236 12.173 10.751 9.536 8.198 7.582 7.162 6.812 6.361 6.233 5.992 5.705 5.552 5.438 4.972 4.818 4.688 4.438 4.090 4.044 3.839 3.469 3.530 3.415 3.189 2.957 3.022 2.862 2.504 2.483 2.596 2.444 2.073 2.264 2.250 1.970 1.800 2.066 1.998 1.471 1.725 1.908 1.854 1.863 2.166 2.215 2.106 2.441 2.807 2.697 2.580 3.116 3.254 2.953 3.214 2.869 2.548 2.113 1.909 1.191 0.861 0.743 0.714 0.618 0.538 0.532 0.515 0.493 0.486 0.000 0.489 0.496 0.507 0.530 0.616 0.771 0.806 1.039 1.254 1.277 1.333 1.610 1.713 1.864 2.023 2.177 2.511 2.575 2.322 2.371 2.643 2.735 2.565 2.961 3.120 3.192 3.347 3.463 3.673 4.112
28.993 28.961 28.732 28.549 28.455 28.325 28.202 28.029 28.057 27.758 27.657 26.936 27.210 26.877 26.369 25.882 25.545 25.361 24.038 23.485 23.776 23.429 22.443 22.069 22.453 21.710 21.575 21.634 21.730 20.965 21.296 21.381 20.706 21.374 21.567 21.997 21.561 22.258 22.984 23.450 24.040 24.348 24.850 25.015 25.239 25.712 25.976 26.063 26.399 26.640 26.711 26.871 27.109 27.383 27.466 27.640 27.778 27.688 27.552 27.298 27.282 27.033 26.650 26.249 25.986 25.232 24.961 24.260 23.456 22.814 21.553 21.026 20.355 20.306 20.314 21.065 22.308 23.077 24.279 24.808 25.954 26.646 26.593 27.370 27.493 27.943 27.550 28.265 28.272 28.310 28.569 28.655 28.577 28.730 28.741 28.788 28.849 28.902 28.830 28.933 28.911 28.960 28.938 28.875 28.742 28.717 28.802 28.718 28.591 28.725 28.598 28.566 28.560 28.696 28.852 28.687 28.723 28.759 28.812 28.752 28.878 28.862 28.794 28.857 28.826 28.857 28.785 28.816 28.835 28.575 28.570 28.455 28.509 28.268 28.014 27.785 27.616 27.188 27.269 26.627 26.659 26.554 26.379 26.004 25.548 25.188 24.770 24.131 23.293 21.844 21.977 20.711 21.155 20.412 21.496 21.494 21.886 22.969 23.314 23.440 23.470 23.551 22.978 24.048 23.255 24.191 23.837 24.387 24.837 25.037 24.891 24.654 24.323 23.412 22.819 21.473 20.294 19.028 17.250 15.866 14.797 13.182 11.937 10.615 9.397 8.238 7.588 7.075 6.980 6.437 6.248 6.108 5.767 5.586 5.362 4.923 4.789 4.724 4.508 4.154 4.164 3.874 3.442 3.573 3.497 3.148 2.945 2.994 2.898 2.530 2.498 2.601 2.339 2.059 2.210 2.248 1.890 1.759 2.033 1.952 1.547 1.697 1.894 1.772 1.724 2.136 2.177 2.014 2.415 2.812 2.711 2.635 3.126 3.227 2.939 3.185 2.888 2.592 2.199 2.031 1.365 1.076 0.863 0.775 0.719 0.621 0.560 0.573 0.528 0.495 0.487 0.000 0.488 0.507 0.530 0.564 0.667 0.774 0.993 1.174 1.232 1.263 1.556 1.692 1.776 1.922 2.083 2.498 2.581 2.246 2.277 2.687 2.730 2.539 2.889 3.202 3.326 3.365 3.581 3.670 4.160
28.767 28.827 28.499 28.497 28.339 28.199 27.965 27.898 27.801 27.476 27.550 27.017 27.132 26.773 26.210 25.539 25.468 25.088 24.194 23.584 23.782 23.151 21.943 22.401 22.454 21.620 21.377 21.472 21.582 20.675 21.152 21.284 20.854 21.231 21.279 21.741 21.520 22.305 22.725 23.201 23.828 24.072 24.709 24.907 25.456 25.585 25.996 26.044 26.366 26.493 26.649 26.875 27.066 27.438 27.497 27.697 27.662 27.607 27.571 27.251 27.174 27.013 26.622 26.166 25.747 24.969 24.771 24.002 23.461 22.637 21.685 21.070 20.465 20.310 20.371 21.062 22.110 23.091 24.109 24.717 25.902 26.445 26.690 27.246 27.552 27.848 27.905 28.167 28.258 28.372 28.433 28.668 28.616 28.719 28.786 28.785 28.783 28.977 28.832 28.991 28.944 28.946 28.897 28.902 28.732 28.779 28.687 28.623 28.487 28.481 28.388 28.619 28.678 28.619 28.766 28.593 28.617 28.652 28.688 28.734 28.805 28.858 28.788 28.777 28.859 28.803 28.760 28.757 28.709 28.618 28.554 28.513 28.319 28.270 28.111 27.855 27.659 27.427 27.300 26.714 26.744 26.618 26.338 25.949 25.213 24.858 24.477 23.808 22.980 21.746 21.715 20.607 21.014 20.518 21.377 21.431 21.965 22.917 23.278 23.391 23.615 23.742 23.247 23.922 23.366 24.141 23.974 24.483 24.843 25.174 25.228 24.857 24.961 23.804 23.268 22.060 20.895 19.481 17.693 16.195 15.067 13.157 11.952 10.651 9.487 8.381 7.691 7.189 7.015 6.494 6.285 6.046 5.858 5.692 5.428 4.971 4.923 4.761 4.409 4.117 4.133 3.849 3.458 3.496 3.507 3.172 2.922 3.051 2.953 2.559 2.513 2.638 2.491 2.151 2.302 2.293 2.029 1.875 2.257 2.115 1.621 1.819 2.066 1.997 1.883 2.273 2.375 2.211 2.575 2.968 2.888 2.707 3.140 3.299 2.981 3.295 2.976 2.615 2.175 2.008 1.362 1.076 0.940 0.877 0.778 0.664 0.622 0.576 0.530 0.503 0.495 0.487 0.000 0.489 0.510 0.570 0.613 0.685 0.976 1.156 1.161 1.265 1.494 1.635 1.796 1.975 2.129 2.494 2.626 2.221 2.311 2.645 2.709 2.552 2.881 3.213 3.107 3.294 3.671 3.641 4.181
28.783 28.809 28.585 28.584 28.428 28.338 28.173 27.992 27.971 27.714 27.795 27.166 27.379 26.962 26.371 25.621 25.560 25.327 24.027 23.432 23.890 23.001 21.627 22.013 22.404 21.338 21.058 21.330 21.246 20.013 20.923 20.991 20.494 20.871 21.060 21.334 21.107 21.975 22.324 23.146 23.719 24.015 24.524 24.802 24.949 25.643 25.912 26.209 26.295 26.593 26.845 26.789 27.253 27.479 27.536 27.779 27.732 27.694 27.695 27.411 27.376 27.105 26.839 26.396 26.074 25.001 24.934 24.000 23.327 22.519 21.354 20.900 20.052 20.193 20.056 20.876 21.902 22.712 24.202 24.618 25.734 26.295 26.524 27.161 27.428 27.780 27.414 28.152 28.236 28.185 28.430 28.571 28.627 28.616 28.597 28.781 28.788 28.857 28.880 28.983 28.871 28.971 28.988 28.715 28.967 28.644 28.841 28.616 28.670 28.699 28.633 28.498 28.633 28.971 28.974 28.918 28.924 29.068 29.039 28.959 29.040 28.938 29.108 29.008 29.051 29.039 28.977 29.003 29.023 28.834 28.787 28.628 28.543 28.415 28.241 27.841 27.849 27.174 27.517 26.908 27.006 26.832 26.439 26.087 25.599 25.024 24.475 23.836 22.660 21.712 21.450 20.604 20.909 20.355 21.297 20.988 21.899 22.692 23.051 23.340 23.427 23.614 23.033 23.941 23.096 24.193 23.886 24.224 24.759 25.018 25.049 24.734 24.589 23.672 23.170 21.771 20.870 19.429 17.654 16.253 14.849 13.235 12.204 10.803 9.498 8.134 7.526 7.123 6.758 6.363 6.188 5.964 5.717 5.618 5.367 4.951 4.829 4.697 4.271 3.996 4.084 3.797 3.361 3.457 3.512 3.049 2.864 3.059 2.855 2.452 2.501 2.688 2.417 2.096 2.317 2.364 2.057 1.933 2.270 2.194 1.719 1.934 2.191 2.084 2.025 2.378 2.520 2.426 2.780 3.148 3.094 2.911 3.393 3.538 3.242 3.482 3.207 2.874 2.457 2.276 1.575 1.220 1.126 1.107 0.903 0.742 0.716 0.700 0.546 0.520 0.511 0.508 0.486 0.000 0.491 0.517 0.566 0.629 0.880 1.071 1.073 1.162 1.395 1.495 1.624 1.828 2.000 2.348 2.446 2.168 2.176 2.615 2.655 2.525 2.832 3.211 3.129 3.200 3.582 3.586 4.177
28.622 28.770 28.595 28.438 28.316 28.274 27.942 27.846 27.912 27.590 27.602 26.837 27.109 26.907 26.303 25.712 25.395 25.205 23.859 23.314 23.644 23.067 21.941 21.821 22.174 21.168 21.222 21.180 21.218 20.372 21.060 20.834 20.236 20.949 21.204 21.633 20.969 21.942 22.345 23.141 23.558 24.124 24.514 24.779 25.031 25.481 25.884 25.920 26.347 26.522 26.607 26.740 26.998 27.231 27.578 27.694 27.514 27.716 27.657 27.271 27.277 27.022 26.363 26.016 25.648 24.930 24.582 23.940 23.203 22.552 21.424 20.883 20.035 20.016 19.855 20.799 22.177 22.943 24.507 24.944 26.093 26.687 26.741 27.281 27.404 27.974 27.608 28.064 28.216 28.361 28.304 28.555 28.552 28.711 28.692 28.711 28.693 28.824 28.764 28.811 28.804 28.866 28.799 28.721 28.629 28.503 28.696 28.632 28.568 28.691 28.560 28.518 28.587 28.658 28.872 28.832 28.813 28.759 29.015 28.917 28.906 28.814 28.898 28.903 28.983 28.994 28.914 28.912 28.886 28.751 28.741 28.606 28.373 28.360 28.039 27.990 27.666 27.258 27.252 26.756 26.607 26.593 26.205 25.811 25.160 24.813 24.267 23.768 22.764 21.473 21.547 20.264 20.746 20.022 21.055 20.821 21.670 22.386 22.810 22.950 23.141 23.290 22.713 23.544 22.916 23.949 23.561 24.050 24.440 24.817 24.750 24.569 24.349 23.490 22.840 21.475 20.393 18.860 16.977 15.815 14.451 12.660 11.648 10.405 9.118 7.879 7.292 6.811 6.596 6.070 5.992 5.773 5.433 5.272 5.189 4.728 4.564 4.533 4.146 3.873 3.858 3.547 3.149 3.292 3.183 2.806 2.771 2.818 2.687 2.393 2.333 2.560 2.288 1.908 2.208 2.207 1.954 1.714 2.157 1.994 1.582 1.784 2.101 1.932 1.928 2.443 2.600 2.484 2.847 3.086 3.136 2.951 3.499 3.703 3.388 3.769 3.598 3.216 2.751 2.463 1.953 1.514 1.327 1.443 1.225 0.975 0.944 0.954 0.746 0.580 0.598 0.584 0.513 0.487 0.000 0.491 0.529 0.572 0.813 0.934 0.909 1.079 1.248 1.331 1.455 1.616 1.797 2.124 2.181 1.916 1.876 2.302 2.355 2.276 2.499 2.879 2.890 2.950 3.161 3.272 3.764
28.713 28.788 28.553 28.360 28.302 28.128 28.006 27.925 27.852 27.604 27.442 26.798 26.919 26.622 26.069 25.624 25.250 25.084 23.963 23.250 23.522 23.030 21.952 22.077 22.186 21.295 21.229 21.445 21.352 20.741 21.236 21.180 20.461 21.070 21.394 21.546 21.127 22.121 22.352 23.144 23.638 24.076 24.415 24.776 25.258 25.364 25.789 25.870 26.242 26.310 26.477 26.565 26.850 27.134 27.296 27.447 27.439 27.555 27.313 27.101 27.075 26.814 26.431 26.015 25.750 24.901 24.840 24.037 23.556 22.832 21.944 21.227 20.571 20.414 20.421 21.073 22.191 23.143 24.261 24.844 25.979 26.499 26.809 27.263 27.452 27.837 27.828 28.128 28.231 28.259 28.445 28.637 28.635 28.637 28.644 28.843 28.788 28.801 28.797 28.851 28.818 28.821 28.844 28.872 28.650 28.646 28.776 28.482 28.508 28.614 28.525 28.677 28.631 28.685 28.868 28.606 28.638 28.745 28.705 28.653 28.703 28.737 28.737 28.638 28.812 28.751 28.664 28.726 28.677 28.590 28.521 28.441 28.348 28.169 28.011 27.794 27.572 27.181 27.096 26.741 26.596 26.416 26.105 25.664 25.348 24.920 24.378 23.668 22.764 21.921 21.679 20.723 20.959 20.523 21.329 21.210 21.890 22.788 23.252 23.257 23.360 23.457 23.141 23.691 23.359 24.023 23.650 24.233 24.594 24.909 24.986 24.705 24.605 23.554 23.103 21.835 20.613 19.308 17.375 16.366 14.740 13.076 11.963 10.633 9.627 8.329 7.654 7.166 6.898 6.462 6.234 5.999 5.739 5.661 5.440 4.953 4.843 4.748 4.416 4.129 4.127 3.815 3.415 3.478 3.497 3.042 2.947 3.007 2.905 2.558 2.557 2.696 2.410 2.057 2.206 2.323 1.917 1.786 2.114 2.017 1.558 1.826 2.134 2.096 1.986 2.438 2.505 2.488 2.779 3.184 3.083 3.042 3.534 3.763 3.498 3.878 3.755 3.364 2.934 2.790 2.198 1.816 1.614 1.591 1.492 1.204 1.182 1.047 0.981 0.763 0.637 0.699 0.570 0.508 0.489 0.000 0.501 0.540 0.767 0.820 0.823 0.989 1.256 1.311 1.425 1.670 1.893 2.233 2.286 1.938 1.907 2.356 2.375 2.223 2.538 2.883 2.775 2.949 3.320 3.264 3.769
28.817 28.632 28.490 28.409 28.316 28.139 27.974 27.762 27.799 27.525 27.568 27.028 27.146 26.805 26.263 25.588 25.485 25.178 24.050 23.387 23.676 23.135 21.952 22.172 22.238 21.423 21.170 21.168 21.167 20.296 20.930 21.056 20.629 20.965 21.165 21.521 21.212 21.930 22.397 22.971 23.628 23.965 24.554 24.573 25.055 25.338 25.680 26.022 26.222 26.313 26.573 26.681 26.960 27.314 27.278 27.530 27.615 27.630 27.393 27.282 27.104 26.766 26.615 26.067 25.920 24.813 24.719 23.912 23.293 22.705 21.412 20.887 20.208 20.113 20.094 20.763 21.823 22.996 24.168 24.727 25.793 26.307 26.531 27.063 27.486 27.801 27.672 28.029 28.195 28.252 28.333 28.596 28.565 28.553 28.614 28.703 28.655 28.759 28.710 28.822 28.793 28.852 28.863 28.767 28.687 28.528 28.676 28.528 28.516 28.475 28.453 28.439 28.532 28.677 28.835 28.765 28.760 28.863 28.899 28.808 28.959 28.807 28.933 28.911 28.894 28.913 28.839 28.888 28.927 28.684 28.636 28.507 28.441 28.333 28.224 27.736 27.843 27.244 27.368 26.863 26.883 26.659 26.096 25.888 25.414 24.884 24.577 23.782 22.965 21.690 21.667 20.642 21.053 20.456 21.331 21.241 21.868 22.910 23.237 23.301 23.504 23.597 23.073 23.900 23.156 24.170 23.783 24.331 24.824 24.932 24.997 24.744 24.626 23.565 23.090 21.806 20.624 19.274 17.434 16.077 14.441 12.870 11.717 10.228 8.993 7.854 7.148 6.782 6.671 6.054 5.887 5.726 5.481 5.225 4.968 4.611 4.542 4.284 3.978 3.806 3.742 3.402 3.127 3.158 3.096 2.764 2.729 2.791 2.636 2.325 2.328 2.424 2.218 1.879 2.138 2.124 1.791 1.692 2.078 1.987 1.506 1.808 2.119 2.119 2.108 2.461 2.569 2.501 2.881 3.138 3.206 3.076 3.556 3.762 3.555 3.881 3.810 3.517 3.074 2.774 2.329 2.029 1.783 1.731 1.568 1.421 1.326 1.197 1.045 0.879 0.794 0.729 0.634 0.540 0.515 0.492 0.000 0.489 0.615 0.679 0.667 0.746 0.986 1.045 1.074 1.366 1.579 1.936 2.050 1.728 1.686 2.170 2.211 2.065 2.394 2.750 2.682 2.805 3.136 3.056 3.676
28.776 28.814 28.687 28.530 28.433 28.323 28.135 28.020 28.006 27.738 27.735 27.133 27.227 26.873 26.366 25.718 25.400 25.373 23.962 23.369 23.754 22.838 21.758 21.911 22.147 21.179 20.769 21.053 20.896 19.903 20.542 20.684 20.294 20.628 20.892 21.302 20.898 21.874 22.113 22.976 23.553 23.950 24.523 24.733 25.167 25.603 25.834 26.143 26.377 26.547 26.764 26.793 27.091 27.390 27.464 27.741 27.712 27.707 27.720 27.337 27.266 27.088 26.669 26.159 25.861 24.954 24.655 23.764 22.954 22.266 21.060 20.630 19.735 19.702 19.638 20.350 21.648 22.443 24.042 24.464 25.563 26.304 26.504 27.072 27.315 27.762 27.338 28.100 28.148 28.136 28.427 28.513 28.577 28.556 28.573 28.747 28.741 28.780 28.767 28.865 28.811 28.892 28.923 28.616 28.810 28.517 28.714 28.541 28.476 28.668 28.528 28.464 28.547 28.797 28.905 28.827 28.828 28.913 28.935 28.907 28.954 28.813 29.029 28.860 28.990 28.981 28.896 28.906 28.889 28.774 28.744 28.646 28.533 28.400 28.212 28.025 27.800 27.272 27.466 26.898 26.875 26.717 26.391 25.980 25.496 25.084 24.404 23.633 22.502 21.424 21.250 20.201 20.592 19.988 20.976 20.718 21.531 22.357 22.849 23.146 23.070 23.426 22.593 23.799 22.700 23.876 23.541 23.843 24.474 24.646 24.715 24.310 24.333 23.155 22.619 21.376 20.124 18.919 17.023 15.626 14.291 12.466 11.271 9.689 8.323 7.097 6.426 6.088 5.726 5.288 5.099 4.877 4.646 4.499 4.381 3.919 3.859 3.745 3.390 3.177 3.218 2.873 2.547 2.669 2.619 2.336 2.290 2.435 2.337 1.953 1.991 2.170 1.934 1.684 1.930 1.949 1.761 1.673 1.960 1.934 1.631 1.852 2.206 2.264 2.153 2.549 2.672 2.640 2.987 3.220 3.303 3.245 3.696 3.935 3.810 4.192 4.196 3.958 3.527 3.215 2.834 2.501 2.281 2.297 2.009 1.757 1.767 1.630 1.411 1.185 1.110 1.120 0.826 0.694 0.638 0.557 0.489 0.000 0.490 0.536 0.565 0.568 0.632 0.785 0.887 0.953 1.091 1.440 1.569 1.323 1.375 1.807 1.847 1.768 2.084 2.432 2.439 2.500 2.791 2.797 3.412
28.663 28.846 28.602 28.477 28.403 28.329 28.045 27.964 27.966 27.723 27.721 27.045 27.273 26.830 26.384 25.817 25.598 25.343 24.079 23.590 23.778 23.387 22.141 22.187 22.232 21.474 21.365 21.534 21.515 20.772 21.175 21.144 20.623 21.284 21.396 21.937 21.199 22.145 22.535 23.189 23.897 24.166 24.736 24.901 25.399 25.708 26.159 26.147 26.500 26.713 26.839 26.843 27.124 27.425 27.652 27.750 27.604 27.798 27.721 27.373 27.382 27.113 26.628 26.163 25.885 25.002 24.801 24.088 23.337 22.597 21.597 20.880 20.104 19.958 19.842 20.697 21.894 22.759 24.124 24.647 25.906 26.521 26.737 27.280 27.433 27.826 27.655 28.120 28.459 28.333 28.377 28.582 28.532 28.712 28.686 28.633 28.673 28.870 28.765 28.846 28.860 28.870 28.813 28.698 28.641 28.523 28.747 28.530 28.499 28.572 28.505 28.499 28.582 28.639 28.769 28.719 28.723 28.776 28.901 28.831 28.859 28.865 28.856 28.799 28.912 28.894 28.817 28.944 28.872 28.716 28.661 28.562 28.402 28.347 28.103 27.872 27.739 27.347 27.389 26.995 26.881 26.720 26.249 25.904 25.377 24.927 24.277 23.843 22.792 21.675 21.765 20.509 20.774 20.294 21.379 21.225 21.811 22.752 23.171 23.319 23.357 23.524 22.856 23.809 22.930 23.948 23.581 24.061 24.595 24.885 24.849 24.619 24.388 23.569 22.709 21.465 20.186 18.856 16.998 15.745 14.309 12.498 10.987 9.500 8.222 6.992 6.209 5.844 5.582 5.150 4.993 4.784 4.520 4.335 4.139 3.857 3.722 3.590 3.155 3.040 2.971 2.660 2.467 2.587 2.480 2.222 2.187 2.292 2.166 1.840 1.889 2.013 1.780 1.605 1.783 1.825 1.616 1.603 1.903 1.846 1.617 1.850 2.111 2.211 2.167 2.575 2.603 2.661 2.953 3.168 3.252 3.270 3.784 3.960 3.831 4.218 4.220 3.974 3.658 3.349 2.901 2.657 2.400 2.377 2.188 1.953 1.845 1.792 1.623 1.376 1.247 1.253 1.031 0.773 0.826 0.767 0.539 0.486 0.000 0.490 0.498 0.512 0.521 0.554 0.638 0.734 0.875 1.137 1.280 1.062 1.035 1.410 1.531 1.477 1.727 2.090 2.159 2.236 2.486 2.488 2.973
28.677 28.736 28.433 28.451 28.304 28.214 28.021 27.823 27.862 27.582 27.686 27.129 27.278 26.904 26.325 25.719 25.460 25.435 24.104 23.545 23.618 23.207 21.970 22.245 22.197 21.646 21.413 21.341 21.244 20.953 20.891 20.958 20.659 21.154 21.083 21.860 21.232 21.954 22.633 22.979 23.817 24.056 24.596 24.812 25.189 25.474 25.893 26.052 26.385 26.618 26.739 26.913 27.231 27.336 27.626 27.623 27.622 27.692 27.570 27.388 27.337 27.099 26.804 26.332 25.826 25.067 24.726 23.803 23.095 22.331 21.356 20.595 20.003 19.805 19.737 20.587 21.688 22.882 24.130 24.879 25.836 26.485 26.678 27.262 27.509 27.904 27.852 28.134 28.289 28.358 28.454 28.630 28.620 28.729 28.724 28.784 28.706 28.902 28.790 28.935 28.888 28.900 28.823 28.796 28.645 28.661 28.595 28.524 28.331 28.475 28.366 28.467 28.518 28.632 28.783 28.767 28.752 28.730 28.951 28.815 28.839 28.823 28.880 28.830 28.914 28.921 28.848 28.831 28.869 28.748 28.718 28.598 28.482 28.370 28.196 27.991 27.748 27.387 27.337 27.079 26.762 26.871 26.337 25.931 25.323 24.877 24.533 23.632 22.710 21.375 21.492 20.170 20.499 19.994 20.911 20.955 21.457 22.516 23.039 23.192 23.178 23.447 22.932 23.766 23.071 23.902 23.664 24.202 24.719 24.802 24.855 24.427 24.171 23.093 22.551 21.002 19.979 18.678 16.830 15.670 14.144 12.479 11.251 9.759 8.568 7.226 6.502 6.146 5.845 5.328 5.142 4.900 4.678 4.452 4.264 3.953 3.803 3.613 3.234 3.075 3.059 2.718 2.491 2.472 2.480 2.154 2.168 2.209 2.069 1.783 1.842 1.967 1.851 1.564 1.725 1.806 1.604 1.545 1.917 1.864 1.679 1.843 2.144 2.234 2.213 2.503 2.645 2.615 2.870 3.147 3.282 3.276 3.641 3.944 3.838 4.166 4.158 4.070 3.671 3.465 2.925 2.670 2.439 2.439 2.208 2.016 1.960 1.834 1.681 1.441 1.344 1.303 1.120 0.910 0.859 0.777 0.594 0.517 0.486 0.000 0.486 0.494 0.517 0.506 0.528 0.670 0.844 1.065 1.334 1.093 1.019 1.447 1.659 1.527 1.724 2.153 2.268 2.291 2.533 2.477 3.049
28.713 28.593 28.428 28.375 28.210 28.111 27.930 27.673 27.709 27.424 27.617 27.026 27.208 26.743 26.299 25.646 25.432 25.328 24.069 23.504 23.766 23.024 21.819 22.131 22.234 21.352 20.993 21.230 21.040 20.221 20.624 20.743 20.413 20.782 20.889 21.207 20.805 21.734 22.171 22.921 23.547 23.752 24.356 24.591 24.890 25.398 25.729 26.119 26.262 26.571 26.818 26.886 27.217 27.493 27.551 27.765 27.762 27.790 27.626 27.582 27.441 27.074 26.969 26.317 26.127 25.033 24.822 23.981 23.146 22.326 21.063 20.477 19.685 19.638 19.611 20.403 21.543 22.673 23.894 24.595 25.633 26.290 26.500 27.066 27.309 27.743 27.494 28.124 28.181 28.115 28.381 28.530 28.526 28.479 28.475 28.651 28.564 28.716 28.665 28.775 28.701 28.792 28.783 28.626 28.740 28.410 28.716 28.474 28.456 28.599 28.532 28.499 28.581 28.824 28.900 28.888 28.862 28.910 28.985 28.883 28.966 28.908 29.028 28.922 28.957 28.901 28.854 28.945 28.946 28.743 28.674 28.564 28.473 28.381 28.221 27.827 27.868 27.369 27.522 27.109 27.020 26.815 26.352 26.090 25.611 25.084 24.484 23.803 22.727 21.483 21.438 20.476 20.823 20.212 21.174 20.900 21.696 22.659 23.070 23.260 23.489 23.564 22.928 23.819 22.943 23.946 23.636 24.090 24.621 24.761 24.924 24.593 24.360 23.477 22.840 21.446 20.457 18.919 17.065 15.576 14.169 12.488 11.261 9.660 8.296 7.008 6.165 5.835 5.519 5.033 4.785 4.507 4.389 4.145 3.983 3.585 3.514 3.309 2.961 2.817 2.761 2.476 2.275 2.356 2.265 1.945 1.952 2.075 1.921 1.600 1.713 1.810 1.584 1.425 1.629 1.638 1.430 1.501 1.722 1.772 1.553 1.754 2.030 2.090 2.121 2.410 2.497 2.541 2.815 3.082 3.192 3.190 3.642 3.833 3.729 4.091 4.105 3.878 3.490 3.270 2.806 2.538 2.352 2.328 2.120 1.919 1.853 1.757 1.583 1.334 1.251 1.169 1.011 0.820 0.792 0.728 0.565 0.493 0.488 0.485 0.000 0.485 0.490 0.496 0.496 0.541 0.702 0.949 1.163 1.026 0.966 1.330 1.492 1.392 1.615 1.953 1.981 2.042 2.318 2.306 2.901
28.809 28.763 28.639 28.533 28.418 28.261 28.039 27.913 27.944 27.645 27.714 27.142 27.229 26.920 26.381 25.750 25.410 25.373 23.854 23.355 23.664 22.815 21.904 21.838 22.111 21.302 21.093 21.066 20.957 20.303 20.617 20.544 20.321 20.804 20.914 21.397 20.865 21.728 22.181 22.918 23.585 24.004 24.560 25.049 25.224 25.839 26.122 26.258 26.527 26.764 27.025 26.963 27.346 27.599 27.677 27.896 27.844 27.867 27.914 27.542 27.449 27.347 26.943 26.517 26.029 25.238 24.853 24.095 23.134 22.424 21.179 20.565 19.622 19.648 19.527 20.412 21.708 22.581 23.996 24.502 25.720 26.412 26.606 27.213 27.436 27.845 27.456 28.174 28.328 28.246 28.418 28.607 28.594 28.628 28.646 28.729 28.747 28.906 28.843 28.906 28.906 28.876 28.864 28.685 28.743 28.597 28.689 28.649 28.491 28.680 28.624 28.525 28.601 28.763 28.836 28.865 28.889 28.938 28.993 28.965 28.933 28.940 28.994 28.873 29.016 29.021 28.940 28.915 28.943 28.872 28.835 28.755 28.609 28.516 28.354 28.166 27.988 27.436 27.677 27.171 27.092 26.988 26.666 26.317 25.599 25.250 24.644 24.065 22.889 21.479 21.597 20.199 20.725 19.883 21.036 20.772 21.508 22.334 22.836 23.169 23.154 23.397 22.518 23.713 22.632 23.883 23.456 23.862 24.609 24.767 24.807 24.396 24.351 23.117 22.493 21.242 20.086 18.721 16.936 15.498 14.002 12.249 10.812 9.332 8.006 6.549 5.935 5.606 5.255 4.829 4.652 4.500 4.285 4.072 3.947 3.593 3.513 3.206 2.956 2.814 2.689 2.460 2.214 2.371 2.190 1.963 1.939 1.998 1.821 1.628 1.687 1.751 1.559 1.456 1.554 1.640 1.526 1.412 1.724 1.729 1.563 1.743 2.064 2.149 2.120 2.414 2.465 2.542 2.804 3.068 3.203 3.223 3.573 3.780 3.729 4.052 4.092 3.900 3.517 3.320 2.881 2.565 2.382 2.345 2.156 1.972 1.889 1.794 1.647 1.414 1.325 1.266 1.068 0.862 0.827 0.769 0.569 0.502 0.496 0.489 0.485 0.000 0.486 0.492 0.501 0.533 0.691 0.936 1.148 1.020 0.958 1.328 1.475 1.422 1.621 1.974 2.020 2.101 2.353 2.285 2.808
28.738 28.816 28.588 28.455 28.345 28.255 28.086 27.980 27.920 27.745 27.627 27.058 27.110 26.873 26.267 25.713 25.296 25.387 23.897 23.390 23.588 23.000 22.201 22.112 22.273 21.609 21.416 21.517 21.537 20.827 21.128 21.126 20.687 21.250 21.498 21.838 21.077 22.310 22.437 23.129 23.962 23.908 24.694 24.674 25.275 25.459 25.852 25.965 26.267 26.523 26.649 26.767 27.015 27.272 27.430 27.646 27.623 27.723 27.619 27.389 27.268 27.007 26.576 26.118 25.726 24.879 24.547 23.778 23.093 22.441 21.346 20.709 19.905 19.795 19.816 20.668 21.794 22.775 23.986 24.641 25.623 26.309 26.568 27.123 27.249 27.692 27.615 28.101 28.257 28.199 28.322 28.527 28.398 28.570 28.596 28.592 28.637 28.776 28.665 28.720 28.697 28.680 28.701 28.521 28.482 28.328 28.458 28.288 28.193 28.306 28.310 28.424 28.479 28.507 28.631 28.589 28.587 28.646 28.747 28.698 28.690 28.751 28.761 28.646 28.743 28.753 28.684 28.811 28.723 28.543 28.508 28.413 28.355 28.193 28.092 27.853 27.711 27.410 27.319 26.977 26.699 26.670 26.144 25.810 25.252 24.867 24.419 23.607 22.764 21.578 21.610 20.433 20.771 20.333 21.150 21.228 21.668 22.682 23.029 23.230 23.234 23.439 22.769 23.763 22.913 23.909 23.646 23.990 24.552 24.754 24.728 24.449 24.329 23.319 22.685 21.289 20.087 18.783 16.776 15.484 13.987 11.796 10.620 9.065 7.855 6.575 5.928 5.661 5.380 4.936 4.695 4.594 4.385 4.201 4.002 3.644 3.569 3.365 3.074 2.968 2.794 2.601 2.336 2.525 2.313 2.013 1.968 2.063 1.881 1.593 1.751 1.788 1.566 1.420 1.622 1.604 1.471 1.510 1.739 1.727 1.593 1.735 2.032 2.125 2.142 2.401 2.498 2.526 2.814 3.087 3.173 3.192 3.597 3.801 3.697 4.061 4.033 3.891 3.580 3.314 2.880 2.572 2.346 2.329 2.132 1.944 1.887 1.775 1.661 1.417 1.324 1.308 1.119 0.896 0.883 0.822 0.677 0.512 0.503 0.499 0.491 0.485 0.000 0.487 0.498 0.533 0.664 0.875 1.171 1.053 0.970 1.279 1.518 1.450 1.648 1.964 2.058 2.130 2.281 2.356 2.830
28.644 28.650 28.456 28.398 28.286 28.231 27.974 27.947 27.859 27.466 27.705 26.995 27.253 26.805 26.260 25.609 25.487 25.262 24.087 23.606 23.849 23.097 22.090 22.297 22.312 21.341 21.287 21.204 21.005 20.326 20.922 20.720 20.382 21.117 21.012 21.586 20.888 21.869 22.302 22.908 23.626 23.750 24.560 24.529 25.002 25.275 25.690 25.995 26.113 26.483 26.655 26.778 27.197 27.454 27.597 27.758 27.768 27.756 27.789 27.541 27.449 27.280 26.842 26.334 26.010 24.985 24.749 23.851 23.165 22.388 21.187 20.510 19.699 19.676 19.460 20.429 21.659 22.753 23.742 24.381 25.641 26.244 26.444 27.081 27.435 27.758 27.611 28.137 28.202 28.244 28.396 28.572 28.470 28.597 28.624 28.638 28.611 28.727 28.665 28.804 28.746 28.815 28.789 28.582 28.697 28.486 28.538 28.479 28.400 28.482 28.500 28.476 28.525 28.690 28.827 28.816 28.860 28.911 28.957 28.890 28.954 28.906 28.944 28.860 28.928 28.934 28.856 28.873 28.890 28.761 28.699 28.593 28.464 28.389 28.298 28.000 27.903 27.424 27.428 27.110 26.843 26.644 26.242 25.871 25.297 24.777 24.494 23.704 22.705 21.411 21.513 20.362 20.648 20.140 21.090 20.927 21.629 22.630 23.019 23.495 23.394 23.849 22.987 24.105 23.121 24.174 23.772 24.043 24.718 24.839 25.013 24.576 24.570 23.440 22.791 21.356 20.282 18.922 16.948 15.497 14.157 11.969 10.941 9.345 8.096 6.831 6.105 5.808 5.513 4.992 4.799 4.722 4.432 4.196 4.119 3.759 3.624 3.435 3.080 2.901 2.890 2.587 2.306 2.427 2.310 1.982 1.984 2.040 1.895 1.624 1.740 1.779 1.634 1.498 1.642 1.645 1.525 1.590 1.823 1.826 1.647 1.847 2.126 2.195 2.199 2.522 2.614 2.624 2.937 3.181 3.317 3.314 3.707 3.850 3.859 4.083 4.114 4.060 3.732 3.460 3.020 2.671 2.502 2.474 2.296 2.114 2.034 1.920 1.775 1.611 1.477 1.388 1.267 1.062 0.957 0.918 0.751 0.573 0.517 0.509 0.498 0.491 0.487 0.000 0.487 0.519 0.655 0.827 1.017 0.902 0.922 1.246 1.430 1.357 1.509 1.858 1.918 1.957 2.133 2.136 2.600
28.768 28.742 28.517 28.473 28.320 28.198 28.038 27.987 27.874 27.610 27.662 27.174 27.202 26.853 26.443 25.747 25.404 25.344 24.207 23.388 23.873 23.286 21.997 22.163 22.466 21.492 21.145 21.521 21.146 20.461 20.842 20.933 20.542 20.783 21.033 21.263 20.969 21.980 22.147 22.910 23.650 23.901 24.564 24.848 25.147 25.611 25.858 26.283 26.427 26.666 26.957 26.930 27.356 27.723 27.652 27.877 27.836 27.846 27.801 27.583 27.489 27.284 27.039 26.442 26.257 25.235 24.931 24.191 23.266 22.542 21.345 20.751 19.898 19.827 19.760 20.608 21.816 22.778 24.062 24.643 25.579 26.356 26.538 27.111 27.436 27.725 27.534 28.141 28.228 28.153 28.476 28.546 28.546 28.616 28.599 28.717 28.773 28.889 28.879 29.024 28.976 29.045 29.011 28.768 28.966 28.658 28.796 28.713 28.636 28.792 28.678 28.729 28.717 28.890 29.021 28.943 28.950 29.016 29.037 28.960 29.032 28.987 29.053 28.953 28.983 28.934 28.932 28.961 28.970 28.788 28.712 28.626 28.539 28.452 28.373 28.048 27.983 27.402 27.633 27.079 27.050 26.825 26.468 26.196 25.559 25.178 24.618 23.907 23.008 21.841 21.633 20.748 21.125 20.460 21.429 21.128 21.991 22.850 23.206 23.527 23.647 23.836 23.072 24.153 23.082 24.175 23.685 24.071 24.770 24.806 24.899 24.622 24.394 23.515 22.621 21.170 20.250 18.760 16.886 15.495 13.859 11.929 10.797 9.199 7.886 6.539 5.833 5.512 5.191 4.753 4.593 4.412 4.214 4.020 3.883 3.494 3.452 3.201 2.851 2.778 2.707 2.400 2.152 2.372 2.216 1.877 1.844 2.027 1.855 1.580 1.644 1.770 1.510 1.471 1.668 1.632 1.515 1.627 1.871 1.856 1.712 1.941 2.179 2.286 2.293 2.543 2.661 2.726 2.994 3.198 3.300 3.416 3.776 3.933 3.898 4.232 4.364 4.116 3.810 3.545 3.147 2.820 2.729 2.612 2.397 2.273 2.151 2.055 1.895 1.699 1.602 1.496 1.356 1.148 1.051 0.956 0.806 0.624 0.584 0.517 0.502 0.502 0.498 0.487 0.000 0.487 0.549 0.757 0.932 0.882 0.890 1.133 1.303 1.279 1.414 1.655 1.811 1.813 2.020 1.994 2.529
28.867 28.884 28.737 28.568 28.493 28.395 28.175 28.010 28.016 27.778 27.783 27.151 27.247 26.750 26.391 25.629 25.276 25.259 23.972 23.368 23.794 22.898 22.091 21.979 22.235 21.257 21.051 21.126 21.006 20.233 20.732 20.533 20.280 20.733 20.846 21.288 20.741 21.763 21.956 22.707 23.449 23.738 24.553 24.730 25.261 25.667 25.968 26.411 26.654 26.837 27.081 27.034 27.351 27.722 27.735 28.009 27.941 27.977 27.668 27.634 27.542 27.097 26.898 26.404 26.170 25.161 24.659 23.932 22.997 22.452 21.352 20.618 19.901 19.633 19.705 20.296 21.633 22.654 24.000 24.612 25.735 26.439 26.683 27.051 27.397 27.764 27.594 28.099 28.237 28.161 28.427 28.558 28.514 28.617 28.641 28.706 28.763 28.889 28.853 28.981 28.990 28.999 28.972 28.662 28.726 28.673 28.563 28.468 28.433 28.604 28.471 28.576 28.534 28.747 28.733 28.724 28.796 28.909 28.911 28.860 28.945 28.770 28.928 28.859 28.796 28.855 28.800 28.935 28.902 28.660 28.640 28.547 28.539 28.356 28.303 28.120 27.962 27.576 27.603 27.163 27.085 26.916 26.371 26.258 25.701 25.119 24.595 23.682 22.946 21.712 21.580 20.540 20.827 20.332 21.160 21.113 21.740 22.732 23.053 23.313 23.341 23.494 22.825 23.810 22.742 23.895 23.464 23.883 24.573 24.701 24.719 24.483 24.130 23.252 22.507 21.150 19.945 18.576 16.602 15.131 13.625 11.568 10.310 8.677 7.436 6.178 5.612 5.382 5.069 4.723 4.622 4.495 4.191 4.064 3.912 3.494 3.388 3.228 3.018 2.788 2.651 2.438 2.139 2.233 2.125 1.993 1.839 1.890 1.890 1.618 1.626 1.761 1.621 1.486 1.725 1.808 1.610 1.746 2.008 2.015 1.861 2.112 2.347 2.522 2.547 2.809 2.937 3.013 3.305 3.528 3.664 3.722 4.088 4.287 4.212 4.578 4.617 4.403 4.095 3.798 3.418 3.115 2.903 2.841 2.655 2.463 2.390 2.294 2.163 1.895 1.761 1.762 1.555 1.351 1.276 1.230 1.001 0.781 0.788 0.684 0.550 0.559 0.601 0.525 0.490 0.000 0.496 0.688 0.856 0.829 0.795 1.171 1.264 1.292 1.460 1.704 1.802 1.970 2.067 2.034 2.526
28.744 28.907 28.784 28.645 28.526 28.435 28.000 27.992 28.002 27.728 27.833 27.204 27.285 27.008 26.446 25.775 25.477 25.497 24.064 23.510 23.745 23.176 22.342 22.179 22.264 21.625 21.561 21.667 21.342 20.834 21.170 20.859 20.628 21.097 21.270 21.699 20.933 22.084 22.379 23.417 23.980 24.290 24.833 25.090 25.264 25.858 26.318 26.351 26.638 26.796 26.985 26.776 27.328 27.577 27.735 27.974 27.805 27.889 27.888 27.234 27.349 27.378 26.887 26.437 26.089 25.093 24.923 24.107 23.374 22.762 21.558 20.797 20.074 19.707 19.748 21.037 22.107 23.123 24.325 25.079 25.919 26.578 26.671 27.326 27.507 27.881 27.556 28.188 28.220 28.429 28.431 28.568 28.570 28.765 28.737 28.719 28.736 28.886 28.848 28.975 28.988 29.028 28.909 28.587 28.670 28.239 28.446 28.576 28.269 28.465 28.415 28.318 28.313 28.395 28.653 28.745 28.733 28.707 28.879 28.835 28.847 28.631 28.805 28.550 28.855 28.872 28.775 28.734 28.793 28.721 28.680 28.588 28.347 28.295 28.237 28.024 27.895 27.348 27.482 27.139 26.814 26.989 26.504 26.164 25.497 24.798 24.752 23.886 23.031 21.691 21.730 20.572 20.900 20.396 21.265 21.200 21.848 22.766 23.198 23.482 23.351 23.542 22.620 23.838 22.750 23.951 23.490 23.785 24.547 24.791 24.794 24.448 24.424 23.102 22.683 21.358 20.010 18.787 16.848 15.496 14.161 12.033 10.832 9.542 8.166 7.058 6.431 6.088 5.886 5.475 5.124 4.985 4.720 4.478 4.208 3.878 3.743 3.634 3.262 3.041 3.007 2.706 2.321 2.544 2.475 2.164 2.016 2.240 2.124 1.736 1.907 2.022 1.837 1.767 2.062 2.040 1.950 2.115 2.371 2.413 2.324 2.620 2.811 3.011 3.113 3.387 3.437 3.630 3.941 4.131 4.225 4.365 4.721 4.821 4.798 5.209 5.241 4.981 4.712 4.428 4.092 3.806 3.588 3.494 3.343 3.141 3.026 2.939 2.832 2.581 2.315 2.360 2.207 1.889 1.765 1.775 1.553 1.215 1.128 1.061 0.920 0.746 0.773 0.658 0.573 0.503 0.000 0.496 0.549 0.580 0.591 0.623 0.788 0.850 0.931 1.009 1.173 1.247 1.326 1.378 1.773
28.767 28.689 28.561 28.550 28.323 28.213 28.024 27.875 27.840 27.515 27.565 27.070 27.147 26.674 26.393 25.760 25.517 25.285 24.328 23.833 23.919 23.142 22.490 22.480 22.516 21.642 21.233 21.451 21.384 20.475 20.898 20.952 20.620 20.769 21.223 21.384 20.816 21.830 22.168 22.936 23.398 23.638 24.424 24.298 24.938 25.172 25.565 26.087 26.004 26.392 26.623 26.820 27.089 27.349 27.507 27.683 27.727 27.765 27.591 27.195 27.055 27.004 26.636 26.047 25.640 24.743 24.494 23.661 23.023 22.097 21.156 20.473 19.777 19.449 19.541 20.279 21.521 22.421 23.894 24.501 25.436 26.266 26.600 27.204 27.360 27.737 27.626 28.226 28.212 28.240 28.488 28.603 28.615 28.644 28.663 28.731 28.827 28.893 28.879 29.008 29.001 29.096 29.042 28.702 28.934 28.630 28.710 28.496 28.634 28.630 28.642 28.700 28.685 28.895 28.900 28.932 28.912 29.017 29.019 28.951 28.924 28.874 28.885 28.828 28.901 28.893 28.802 28.700 28.768 28.666 28.553 28.425 28.413 28.197 28.193 27.889 27.714 26.964 27.196 26.712 26.546 26.418 26.142 25.679 24.955 24.587 24.442 23.381 22.572 21.646 21.406 20.706 20.690 20.490 21.285 21.243 21.854 22.748 23.241 23.497 23.472 23.543 22.846 23.988 22.976 24.147 23.679 23.956 24.752 24.786 24.841 24.590 24.204 23.271 22.538 21.271 19.962 18.786 16.921 15.644 14.295 12.376 11.388 10.097 8.800 7.425 7.081 6.668 6.143 5.811 5.546 5.213 4.877 4.721 4.508 4.061 3.942 3.780 3.303 3.087 3.047 2.828 2.502 2.646 2.565 2.231 2.113 2.379 2.165 1.793 1.980 2.191 1.951 1.897 2.192 2.244 2.180 2.303 2.515 2.603 2.511 2.797 2.958 3.173 3.239 3.489 3.593 3.803 4.147 4.283 4.463 4.622 5.025 5.058 5.149 5.494 5.538 5.324 4.996 4.672 4.406 4.086 3.889 3.781 3.624 3.379 3.195 3.108 3.029 2.731 2.502 2.484 2.340 2.118 1.965 1.918 1.753 1.494 1.338 1.216 1.064 0.943 0.880 0.725 0.696 0.594 0.487 0.000 0.488 0.509 0.510 0.507 0.532 0.638 0.660 0.707 0.824 0.941 0.990 1.039 1.462
28.904 28.784 28.755 28.635 28.544 28.426 28.057 27.936 27.956 27.758 27.805 27.080 27.296 26.922 26.368 25.734 25.562 25.405 24.272 23.725 23.986 23.178 22.500 22.475 22.593 21.633 21.447 21.688 21.580 21.053 21.186 21.225 20.836 20.998 21.377 21.671 21.314 22.305 22.654 23.453 23.887 24.418 24.878 25.208 25.561 25.984 26.242 26.414 26.572 26.856 26.862 26.961 27.291 27.564 27.749 27.975 27.817 27.899 27.857 27.454 27.527 27.404 26.934 26.601 26.103 25.292 25.045 24.218 23.501 22.667 21.684 20.674 20.113 19.742 20.120 20.837 22.295 23.228 24.620 25.205 25.969 26.633 26.723 27.229 27.547 27.911 27.735 28.213 28.422 28.431 28.465 28.751 28.678 28.849 28.863 28.751 28.834 28.972 28.872 29.019 28.962 29.029 28.974 28.779 28.766 28.393 28.628 28.590 28.429 28.531 28.503 28.498 28.450 28.601 28.823 28.837 28.827 28.804 28.934 28.918 28.958 28.818 28.920 28.669 28.974 28.941 28.887 28.861 28.932 28.860 28.756 28.611 28.401 28.349 28.218 27.950 27.936 27.385 27.535 27.141 26.902 26.873 26.464 26.148 25.634 25.112 24.842 23.869 22.990 22.015 21.747 20.915 20.875 20.719 21.325 21.416 21.875 22.802 23.270 23.466 23.507 23.512 22.897 23.929 23.045 24.179 23.650 24.069 24.759 24.885 24.881 24.625 24.358 23.250 22.825 21.363 20.106 18.933 16.926 15.609 14.138 12.266 10.984 9.500 8.224 7.221 6.484 6.306 6.010 5.580 5.245 5.082 4.752 4.619 4.446 4.024 3.934 3.798 3.293 3.096 3.081 2.764 2.308 2.668 2.614 2.248 2.059 2.374 2.274 1.884 2.047 2.308 2.100 1.952 2.349 2.421 2.292 2.405 2.691 2.727 2.581 2.880 3.042 3.170 3.307 3.548 3.642 3.776 4.150 4.383 4.509 4.619 5.071 5.203 5.217 5.576 5.720 5.456 5.173 4.767 4.529 4.242 3.995 3.833 3.676 3.392 3.250 3.109 2.979 2.725 2.546 2.531 2.375 2.115 2.013 1.953 1.741 1.553 1.363 1.206 1.119 1.035 0.928 0.784 0.790 0.683 0.512 0.487 0.000 0.487 0.498 0.512 0.506 0.537 0.608 0.665 0.710 0.817 0.955 1.031 1.491
28.829 28.795 28.671 28.581 28.476 28.386 28.123 28.008 27.958 27.655 27.730 27.031 27.189 26.822 26.304 25.787 25.347 25.306 23.837 23.346 23.521 22.803 22.016 22.001 22.162 21.442 21.193 21.291 21.371 20.746 20.945 20.854 20.666 20.998 21.132 21.645 21.055 22.205 22.334 22.931 23.735 23.974 24.626 24.866 25.558 25.693 26.045 26.397 26.624 26.751 26.893 26.996 27.327 27.559 27.659 27.994 27.904 27.933 27.809 27.544 27.367 27.297 26.806 26.342 26.090 25.128 24.831 24.037 23.219 22.537 21.275 20.681 19.752 19.653 19.519 20.525 21.772 22.611 23.928 24.547 25.602 26.337 26.509 27.118 27.370 27.708 27.536 28.211 28.259 28.252 28.481 28.579 28.580 28.617 28.644 28.768 28.766 28.782 28.757 28.814 28.800 28.812 28.890 28.630 28.703 28.449 28.563 28.459 28.359 28.421 28.345 28.440 28.519 28.521 28.611 28.599 28.600 28.661 28.713 28.705 28.793 28.799 28.803 28.703 28.795 28.827 28.751 28.849 28.873 28.700 28.646 28.537 28.471 28.381 28.144 27.929 27.798 27.393 27.355 27.145 26.691 26.754 26.203 25.850 25.267 24.875 24.681 23.532 22.896 21.597 21.662 20.463 20.753 20.345 21.315 21.306 21.802 22.783 23.144 23.376 23.498 23.574 23.004 23.962 23.150 24.191 23.728 24.198 24.854 24.978 25.027 24.720 24.435 23.414 22.865 21.423 20.387 18.988 17.041 15.850 14.296 12.255 10.995 9.428 8.193 7.000 6.501 6.155 5.728 5.397 5.130 4.941 4.646 4.585 4.388 3.896 3.759 3.665 3.226 3.068 3.052 2.747 2.341 2.654 2.538 2.160 2.016 2.322 2.196 1.833 1.966 2.262 1.988 1.842 2.253 2.358 2.104 2.309 2.578 2.625 2.499 2.831 3.010 3.280 3.335 3.614 3.639 3.869 4.254 4.378 4.492 4.603 5.099 5.139 5.192 5.744 5.830 5.426 5.085 4.730 4.375 4.032 3.847 3.739 3.604 3.363 3.197 3.139 3.010 2.733 2.509 2.545 2.308 2.018 1.919 1.878 1.630 1.475 1.351 1.129 1.051 1.006 0.920 0.683 0.781 0.714 0.534 0.492 0.486 0.000 0.486 0.492 0.498 0.501 0.518 0.567 0.617 0.660 0.772 0.843 1.342
28.823 28.766 28.575 28.393 28.204 28.189 28.026 27.926 27.806 27.517 27.478 26.905 26.951 26.587 26.142 25.855 25.328 25.588 24.432 23.801 24.008 23.137 22.368 22.317 22.573 21.503 21.301 21.549 21.379 20.681 21.033 21.114 20.468 20.878 21.305 21.436 21.035 22.030 22.411 23.052 23.585 24.249 24.574 24.912 25.273 25.519 25.952 26.301 26.549 26.833 27.027 27.025 27.505 27.604 27.808 28.057 28.105 28.020 27.985 27.663 27.513 27.455 26.957 26.518 26.061 25.183 24.830 24.115 23.164 22.367 21.231 20.643 19.741 19.589 19.584 20.682 21.934 22.841 24.461 24.884 25.880 26.568 26.543 27.269 27.377 27.764 27.648 28.320 28.257 28.254 28.563 28.631 28.681 28.668 28.649 28.837 28.859 28.803 28.855 28.983 28.923 29.038 29.039 28.658 28.936 28.408 28.635 28.502 28.571 28.561 28.507 28.533 28.626 28.720 28.914 28.907 28.862 29.015 29.020 28.930 28.988 28.884 28.970 28.814 28.929 28.891 28.862 28.850 28.907 28.813 28.704 28.614 28.523 28.329 28.214 28.013 27.917 27.358 27.437 27.143 26.861 26.698 26.409 25.928 25.303 24.928 24.522 23.806 22.599 21.657 21.572 20.533 20.796 20.500 21.565 21.360 22.001 22.918 23.224 23.643 23.619 23.732 23.114 24.035 23.163 24.016 23.828 24.094 24.686 24.829 24.922 24.557 24.267 23.506 22.595 21.209 20.366 18.809 17.140 15.687 14.306 12.480 11.226 9.867 8.560 7.103 6.632 6.295 5.685 5.365 5.130 4.853 4.556 4.441 4.252 3.874 3.788 3.654 3.258 3.091 3.105 2.832 2.443 2.693 2.640 2.229 2.157 2.453 2.304 1.868 2.071 2.307 2.070 1.942 2.329 2.383 2.200 2.414 2.668 2.707 2.554 2.883 3.160 3.323 3.383 3.667 3.785 3.954 4.305 4.496 4.610 4.804 5.283 5.313 5.346 5.782 5.842 5.582 5.337 4.935 4.619 4.284 4.107 3.949 3.781 3.551 3.381 3.258 3.165 2.830 2.570 2.540 2.407 2.081 1.975 1.932 1.695 1.446 1.402 1.213 1.064 0.993 0.941 0.743 0.788 0.711 0.531 0.497 0.491 0.485 0.000 0.486 0.489 0.495 0.493 0.505 0.542 0.572 0.638 0.684 1.203
28.950 28.716 28.698 28.572 28.367 28.228 28.113 27.972 27.965 27.742 27.694 27.102 27.196 26.899 26.287 25.928 25.562 25.489 24.333 23.833 24.055 23.202 22.164 22.410 22.548 21.580 21.449 21.861 21.497 20.671 21.241 21.084 20.676 21.006 21.533 21.783 21.141 22.253 22.708 23.587 23.651 24.419 24.766 24.990 25.404 25.834 26.247 26.442 26.602 26.917 26.935 27.210 27.272 27.639 27.753 27.948 28.035 27.942 27.850 27.505 27.296 27.323 26.923 26.400 25.956 25.174 24.857 24.041 23.350 22.611 21.417 20.814 20.125 19.957 20.122 21.021 22.289 22.809 24.568 25.091 25.541 26.537 26.571 27.301 27.293 27.647 27.618 28.263 28.145 28.182 28.464 28.592 28.647 28.668 28.673 28.710 28.864 28.841 28.772 28.971 28.921 29.017 29.037 28.792 28.926 28.649 28.746 28.593 28.593 28.536 28.605 28.652 28.685 28.976 28.949 29.020 29.048 29.154 29.113 29.066 29.089 28.983 29.038 28.948 29.012 28.967 28.928 28.934 29.010 28.872 28.779 28.680 28.584 28.488 28.440 28.050 28.050 27.428 27.535 27.156 26.934 26.800 26.409 25.990 25.342 24.995 24.782 23.813 22.662 21.990 21.800 20.856 20.840 20.787 21.528 21.632 22.156 23.061 23.313 23.583 23.486 23.610 22.997 24.156 23.200 24.249 23.848 24.158 24.879 24.993 25.049 24.713 24.393 23.389 22.876 21.440 20.212 18.928 17.075 15.711 14.339 12.642 11.380 10.049 8.793 7.383 6.796 6.491 5.928 5.511 5.266 4.884 4.645 4.498 4.354 3.934 3.843 3.748 3.313 3.181 3.147 2.855 2.470 2.748 2.655 2.245 2.194 2.426 2.289 1.893 2.087 2.351 2.095 1.987 2.333 2.359 2.223 2.420 2.651 2.703 2.525 2.933 3.078 3.279 3.406 3.620 3.770 3.935 4.269 4.483 4.606 4.697 5.252 5.332 5.322 5.784 5.772 5.529 5.199 4.807 4.540 4.254 4.096 3.996 3.797 3.518 3.315 3.239 3.081 2.813 2.569 2.604 2.422 2.123 2.010 1.982 1.763 1.543 1.438 1.303 1.109 1.039 0.978 0.764 0.806 0.729 0.529 0.497 0.492 0.487 0.485 0.000 0.486 0.491 0.496 0.495 0.520 0.567 0.626 0.754 1.219
28.778 28.751 28.688 28.495 28.388 28.233 28.058 27.994 28.025 27.777 27.743 27.108 27.366 27.028 26.467 25.966 25.744 25.711 24.220 23.592 23.897 23.291 22.258 22.275 22.521 21.729 21.642 21.714 21.638 21.062 21.103 21.407 20.748 21.144 21.606 21.772 21.545 22.174 22.783 23.480 23.828 24.617 24.861 25.416 25.639 26.028 26.305 26.468 26.684 26.897 27.113 27.114 27.492 27.627 27.763 27.929 27.938 28.043 27.707 27.538 27.502 27.256 26.772 26.513 26.101 25.379 25.007 24.342 23.554 22.801 21.744 20.829 20.164 19.846 20.047 20.983 22.474 23.073 24.489 25.037 25.899 26.757 26.632 27.423 27.501 27.881 27.747 28.331 28.350 28.423 28.538 28.664 28.632 28.765 28.769 28.778 28.864 28.895 28.812 28.940 28.902 28.937 28.929 28.812 28.789 28.578 28.667 28.620 28.472 28.649 28.518 28.566 28.520 28.528 28.766 28.709 28.729 28.709 28.862 28.832 28.872 28.826 28.868 28.596 28.873 28.853 28.802 28.761 28.858 28.796 28.720 28.594 28.472 28.358 28.282 28.070 27.958 27.449 27.563 27.311 26.918 26.851 26.387 26.089 25.769 25.229 24.981 24.007 23.274 22.070 22.068 20.914 21.112 20.680 21.495 21.727 22.044 23.062 23.432 23.634 23.484 23.756 22.899 24.154 23.099 24.261 23.878 24.254 24.949 24.944 25.030 24.699 24.473 23.322 22.881 21.629 20.090 19.019 17.056 15.692 14.388 12.355 11.129 9.826 8.573 7.237 6.608 6.227 5.837 5.447 5.221 4.954 4.657 4.544 4.362 3.903 3.817 3.735 3.323 3.148 3.138 2.877 2.457 2.709 2.610 2.227 2.167 2.402 2.289 1.967 2.113 2.396 2.206 2.022 2.370 2.464 2.347 2.443 2.669 2.760 2.634 2.924 3.043 3.270 3.356 3.590 3.743 3.955 4.229 4.443 4.628 4.713 5.174 5.337 5.413 5.778 5.860 5.622 5.287 4.882 4.572 4.231 4.090 3.872 3.684 3.493 3.296 3.188 3.072 2.830 2.551 2.547 2.448 2.192 2.052 2.016 1.770 1.616 1.464 1.259 1.155 1.104 0.974 0.797 0.865 0.796 0.559 0.500 0.493 0.489 0.486 0.485 0.000 0.485 0.488 0.492 0.494 0.516 0.588 0.728 1.297
28.856 28.823 28.637 28.607 28.485 28.411 28.075 28.053 27.937 27.602 27.721 27.080 27.300 26.733 26.367 25.941 25.596 25.357 24.089 23.729 23.869 22.939 21.981 22.363 22.528 21.566 21.299 21.381 21.270 20.373 20.805 20.877 20.260 20.952 21.204 21.544 20.941 22.163 22.322 23.068 23.915 24.174 24.637 25.145 25.260 25.874 26.227 26.441 26.785 26.940 27.159 27.136 27.581 27.785 28.025 28.205 28.122 28.143 28.090 27.719 27.682 27.526 27.099 26.649 26.246 25.183 24.905 23.984 23.113 22.199 20.935 20.311 19.394 19.393 19.193 20.266 21.570 22.620 24.034 24.659 25.830 26.580 26.660 27.266 27.484 27.998 27.629 28.280 28.423 28.321 28.572 28.683 28.781 28.664 28.706 28.897 28.846 28.928 28.894 28.964 28.941 28.962 28.975 28.849 28.791 28.563 28.656 28.547 28.493 28.545 28.476 28.474 28.539 28.629 28.770 28.726 28.807 28.863 28.896 28.918 28.956 29.019 28.985 28.792 28.939 28.969 28.914 29.090 29.047 28.901 28.836 28.733 28.620 28.529 28.334 28.170 27.970 27.562 27.573 27.274 26.947 26.953 26.448 26.126 25.440 24.984 24.655 23.667 22.639 21.457 21.457 20.384 20.681 20.394 21.232 21.277 21.752 22.819 23.205 23.563 23.458 23.868 22.826 24.056 22.986 24.100 23.764 24.085 24.665 24.903 24.995 24.714 24.522 23.474 22.599 21.097 20.268 18.737 17.066 15.719 14.238 12.299 11.217 9.629 8.472 7.209 6.708 6.277 5.751 5.421 5.203 4.873 4.618 4.483 4.269 3.854 3.749 3.619 3.224 3.022 3.024 2.809 2.429 2.631 2.594 2.221 2.192 2.429 2.321 1.970 2.209 2.426 2.186 2.073 2.430 2.489 2.350 2.514 2.779 2.855 2.699 3.003 3.220 3.483 3.529 3.788 3.919 4.109 4.467 4.636 4.824 4.944 5.400 5.521 5.584 6.005 6.079 5.716 5.366 4.981 4.641 4.357 4.136 3.997 3.880 3.633 3.468 3.357 3.228 2.946 2.723 2.682 2.503 2.254 2.077 2.084 1.783 1.657 1.548 1.273 1.183 1.154 1.005 0.846 0.881 0.847 0.617 0.548 0.508 0.498 0.491 0.488 0.485 0.000 0.486 0.490 0.492 0.501 0.552 0.622 1.207
28.881 28.734 28.696 28.574 28.373 28.179 28.037 27.878 27.894 27.624 27.682 27.051 27.231 26.870 26.344 25.859 25.546 25.334 24.336 23.857 24.018 23.144 22.088 22.374 22.302 21.284 21.270 21.644 21.144 20.560 20.999 20.811 20.274 20.876 20.990 21.337 20.891 21.897 22.194 23.030 23.824 24.140 24.839 24.873 25.170 25.689 25.963 26.407 26.388 26.841 26.955 26.996 27.392 27.582 27.821 28.029 27.997 27.985 28.005 27.499 27.404 27.350 26.848 26.189 25.911 24.902 24.591 23.816 22.838 22.029 20.991 20.384 19.545 19.517 19.400 20.277 21.629 22.467 24.079 24.558 25.612 26.187 26.397 27.168 27.168 27.674 27.550 28.245 28.198 28.324 28.505 28.515 28.649 28.728 28.675 28.715 28.816 28.787 28.797 28.956 28.877 29.001 28.983 28.688 28.891 28.532 28.663 28.548 28.560 28.535 28.424 28.480 28.538 28.735 28.818 28.906 28.934 29.027 29.039 29.017 29.043 29.016 28.967 28.912 29.006 29.000 28.951 28.895 28.966 28.845 28.725 28.641 28.450 28.389 28.179 28.063 27.951 27.356 27.483 26.943 26.989 26.611 26.523 25.820 25.252 24.843 24.232 23.526 22.388 21.491 21.359 20.401 20.710 20.384 21.332 21.203 21.954 22.697 23.243 23.532 23.398 23.805 22.871 24.021 23.095 24.017 23.806 24.086 24.688 24.782 24.944 24.536 24.368 23.426 22.626 21.193 20.234 18.844 17.249 15.794 14.449 12.776 11.566 10.199 8.967 7.549 6.880 6.495 5.907 5.590 5.321 4.933 4.676 4.552 4.345 3.985 3.856 3.787 3.301 3.137 3.183 2.861 2.572 2.764 2.706 2.340 2.308 2.536 2.416 2.059 2.231 2.437 2.315 2.132 2.481 2.525 2.431 2.583 2.821 2.944 2.783 3.102 3.293 3.485 3.576 3.811 3.969 4.157 4.511 4.695 4.851 5.010 5.554 5.508 5.621 6.008 6.033 5.786 5.487 5.101 4.778 4.488 4.397 4.154 3.955 3.754 3.599 3.418 3.265 3.041 2.719 2.714 2.613 2.308 2.164 2.095 1.913 1.695 1.568 1.373 1.212 1.146 1.063 0.854 0.912 0.867 0.652 0.560 0.526 0.497 0.492 0.490 0.487 0.485 0.000 0.486 0.491 0.498 0.527 0.570 1.260
28.835 28.722 28.596 28.464 28.267 28.086 27.945 27.866 27.898 27.633 27.641 27.102 27.251 26.885 26.181 25.861 25.532 25.406 24.222 23.958 24.110 23.216 22.416 22.568 22.484 21.549 21.479 21.703 21.603 20.617 21.096 21.169 20.581 20.958 21.431 21.754 21.296 21.987 22.822 23.463 23.840 24.416 24.903 25.132 25.348 25.924 26.293 26.602 26.659 27.058 27.127 27.216 27.515 27.804 27.816 27.953 28.028 27.944 27.830 27.519 27.449 27.291 26.890 26.465 26.019 25.170 24.742 23.997 23.191 22.306 21.250 20.501 19.897 19.760 19.864 20.764 22.268 22.802 24.479 24.997 25.696 26.494 26.557 27.249 27.368 27.808 27.656 28.276 28.268 28.425 28.498 28.652 28.765 28.768 28.782 28.845 28.876 28.898 28.825 28.968 28.904 28.944 28.973 28.741 28.760 28.509 28.681 28.367 28.390 28.519 28.450 28.496 28.498 28.714 28.880 28.774 28.879 28.961 29.016 29.021 29.070 29.013 29.054 28.853 29.028 29.005 28.980 29.004 29.047 28.957 28.855 28.757 28.658 28.573 28.409 28.125 28.147 27.411 27.515 27.182 27.018 26.789 26.384 25.985 25.499 24.887 24.636 23.752 22.722 21.767 21.861 20.755 20.887 20.733 21.540 21.542 22.132 23.016 23.360 23.593 23.389 23.722 22.868 24.057 23.137 24.121 23.729 24.005 24.740 24.826 24.899 24.390 24.405 23.157 22.722 21.298 20.116 18.854 17.079 15.820 14.444 12.784 11.517 10.256 9.106 7.547 6.910 6.542 6.043 5.543 5.294 5.003 4.702 4.555 4.363 3.892 3.831 3.748 3.271 3.123 3.152 2.892 2.533 2.742 2.751 2.371 2.283 2.519 2.390 2.063 2.229 2.423 2.231 2.120 2.470 2.486 2.364 2.570 2.819 2.879 2.722 3.040 3.267 3.498 3.523 3.739 3.926 4.077 4.397 4.590 4.723 4.850 5.393 5.534 5.484 5.979 6.086 5.749 5.435 5.049 4.777 4.415 4.345 4.111 3.961 3.696 3.547 3.371 3.253 2.990 2.697 2.690 2.559 2.315 2.152 2.115 1.891 1.707 1.578 1.352 1.243 1.195 1.110 0.874 0.951 0.916 0.694 0.599 0.565 0.515 0.495 0.492 0.488 0.486 0.485 0.000 0.487 0.493 0.515 0.609 1.192
28.667 28.636 28.534 28.379 28.259 28.192 27.913 27.882 27.853 27.545 27.584 27.020 27.232 26.748 26.188 26.089 25.631 25.375 24.071 23.795 23.998 23.239 22.349 22.699 22.525 21.546 21.576 21.701 21.461 20.814 21.116 21.172 20.735 21.050 21.256 21.794 21.255 22.045 22.372 22.886 23.428 23.979 24.269 24.947 25.363 25.740 25.942 26.311 26.699 26.850 27.108 27.064 27.492 27.691 27.881 28.111 27.944 28.107 27.894 27.537 27.430 27.253 26.807 26.369 25.988 24.967 24.752 23.917 23.016 22.296 21.371 20.651 19.930 19.695 19.738 20.388 21.911 22.714 24.049 24.569 25.629 26.376 26.404 27.018 27.337 27.678 27.692 28.174 28.307 28.292 28.575 28.638 28.727 28.597 28.636 28.867 28.859 28.894 28.847 28.948 28.883 28.931 28.933 28.791 28.711 28.547 28.593 28.508 28.404 28.504 28.352 28.489 28.448 28.496 28.690 28.567 28.595 28.671 28.808 28.785 28.911 28.875 28.950 28.725 28.894 28.935 28.903 28.979 28.972 28.875 28.799 28.696 28.551 28.475 28.258 28.161 27.983 27.366 27.528 27.249 26.893 26.817 26.304 26.018 25.283 24.863 24.668 23.546 22.987 21.766 21.868 20.823 21.046 20.721 21.510 21.554 22.021 22.989 23.349 23.598 23.375 23.888 22.927 24.039 23.191 24.271 23.750 24.073 24.814 24.859 24.986 24.656 24.592 23.414 22.782 21.450 20.242 19.013 17.211 15.885 14.209 12.578 11.292 9.864 8.776 7.427 6.832 6.298 5.874 5.514 5.312 4.886 4.623 4.543 4.254 3.815 3.726 3.657 3.180 2.986 3.140 2.761 2.428 2.655 2.707 2.289 2.221 2.459 2.394 2.114 2.209 2.471 2.374 2.183 2.480 2.566 2.529 2.578 2.822 2.946 2.808 3.071 3.271 3.540 3.491 3.769 4.000 4.181 4.508 4.687 4.914 5.009 5.538 5.573 5.740 6.070 6.158 5.917 5.525 5.076 4.728 4.385 4.253 4.087 3.887 3.682 3.516 3.375 3.273 3.011 2.756 2.697 2.609 2.386 2.216 2.232 1.887 1.785 1.621 1.395 1.292 1.258 1.128 0.906 1.040 0.990 0.754 0.633 0.589 0.533 0.516 0.497 0.493 0.489 0.487 0.486 0.000 0.486 0.507 0.580 1.130
28.829 28.804 28.698 28.570 28.423 28.322 28.041 27.965 27.922 27.647 27.730 27.218 27.339 26.899 26.431 26.149 25.813 25.399 24.234 23.768 24.091 23.198 22.223 22.686 22.669 21.619 21.399 21.780 21.330 20.336 20.997 20.802 20.364 20.850 21.037 21.332 20.735 21.779 22.124 22.946 23.666 23.974 24.462 24.714 25.157 25.491 25.755 26.221 26.439 26.591 26.830 26.828 27.306 27.623 27.735 28.008 27.906 27.933 27.677 27.579 27.367 26.977 26.848 26.098 25.885 24.786 24.454 23.539 22.669 21.928 20.845 20.252 19.409 19.358 19.235 20.018 21.386 22.419 23.857 24.457 25.663 26.309 26.557 27.184 27.448 27.908 27.774 28.355 28.387 28.346 28.699 28.734 28.737 28.687 28.762 28.981 29.000 28.978 28.963 29.061 29.020 29.074 29.115 28.877 28.867 28.634 28.738 28.524 28.588 28.644 28.499 28.618 28.647 28.763 28.901 28.834 28.929 29.058 29.052 29.009 29.173 29.093 29.045 29.013 28.887 28.935 28.916 29.018 28.995 28.759 28.716 28.618 28.597 28.405 28.259 28.043 27.936 27.427 27.439 27.082 26.780 26.738 26.067 25.775 25.173 24.680 24.300 23.206 22.517 21.470 21.281 20.266 20.713 20.199 21.138 21.137 21.891 22.749 23.253 23.434 23.347 23.670 22.666 24.037 22.858 24.197 23.747 24.000 24.735 24.745 25.069 24.844 24.650 23.536 22.982 21.673 20.534 19.244 17.615 16.284 14.721 13.052 11.734 10.197 9.010 7.652 6.911 6.366 6.019 5.566 5.317 4.916 4.752 4.635 4.279 3.867 3.847 3.682 3.202 3.076 3.221 2.821 2.459 2.768 2.727 2.404 2.330 2.586 2.444 2.256 2.378 2.572 2.448 2.298 2.634 2.697 2.608 2.701 2.977 3.083 2.958 3.203 3.430 3.686 3.734 3.976 4.098 4.334 4.719 4.808 4.957 5.115 5.645 5.657 5.817 6.283 6.297 5.953 5.663 5.269 4.903 4.610 4.453 4.216 4.085 3.885 3.727 3.541 3.405 3.112 2.929 2.874 2.710 2.484 2.353 2.337 2.025 1.880 1.717 1.481 1.376 1.330 1.211 1.004 1.103 1.084 0.843 0.731 0.655 0.586 0.563 0.534 0.498 0.498 0.497 0.491 0.486 0.000 0.490 0.524 1.051
28.925 28.711 28.745 28.595 28.479 28.322 27.973 27.815 27.896 27.668 27.687 27.128 27.272 26.871 26.346 25.775 25.629 25.172 24.209 23.828 24.038 23.177 22.195 22.464 22.556 21.520 21.351 21.694 21.589 20.581 21.190 21.147 20.558 20.986 21.204 21.548 21.139 21.603 22.485 23.064 23.813 24.119 24.729 25.042 25.104 25.864 25.970 26.307 26.494 26.832 27.001 26.956 27.382 27.576 27.832 27.941 27.945 27.947 27.636 27.462 27.356 27.081 26.847 26.327 25.980 24.940 24.731 23.873 23.145 22.282 21.353 20.599 19.917 19.864 19.832 20.361 21.722 22.567 23.972 24.604 25.711 26.174 26.623 27.087 27.460 27.859 27.746 28.249 28.323 28.410 28.660 28.697 28.747 28.720 28.751 28.891 28.931 28.949 28.870 28.965 28.928 29.000 28.991 28.701 28.817 28.522 28.589 28.379 28.492 28.486 28.493 28.484 28.523 28.765 28.798 28.689 28.728 28.773 28.904 28.874 29.065 29.037 29.001 28.997 28.972 28.992 28.910 28.890 29.012 28.871 28.804 28.695 28.521 28.574 28.231 28.089 27.940 27.301 27.643 27.075 26.915 26.745 26.307 25.978 25.400 24.927 24.636 23.486 23.007 21.622 21.752 20.574 21.054 20.446 21.453 21.241 22.104 22.991 23.449 23.386 23.616 23.606 23.044 23.941 23.179 24.256 23.759 24.098 24.837 24.954 24.995 24.690 24.452 23.330 22.929 21.370 20.508 19.087 17.506 16.312 14.681 13.399 11.939 10.825 9.841 8.061 7.467 7.240 6.521 6.009 5.973 5.655 5.163 5.052 4.955 4.412 4.277 4.247 3.849 3.579 3.667 3.373 2.928 3.148 3.159 2.740 2.668 2.946 2.828 2.431 2.620 2.796 2.667 2.440 2.804 2.906 2.701 2.782 3.154 3.284 3.001 3.275 3.612 3.766 3.803 4.015 4.201 4.403 4.744 4.820 4.941 5.155 5.666 5.713 5.742 6.282 6.324 5.977 5.702 5.257 4.984 4.766 4.504 4.231 4.113 3.984 3.776 3.538 3.380 3.108 2.907 2.770 2.694 2.538 2.270 2.251 2.001 1.980 1.793 1.565 1.502 1.485 1.431 1.173 1.460 1.387 1.133 1.127 1.023 0.821 0.759 0.734 0.662 0.566 0.591 0.553 0.518 0.495 0.000 0.503 0.830
28.897 28.711 28.667 28.535 28.413 28.229 27.946 27.678 27.723 27.496 27.534 26.988 27.154 26.905 26.263 25.879 25.571 25.324 24.424 24.026 24.162 23.259 22.718 22.846 22.705 21.791 21.452 21.740 21.360 20.568 21.178 20.884 20.617 20.978 21.095 21.420 21.003 22.043 22.355 22.970 23.800 24.224 24.713 24.967 25.344 25.671 25.995 26.548 26.419 26.802 26.974 26.961 27.374 27.612 27.764 28.124 27.922 27.995 27.749 27.534 27.305 27.099 26.999 26.344 26.145 25.237 24.870 24.040 23.132 22.268 21.466 20.660 20.044 19.850 19.927 20.474 21.557 22.801 24.062 24.731 25.730 26.258 26.588 27.204 27.464 27.810 27.627 28.286 28.242 28.311 28.597 28.562 28.673 28.658 28.682 28.945 28.953 28.962 28.930 29.092 29.055 29.145 29.073 28.765 28.896 28.528 28.706 28.506 28.574 28.709 28.554 28.641 28.712 28.828 28.967 28.917 29.034 28.975 29.155 29.110 29.212 29.170 29.071 29.091 29.029 29.071 29.053 29.048 29.032 28.926 28.865 28.753 28.512 28.437 28.253 28.043 28.058 27.384 27.610 27.031 26.905 26.786 26.311 25.933 25.413 24.998 24.713 23.540 23.037 21.852 21.503 20.704 20.950 20.655 21.446 21.483 22.208 22.930 23.516 23.726 23.671 23.941 23.316 24.124 23.454 24.354 24.107 24.377 25.043 25.191 25.396 25.169 24.988 23.906 23.510 22.210 21.156 19.977 18.353 17.199 15.865 14.273 13.298 11.943 10.769 9.614 8.663 7.833 7.742 7.377 6.886 6.583 6.377 6.241 5.828 5.232 5.335 5.072 4.521 4.329 4.655 4.003 3.653 4.058 3.955 3.422 3.468 3.809 3.515 3.219 3.462 3.669 3.467 3.321 3.681 3.802 3.641 3.783 4.081 4.326 4.082 4.370 4.618 4.976 4.957 5.093 5.355 5.654 5.895 5.987 6.327 6.510 6.888 6.943 7.101 7.465 7.505 7.160 6.890 6.408 6.108 5.848 5.690 5.574 5.312 5.190 5.011 4.652 4.557 4.345 4.072 3.911 3.791 3.575 3.300 3.244 2.949 2.783 2.588 2.295 2.115 2.188 2.058 1.712 1.852 2.028 1.761 1.612 1.552 1.344 1.161 1.173 1.121 0.862 0.668 0.777 0.766 0.601 0.506 0.000 0.851
29.335 29.276 29.252 29.086 28.951 28.846 28.627 28.459 28.619 28.442 28.316 27.867 27.969 27.911 27.436 27.056 26.835 26.664 26.132 25.932 25.986 25.352 24.863 25.011 25.119 24.628 24.374 24.387 24.143 23.324 23.626 23.366 22.974 23.102 23.102 23.278 22.941 23.575 23.820 24.284 24.987 25.112 25.861 25.847 26.293 26.461 26.652 27.102 27.117 27.290 27.583 27.633 27.875 28.175 28.280 28.388 28.318 28.526 28.258 27.994 28.001 27.861 27.482 27.181 26.982 25.975 25.975 25.306 24.651 24.363 23.355 23.188 22.496 22.636 22.705 23.505 24.468 24.802 25.917 26.391 26.953 27.443 27.669 28.079 28.411 28.487 28.475 28.783 28.871 28.898 29.013 29.096 29.190 29.219 29.189 29.284 29.301 29.288 29.301 29.392 29.342 29.383 29.409 29.208 29.392 28.818 29.095 28.887 29.116 29.028 29.015 28.900 28.950 28.979 29.136 29.062 29.122 29.197 29.160 29.075 29.179 29.019 29.040 28.966 28.983 29.040 28.969 28.987 29.002 28.946 28.877 28.747 28.599 28.505 28.438 28.241 28.412 27.895 27.870 27.470 27.583 27.208 26.983 26.712 26.321 25.922 25.647 25.167 24.545 23.744 23.968 23.110 23.590 23.225 24.158 24.109 24.659 25.454 25.787 25.817 25.954 25.908 25.529 26.252 25.624 26.466 25.902 26.194 26.786 26.922 26.878 26.868 26.591 25.837 25.795 24.652 24.159 23.620 22.060 21.721 20.422 19.514 19.238 18.766 18.046 16.818 17.063 15.871 15.486 15.688 15.318 14.098 14.363 14.945 13.482 12.688 13.522 13.449 11.853 11.994 13.018 11.475 10.988 11.715 12.284 11.083 11.149 11.960 11.602 10.707 11.386 12.004 11.358 11.199 11.385 12.412 11.400 11.466 12.194 12.899 11.735 12.579 12.915 13.743 13.097 13.064 14.341 14.697 14.305 14.589 15.602 15.508 15.582 15.813 16.373 16.454 16.487 15.942 15.167 14.367 14.403 13.278 13.041 13.128 12.858 11.478 11.589 11.385 11.444 10.068 10.489 10.881 9.301 9.117 9.981 9.959 7.988 8.430 9.068 7.660 7.553 8.361 8.125 6.743 7.919 8.435 8.379 6.972 7.343 6.091 5.049 4.713 4.713 3.611 2.511 3.093 3.208 2.115 2.071 0.766 0.000
